frame_000.jpg,glute_activation,317.49457,151.08862,-62.955368,319.00925,147.14235,-50.35021,320.2843,147.29965,-50.356743,321.53705,147.50029,-50.37474,314.68817,146.5419,-60.780796,312.5234,146.20895,-60.827164,310.11316,145.86327,-60.844994,320.5835,149.31795,10.258181,304.4641,147.87582,-37.221626,318.43723,156.3918,-40.741657,313.27448,155.88272,-54.690304,323.0696,180.222,67.98796,291.43344,177.64781,-59.76009,343.21536,198.19916,110.730865,291.77136,211.57376,-157.20168,343.70862,167.78731,144.38922,291.39224,173.23436,-244.82861,345.5156,157.97623,153.83081,286.74832,165.34471,-262.43393,343.5053,156.36504,161.44102,286.41376,164.09201,-258.85583,341.47736,160.27164,148.39052,288.91058,166.92802,-245.01646,313.20264,248.07886,56.799625,297.6203,250.06088,-56.889835,345.09894,282.0125,78.853714,352.96097,230.92563,-151.29839,295.19223,277.6539,188.22266,353.0583,296.26035,-107.026855,288.3841,274.38864,199.99376,347.58914,306.1668,-101.71164,288.58426,296.58267,193.94354,381.7853,308.3727,-131.9198
frame_001.jpg,glute_activation,433.31424,225.66663,-77.759674,437.6175,222.686,-70.63997,437.63806,222.27826,-70.672775,437.7087,221.7604,-70.69123,437.52112,221.678,-88.9435,437.49304,220.62006,-88.972786,437.4881,219.37158,-88.99521,434.9918,214.37285,-26.674307,434.17087,211.65337,-109.70123,427.26697,225.15976,-59.511112,426.78882,223.80365,-83.73277,400.92224,217.39937,41.93702,402.23483,216.97148,-148.14221,394.32428,256.03256,60.40544,397.52057,261.91827,-182.30481,390.49023,291.20148,16.351328,396.30234,303.1235,-181.25053,397.38647,293.5036,16.383802,404.95816,307.1795,-207.69925,398.5406,294.4389,-3.7737606,406.24222,305.58704,-192.65402,395.7177,293.88736,6.6450434,402.96326,304.16736,-176.57898,337.53186,230.05008,58.166386,327.9488,222.7136,-58.118057,343.30197,285.19434,50.945473,329.11963,280.26932,-95.62555,292.8177,275.641,121.698524,271.10272,261.10022,3.8924491,288.92435,272.46036,129.20879,260.90347,252.08537,14.823728,289.29947,294.5238,126.8309,258.85535,282.27133,11.686164
frame_002.jpg,glute_activation,404.99283,230.19905,-22.797937,410.08044,227.50455,-17.172678,410.2725,226.97885,-17.20023,410.44897,226.37752,-17.197382,410.0647,226.94481,-35.929924,410.2043,226.06693,-35.94129,410.30698,225.0951,-35.947083,407.82352,217.83305,18.448223,407.40353,217.07382,-66.28587,399.60852,228.78285,-7.340253,399.34387,227.83583,-31.994658,375.44827,217.0409,79.86437,379.0364,220.32056,-108.312225,375.97754,258.79468,103.06835,379.3813,266.9635,-138.8532,378.97882,293.48093,52.26034,383.99078,306.4954,-119.03966,387.40363,292.53146,51.72014,394.14218,309.39505,-141.0824,388.47305,293.35254,33.084873,395.57114,307.16495,-126.0497,385.01324,294.4805,42.801952,391.8445,306.24597,-113.5463,301.19785,232.79193,61.20571,298.55576,237.24971,-61.209717,301.59756,289.9895,99.0829,304.48428,300.52942,-63.043587,249.90187,270.12994,153.49811,249.76137,274.04114,37.917587,241.67743,262.33026,159.57654,241.47635,266.9519,50.408318,242.81738,292.66904,168.94016,243.8612,296.94577,80.61621
frame_003.jpg,glute_activation,404.57355,231.10243,-24.452707,410.1738,227.71652,-18.435678,410.3415,227.14691,-18.467106,410.50842,226.49529,-18.476795,410.1319,227.11989,-37.232674,410.21756,226.17532,-37.251102,410.29584,225.11505,-37.262543,407.6973,218.2824,17.698921,407.2741,217.6371,-67.15162,399.50452,229.55688,-8.870425,399.1049,228.47949,-33.56488,374.91913,216.36423,78.995056,378.22113,219.92099,-108.45917,375.27072,258.69257,102.433304,377.3219,265.90085,-144.90887,379.5061,294.75046,50.437523,381.14777,306.91895,-128.7683,389.29755,295.07764,50.28152,391.66824,311.67407,-151.39844,390.1805,295.9173,30.940632,393.38116,308.65167,-134.62953,386.23517,296.31714,40.58796,388.9711,307.07397,-122.75696,299.80524,232.88148,59.269363,297.71304,236.15732,-59.26368,303.53314,290.9094,87.77108,310.55914,298.0506,-52.560226,253.01117,272.60278,145.18895,253.88657,272.378,42.137253,244.17221,265.88824,151.11055,245.24075,265.7346,52.919296,248.07648,296.68085,155.16428,249.01823,295.94464,74.33061
frame_004.jpg,glute_activation,409.33337,233.18286,-14.426657,414.67438,229.74326,-8.711099,414.73993,229.23363,-8.744607,414.77942,228.63795,-8.758084,414.64154,229.034,-28.634665,414.66373,228.0184,-28.638744,414.68674,226.99255,-28.653423,411.87085,220.66437,24.63742,411.94922,219.92035,-64.59924,404.23663,232.07176,0.77077776,403.78067,231.15991,-25.089209,376.75204,215.08733,87.215416,381.0109,220.91188,-109.62921,376.70898,257.25772,107.61505,380.08813,266.48123,-142.06894,378.8128,293.42288,55.8851,380.91458,306.46613,-128.08577,388.8,294.96375,51.7799,392.05023,310.842,-149.43564,389.74115,295.7579,35.121113,393.58032,307.27536,-135.22441,386.1505,295.96176,46.33019,389.31384,306.2833,-122.24445,297.89853,223.95218,61.29316,301.3628,238.30971,-61.47062,251.27475,208.74767,107.031555,307.55862,297.75223,-46.232773,252.41833,154.42325,163.94955,252.46208,277.14523,47.82499,258.64478,144.24353,173.17085,243.84677,268.66165,59.800194,234.58708,142.83627,180.49178,244.86916,298.47702,86.81351
frame_005.jpg,glute_activation,409.40454,238.48732,12.00652,415.14572,235.55035,16.978313,415.30573,234.8906,16.959846,415.45825,234.19714,16.95364,415.2923,235.26593,0.7238734,415.50256,234.47041,0.7329333,415.69046,233.55927,0.7374964,413.7003,226.11539,45.420437,413.66113,225.9034,-27.985498,404.4963,236.33989,24.513428,404.51013,235.70616,3.2852592,380.78586,216.96219,93.421776,386.48077,224.01323,-68.09077,376.6266,260.00827,107.49492,380.36798,270.49353,-91.70781,377.92783,293.89246,62.441338,381.25195,307.07724,-75.28235,386.61838,293.13046,58.00271,391.69235,309.7763,-91.10524,387.6374,294.03638,45.542404,393.24164,307.5946,-78.785904,384.14374,294.76404,55.141235,389.23813,306.6902,-69.95386,302.71405,223.77974,48.140617,305.54788,236.92589,-48.279373,249.25378,216.58273,77.11953,308.807,297.47894,-39.307243,249.55002,162.58455,109.984215,251.82104,278.30215,32.252815,256.70657,151.98416,116.298035,243.44043,269.75876,41.95995,228.64783,148.82028,122.807236,246.41763,298.85266,72.5042
frame_006.jpg,glute_activation,409.88464,238.11426,-3.453938,415.33832,234.88173,1.025965,415.5507,234.25357,1.0035889,415.80075,233.63461,1.0057323,415.3379,234.4831,-16.30899,415.51974,233.66853,-16.32307,415.69794,232.7401,-16.322004,413.9538,226.19916,32.00793,413.58536,225.7007,-46.14247,405.4167,236.55043,10.104748,405.24155,235.83275,-12.553531,378.9595,219.39247,85.980644,386.83505,225.49112,-87.97234,375.9923,261.15045,102.39761,379.93738,269.7905,-115.50482,377.7208,293.19238,56.412827,382.5628,308.23956,-95.1201,386.45355,293.23895,55.186348,392.0874,310.4365,-113.34965,387.16687,294.30518,39.93813,393.02795,308.82196,-98.82881,383.57037,295.0006,48.097443,390.08588,308.3061,-89.52446,302.66263,229.9755,53.13201,307.36517,235.53151,-53.111897,280.34662,281.54956,77.14295,311.09445,296.58325,-46.052723,249.86092,234.16402,116.932365,254.89426,278.37875,28.202536,247.40746,221.18283,122.73029,245.04242,272.00525,37.795155,224.273,238.20683,127.89425,244.0048,299.9669,59.38265
frame_007.jpg,glute_activation,408.62543,237.64421,9.715649,413.91486,234.29672,13.374018,414.07635,233.73128,13.353152,414.2536,233.06577,13.344583,414.03082,233.87083,-2.7733026,414.23517,233.06238,-2.7872534,414.42688,232.12607,-2.7710457,412.16446,224.89995,40.720932,412.26608,224.9174,-31.996584,403.9627,235.92009,21.796867,403.8553,235.13252,0.8050192,376.49066,219.37018,87.772415,384.22003,225.24533,-72.90629,374.6584,261.70218,99.326996,379.2355,270.11685,-90.271645,377.46436,294.00366,48.747364,382.8692,307.827,-60.326866,385.93326,293.3318,42.690548,393.18832,309.59152,-74.355255,386.77335,294.28677,31.43385,393.88525,308.0275,-63.831516,383.45947,295.27753,41.60721,390.71857,307.49847,-55.63613,299.53458,229.8475,46.139187,303.74692,236.61546,-46.139503,251.13815,262.45215,49.952995,310.60855,295.15247,-40.530563,237.12186,207.50516,95.67219,253.63577,278.07504,30.246695,239.79065,194.7465,102.663895,245.2041,270.56033,39.24859,212.16408,203.39665,100.21198,241.84283,297.9194,48.979343
frame_008.jpg,glute_activation,410.27878,233.61845,7.461434,414.75812,229.6618,12.112304,414.7568,229.14159,12.083471,414.76382,228.56845,12.071715,414.74615,229.06473,-4.674304,414.714,228.19412,-4.6693797,414.6707,227.22594,-4.666559,411.42285,221.85945,40.339657,411.2251,220.85373,-34.820774,404.83017,232.48912,20.435354,404.50485,231.62941,-1.3070804,376.52014,216.59135,93.05986,381.84586,225.65009,-73.80983,375.35568,260.16824,107.43137,377.56903,272.1842,-95.80824,378.18964,295.17255,63.09469,380.94843,308.58444,-79.57314,387.54034,295.31857,59.315025,392.06335,311.5248,-96.43767,388.54858,295.94693,45.721848,393.4923,308.52628,-83.35124,384.8498,296.0817,55.429688,389.20636,307.3649,-74.01557,297.80066,222.76697,50.25009,301.30853,237.28505,-50.420795,248.33022,207.5367,79.1985,308.5368,296.65884,-36.686306,250.7522,150.7893,105.17647,251.57385,277.4845,26.1347,258.68427,141.276,111.22224,241.76277,268.35333,34.75743,229.12422,135.3802,117.9163,245.28583,298.7775,62.398354
frame_009.jpg,glute_activation,410.97766,234.96931,6.234438,416.2256,231.43867,10.415231,416.27625,230.8855,10.3979645,416.29807,230.2689,10.392409,416.32874,230.8154,-4.7759733,416.44708,229.9,-4.772264,416.50974,228.93861,-4.7670894,413.17673,222.61385,38.0357,413.17395,221.57994,-30.447023,405.27145,233.6117,18.410757,405.13837,232.69904,-1.3101392,378.60028,217.2106,88.75443,384.66306,223.89087,-68.76864,376.11823,259.87067,100.59563,380.7046,270.06543,-88.65947,377.3494,293.7259,53.715637,380.85788,307.06305,-68.26823,386.76,292.95676,48.76163,391.49445,309.8991,-83.80471,387.5562,293.84613,36.48803,392.70618,307.37128,-72.24648,383.87512,294.40018,46.590458,388.7979,306.40344,-63.29616,300.4807,226.3303,46.85515,302.61133,237.46574,-46.968327,244.8797,225.82924,71.41848,308.73322,295.43213,-39.646545,237.67328,171.97095,116.79581,252.28326,278.5022,40.465794,243.00443,159.21161,123.95641,242.64859,270.24402,50.732418,216.04703,162.31941,130.16623,244.43448,299.48578,79.41276
frame_010.jpg,glute_activation,412.5177,237.56525,-10.221802,417.6936,234.27356,-5.806499,417.77362,233.7392,-5.83368,417.88824,233.10141,-5.8332834,417.6999,233.83028,-23.08699,417.75815,233.01523,-23.095453,417.83917,232.0544,-23.089355,415.358,225.43138,25.544086,415.23895,224.6582,-52.551025,407.62408,236.15479,3.6835136,407.39597,235.4038,-19.024036,380.33405,218.9301,82.648705,387.11145,225.0732,-91.972206,375.9576,259.70145,101.56841,379.73242,270.0616,-114.42924,376.56726,292.75635,59.736702,381.75024,307.6347,-88.46271,384.98157,292.07034,60.18451,391.4815,309.4472,-105.92125,386.073,293.1541,44.37359,392.57135,307.76758,-90.731155,382.6459,293.91516,51.576225,389.47586,307.23965,-82.49825,304.42288,229.64331,53.100792,306.87415,234.11923,-53.085236,286.4124,281.49188,76.99968,310.51944,297.082,-47.730835,242.77112,249.7605,120.989494,254.3714,276.4914,36.440804,235.99255,236.75641,126.24341,247.49661,269.86475,46.8397,219.49211,262.28452,131.40672,244.07152,297.21768,71.95786
frame_011.jpg,glute_activation,415.2036,232.3338,3.6818485,419.33316,228.52455,8.006142,419.32166,228.08263,7.989698,419.30078,227.57588,7.9902,419.21454,227.68253,-7.612619,419.11566,226.6228,-7.6163797,418.9548,225.39676,-7.613594,415.29767,220.18515,37.395664,414.56787,217.97392,-32.878693,409.50287,232.05884,16.631824,408.84113,230.93289,-3.61839,379.47437,217.3984,91.291595,385.56824,225.08177,-72.38642,376.99243,259.28787,103.10807,380.19406,269.809,-90.3575,378.22467,292.09564,56.712185,381.09564,308.5013,-68.0131,386.624,292.08813,52.984283,391.5808,311.0339,-84.64668,387.32907,293.09265,39.2767,392.9744,308.80804,-71.624695,384.10828,293.86325,48.97623,389.219,308.091,-62.720753,299.7702,226.54309,48.85814,304.0335,237.10579,-48.946907,248.03073,234.02094,68.90027,309.9677,298.14053,-46.024593,244.05443,178.66975,118.51413,252.21237,278.6839,32.187008,250.23105,167.25523,126.25491,245.68497,270.22354,42.36334,223.4978,164.33275,132.09435,245.16266,298.09598,70.334015
frame_012.jpg,glute_activation,407.04343,238.19138,11.913046,412.5841,234.9975,16.844563,412.66843,234.37009,16.823866,412.7389,233.65733,16.819403,412.65967,234.60896,0.0067119,412.75482,233.75883,0.012779729,412.80084,232.74785,0.015752401,410.1577,225.7272,45.283913,410.18848,225.96458,-30.752853,402.16458,236.56807,24.698368,402.09363,235.82643,2.6688318,380.4229,218.15831,96.811264,385.18372,226.2303,-72.42396,376.62918,260.4007,112.95969,378.22543,270.87,-94.47674,378.39554,293.75183,63.152473,380.1979,306.87885,-70.03797,387.2862,293.6532,58.005104,390.55707,310.469,-84.60822,387.89172,294.5387,45.7024,392.1582,307.55896,-73.188156,384.27252,294.95993,55.774193,388.03064,306.09995,-64.57179,299.3437,225.68164,50.716484,301.54422,238.96622,-50.887905,246.46948,216.04039,80.48064,308.4828,296.3511,-35.258465,246.23207,161.09132,105.118095,252.19475,278.12927,23.77796,254.363,150.38037,110.7139,243.71574,269.6241,32.02465,228.25508,144.32587,116.08868,246.13177,298.65118,59.676567
frame_013.jpg,glute_activation,409.85175,240.29,9.949313,415.03647,237.37518,13.720671,415.27832,236.75215,13.702231,415.54803,236.08739,13.696592,415.0809,236.93532,-3.073529,415.32312,236.07965,-3.0864964,415.57755,235.09834,-3.0740392,414.184,228.18523,41.60225,414.03918,227.9447,-34.235023,405.21875,238.44432,22.261753,405.1044,237.6843,0.3689885,379.72333,220.50394,89.2527,387.54462,226.10028,-76.091446,375.59534,261.1925,105.235,380.66058,269.98135,-97.19838,376.70016,292.6195,55.044846,382.35663,307.6459,-69.70901,384.8349,292.28558,49.381477,392.37372,309.17175,-84.163826,385.98822,293.32993,37.953228,393.14804,307.18872,-73.25132,382.72748,294.02628,47.87815,390.1915,306.86298,-64.80807,301.84802,230.3724,47.922215,305.5338,236.24863,-47.927483,254.64998,264.33,50.09685,312.23004,294.8198,-41.28178,238.80588,209.62152,98.73279,254.0175,276.90054,30.594366,242.1923,198.24786,105.95787,245.72623,269.9862,39.768276,214.80511,201.33586,103.973274,243.42178,298.04633,49.979477
frame_014.jpg,glute_activation,407.35345,242.54495,3.4999166,412.49603,239.79683,7.9357076,412.73004,239.23877,7.920706,413.00507,238.61067,7.921337,412.53403,239.4337,-9.673842,412.76608,238.64572,-9.67732,413.03552,237.71996,-9.674919,412.0542,230.66594,37.6683,411.83142,230.4834,-41.769737,402.5732,240.4048,16.651175,402.3814,239.71074,-6.391941,378.65536,221.63777,90.69183,385.9522,226.7527,-84.72769,375.2798,262.11865,112.202835,379.3822,268.22363,-112.52968,377.49567,294.19223,68.378174,382.29956,306.0099,-88.49747,385.82587,294.4695,66.70916,391.22437,308.39865,-104.96217,386.5645,295.31528,52.59712,391.89212,306.44992,-91.32489,383.34045,295.85144,60.482983,388.97052,305.79166,-82.864395,299.81036,230.42026,54.36786,306.26736,235.74551,-54.35446,271.43347,277.8177,71.76542,311.8434,297.53555,-42.445374,238.21458,232.5867,109.665405,254.85368,277.89465,26.616966,236.77045,220.30058,114.701454,247.55875,270.4335,35.283524,216.20552,236.86438,117.91534,243.71071,297.59567,54.66043
frame_015.jpg,glute_activation,412.7289,234.80014,2.1436865,418.1543,230.81897,7.171841,418.22644,230.3002,7.1474123,418.29706,229.6923,7.1413665,418.1217,230.14357,-9.90856,418.1578,229.17801,-9.911826,418.17102,228.07626,-9.913957,414.5758,221.74403,37.854458,414.69757,220.8657,-38.7686,407.14188,233.70802,15.558671,406.88217,232.6928,-6.5040445,380.07263,216.4399,94.618416,385.3606,224.21533,-81.35116,376.7117,260.03543,108.6364,379.29355,270.68796,-103.20903,377.56226,293.65662,54.503372,379.6833,306.84344,-82.785866,386.88568,293.23486,49.561073,390.41885,309.55936,-100.08671,387.8033,293.9867,35.985916,391.73157,306.66406,-88.48583,384.21075,294.67075,46.438797,387.4765,305.6342,-77.840034,301.17935,224.12906,53.289646,305.02322,236.13994,-53.36638,249.02007,227.58969,70.77218,309.44122,296.08618,-50.914993,241.36569,173.85521,125.54684,253.17715,278.27057,35.344635,246.96497,162.68607,133.80783,244.00177,269.11273,46.251137,219.92984,159.51164,140.85355,246.14302,298.43054,74.68505
frame_016.jpg,glute_activation,411.898,235.06314,5.7014604,416.21136,231.00034,10.65951,416.23804,230.48108,10.6321335,416.2622,229.92035,10.62137,416.12262,230.46147,-6.6085863,416.0672,229.63835,-6.607041,415.99655,228.69473,-6.608659,412.50732,223.07658,40.033512,412.2882,222.42422,-37.25469,406.29672,234.20474,19.011917,406.0297,233.37517,-3.3440874,377.91995,217.96674,95.79849,383.4314,226.9983,-78.71837,374.30737,261.39746,108.38263,376.93082,272.89487,-99.25958,377.64447,295.45984,57.412533,380.67044,307.98383,-78.15252,387.34525,296.23697,53.28321,391.99844,311.44662,-94.81554,388.43652,296.72977,40.142017,393.27612,307.9879,-81.715485,384.73608,296.8426,49.69706,389.03763,306.85696,-72.38237,299.19995,222.0085,52.298542,302.103,236.5297,-52.44547,248.42432,209.17072,81.313286,310.3097,296.58182,-38.897545,245.52411,153.44682,107.740715,251.77646,277.46417,28.613167,252.68451,143.57245,113.74295,243.7085,269.249,37.662834,226.00395,136.2414,119.46034,245.3949,299.0774,64.79436
frame_017.jpg,glute_activation,410.72662,239.24124,9.577671,416.25153,236.37074,12.982929,416.3537,235.76886,12.97183,416.43478,235.03967,12.969643,416.3855,235.8587,-1.7861617,416.54984,234.94109,-1.7965387,416.68652,233.902,-1.7827688,413.90143,226.61118,39.606434,414.08908,226.52731,-27.203175,405.5292,237.27359,21.37918,405.65924,236.44481,2.1004968,379.9048,219.49474,86.4962,386.91525,226.51562,-64.52905,376.41174,260.35635,99.05386,380.9715,271.15387,-82.29336,377.0464,292.45673,54.321705,380.9466,307.93286,-57.34808,385.7513,291.77002,49.05317,391.53488,309.6976,-71.516426,386.82074,293.025,38.339176,392.52496,307.00818,-61.07903,383.52246,293.62277,47.803223,389.19754,306.42468,-52.79262,300.93185,225.4596,43.54817,305.6271,234.71262,-43.575157,248.6159,233.94022,55.525757,310.3312,296.48438,-38.49423,239.00781,180.2736,98.58189,251.6333,277.212,28.666746,243.02629,169.51564,105.340515,241.90042,270.02463,37.418636,213.66219,171.69667,106.25128,242.93625,299.05576,54.630966
frame_018.jpg,glute_activation,409.6848,240.44662,-3.9927814,415.1978,237.51385,0.64475423,415.38467,236.96497,0.6245656,415.5876,236.37195,0.63120395,415.25214,236.92926,-17.367552,415.46106,236.03485,-17.371855,415.63367,234.98991,-17.370474,414.05066,228.58847,32.09188,413.79852,227.88391,-49.314465,405.0319,238.92587,9.981106,404.8683,238.05101,-13.679291,379.49677,221.0303,89.37181,388.1088,225.92902,-90.74266,375.7182,262.00455,113.244774,381.51575,269.00333,-117.18831,376.53806,293.55902,70.94888,381.787,306.73083,-92.99368,384.89557,292.86896,70.80872,391.2923,307.98923,-110.58624,386.04495,293.88837,55.426937,391.89948,305.99548,-96.41938,382.55875,294.61194,62.817093,388.85443,305.62326,-87.27859,304.14493,230.28648,56.010742,306.8532,235.43735,-56.009464,284.58472,281.261,80.76335,310.29297,295.99066,-45.89228,244.47876,244.5361,125.73605,253.55765,276.9683,34.865047,239.39627,231.7137,131.11066,247.278,272.048,44.708363,223.23734,255.95294,136.61131,245.12804,298.19144,68.3018
frame_019.jpg,glute_activation,413.86032,241.24945,-7.317918,419.34552,237.88239,-2.3834136,419.41516,237.29553,-2.4043653,419.4197,236.59332,-2.4049468,419.53113,237.27551,-22.148617,419.6996,236.36176,-22.163172,419.75275,235.28949,-22.1648,416.47778,227.7415,30.85267,416.6179,227.55966,-58.609703,408.2872,239.61087,7.4220634,408.3702,238.64015,-18.476631,382.6723,220.23643,92.53293,388.64856,225.61604,-103.841545,377.0227,260.85593,117.353905,380.04657,268.14044,-132.40388,377.44757,294.29117,62.875175,380.6668,306.22205,-109.247345,386.40152,293.77808,59.488853,391.92975,309.86923,-129.24533,387.0312,294.41702,42.01645,392.9109,306.55185,-115.527695,383.3977,294.9343,53.254913,389.10278,304.82632,-103.60187,300.69867,228.38745,60.08532,305.8264,234.38264,-60.084267,259.15567,267.1469,72.95234,309.51193,295.38495,-39.69571,228.09192,221.23238,128.15492,254.27019,277.10733,48.313988,227.42186,209.74196,135.27274,246.18869,269.6846,58.149612,206.86195,225.1237,136.12837,244.87259,297.73022,71.54831
frame_020.jpg,glute_activation,412.41043,238.50609,-1.6356199,417.63116,234.5737,2.941611,417.66034,233.98634,2.926502,417.6947,233.28899,2.9218855,417.66068,234.15842,-13.935513,417.70615,233.31564,-13.946907,417.7209,232.32591,-13.941522,414.94965,225.63498,33.718895,414.8974,225.51521,-42.10526,407.29648,236.87643,12.028276,407.24463,236.13933,-9.8606,379.2298,218.67336,90.44129,386.79752,227.37068,-82.72862,375.87268,261.48422,106.11078,380.15387,272.19522,-100.16761,377.35013,294.3033,55.46957,380.39932,305.80756,-68.8394,386.7674,294.7809,50.671448,391.7541,310.13306,-83.67659,387.76764,295.35303,38.402878,392.60925,305.87372,-73.06227,384.1061,295.74982,48.011513,388.24957,304.8298,-63.925507,300.59848,225.95781,52.705578,305.33295,235.7893,-52.776714,248.34317,234.58675,69.47361,308.0338,296.55084,-42.289383,239.52759,182.2905,128.57591,251.45638,277.95767,42.631546,243.92793,171.25102,136.95486,240.837,270.9922,53.01893,219.34409,172.44537,143.5663,245.13365,299.24362,75.084206
frame_021.jpg,glute_activation,403.68787,243.21632,-11.110472,409.11798,240.1556,-4.0270185,409.3728,239.68054,-4.064471,409.63147,239.18275,-4.074475,409.18073,239.46513,-24.991875,409.43207,238.55443,-25.00018,409.63638,237.51628,-25.0049,408.7516,231.51262,31.354856,408.46118,230.62247,-63.13012,399.15295,241.51637,4.4361944,398.8141,240.33917,-22.938196,379.08157,218.23369,93.85349,380.20065,226.2779,-109.642136,373.8367,258.6819,116.42612,372.9858,266.76038,-135.86269,377.35977,292.38483,51.25465,377.03644,305.69272,-106.025085,387.61215,294.19638,43.81906,388.8402,309.54755,-124.47031,387.80045,294.61325,29.050234,389.8154,306.58276,-114.38565,383.88794,294.64456,41.98599,385.3522,305.22134,-100.96701,296.6135,220.20102,64.12842,298.3296,236.02478,-64.29297,249.54483,204.17389,106.10602,306.94858,297.3111,-39.47896,247.16124,151.44153,154.72243,251.95807,278.44186,54.994904,252.39331,140.86824,162.45894,244.13026,268.71597,66.77092,231.20364,134.76157,167.11053,246.73325,297.58994,94.7149
frame_022.jpg,glute_activation,407.7149,240.9333,-3.0670562,413.43704,237.39174,3.5244627,413.57526,236.9054,3.4891796,413.7616,236.33357,3.4714625,413.544,236.85463,-16.97262,413.76654,235.97572,-16.981016,414.03876,235.01447,-16.989706,412.33456,228.61615,37.315025,412.83096,228.31601,-54.80644,403.15524,239.39848,11.952778,402.79382,238.36224,-14.741584,379.8891,217.85223,100.85395,385.0979,226.00996,-101.23801,373.8537,260.80527,119.17622,375.29382,270.44235,-127.49519,378.78525,293.76642,58.808292,379.93106,306.1378,-96.80924,388.96722,295.76413,53.634613,393.0331,310.0319,-113.84482,390.07666,296.1533,40.12299,393.58432,307.2387,-102.5552,386.37985,296.00116,50.185997,389.03748,306.08575,-91.41287,296.80722,223.0625,62.937397,302.32532,237.12979,-63.080414,248.66113,210.62408,88.37515,307.8593,297.8914,-48.327442,250.66461,155.92407,139.56631,251.68835,278.39774,28.290459,258.05597,146.14626,147.95535,243.95975,269.05682,38.28124,232.06589,141.16057,154.95331,243.03833,298.4712,65.62644
frame_023.jpg,glute_activation,409.9863,240.28851,-4.2149444,415.95758,236.84259,-0.047863495,416.04218,236.23643,-0.06676388,416.0968,235.55022,-0.06847241,416.17682,236.3966,-17.511784,416.37173,235.51724,-17.529406,416.52832,234.54077,-17.525702,413.2068,227.87213,29.642637,413.5825,227.31525,-49.23216,404.74554,238.42422,9.149831,404.80637,237.62465,-13.667738,382.18964,220.46365,84.55458,387.76813,226.03812,-90.132225,374.83636,260.79028,104.56804,377.80338,268.55283,-115.672424,376.7859,294.31564,52.442978,379.99225,306.10043,-96.309784,385.93304,294.26004,47.77287,390.7635,309.5302,-114.75038,386.92032,294.94095,32.565327,392.12936,306.1693,-102.77771,383.15802,295.44864,43.87361,388.70175,304.86313,-91.38309,301.86404,228.3342,53.34971,304.93396,236.13896,-53.366577,254.73071,252.10994,69.17925,308.43564,294.86087,-36.775177,233.46457,201.31648,119.27624,252.99359,276.98175,46.434875,234.41505,188.90921,126.17954,243.36449,269.6398,55.69552,209.29874,201.1011,126.15264,243.47336,298.17822,66.44312
frame_024.jpg,glute_activation,409.70844,241.53157,-11.098719,415.1489,238.97006,-6.208954,415.38538,238.37946,-6.23249,415.62424,237.76375,-6.2257056,415.16663,238.58614,-24.378328,415.3841,237.76407,-24.397331,415.60284,236.79762,-24.399147,414.53748,229.63852,26.367935,414.1452,228.92677,-55.323776,404.78033,239.1352,3.3379898,404.64462,238.45541,-20.427702,381.6244,220.31775,82.715294,386.20776,225.49643,-93.36058,376.1914,261.15176,102.43637,377.8805,269.51273,-116.49605,376.81708,294.03564,57.338486,380.44675,307.76474,-90.9959,385.41412,293.9553,57.40116,390.28946,310.51697,-108.881905,386.30905,294.98395,41.48578,391.55267,308.14264,-94.006134,382.87747,295.52228,49.13285,388.425,307.14563,-85.16455,304.04468,229.3384,56.918175,304.5833,234.41142,-56.87592,303.58954,287.21225,87.025826,310.46936,296.19144,-59.54704,251.16165,264.44745,137.1062,252.43971,274.3494,11.664361,243.97974,251.87236,142.47324,242.97112,264.25473,20.993338,235.75214,280.9017,150.27437,242.6109,295.44055,45.058838
frame_025.jpg,glute_activation,412.8876,239.34413,-19.178953,418.35773,236.13046,-14.049395,418.5213,235.47012,-14.073523,418.6411,234.77954,-14.06657,418.42578,235.87595,-32.758823,418.59647,235.08043,-32.774586,418.69662,234.16019,-32.776817,416.40137,226.81633,19.160473,416.0561,227.0349,-65.31449,408.1653,237.49905,-4.3122683,408.26227,236.86693,-28.81403,385.54596,218.84612,80.42935,391.40375,227.11398,-104.88745,377.28543,258.42398,107.59759,378.11444,268.58395,-125.12199,377.35773,291.91113,60.17138,379.89944,306.8721,-94.91367,386.37518,292.3262,57.611893,390.24966,309.67114,-113.87818,387.18777,293.32764,41.93161,391.85672,307.55112,-101.081635,383.45398,293.8178,51.772465,388.2629,306.8789,-89.69552,307.88977,222.8423,61.79981,308.22787,233.48909,-61.84189,299.2238,266.3577,140.7609,310.38947,296.16022,-49.61891,261.45374,232.36597,212.75073,252.5159,278.885,25.32113,256.30563,221.57756,221.51283,242.90076,270.56238,35.198406,246.02995,236.71767,236.31131,246.38147,301.44254,57.219086
frame_026.jpg,glute_activation,410.5075,239.53386,-28.191755,416.4084,236.30203,-23.193178,416.55676,235.52795,-23.202309,416.69632,234.64563,-23.182182,416.57513,236.2583,-40.712364,416.79684,235.51472,-40.71012,416.99658,234.63576,-40.71539,414.6446,226.24696,9.549533,414.8687,227.7975,-70.03645,405.56155,237.39294,-13.496603,405.66757,236.9948,-36.435677,384.54193,216.79015,72.85676,389.85864,228.7157,-103.38874,377.2176,258.3286,95.861206,378.93903,269.45013,-122.113655,377.02182,293.01648,41.74088,379.25015,306.2043,-83.21788,385.9903,293.29413,38.375557,389.6349,309.1887,-101.09062,386.8819,294.3175,21.9304,391.24,306.877,-87.33375,383.34164,294.87695,32.698483,387.21786,305.9474,-77.40698,307.4704,219.19934,56.73327,306.4424,236.93053,-56.91767,309.98898,207.10707,160.26547,311.23535,296.07275,-21.832724,268.60596,189.94138,244.54434,251.84135,277.38943,75.951035,260.58496,187.67711,254.50743,240.67879,267.76785,87.81369,257.8759,185.33482,273.4587,244.90875,297.01236,116.17056
frame_027.jpg,glute_activation,417.7675,227.67633,-32.275158,421.84506,223.1271,-27.28614,421.6488,222.57715,-27.306229,421.4337,221.94447,-27.295473,421.6314,222.59744,-42.542225,421.33762,221.68124,-42.565342,421.00906,220.66917,-42.565063,416.41522,215.70013,6.897522,416.1266,214.86029,-61.92821,412.0439,228.25366,-17.361286,411.61078,227.50746,-37.39126,382.6015,216.6211,69.00064,390.76654,224.57068,-98.26244,377.95334,257.57306,83.0301,382.27112,268.62918,-110.972275,378.2182,290.87256,38.591774,380.98026,307.09128,-79.47452,386.557,291.0586,38.935116,391.31354,310.21414,-97.70059,387.3784,292.3015,22.54112,392.2203,307.73785,-82.43702,383.80902,292.78354,30.476067,388.2996,306.9753,-73.604866,305.27692,227.27983,56.093803,308.18082,234.86868,-56.087643,301.03302,276.0673,124.44322,307.868,293.24805,-41.30739,256.9624,254.05191,194.52686,256.19876,275.6388,40.2554,250.05287,239.87259,202.67183,247.08589,270.28076,50.41053,242.86484,267.46228,216.367,246.81781,296.26224,74.53399
frame_028.jpg,glute_activation,410.00092,238.9968,-6.962414,415.03607,235.72968,-2.736783,415.2353,235.05566,-2.7503633,415.45395,234.34512,-2.7345362,415.0797,235.41435,-19.55999,415.28323,234.57616,-19.57992,415.50055,233.64334,-19.580734,413.627,226.55293,27.036608,413.6919,226.89656,-49.00227,405.1726,237.28345,6.369957,405.1535,236.70679,-15.777326,381.62146,218.77153,84.00281,389.45508,226.217,-88.44481,376.55573,259.42078,102.86902,381.09247,269.40283,-106.511345,377.54968,291.64392,60.91307,381.5833,306.75284,-70.02086,386.12155,291.7044,61.670208,391.03793,309.02087,-85.37721,387.009,293.16525,46.872097,391.9267,307.05228,-70.84036,383.28802,293.84375,53.281456,388.9306,306.40573,-63.99553,303.98944,226.06305,56.108063,305.5368,234.63936,-56.10063,305.11136,276.95624,103.554146,309.2199,295.02295,-54.019196,255.84094,259.36203,160.03857,252.32086,276.86627,14.345743,248.72299,247.43324,166.15598,243.796,270.63443,23.59084,248.32935,278.4866,177.7398,243.68027,297.54813,50.094852
frame_029.jpg,glute_activation,411.2854,240.39368,-31.236027,416.7312,237.39212,-26.211252,416.89642,236.75706,-26.220757,417.02533,236.05025,-26.19751,416.95312,237.24425,-43.641243,417.2496,236.55466,-43.647552,417.48938,235.78441,-43.649742,415.33414,228.50279,7.5304074,415.62744,229.12657,-71.94998,406.54526,238.45325,-16.10743,406.59674,238.05852,-39.054203,385.40805,218.79526,70.46311,391.9209,228.58073,-104.83949,376.87558,258.97733,92.596924,380.2023,270.45233,-125.262054,376.539,291.9075,40.96801,380.78793,307.04196,-87.47989,384.45685,291.54373,37.839375,390.57816,309.41443,-105.13083,385.78107,292.76108,22.752949,391.89905,307.11868,-90.14374,382.2771,293.35077,32.497623,388.68585,306.45175,-81.25844,307.41113,220.85394,56.198044,307.31952,236.28717,-56.33049,302.60913,221.29514,167.38867,311.4032,294.22794,-22.79209,262.6576,205.30815,253.37134,253.13382,278.43958,56.203045,257.23697,201.5415,263.55115,241.70682,269.97485,65.97494,249.44217,202.09494,278.62943,245.42242,298.80087,88.71651
frame_030.jpg,glute_activation,409.07434,242.81354,-27.703938,414.892,239.72485,-22.88401,415.06668,239.0202,-22.891205,415.23373,238.22813,-22.87322,415.16785,239.55196,-40.13678,415.4693,238.76181,-40.134544,415.7173,237.85278,-40.136887,413.57422,230.16399,9.971646,413.74042,230.87636,-68.63661,404.65692,240.59381,-12.844614,404.71143,240.03712,-35.515614,384.43448,218.90935,71.485825,390.18475,228.67719,-100.57832,376.27686,259.30145,96.05075,379.0462,268.3691,-121.13282,377.10193,293.77957,43.92534,379.52417,306.56445,-86.049416,385.29028,293.46494,40.407433,389.65213,310.6365,-104.09825,386.4491,294.5555,24.555147,391.4048,307.45398,-90.10588,383.11795,295.22827,35.2552,387.71207,306.14352,-80.21023,305.88623,219.60966,55.61729,304.61655,237.5496,-55.772343,308.7476,210.747,156.52623,310.5946,295.32907,-20.727375,267.73233,193.03561,242.15965,252.3981,278.22134,79.46632,259.9019,189.59561,252.30959,241.73578,268.5567,91.84845,257.25775,191.75102,271.89716,244.34262,298.03766,122.62627
frame_031.jpg,glute_activation,410.64304,243.11049,-7.536938,416.6234,240.13812,-3.344829,416.76752,239.42606,-3.3626952,416.9151,238.62827,-3.3593593,416.89954,239.85123,-21.221197,417.18652,239.00224,-21.237682,417.46625,238.03368,-21.23336,415.10983,230.13626,24.97298,415.6396,231.07355,-55.62395,406.24527,241.09888,5.5825596,406.62543,240.59529,-17.845098,385.53055,220.81104,81.02763,393.12802,228.65222,-94.50647,376.23322,261.58453,110.0876,380.94696,270.4774,-115.02725,376.8994,294.7197,71.83488,380.0229,306.3136,-83.47431,385.77637,294.18317,71.13853,391.34747,309.97263,-100.38815,386.65826,295.07806,56.59987,392.11316,306.43866,-86.8705,382.7621,295.67535,64.14581,388.0515,304.90887,-77.88808,305.59485,224.00462,55.418514,305.97748,234.94676,-55.461113,298.8386,256.6985,112.65526,308.69794,292.4761,-18.907318,253.64978,228.37212,163.9624,251.80879,278.16208,55.715927,248.70293,218.53566,170.64543,240.80803,270.1108,65.36473,234.54102,231.13655,184.47633,245.55255,298.1775,91.193054
frame_032.jpg,glute_activation,405.4765,246.34702,-11.008941,411.5476,244.75484,-6.308487,411.93103,244.17073,-6.3300414,412.33426,243.50027,-6.3222075,411.64365,244.28793,-23.546392,412.05997,243.42554,-23.558224,412.4826,242.44992,-23.549177,412.79425,235.77362,24.966536,412.51102,234.66774,-53.381115,401.05066,242.95288,2.764462,401.0518,242.35162,-20.033314,383.3179,221.66432,76.90209,388.13818,228.37935,-90.510284,377.791,261.53198,96.72128,379.42578,269.80728,-113.421646,377.4861,292.91113,52.185394,380.7254,306.7431,-83.10147,385.25757,293.04993,51.37509,390.19547,308.78006,-99.49975,386.4598,294.40283,36.57408,391.26886,306.44394,-85.99997,383.30167,294.88724,44.51346,388.44342,305.64816,-77.64931,305.79245,229.59206,55.635853,304.32867,234.96564,-55.586235,309.03708,284.398,96.25199,309.52844,296.29932,-55.637966,258.64346,267.19922,148.00359,252.7893,278.63858,10.736706,251.48247,257.7509,153.50452,243.3126,271.18997,20.080326,250.1539,287.29843,161.93631,245.97903,297.6159,45.636124
frame_033.jpg,glute_activation,407.9934,242.21277,-5.912615,413.27573,239.3933,-1.2599103,413.531,238.76657,-1.2783353,413.82684,238.1195,-1.2664467,413.33115,238.93538,-18.047768,413.58688,238.07042,-18.067257,413.83942,237.10153,-18.066238,412.42285,230.23814,29.259407,412.20853,230.29504,-46.66525,403.41885,240.4873,7.4453154,403.30045,239.69896,-14.64566,380.86664,222.09026,82.515076,386.71127,228.24966,-86.56781,375.96057,261.51398,98.80792,378.46637,269.75436,-106.74002,377.21188,292.869,50.556717,380.844,306.98538,-70.14108,384.96277,293.10468,49.508587,390.4088,309.29956,-85.40709,385.97003,294.2175,34.62177,391.24286,307.0648,-72.10057,382.8515,294.83725,42.82737,388.4235,306.3812,-64.5718,302.9249,228.9084,55.995632,302.25204,234.82368,-55.966133,306.31357,283.10403,94.58154,309.1226,295.00946,-56.828438,256.67346,266.61337,142.068,252.5991,278.0961,13.946284,250.57465,255.82552,147.11037,244.14574,270.64948,23.806084,245.66574,285.54773,157.9768,243.4223,295.62573,53.091396
frame_034.jpg,glute_activation,409.30597,244.48445,-13.420325,415.10635,241.3085,-8.493759,415.24228,240.62193,-8.519722,415.37177,239.85318,-8.521087,415.29517,241.08157,-27.67966,415.50647,240.29097,-27.693378,415.67865,239.33928,-27.689894,413.44742,231.61563,22.734924,413.6948,232.49167,-63.740635,404.68427,242.35582,0.7310277,404.8993,241.75258,-24.378912,384.37738,220.81387,81.87125,389.8725,228.62248,-103.96913,374.88193,259.75745,113.436615,375.75983,269.91116,-123.9931,376.85748,293.71948,70.79772,378.4557,306.16367,-92.05342,386.48102,293.83884,69.6984,389.30313,310.2214,-110.44621,386.92883,294.64072,53.97816,390.61722,306.5921,-97.83916,383.1442,295.34946,62.526047,386.70154,305.0563,-86.832,303.726,223.17336,59.325863,305.044,233.6222,-59.353493,298.8125,266.58618,122.37716,308.3736,293.69434,-34.688114,255.2728,232.7809,179.28114,252.87552,277.89072,54.754524,250.90639,221.82094,186.3913,244.03171,270.82083,66.37261,237.77203,235.77016,201.41862,244.80865,299.13565,95.69255
frame_035.jpg,glute_activation,409.31018,241.77924,-18.12328,415.13583,238.51071,-13.569637,415.30545,237.85005,-13.575739,415.4504,237.10953,-13.556763,415.32904,238.34247,-29.386646,415.6275,237.63548,-29.384945,415.88965,236.85391,-29.382156,413.53458,229.35475,16.45231,413.89386,230.32831,-55.258087,404.70596,239.84035,-4.415659,404.72714,239.49214,-25.111622,384.08124,219.12485,73.7018,390.09766,230.10974,-87.469185,376.95245,260.9619,93.43574,379.5103,271.51407,-102.65959,377.50604,293.49835,46.394543,380.02454,306.8028,-63.979942,385.86365,293.63474,43.80322,390.48822,310.04282,-79.71089,386.6537,294.66934,29.864254,391.71176,306.76996,-65.83247,383.30704,295.03168,38.781757,388.372,305.4211,-58.14358,304.7629,220.0571,52.335953,303.0067,237.87418,-52.50366,304.11008,212.05377,147.49068,309.7411,296.52423,-12.420719,262.02902,189.97531,219.67766,252.68126,279.25928,78.13973,256.26062,187.70697,228.72397,242.29149,269.52597,89.907776,251.30911,187.55812,249.07373,246.15308,296.98456,124.59291
frame_036.jpg,glute_activation,414.4948,238.45871,-13.260859,419.68158,234.78743,-9.457149,419.72195,234.19719,-9.476664,419.78552,233.51842,-9.468633,419.78027,234.46292,-26.257946,419.8806,233.65712,-26.27732,419.98215,232.77759,-26.272657,417.12994,226.18552,19.762094,417.26303,226.45795,-55.76443,409.19873,237.31038,0.1669206,409.2704,236.66602,-21.70994,386.92407,219.86456,77.17497,393.2695,228.78029,-93.95688,377.60098,259.68906,99.0845,380.19464,270.4207,-111.831604,377.25897,292.1587,57.53327,379.83496,306.09872,-76.497025,385.8169,291.7991,55.84836,389.94104,309.422,-92.33044,386.5015,292.9246,42.150772,391.37296,307.3214,-78.849365,382.8528,293.64114,49.97576,387.42957,306.14584,-70.88246,307.5163,223.69102,53.88363,309.06125,234.97937,-53.940296,291.35187,265.1857,103.82025,311.28055,297.2045,-26.863346,257.41754,219.93716,150.23904,253.55492,278.61093,49.983986,254.25824,210.605,156.6655,241.99097,270.57153,59.779438,238.03018,219.183,167.24211,245.65918,300.58936,83.19812
frame_037.jpg,glute_activation,403.31662,244.48471,-0.16094142,410.28333,243.22427,4.170081,410.69217,242.61293,4.153309,411.14352,241.95358,4.16082,410.42065,242.9383,-12.1398535,410.8413,242.15622,-12.148117,411.27026,241.31116,-12.136407,411.8723,234.07408,33.11432,411.61584,233.66763,-41.046097,399.20535,241.32072,12.724814,399.364,240.87822,-8.908575,383.74017,220.56078,82.30171,390.30576,227.17746,-78.05958,378.13907,261.54504,102.06351,381.97797,270.01495,-101.53871,377.74774,292.41458,63.27499,380.73972,306.498,-73.578835,385.52985,292.4624,63.700287,390.6212,309.31,-89.21177,386.76093,294.0771,49.12957,391.8015,306.9547,-74.48619,383.4107,294.4913,55.96657,388.4958,305.8535,-67.68989,306.62543,228.8626,52.895245,306.76584,234.83229,-52.858955,306.05258,284.9604,85.688126,309.6754,297.8978,-48.779762,255.90135,267.57272,134.39247,252.52206,279.7357,13.717523,249.41072,258.2173,139.5464,243.56108,271.60452,22.832262,247.01456,288.20728,147.38731,244.99652,298.10898,49.487305
frame_038.jpg,glute_activation,411.20966,240.72029,-3.9579847,416.4787,237.88976,0.31930205,416.6903,237.20247,0.30325207,416.92877,236.51382,0.31692627,416.54282,237.58221,-15.844737,416.75482,236.75636,-15.861869,416.98486,235.89108,-15.855097,415.51422,228.6217,30.212593,415.33386,228.89165,-42.850346,406.2962,238.68634,9.251635,406.31824,238.09334,-12.037121,383.64337,220.12592,83.79509,390.6943,227.3847,-81.84933,377.428,260.73633,100.33578,381.45505,270.32812,-100.277145,377.89047,292.8988,56.047386,383.2861,307.18863,-64.049866,385.90085,292.52176,56.131596,392.6193,309.64447,-78.96901,387.3239,293.6332,41.122643,393.58588,307.46408,-64.449684,383.94443,294.43985,48.438606,390.5865,306.91696,-58.005127,305.9698,227.60413,53.66905,307.2273,234.34651,-53.656036,305.41504,284.50403,89.596245,310.13058,296.95496,-53.481125,255.20923,264.2693,135.44946,254.3024,277.97647,16.748402,248.11551,253.59213,140.48831,246.6585,269.91434,26.636478,243.48856,282.7558,151.04535,244.243,294.32614,57.042507
frame_039.jpg,glute_activation,410.78564,239.05266,-15.224361,415.81284,235.32434,-10.335232,415.90805,234.67258,-10.357042,416.04828,233.93222,-10.350954,415.93103,235.03279,-29.084148,416.07843,234.2414,-29.107594,416.2558,233.35884,-29.123058,413.55914,227.08597,21.408165,413.48465,227.21019,-63.20529,406.12732,237.6505,-0.7956806,406.05893,237.21642,-25.390356,383.61465,220.43292,83.84116,390.17603,228.82828,-103.872635,375.44037,261.8869,114.03511,378.2696,271.48212,-127.51099,377.52722,294.7197,68.39154,379.48288,307.54355,-100.47458,387.26306,294.78802,68.1711,390.2945,311.39197,-119.86456,388.1992,295.5725,51.254356,391.59714,307.5856,-105.52917,384.43207,296.04425,59.67473,387.22488,306.23233,-94.76226,302.17737,226.01534,59.518314,303.73114,234.63734,-59.564175,298.02664,270.14676,118.6879,309.10907,294.44424,-33.466087,254.38492,236.76613,178.38077,252.80489,277.2791,58.079506,248.95416,225.67313,185.54079,243.90802,270.25388,69.35836,236.55869,243.70222,200.1639,246.10028,298.20282,96.60613
frame_040.jpg,glute_activation,404.23764,247.35257,-30.330973,410.0794,245.28346,-24.158283,410.47955,244.74495,-24.160728,411.00342,244.11499,-24.140215,410.0918,245.28244,-43.55364,410.45276,244.708,-43.549164,410.9026,244.01967,-43.551178,412.41806,235.78072,9.989114,412.0084,237.15356,-79.415825,400.64478,244.41591,-14.950968,400.53104,244.09079,-40.674553,387.79996,216.08757,71.21902,394.26465,230.22333,-114.43119,378.0977,255.93687,102.75924,380.44916,267.99734,-141.50204,378.6763,290.0625,50.653854,379.61194,305.98087,-102.61307,387.4399,291.64432,46.697563,389.92477,308.95178,-119.767006,388.2575,292.57477,31.356403,391.41904,305.93185,-104.13482,385.16696,292.71463,41.888977,387.90717,304.6533,-95.9002,304.64624,214.12901,58.499207,304.95233,236.05345,-58.82324,301.87924,205.1691,214.54088,308.57538,293.47293,16.30682,258.9314,190.28247,297.8787,253.03256,279.6642,86.42986,253.07626,187.99498,307.9215,243.83618,270.50485,95.89635,242.99318,185.58818,321.2998,243.85468,297.91006,117.59324
frame_041.jpg,glute_activation,411.86462,241.5632,-9.600206,417.0308,238.13565,-5.5464993,417.14355,237.53983,-5.56244,417.27704,236.85648,-5.5485005,417.20898,237.85352,-22.759144,417.41046,237.10434,-22.773705,417.5999,236.29042,-22.779264,415.54285,229.09796,23.63701,415.47937,229.83763,-54.51498,406.9793,240.07341,3.663758,406.9923,239.51245,-19.078354,384.35397,221.33365,82.845764,393.55054,229.25514,-93.26398,376.0697,261.19623,107.81223,381.98154,271.09137,-111.95404,376.51978,293.18127,68.20664,380.9825,307.10117,-77.42315,384.7783,293.22195,68.89546,390.95636,309.54135,-94.458046,386.10382,294.6616,53.335873,391.69763,307.13004,-79.62884,382.419,295.07883,60.253483,388.6696,306.32925,-71.48231,306.22546,225.63986,57.47528,309.43903,234.30907,-57.504257,305.6324,272.24988,102.40988,310.55713,295.26157,-42.967724,252.42918,254.37248,156.27173,254.72922,279.86075,32.322086,244.57535,243.41296,161.94984,245.95848,274.00644,42.010822,238.10605,269.2902,169.17892,246.46692,299.69095,64.46795
frame_042.jpg,glute_activation,410.6525,240.3331,-7.0914226,415.55353,237.15913,-2.9026458,415.65903,236.54558,-2.9162507,415.74164,235.92848,-2.9019952,415.68036,236.86131,-19.10816,415.85376,236.08098,-19.12766,416.00266,235.22931,-19.128004,414.0451,228.28247,27.175245,414.13998,228.38702,-46.463432,405.6488,238.79588,6.23354,405.78125,238.2181,-15.23489,382.5381,221.39369,84.98321,391.4533,228.71819,-87.036964,376.25644,261.14264,104.429436,382.4257,271.55655,-106.77094,376.43927,292.8771,60.92722,380.83267,307.85898,-71.05946,384.8645,291.84094,61.914616,390.7641,311.0425,-86.96269,386.16043,293.32544,46.053192,392.27515,308.75815,-71.72048,382.55536,294.2872,52.95732,388.71402,308.0189,-64.83878,303.62933,228.58185,55.643776,306.0388,235.74306,-55.64442,305.53067,284.07297,95.113434,309.0765,297.70068,-56.180035,255.82233,267.45346,143.9087,254.45703,279.38,20.21041,249.7647,257.06833,149.16818,247.59418,271.0758,30.755346,245.74377,287.5777,159.09071,245.64024,296.5858,60.75319
frame_043.jpg,glute_activation,411.02615,244.9158,-4.594188,416.2645,242.38931,-0.53756464,416.47607,241.76624,-0.5540307,416.7253,241.09918,-0.5431405,416.3602,242.01018,-17.697903,416.59024,241.18898,-17.712988,416.85205,240.26999,-17.71374,415.73547,232.7454,27.536528,415.61215,232.89992,-50.00545,406.21008,242.67177,8.137465,406.19562,242.06252,-14.454751,384.44354,221.69432,81.77382,391.4936,229.48096,-88.24696,377.1356,262.79105,104.150375,381.55197,271.1023,-108.43047,376.8938,293.92728,68.710236,381.6236,306.82373,-76.69807,384.89975,294.28104,70.12437,390.41702,309.89844,-92.89459,386.11053,295.64557,55.419678,390.91782,307.37952,-78.01627,382.5154,296.01553,61.254776,388.23523,306.33606,-70.72143,306.78647,225.91107,54.181637,308.32913,234.40356,-54.168236,302.42328,273.77466,93.497406,310.34018,295.99347,-42.321583,255.53377,252.41032,146.5663,252.24403,280.75665,27.534544,250.58092,241.2494,152.39836,244.96005,274.79004,36.712204,240.2891,265.39017,161.00435,244.54521,300.30435,60.099113
frame_044.jpg,glute_activation,409.52002,230.60873,-23.253983,414.4234,226.28291,-17.427351,414.39337,225.78699,-17.447641,414.36426,225.15897,-17.475729,414.5126,225.64261,-36.468113,414.54892,224.72614,-36.48509,414.58115,223.66199,-36.49097,410.41418,218.34816,19.250275,410.67407,217.28918,-68.42984,403.83875,229.99783,-7.867565,403.66034,229.17421,-33.592045,371.99634,220.78003,81.140366,379.70032,223.37003,-113.879745,368.46692,259.65656,105.421295,377.52844,269.002,-136.09024,374.53156,292.99066,80.021835,381.7357,307.76917,-117.39377,383.0272,292.34174,85.9341,392.6839,310.62534,-138.9244,384.91302,293.04,64.70586,394.53497,308.4771,-119.95735,381.6587,294.16714,70.331985,390.49316,307.68423,-110.26979,300.8291,235.3273,56.182556,298.3401,228.23358,-56.13968,306.7496,291.78986,75.04343,237.8611,220.01335,-96.855194,254.3317,273.31653,124.39418,239.27277,162.34798,-15.3373,243.95953,265.1206,130.14297,245.59312,153.1481,-4.201042,245.93927,292.90848,133.27466,217.80684,150.57591,4.0660996
frame_045.jpg,glute_activation,408.30792,241.04388,-20.182219,413.1598,238.07126,-15.394899,413.39127,237.49147,-15.429143,413.65128,236.88783,-15.455324,413.20062,237.63672,-34.25998,413.43777,236.7898,-34.27264,413.6746,235.77467,-34.280746,411.96143,229.00156,17.861597,411.682,228.27008,-68.36336,403.84253,239.27573,-5.698232,403.6806,238.55884,-31.020248,377.57977,223.54356,80.04394,384.0691,225.16074,-113.59152,373.72302,262.14383,105.908325,378.28708,269.3811,-136.53313,375.80444,292.58463,78.01637,381.9331,308.6768,-110.80078,383.54834,292.41736,81.32222,391.97342,310.52475,-130.50502,384.96887,293.37347,63.69698,393.2124,308.5304,-114.67315,381.7833,294.14993,69.543976,389.92783,307.89816,-104.578415,305.24194,237.91634,57.480732,301.9614,230.6821,-57.473595,306.99808,292.2402,86.01103,250.87979,263.238,-107.709946,255.56715,275.26373,160.4913,236.68091,211.50328,-11.830399,251.05249,269.18362,168.39195,239.6442,199.2405,0.25669026,247.24377,294.6681,170.92078,209.59602,207.53369,5.574052
frame_046.jpg,glute_activation,412.87677,222.47577,-49.57708,416.06488,217.68417,-40.88541,415.99957,217.37764,-40.910812,415.9035,217.00903,-40.912357,415.2417,216.77928,-55.82599,414.55444,215.83865,-55.84449,413.76602,214.86116,-55.836975,409.87094,212.18419,3.5181105,407.77936,209.87247,-63.541595,407.5398,224.01424,-32.093636,406.5327,222.83047,-51.622147,377.35522,217.87146,66.700806,379.05066,221.46043,-100.980316,374.57404,258.79608,82.86739,375.9116,266.27502,-123.68822,376.5367,290.08276,44.445614,378.96338,307.53482,-111.36621,385.60837,290.8201,45.64039,389.43753,312.00348,-133.32724,386.4473,292.16864,28.485804,391.0992,308.43622,-117.71348,382.80878,292.66055,36.226334,386.84668,307.0443,-106.22776,301.59314,229.61984,53.625225,301.1408,230.00438,-53.60115,298.7866,285.60312,76.07775,310.78137,290.2585,-67.13493,251.91666,273.68018,121.645195,255.77965,266.97272,27.244013,242.38203,266.67206,127.11071,250.01923,257.04532,39.085217,241.2634,289.5686,135.79553,244.17159,285.8741,70.09018
frame_047.jpg,glute_activation,410.46524,237.23697,-20.55597,415.262,233.84209,-16.005146,415.32812,233.19295,-16.031841,415.38843,232.46495,-16.053696,415.4091,233.46744,-34.26054,415.53125,232.59442,-34.285946,415.6285,231.54774,-34.300777,412.33893,224.33046,17.50437,412.3703,223.90352,-65.92402,404.96362,235.62274,-6.0868883,405.09766,234.81036,-30.609854,376.5586,222.7085,76.27049,380.6454,224.62178,-107.45824,373.21243,260.31256,95.67555,376.09952,269.0179,-127.56566,374.79895,291.7527,68.814026,378.96405,307.49612,-106.80127,382.93167,290.627,71.42104,389.27914,310.56516,-127.452774,384.102,291.61032,53.280632,391.1889,308.3121,-111.099464,381.09955,292.6581,60.1389,387.68253,307.29114,-100.780945,304.57724,235.23943,52.388855,300.88962,225.73451,-52.35567,309.682,291.71246,65.72017,239.37115,245.46498,-92.51624,258.01764,273.22433,131.8608,222.0145,189.37149,-12.189459,250.33038,266.31314,138.63834,224.31747,176.77473,-2.3829188,244.66293,293.14108,135.45435,191.47662,188.92032,-10.470103
frame_048.jpg,glute_activation,408.452,233.83365,-28.090363,413.4391,229.88104,-22.036734,413.42728,229.2817,-22.066872,413.4088,228.61462,-22.099041,413.45203,229.3381,-41.192596,413.4244,228.42262,-41.20717,413.39246,227.41191,-41.21162,409.72928,221.12802,15.61083,409.68582,220.1377,-72.36116,402.68304,232.39996,-12.347602,402.46594,231.45387,-38.1248,376.59967,220.21512,77.53526,379.47678,223.51848,-116.96527,373.23053,260.54605,99.03568,375.6531,269.5764,-142.57066,375.6595,293.2338,62.829704,377.80484,309.07233,-127.68082,384.4754,292.8905,66.29472,389.2482,311.72913,-150.25334,385.72296,293.90768,45.36741,390.93347,309.69357,-131.88312,382.3398,294.6413,52.94561,386.86987,308.88367,-120.82596,303.0369,235.01427,56.374443,299.50372,227.5893,-56.3727,309.82446,291.7169,64.84241,241.1286,213.78708,-94.26764,257.40002,271.04028,112.83801,239.87975,156.77257,-13.36041,247.85394,263.08298,118.44306,247.17093,147.34375,-2.3500557,249.30252,290.7644,120.451546,215.56778,141.7173,5.2275085
frame_049.jpg,glute_activation,409.22623,240.22725,-14.59817,414.68213,237.10498,-9.355968,414.83414,236.57129,-9.39091,415.01663,235.9471,-9.402141,414.65848,236.52739,-28.023937,414.77005,235.61908,-28.031874,414.9026,234.5939,-28.037655,412.59247,228.1523,25.357847,412.34738,227.18732,-59.314507,404.36078,238.67206,0.28093702,404.1244,237.6919,-24.404411,378.87018,225.22786,85.571526,382.2374,224.79951,-104.06087,375.0213,263.80728,114.105484,376.92154,268.03824,-133.79727,375.85263,294.15485,79.12623,380.1961,308.05884,-116.90663,384.02682,294.11127,80.517685,390.61325,310.133,-137.95505,385.15765,294.57977,62.789948,391.7951,308.12686,-124.35181,382.09592,295.09576,70.51572,388.39362,307.53647,-111.90379,306.39737,234.7188,57.66236,301.54648,228.28152,-57.628815,306.5664,291.73447,70.018265,297.49304,288.1631,-92.32912,255.8119,275.11658,107.00699,251.70966,256.35477,17.31492,248.02246,270.79648,111.32237,247.3059,243.40923,31.391266,250.35742,294.81366,112.920494,231.13588,266.23376,55.06777
frame_050.jpg,glute_activation,406.93048,238.50208,-18.3153,412.03333,235.15497,-12.355313,412.08038,234.4773,-12.385595,412.12936,233.73143,-12.4138775,412.06793,234.70334,-31.224937,412.1051,233.74872,-31.238651,412.14114,232.75223,-31.23925,408.93555,225.97697,23.841381,408.9361,225.63077,-62.77587,401.47064,236.61304,-3.2559013,401.4639,235.68845,-28.66956,375.88373,222.42392,82.582634,379.92252,224.79497,-108.864,373.31723,260.94946,103.437386,375.87885,268.26935,-134.2502,375.79535,293.68396,67.80139,379.2373,307.5917,-115.56314,384.24615,292.8227,70.62523,389.56458,310.7498,-137.04947,385.54053,293.82147,50.282864,391.31128,308.25616,-119.46151,382.29913,294.5184,58.198822,387.87543,307.1505,-108.841995,301.45435,234.67648,55.689377,297.95444,227.0499,-55.69161,308.99213,290.76413,69.88997,238.09457,218.75313,-99.04646,257.41348,271.3176,113.95346,237.98819,159.87009,-14.739626,247.73773,262.54596,119.090385,245.7933,152.15274,-3.065116,247.51257,289.73297,122.16592,217.27867,145.43422,7.577361
frame_051.jpg,glute_activation,409.32068,241.25575,-13.037079,414.90393,238.27136,-8.259028,415.0458,237.67972,-8.28564,415.13373,237.02295,-8.3094015,415.0022,237.81386,-27.105011,415.1861,236.93684,-27.129309,415.28204,235.93536,-27.141666,412.45508,228.60332,24.120424,412.2824,227.96252,-62.114758,404.1032,239.16565,0.9132012,404.08533,238.22282,-24.435894,377.937,225.20627,80.96859,381.69833,225.37405,-105.416504,373.3264,261.46814,107.78525,376.59467,268.54074,-129.90628,374.76984,292.8487,84.79211,380.14786,308.25052,-107.71499,382.44977,291.99026,88.0405,390.0503,310.6767,-127.986786,384.26498,292.8935,69.90155,391.3495,308.33963,-110.61255,381.35086,293.5623,76.19073,388.61264,307.6531,-101.08075,305.6447,236.67732,52.573166,302.08295,227.38828,-52.544804,310.1251,290.65662,68.55322,241.40433,233.1173,-83.85643,259.11954,272.2835,127.22871,234.84566,174.32487,-21.351603,249.95929,265.06915,133.42499,241.7059,163.39653,-12.806596,247.574,289.28806,129.92572,207.1206,161.52766,-19.440132
frame_052.jpg,glute_activation,412.43332,240.3275,-14.298983,417.98248,236.8968,-9.506866,418.0017,236.42725,-9.545731,418.06036,235.86467,-9.556593,417.8745,236.27003,-26.946156,417.84012,235.36298,-26.959835,417.8522,234.2822,-26.956179,414.9502,227.9088,22.712582,414.7263,226.77768,-55.848423,407.2136,239.1524,-0.2466405,407.09113,238.09152,-23.147905,379.5835,223.65933,77.3372,383.18622,224.64209,-94.22203,374.81964,262.61905,98.47375,376.75327,269.17816,-118.743355,375.59863,293.35437,59.44889,379.89957,308.63013,-98.79807,383.67813,292.68393,58.842247,390.47287,310.6792,-118.426346,384.69122,293.47833,43.434303,391.78735,308.65698,-104.19699,381.7199,294.14835,51.64953,388.5565,308.13913,-93.691444,305.19788,229.99197,53.755928,303.76035,229.83643,-53.733486,298.34872,285.8504,71.897156,309.2318,290.1583,-49.08397,251.73608,272.7998,113.34252,254.26689,267.7738,32.68509,244.44104,264.4777,117.842255,249.33334,257.9937,42.523674,239.18518,294.57047,117.97363,244.4416,289.2387,61.541943
frame_053.jpg,glute_activation,410.82013,237.84554,-21.820593,415.5523,233.88081,-16.111238,415.55103,233.36922,-16.136644,415.50232,232.7568,-16.162235,415.49255,233.26146,-35.262196,415.45312,232.3685,-35.28403,415.3685,231.35336,-35.29186,411.57678,225.6934,20.64344,411.19366,224.5698,-66.957565,405.28192,236.88008,-6.372614,405.22217,235.73778,-32.084274,375.4355,225.40788,77.27817,378.11975,225.59866,-108.42785,372.80887,262.19766,99.1873,375.13675,269.51965,-131.63287,375.49118,293.81305,69.82747,379.87848,308.2213,-116.08967,383.4306,293.23807,72.41364,390.16516,311.39957,-138.22893,385.02722,293.8489,52.943386,391.98236,308.55914,-121.445435,382.2131,294.4618,60.641003,388.7425,307.25958,-110.02603,302.71313,236.53745,52.68976,298.9701,225.97351,-52.66113,308.47705,290.53256,58.97247,238.64664,220.71312,-86.45105,256.95734,273.90344,115.6004,227.41006,161.84714,-14.586857,247.67348,266.19492,121.597275,233.94025,151.18121,-5.3333416,246.62222,291.21716,118.83443,199.76097,152.86201,-12.064363
frame_054.jpg,glute_activation,417.58313,236.34407,-24.342777,422.45856,232.49406,-19.718658,422.51297,231.99698,-19.751308,422.60422,231.40988,-19.778551,422.2507,231.88747,-37.756535,422.14355,230.98296,-37.77841,422.04578,229.91528,-37.787342,419.0715,224.22595,13.061691,418.35577,222.7958,-69.110085,412.27658,235.84557,-10.104107,412.14844,234.72708,-34.260696,382.52606,222.77586,73.92674,386.8382,225.3915,-110.02216,376.0651,260.55038,92.21053,378.98114,269.65527,-124.981186,376.2232,291.48584,65.8141,379.45023,308.7387,-95.38304,384.72705,291.03943,69.14439,390.01736,311.74045,-114.908554,385.68152,292.14874,51.385864,391.5712,309.32407,-97.89514,382.40533,293.11526,57.355347,387.75458,308.65646,-88.9234,309.79584,234.94504,52.244755,306.77686,227.63504,-52.203224,310.61618,291.05844,67.48314,246.42014,245.14854,-77.18968,258.6892,271.5476,135.73392,231.74426,190.00697,-1.10507,251.0918,263.5342,142.8837,234.99457,179.4296,8.166072,249.21362,292.43115,138.85316,202.32626,187.91106,-0.30704814
frame_055.jpg,glute_activation,414.20804,238.75679,-31.257933,419.278,235.2082,-25.982035,419.29938,234.69904,-26.022568,419.37524,234.09435,-26.04219,419.14764,234.7278,-45.67691,419.09497,233.88524,-45.678528,419.09308,232.90894,-45.694424,416.1301,226.7189,10.343165,415.782,225.84412,-78.71448,408.94885,237.92657,-15.325594,408.77002,236.98769,-41.33434,380.62527,224.27505,78.78059,384.136,225.05568,-122.49718,375.61917,262.54932,114.630165,377.2909,268.28955,-149.25891,375.79468,294.04092,86.15839,379.1964,307.87164,-132.5936,384.35114,293.56903,88.79721,388.69354,310.86917,-155.65031,385.1626,294.3344,70.241844,390.15414,308.99817,-141.4731,381.8298,295.1668,77.255295,387.12122,308.13092,-127.51564,308.99548,234.53464,60.65155,304.73087,228.79868,-60.64568,308.31546,292.41333,78.51958,284.85782,284.1519,-71.903694,255.16812,277.48514,133.9239,241.64262,250.8754,42.825542,251.02927,273.5954,140.16486,235.93187,236.41776,56.749596,248.37491,296.68753,139.85612,217.09297,263.15,70.06304
frame_056.jpg,glute_activation,405.83752,245.62198,-25.92852,411.48785,243.37375,-19.68219,411.8313,242.7483,-19.711563,412.22394,242.0458,-19.741901,411.63672,242.54744,-39.312737,411.97803,241.43939,-39.328465,412.29004,240.34781,-39.343544,411.9502,233.58948,18.743164,411.5879,232.61868,-71.39522,401.26877,243.19232,-9.937548,401.06897,242.02284,-36.366917,378.90744,225.03268,78.771866,381.8841,224.35555,-116.00845,374.0294,261.9537,105.193245,377.51508,266.84824,-150.99672,375.52057,294.78677,71.99834,379.3317,309.00955,-145.67435,383.89035,294.4767,75.066185,389.30148,313.49225,-169.61913,385.25815,295.71115,54.21633,391.2967,310.16623,-151.45755,381.90686,296.67914,62.047596,387.88516,308.73804,-139.12862,305.81796,234.49597,56.29787,302.81122,224.09337,-56.324966,308.7617,291.32016,42.832825,245.13106,206.8949,-101.91995,257.68506,273.9017,90.264046,238.20013,147.52602,-26.393417,247.83653,264.96585,95.37453,244.70718,136.66109,-16.54404,246.48349,290.09995,90.80186,211.2104,134.94957,-19.434656
frame_057.jpg,glute_activation,418.2385,228.80582,-32.26669,421.7154,224.0475,-25.776217,421.62164,223.64705,-25.801403,421.5178,223.17097,-25.825613,421.5852,223.31085,-44.646343,421.401,222.44968,-44.66578,421.1864,221.50128,-44.664986,416.49857,217.12979,13.031229,416.28238,216.02592,-73.272385,411.9424,229.3295,-16.276937,411.5736,228.45645,-41.583755,378.5771,221.92453,73.858406,382.10315,223.98135,-114.15684,373.3287,262.37204,93.68806,377.79144,268.51053,-131.07607,374.89618,293.92926,66.92638,379.85562,307.91306,-113.61398,383.57947,293.33746,72.03973,390.89667,310.97922,-135.88177,385.36108,294.17032,51.070637,392.87964,308.95248,-117.5203,382.09143,294.80582,57.353348,388.67203,308.08386,-107.039154,306.95535,235.47946,54.405777,303.403,227.35101,-54.34414,309.75217,291.52884,60.187603,243.72998,228.72829,-90.92967,258.4424,272.95547,116.83361,232.13103,170.56038,-15.288978,248.6164,265.15955,123.04913,238.65237,160.77333,-5.617139,248.64478,292.48636,122.14964,205.22026,159.52913,-7.638643
frame_058.jpg,glute_activation,411.81747,239.93463,-31.350658,416.92795,236.73671,-26.127491,417.0788,236.26178,-26.165056,417.25317,235.70665,-26.1754,416.861,236.08984,-45.3292,416.93924,235.18832,-45.338974,416.99985,234.15594,-45.357327,414.73178,227.87114,9.497544,414.20303,226.70605,-77.822395,406.54507,238.44424,-15.870942,406.45383,237.32126,-41.32077,380.46802,223.93083,74.3656,383.1094,225.5133,-120.28876,374.8889,262.22623,104.364944,375.99582,270.14584,-146.52461,375.72803,293.20154,57.31451,379.57764,307.8239,-124.44861,383.74405,292.6784,55.61853,389.30252,310.71225,-146.71469,384.90802,293.57004,37.45537,390.55798,308.0172,-133.53278,381.99033,294.1221,47.860332,387.67303,307.33438,-119.5346,309.0879,234.71365,58.292088,302.13382,229.76903,-58.278168,308.82352,289.29535,88.24378,294.59375,289.48074,-61.46955,256.0918,276.6132,137.85478,245.2222,261.40552,56.620163,251.53044,271.2691,143.0799,239.76608,249.32738,70.778984,251.25612,295.6302,142.48106,227.6688,272.60593,88.99278
frame_059.jpg,glute_activation,407.79694,242.83824,-39.54706,413.7113,239.4941,-33.493546,413.91464,239.07687,-33.524467,414.18793,238.60478,-33.553482,413.64148,238.81477,-52.744198,413.77426,237.91956,-52.770313,413.93875,236.79109,-52.7966,412.50778,230.68523,6.542645,411.98584,229.65059,-81.6926,402.81082,241.11768,-22.590773,402.54764,239.75534,-48.456505,378.5452,226.01115,70.50582,381.38922,225.84357,-124.88573,374.40262,261.2844,99.50929,376.49307,269.32092,-153.7962,375.57645,293.2604,64.39452,378.11948,308.3919,-144.63445,384.13632,293.53284,65.66512,388.49542,313.48218,-168.77306,385.39148,294.68915,46.024216,390.39764,310.1137,-153.3151,381.9681,295.56778,54.76367,386.80316,308.42966,-139.20142,305.26294,233.721,57.06877,301.8224,224.01505,-57.05501,309.18597,291.33,68.37514,241.51656,228.02151,-85.65797,258.10715,272.67203,146.00342,232.96906,174.03908,27.414307,250.46558,266.0309,154.0944,237.24535,165.03398,40.80637,247.5151,292.47842,151.26299,216.80183,164.41653,33.626617
frame_060.jpg,glute_activation,410.31403,244.14325,-33.62819,416.0644,240.89195,-27.046816,416.3765,240.45761,-27.080456,416.7191,239.97014,-27.119505,415.95157,240.14601,-48.082966,416.1634,239.1825,-48.099407,416.3855,237.9914,-48.112236,415.42108,231.57086,13.280806,414.99213,230.3785,-83.397606,405.87387,242.24968,-16.680893,405.27744,240.82094,-44.948273,382.4546,226.1084,77.903755,383.47897,224.28014,-129.38261,375.5769,261.05606,112.68939,378.69565,264.95703,-158.73868,375.79236,293.05038,80.79049,379.4978,307.7763,-145.56729,384.66614,294.1064,83.7489,389.8678,311.9141,-169.7883,386.47153,295.357,62.29278,392.04483,308.974,-152.34496,383.34872,295.80627,70.509476,388.01083,308.03506,-139.06976,307.72592,235.38513,59.846016,303.76358,224.01065,-59.808002,309.33633,292.59875,59.138535,244.15393,215.96321,-91.63868,257.47678,274.3762,113.92394,241.17316,159.69695,18.451908,249.69872,265.12442,119.933914,260.7827,148.19829,32.363625,247.016,293.97446,117.31953,232.55623,143.01865,37.039352
frame_061.jpg,glute_activation,409.73865,243.24405,-27.04526,414.97787,240.45586,-21.857368,415.20755,239.89116,-21.892063,415.4931,239.23875,-21.898573,415.00034,239.96016,-41.410862,415.234,239.06071,-41.42158,415.54324,238.01599,-41.433212,414.21326,231.00117,13.426696,413.77966,230.01411,-75.62926,404.6529,240.9983,-11.633176,404.6795,240.08345,-37.58799,380.4073,224.94714,74.70948,382.69678,224.6674,-115.74489,375.42908,261.87115,107.86821,376.44238,267.08347,-144.8534,376.26685,293.81622,65.708244,380.1532,307.99887,-127.91852,383.90717,293.2463,64.59201,389.73203,309.87802,-150.28923,385.07736,294.1489,46.848454,390.84943,307.65292,-137.00636,382.18506,294.74542,56.745705,387.8784,306.89655,-123.03809,309.48975,234.17577,57.281425,303.38138,229.73695,-57.24321,306.54233,289.5272,79.8938,297.22214,289.13785,-59.23945,253.83975,276.25912,128.41772,245.8171,266.49832,35.530167,249.12254,272.20395,133.42009,238.87749,255.84648,46.8635,242.48123,302.30734,130.4742,225.52481,278.03552,57.76762
frame_062.jpg,glute_activation,413.78125,244.03015,-28.813898,419.33197,241.18687,-23.08298,419.52936,240.59338,-23.118952,419.69162,239.92747,-23.144482,419.40094,240.6666,-43.525234,419.59335,239.76611,-43.53332,419.70044,238.72847,-43.55398,417.74368,231.50157,14.731275,417.11026,230.68744,-78.14165,408.57275,241.91592,-12.3146715,408.7068,240.92361,-39.507412,382.6614,223.17354,80.34885,386.1291,225.03253,-121.55312,375.82306,260.92307,116.830986,377.79404,267.81958,-154.94267,376.26953,293.83386,85.59912,379.43027,308.49637,-147.86295,384.5732,292.70544,87.08947,390.11157,312.28583,-173.06123,385.60727,293.39972,68.01591,391.9226,309.31418,-156.87804,382.45148,294.17545,76.50489,388.2587,307.77454,-142.17111,308.80237,236.49467,59.91648,305.38095,229.62866,-59.890297,307.33463,293.1915,49.39426,266.4986,273.09683,-83.11429,258.96313,274.54523,138.96754,221.6177,234.95049,20.461119,252.95631,268.3555,148.16052,218.04666,222.48769,31.984024,241.89665,294.1046,144.6945,196.96262,246.99982,22.433481
frame_063.jpg,glute_activation,409.8169,243.96347,-4.062881,415.34894,241.73033,4.386334,415.4985,241.30528,4.342059,415.69434,240.80627,4.320013,415.2008,240.82559,-14.543041,415.25418,239.78354,-14.559773,415.3589,238.52855,-14.557181,414.27066,232.53667,50.29796,413.7915,229.50005,-34.90018,404.44946,241.45248,14.593163,404.44623,239.80438,-10.367423,379.98218,229.46103,100.03946,382.45264,218.5561,-71.257904,371.71933,263.66083,118.58252,375.734,264.47354,-110.49056,373.91342,295.12366,87.57709,381.09012,307.1069,-109.73981,381.07446,293.73837,87.64955,390.87646,310.99506,-129.91068,383.35056,294.21692,76.64782,392.30682,307.8919,-116.33254,380.50598,295.10217,81.93054,389.77048,306.49762,-104.49173,306.15515,234.71826,45.05205,308.01782,213.88881,-45.052177,306.4774,292.1456,-13.56716,322.99228,238.04227,-219.39146,258.26053,272.37946,15.048546,255.49115,217.09793,-214.5677,249.07661,264.26996,17.083752,249.33301,209.14969,-214.19897,248.08392,292.64307,-10.45147,227.23346,223.38237,-252.84776
frame_064.jpg,glute_activation,415.26904,236.27983,-11.369207,420.40228,233.64107,-6.3777523,420.63,233.00963,-6.4115133,420.88882,232.32462,-6.4228125,420.42792,233.1669,-23.080015,420.6344,232.2635,-23.090832,420.85376,231.22382,-23.084763,419.15063,224.08974,25.48907,418.6443,222.88908,-50.04858,410.28894,234.43149,2.2276382,410.14172,233.48053,-19.783764,383.56964,217.50966,78.006294,387.7862,219.64125,-87.12414,379.1856,257.81693,95.85121,381.4574,266.4171,-116.32077,378.2447,291.43033,56.064587,380.6341,307.0314,-106.07883,386.6775,290.5749,56.421886,391.54846,310.4073,-126.24031,387.42365,291.57526,39.769703,393.25012,308.1784,-110.4344,384.15237,292.4605,47.839706,389.43158,307.19705,-100.55582,311.23746,230.3685,49.634624,309.7469,231.0276,-49.59365,311.40643,287.18863,66.5586,324.41068,292.67908,-50.736694,260.83447,275.5406,107.340744,265.02737,273.24774,29.377972,255.33037,265.217,111.5061,259.90604,262.61066,39.559475,245.98985,291.6628,110.9529,248.22922,289.71667,63.49148
frame_065.jpg,glute_activation,409.3017,244.0339,1.2944708,414.77136,241.21788,7.3943624,415.0284,240.65643,7.3626804,415.33032,240.02707,7.3528247,414.84674,240.44566,-11.354156,415.11844,239.36821,-11.365107,415.37643,238.226,-11.372227,413.70056,232.11009,44.278904,413.3769,230.776,-40.707684,404.80414,242.052,16.929394,404.75702,240.87106,-7.930258,379.08417,228.31409,97.97841,381.88766,220.14537,-85.03945,371.32462,264.24625,122.9287,374.35052,262.7831,-118.91929,376.77545,295.6606,91.62232,382.0813,304.66083,-111.47235,386.16226,295.87943,92.90207,391.77826,309.37677,-131.78992,387.00714,295.90674,80.129745,392.90668,307.4382,-117.29184,383.90387,296.3595,84.99129,389.2149,306.03064,-106.11807,309.34973,232.4816,51.13729,306.97568,218.85739,-51.094456,307.5559,285.85553,37.764698,306.07318,265.26923,-141.6965,257.70627,272.67654,78.46266,244.30925,252.52219,-97.515686,247.06023,267.25732,82.39098,236.97014,243.48232,-91.611015,249.59488,293.69827,68.94958,220.75493,268.56906,-104.19822
frame_066.jpg,glute_activation,411.3765,242.42474,-0.68879235,416.4194,239.64557,7.561572,416.59467,239.18552,7.522721,416.814,238.66461,7.498688,416.40964,238.69972,-10.572292,416.56317,237.65819,-10.587436,416.74527,236.47183,-10.582633,415.40063,231.29106,52.529198,415.06372,228.42136,-29.148438,406.57513,240.2394,17.70938,406.41696,238.74106,-6.269473,382.24576,229.2666,103.49114,383.43295,219.93324,-65.99599,375.93024,262.2921,123.07486,376.97903,265.9822,-106.48648,375.8459,293.5584,88.89325,381.2519,307.08264,-111.22552,383.15555,293.12296,87.92431,389.87338,310.84827,-133.0126,385.24258,293.93564,76.14518,391.5314,307.3928,-120.914795,382.4964,294.55664,82.7784,389.1996,306.32462,-106.83074,309.22906,234.55109,44.30553,309.51138,213.35353,-44.268105,310.12833,291.21194,-38.20665,316.92746,235.35832,-238.40689,260.46243,274.39276,-2.087153,248.97372,214.30176,-231.89659,251.815,264.9856,0.7029366,243.21489,206.11456,-231.26112,247.19995,294.52728,-27.415977,219.74072,222.04921,-273.79413
frame_067.jpg,glute_activation,411.06775,239.99365,-11.420418,415.94235,236.90431,-6.4695907,416.1573,236.38988,-6.505435,416.40985,235.80493,-6.515767,415.89008,236.43741,-23.269527,416.03488,235.56114,-23.28209,416.22223,234.4702,-23.274597,414.73267,228.13087,25.268993,414.17142,227.10953,-50.589005,406.11365,238.02174,2.1938856,405.9224,237.09113,-19.935637,381.05435,221.9478,78.5427,384.12625,224.31567,-89.14208,376.09857,260.0511,99.08484,377.3668,268.7191,-115.667114,376.88034,292.74304,59.989967,381.5958,308.16864,-98.72835,385.1089,292.25534,60.025124,390.668,310.8089,-118.89816,386.3614,292.98178,43.585773,392.0404,308.47577,-103.81638,383.24615,293.69,51.899467,389.28687,307.8349,-93.46776,306.78168,228.94019,52.920006,304.75153,229.72485,-52.894333,305.39453,285.10684,71.29294,312.69064,289.8014,-53.015945,254.93936,274.5122,114.00058,255.78606,271.95123,24.678946,248.52547,266.2198,118.34413,249.96887,262.15182,34.44468,241.22455,292.5666,118.955734,242.19302,290.01547,55.628494
frame_068.jpg,glute_activation,410.47217,242.40211,-14.173771,415.4632,239.91486,-8.4223995,415.64236,239.3943,-8.455069,415.8224,238.8141,-8.462678,415.44342,239.3827,-27.113434,415.56912,238.45836,-27.121954,415.68527,237.42035,-27.12723,413.5225,230.87488,28.2637,413.37036,229.47424,-56.69563,405.88666,240.2248,1.607107,405.6445,239.29369,-23.227917,383.81946,223.97076,85.70336,385.05048,224.5847,-98.356,377.60083,260.98355,112.83054,377.60104,267.7639,-129.8774,377.6795,292.66476,77.74751,380.9027,307.38702,-122.093315,385.41193,292.92273,78.77038,390.03564,310.68753,-143.81985,386.77353,293.7271,63.415535,391.4944,307.83197,-129.2558,384.09238,294.08792,70.153915,389.03415,306.55176,-116.809555,314.0009,229.99265,51.941185,310.92822,219.31192,-51.903496,309.9928,285.81433,32.35037,306.0153,267.98752,-136.77959,257.54,273.62494,73.83168,245.81671,252.42868,-86.2513,251.92621,268.92545,77.931526,237.37726,242.39839,-79.61397,248.6924,294.69925,64.36211,222.45267,269.1903,-91.424194
frame_069.jpg,glute_activation,410.32254,241.70555,6.8442383,415.3462,238.80464,15.016037,415.51114,238.23532,14.980702,415.67783,237.57703,14.965639,415.38434,238.15375,-2.8253295,415.53796,237.17226,-2.8403811,415.67145,236.07405,-2.8431382,413.33527,229.17322,59.119698,413.1595,228.14384,-21.259968,405.3,239.62965,24.660952,405.22415,238.49939,1.0749161,378.88855,227.82597,109.70929,381.90524,221.86536,-60.52693,374.40094,262.71646,123.079666,376.0799,266.83887,-100.05011,376.23032,292.97888,89.48619,381.2295,307.34207,-102.755554,384.08356,292.79858,89.4452,390.50623,309.96127,-124.018295,385.8871,293.61588,77.70553,391.7311,307.1204,-110.07722,383.2063,294.07758,83.44666,388.9864,305.9116,-97.65784,306.982,234.84232,44.503777,307.4564,215.87405,-44.48069,309.65625,291.04712,-15.901805,316.00906,238.82027,-214.0647,261.129,273.25677,0.35418028,245.90808,219.8611,-213.79095,252.22984,265.7489,1.0424871,238.73611,211.4277,-213.66428,248.17519,293.7988,-23.479769,218.81479,233.24095,-248.10759
frame_070.jpg,glute_activation,411.6182,240.76823,-12.179803,416.72406,237.68777,-7.3692727,416.86417,237.11502,-7.407158,417.03314,236.46387,-7.4213314,416.75235,237.14944,-23.592518,416.88382,236.24713,-23.603956,417.01218,235.24202,-23.591148,414.71143,228.49063,23.963978,414.5542,228.20773,-49.220585,406.63617,238.8731,1.2263639,406.6651,237.9582,-20.11881,380.674,223.23204,73.72189,382.294,224.40569,-85.13568,376.6128,260.68362,91.63248,376.74005,267.8367,-110.32504,377.56622,292.41638,52.793213,380.89117,308.57022,-93.45844,385.69153,292.6188,51.650204,391.0521,310.9229,-112.8963,386.58093,293.37408,36.371452,392.31174,309.0982,-98.436386,383.5664,293.9717,45.121727,389.066,308.50287,-88.507195,308.17813,228.7102,50.755302,305.8387,229.18849,-50.720192,303.18372,284.70996,67.144875,310.90115,291.4293,-53.167564,253.2167,275.24564,107.20111,254.66718,272.48798,18.235424,246.63126,265.8508,111.222595,248.31024,262.11594,27.262604,239.3063,293.39758,110.06973,241.12009,290.61295,45.74134
frame_071.jpg,glute_activation,413.66736,244.73286,-3.789228,419.08524,241.7867,3.175744,419.27902,241.30106,3.1340601,419.43433,240.77885,3.1195104,419.03613,241.10411,-16.112896,419.16205,240.17628,-16.127724,419.1963,239.09859,-16.138338,417.22394,233.30829,44.167995,416.4671,230.86194,-43.024246,408.77393,242.65492,13.39773,408.6245,241.47162,-12.109471,383.55493,228.0162,99.67456,385.34653,223.21848,-84.23987,376.2979,263.25757,119.65667,376.83228,267.78745,-115.50403,376.86862,293.28735,81.662125,380.85632,307.661,-108.930016,384.2022,292.67642,81.81118,389.78558,310.45544,-129.54678,385.78464,293.3369,70.64555,391.16742,307.43466,-115.97122,383.15222,294.004,75.74392,388.40173,306.43845,-103.7671,311.66455,231.94864,50.783073,310.94214,216.32513,-50.760174,310.8642,289.88733,23.503532,312.81876,252.8158,-181.06302,260.3845,272.21777,65.424515,248.6891,236.07526,-149.34987,252.37463,266.62646,69.21849,240.34636,227.83711,-145.15848,247.83762,293.23187,50.454933,222.27838,251.65567,-169.02945
frame_072.jpg,glute_activation,421.7005,234.574,-15.277191,425.5935,230.5172,-10.813521,425.4792,230.05792,-10.851873,425.36353,229.49203,-10.862156,425.35382,229.88583,-27.959007,425.05597,228.98177,-27.968761,424.73132,227.9819,-27.961195,421.06693,222.93015,20.844032,420.42773,221.81079,-56.555325,415.84378,234.85388,-1.4773762,415.70807,233.89143,-24.020336,385.75214,222.90947,78.119156,387.57196,222.79,-95.77026,379.16016,259.35,98.4859,379.8908,266.5283,-118.425285,378.08887,292.29562,60.996445,380.80243,307.7918,-106.12718,386.69733,291.33282,61.459854,391.13367,310.92685,-127.022995,387.34787,292.3865,44.558693,392.8437,308.7695,-112.605675,383.7747,293.25888,52.731476,389.11465,308.02142,-101.11876,312.9124,229.35945,53.102066,310.8969,225.92746,-53.036247,305.93384,284.93427,68.64723,313.67102,287.57382,-60.371414,252.3298,271.1359,104.40156,253.86507,264.5094,12.969004,240.95578,263.15594,108.36522,246.85602,252.7257,22.24429,236.7624,291.99893,105.91383,237.672,283.24728,36.690346
frame_073.jpg,glute_activation,411.10443,245.72363,-10.261726,416.55057,243.85162,-4.704784,416.83994,243.2935,-4.7374816,417.1558,242.66142,-4.7455735,416.71692,243.383,-22.391773,417.04834,242.52881,-22.402126,417.36133,241.53375,-22.393305,416.91736,234.78343,28.646564,416.61047,233.21005,-51.67696,406.38788,242.57156,3.8409636,406.69095,241.60564,-19.570812,384.3771,222.062,80.892075,388.18317,223.89922,-90.719055,377.49908,261.3574,102.753174,379.68204,267.24475,-123.461235,376.56003,293.4633,58.691017,381.5883,307.55316,-110.54976,384.2363,292.8098,57.68933,390.56738,311.07755,-131.28096,385.6961,293.79007,41.180992,391.7305,308.27225,-116.29966,382.65836,294.51718,50.31032,389.13684,307.02762,-105.20404,309.47568,228.39647,53.80076,309.01016,229.79414,-53.77373,304.23083,285.03476,73.683815,313.64203,291.7394,-54.728546,255.52832,273.1613,115.43511,257.65842,270.49783,24.444181,248.96574,264.24786,119.62923,251.35881,260.4958,34.486282,241.21385,291.4799,119.12705,242.53787,288.82675,56.821335
frame_074.jpg,glute_activation,411.81702,243.47183,3.1299498,417.073,240.2099,10.639891,417.226,239.70409,10.601162,417.38855,239.1695,10.589073,417.0244,239.63171,-7.5020847,417.09415,238.77151,-7.5182343,417.14722,237.75887,-7.527149,414.7428,231.68866,52.81008,414.09244,229.88675,-29.168756,406.62567,241.6786,20.380182,406.64597,240.59746,-3.6491942,379.7744,228.2967,105.06347,382.49133,223.11829,-69.936516,373.5866,263.42697,119.48184,375.08124,268.33075,-104.72766,376.13837,293.21103,85.29303,380.69382,308.8571,-103.26289,383.90134,293.44202,85.65605,390.3284,311.30414,-124.19074,385.2591,294.0883,74.09801,391.54047,309.20227,-110.165115,382.35657,294.5205,79.27398,388.48596,308.45557,-98.12916,308.68643,232.4026,47.52668,308.7369,215.32938,-47.491455,309.76974,291.07956,11.84772,314.3642,246.94107,-199.04764,259.65137,273.9053,38.41511,247.97438,232.88258,-188.91707,250.0318,267.24045,40.264534,239.77478,224.0436,-187.43057,249.1449,294.5656,18.399622,222.52983,246.16562,-217.08511
frame_075.jpg,glute_activation,413.20764,237.98134,-14.379034,418.53958,234.98848,-9.307337,418.7149,234.41924,-9.341751,418.9259,233.80374,-9.349129,418.5516,234.34584,-26.653,418.69263,233.40395,-26.6669,418.8122,232.30585,-26.663502,416.69745,225.7334,23.405962,416.3681,225.02805,-54.99463,408.19153,236.2913,-0.31838065,408.13025,235.2477,-23.179071,381.91226,220.58661,78.26892,385.37674,222.56784,-94.24826,377.55856,260.0953,97.84282,379.53854,268.65335,-122.57657,377.59265,292.41876,58.406914,381.51462,308.21005,-107.30305,386.04175,291.3903,58.805984,390.54132,311.20212,-128.07433,386.82407,292.6363,42.15251,392.02927,309.24994,-112.225525,383.6762,293.53516,50.140377,389.14612,308.53265,-101.76304,307.26953,228.81972,53.747528,305.77988,229.48457,-53.715218,305.7034,285.3666,72.99382,314.49927,290.376,-53.854313,257.1645,272.42563,117.27016,258.6153,268.97202,28.820982,250.46417,263.89642,121.92414,252.84325,259.396,39.075645,242.38443,288.50314,123.42839,244.74876,286.4461,61.827854
frame_076.jpg,glute_activation,413.89545,241.21432,-12.187862,419.19907,238.31874,-7.2663736,419.43445,237.74382,-7.3037524,419.70605,237.08241,-7.31649,419.14563,237.79478,-24.00346,419.3255,236.84431,-24.019205,419.51227,235.74004,-24.012701,417.93335,228.94043,24.330385,417.47577,228.35306,-51.21168,408.84668,239.205,1.319751,408.93115,238.35281,-20.699924,383.82837,222.56131,76.30608,385.57526,223.57404,-88.56163,377.8394,260.03775,96.58329,378.999,269.11993,-114.628784,377.1088,291.98505,56.901123,381.46222,308.3561,-99.60221,384.93414,291.39478,56.285698,391.02448,310.84573,-119.51509,386.14343,292.50555,40.251617,392.31342,308.48456,-104.91696,383.25867,293.14447,48.848835,389.42065,307.77316,-94.478264,310.92627,229.69702,51.41878,308.4653,228.98242,-51.381325,306.159,285.54688,69.01108,315.97614,290.51285,-51.692528,255.8165,275.28146,109.52815,259.17355,273.12088,25.387833,248.50404,265.65146,113.6802,252.42615,262.74237,35.171658,240.36844,292.00204,113.41989,243.39737,290.52545,57.116905
frame_077.jpg,glute_activation,416.42096,243.19774,-8.867611,421.17804,239.65437,-2.4132779,421.2744,239.17067,-2.4544847,421.38992,238.62654,-2.4660506,420.91925,239.01518,-20.441448,420.82736,238.09894,-20.454716,420.7254,237.07993,-20.456219,418.0526,231.18852,37.095932,417.1376,229.33813,-44.631363,410.9593,241.8384,7.6592674,410.76758,240.88416,-16.250072,383.0127,228.9806,88.63537,384.3243,223.82556,-81.741806,376.51068,263.3421,102.81335,376.6159,269.19754,-109.242516,377.38354,293.27402,65.29472,381.5293,308.06137,-102.80087,385.3557,292.61325,64.973816,390.73807,310.7029,-123.07503,387.00714,293.43903,53.545784,392.18063,307.91757,-109.48703,384.2603,293.94278,59.30654,389.4602,306.8176,-97.91294,313.05154,231.63821,46.36227,311.23615,216.50969,-46.290367,310.68774,289.00412,15.268239,312.88046,256.47058,-176.9647,259.85117,274.61987,49.908363,250.24055,247.96677,-144.03047,253.27858,268.33994,53.020447,241.78809,239.62375,-139.56628,249.49872,293.67145,32.282734,225.14832,262.25208,-162.85936
frame_078.jpg,glute_activation,416.27313,242.91402,-21.4208,421.4473,239.69437,-14.104597,421.5813,239.10733,-14.145436,421.71277,238.46011,-14.160839,421.33942,239.01196,-34.66371,421.36288,238.01123,-34.68151,421.355,236.88393,-34.693283,418.93555,230.38663,28.77789,418.6242,229.36653,-64.20298,411.3056,241.03593,-3.4826035,411.2233,239.9186,-30.59517,385.88446,227.06563,91.0841,385.9111,223.28406,-108.07164,376.98798,262.22,121.363075,378.00293,269.30835,-137.61798,377.50836,295.33466,85.057556,380.2188,307.89862,-130.89888,385.9003,293.2734,86.232315,390.4406,312.1793,-154.45316,387.18665,294.11884,70.46082,392.6909,309.3055,-139.8221,384.05057,295.2587,77.042366,389.1665,307.7473,-125.69838,312.4323,230.72577,56.058678,311.3793,217.79657,-56.042362,309.94095,287.54837,17.837685,313.0477,260.76828,-174.3788,259.74823,272.2851,73.62654,250.50748,241.79413,-101.15636,251.96887,266.706,79.3275,243.79407,233.25513,-92.081436,247.88864,294.1815,63.066,223.46855,253.35136,-106.81552
frame_079.jpg,glute_activation,412.4068,240.5276,-19.41236,417.60712,236.85075,-13.943321,417.758,236.24394,-13.976794,417.9207,235.54166,-13.98712,417.5992,236.29802,-31.67795,417.72076,235.34874,-31.690945,417.82178,234.33847,-31.687262,415.16565,227.09865,19.904797,415.00977,226.85747,-60.326073,407.10486,238.75224,-4.953337,406.97778,237.83725,-28.304394,381.77954,221.24156,76.055214,385.47974,224.79312,-97.94919,376.0329,260.34045,99.30861,378.23596,268.557,-130.32443,376.44708,295.21844,53.838524,380.3044,307.708,-114.47456,384.66016,294.2326,54.06115,390.26312,311.70654,-136.28146,385.87024,294.87036,35.921722,392.27362,309.07568,-119.46464,382.4629,295.67047,44.883904,388.7049,307.66364,-108.575714,306.51605,229.55457,52.73903,306.25333,231.7672,-52.736214,308.79913,287.6074,74.70273,315.2818,292.5702,-50.418457,259.54565,273.30804,124.12892,261.42932,273.63022,38.489216,253.00714,264.43082,128.9276,255.48006,263.9917,49.240917,242.47803,290.51035,129.4098,245.13568,290.69467,72.93404
frame_080.jpg,glute_activation,414.49173,243.85793,-16.921618,419.8512,240.88535,-10.992669,420.08057,240.33122,-11.027836,420.29254,239.70715,-11.036992,419.7893,240.20946,-30.708387,419.94583,239.2386,-30.728132,420.07318,238.12033,-30.741117,418.14215,230.81009,24.680222,417.83112,229.86661,-64.662346,409.5194,241.79121,-1.6913544,409.51422,240.55698,-27.735718,384.52295,223.39879,88.13498,388.28522,222.77596,-109.657776,376.20453,260.69443,119.68849,378.70508,265.92737,-146.85716,376.63144,293.0315,74.662796,381.24805,306.6687,-137.45386,383.98987,292.6886,75.457016,390.60663,311.79773,-161.10109,385.3966,293.3465,56.39747,392.28632,308.208,-145.9415,382.59528,294.11395,65.13974,389.45166,306.35208,-131.9742,311.19412,228.84828,60.793053,309.79816,224.63898,-60.733574,304.07565,284.41605,69.9417,311.90433,287.9442,-69.56204,254.01717,272.29697,112.504074,255.80838,264.41687,12.045079,241.26428,264.69565,116.49468,247.77707,253.52585,21.584036,245.21889,292.35516,110.005035,240.26384,281.87738,29.37183
frame_081.jpg,glute_activation,411.7699,246.51956,-3.0410519,417.59415,244.06804,5.9252934,417.7198,243.59521,5.8778915,417.81085,243.10458,5.857301,417.61273,243.11954,-14.999304,417.70892,242.0963,-15.017399,417.7317,240.9323,-15.026516,416.43732,235.1333,54.472446,415.94055,232.73184,-40.381584,406.86017,244.36067,16.883543,407.16437,242.87978,-10.883757,383.7715,229.53705,112.09023,385.89746,221.24658,-82.268105,373.8059,260.61847,135.03821,376.71005,265.40884,-126.7372,376.21,292.24063,85.74312,380.26392,306.41586,-129.31216,383.91934,291.27878,84.057175,390.03967,311.68787,-151.99818,385.87555,292.16034,71.38854,392.04376,308.12946,-139.35895,382.83228,293.12115,78.62109,389.01047,306.4721,-124.33641,308.49738,234.64948,52.374844,309.83594,213.60593,-52.377453,309.66632,289.49115,-16.94009,319.90265,238.5128,-246.15427,259.1222,273.22726,29.720362,252.24623,223.25084,-235.2484,250.19798,266.2183,33.11471,245.85396,216.1482,-234.57649,247.46979,292.8878,1.0339135,227.6657,230.67767,-282.46017
frame_082.jpg,glute_activation,413.68317,243.28806,-17.231287,418.87463,240.69308,-12.411957,419.1034,240.13315,-12.450437,419.39273,239.53464,-12.457245,418.9,240.12364,-30.774078,419.1312,239.19385,-30.786142,419.3709,238.10294,-30.785118,418.0558,231.71179,20.7586,417.56107,230.54388,-62.500214,408.9288,241.32765,-2.7375069,409.05646,240.39005,-27.007309,384.06906,224.65598,77.32743,386.2727,224.92747,-100.77343,377.4805,260.7788,101.41983,377.66907,268.3968,-124.58975,376.87024,292.45773,57.97326,381.21893,307.8311,-104.41055,384.7436,292.13715,56.872868,390.64804,310.6241,-124.658844,385.9378,293.10016,40.447407,391.94412,308.17212,-110.88701,383.0254,293.6171,49.627075,389.25018,307.32504,-99.3026,312.43512,232.59569,54.37512,307.44556,229.69699,-54.321846,306.8161,288.8526,69.33959,305.80304,290.4452,-59.737415,253.39043,276.73132,107.532486,249.73724,268.14368,21.318827,246.32983,268.3508,111.47124,243.50372,258.0262,31.445736,241.40479,301.27362,108.760086,232.64029,284.13766,45.70564
frame_083.jpg,glute_activation,425.48813,264.9398,-8.839177,427.32043,260.6021,-3.461336,427.03098,260.36487,-3.446775,426.69144,260.0369,-3.4487076,426.6794,259.57837,-16.630991,426.06116,258.60388,-16.634657,425.45892,257.6493,-16.634487,419.97504,255.78078,28.082544,419.0431,254.00783,-31.88276,420.57022,267.25522,4.6614842,419.48776,266.29337,-12.72353,385.85822,262.1149,68.8478,391.15262,266.78574,-55.99614,370.07736,283.86435,105.653854,382.63098,301.82767,-109.712555,406.66104,295.75177,128.90974,421.09256,307.22424,-150.73535,420.7092,294.79263,137.99458,432.67728,306.69516,-164.53987,423.6833,293.92322,132.81696,432.78,302.72055,-153.78214,417.88818,293.36526,127.6271,429.62213,301.94656,-147.40079,314.30798,279.1162,39.25235,315.7269,289.33316,-39.233032,252.81482,281.45132,56.11343,251.6002,291.86282,-35.422295,197.55746,268.5066,79.78295,190.62299,275.53888,-25.438023,190.33339,261.16687,80.68109,183.3537,267.3031,-24.084465,189.19434,287.21603,61.5141,184.0239,295.53406,-45.64629
frame_084.jpg,glute_activation,425.1573,282.98108,-10.119104,429.42145,279.10205,-4.9469395,429.4908,278.79993,-4.9783263,429.53394,278.54642,-5.040602,429.33203,278.4278,-19.158562,429.33783,277.56955,-19.14971,429.27844,276.59662,-19.144371,426.1745,273.0146,27.597584,425.63263,271.4527,-36.756565,420.42236,283.38297,3.675549,420.26123,282.36728,-15.083265,390.34277,267.44745,78.61453,395.55237,270.2157,-69.43299,365.4794,284.6457,123.3474,378.46643,302.60794,-115.82355,405.90125,291.17294,158.52556,412.9622,307.07434,-129.11536,413.66135,289.95587,171.87782,423.40408,307.20642,-137.24632,415.83084,291.40723,170.62029,423.36063,303.27383,-128.82591,412.75406,291.00488,158.75809,420.00098,302.48566,-125.3103,314.6085,279.7809,46.822334,315.9653,285.9832,-46.780754,256.82294,279.80444,46.984795,254.0947,282.04205,-79.81877,254.07547,223.27669,82.99541,254.87358,222.73318,-9.377005,260.20596,213.15125,86.90673,262.29242,212.14441,0.14048877,231.90656,210.70853,84.024155,236.1005,209.03186,16.35119
frame_085.jpg,glute_activation,428.20398,283.9138,-7.595582,432.01752,279.318,-2.989098,432.05103,278.73972,-3.0148137,432.11868,278.18216,-3.0613751,432.0288,279.1304,-16.957993,432.0789,278.42462,-16.957966,432.15894,277.76385,-16.939873,428.46057,272.72845,24.293686,428.4228,273.03653,-38.109978,422.9999,283.77646,4.4352713,423.1131,283.6929,-13.779263,393.28293,264.10568,71.07309,398.45157,274.76245,-63.68784,370.29285,282.82346,117.08816,379.3255,304.91174,-89.21795,410.19513,290.94635,160.11284,415.293,306.96896,-80.15862,418.61053,289.45026,174.3171,426.8758,306.84418,-84.226234,420.68475,290.95673,172.58063,426.43832,302.47787,-78.642395,417.91003,291.0521,160.52887,422.9715,301.4157,-76.803345,317.01575,273.96738,41.296913,315.99002,288.5889,-41.23307,264.61783,257.7674,47.93763,252.97264,296.70688,-65.812256,273.7358,206.01933,60.127182,235.5642,241.6062,-41.362427,277.96234,199.17393,61.63375,234.35199,235.03078,-37.09583,249.97864,190.94844,60.509064,217.69168,228.91489,-30.999796
frame_086.jpg,glute_activation,427.0948,283.78635,-18.571272,431.11478,279.44125,-13.781959,431.12177,279.01385,-13.805796,431.1123,278.6281,-13.8628235,431.08105,278.90723,-28.017778,431.08026,278.12912,-28.009636,431.06766,277.33633,-27.99784,427.37323,272.86093,18.72842,427.00458,271.29846,-46.19091,421.91647,283.98077,-4.723278,421.85004,283.32425,-23.614988,391.24847,267.01242,71.680435,396.23276,269.81738,-76.90783,368.11017,284.1398,123.20557,379.8926,304.29355,-118.456,406.16818,289.9854,162.39394,413.45984,305.78397,-123.638695,413.68567,288.3737,176.50139,423.85074,305.47748,-131.84958,415.66833,289.53052,174.56512,423.03082,300.92114,-123.973145,413.05914,289.46304,162.46834,419.58255,300.1148,-120.03943,314.93857,277.5684,47.782955,317.3065,283.28894,-47.734314,258.29236,275.45816,48.2555,258.0086,274.9949,-81.54619,248.57712,228.33025,88.22046,263.2031,214.00496,-16.067648,250.36832,218.4346,92.667885,271.5076,205.50935,-7.2169023,231.50601,212.97006,94.84722,245.31721,196.23706,8.3422785
frame_087.jpg,glute_activation,420.9717,273.20187,-9.342016,424.94003,269.38498,-5.7444906,424.83514,269.12646,-5.7710953,424.73816,268.80612,-5.8184595,424.92276,268.41852,-19.080437,424.87677,267.37704,-19.078426,424.86554,266.34216,-19.069353,420.53696,263.08365,19.072853,420.74924,261.2328,-40.66841,415.56036,274.38263,1.9159393,415.458,273.28958,-15.537291,382.23962,259.76007,64.06435,389.4136,268.17816,-62.730785,373.72858,289.619,102.09693,380.98526,309.76636,-71.73133,410.11734,291.6985,142.72678,416.0001,306.11566,-50.16166,418.96652,290.73218,156.05005,429.27875,306.07022,-53.13294,421.8275,291.30374,155.69875,428.67557,301.95438,-48.17311,418.18945,291.44366,143.8257,423.78647,300.96494,-46.91487,309.4005,274.97488,39.59607,309.64902,287.24045,-39.523315,258.30423,267.31354,66.71317,246.18468,297.67886,-51.832676,270.7505,210.90222,94.11579,225.82649,241.60172,-27.92844,274.4684,203.71548,97.84698,221.3052,233.72093,-23.708157,245.79156,194.75215,105.498665,200.64241,229.60329,-17.804718
frame_088.jpg,glute_activation,423.65475,277.74063,-14.7932005,427.927,273.51566,-10.561137,427.9895,273.23114,-10.5907,428.0531,272.93787,-10.6466255,427.68616,272.74994,-23.867409,427.60907,271.82773,-23.85294,427.5376,270.7891,-23.850422,424.08768,267.29535,17.635843,423.50793,265.5128,-43.011974,418.56473,278.77383,-2.6804855,418.1344,277.8158,-20.302715,389.21237,265.79892,61.40654,391.06473,267.7143,-68.97954,370.51532,284.77628,107.37632,379.6051,304.51135,-108.36542,409.36862,289.0463,143.54358,415.07318,306.20337,-119.33594,418.48163,287.96,156.01448,426.59805,306.178,-125.42198,419.22504,288.82684,155.37468,426.01862,301.42883,-119.26033,416.22473,288.76855,144.15057,422.1077,300.65854,-116.19522,311.81433,281.56546,40.816383,312.72333,287.57367,-40.773582,256.2602,281.0043,50.190716,253.92935,283.81512,-69.55161,254.2319,227.54054,69.544716,256.79477,225.5461,-9.166318,261.35974,217.37173,71.79791,266.21616,215.84996,-0.5249961,233.22128,212.52211,71.10074,238.21414,209.74893,17.539028
frame_089.jpg,glute_activation,423.99887,280.6807,-7.3585176,427.61993,276.1937,-3.5396657,427.70972,275.62424,-3.56956,427.8476,275.05188,-3.6209822,427.67612,276.08594,-16.718086,427.8327,275.44946,-16.713373,428.03177,274.76703,-16.695532,424.59296,269.09348,23.158962,424.8758,270.2126,-36.522213,419.09637,280.8778,4.3181295,419.13254,280.73386,-13.044703,389.0073,262.14175,70.191315,395.87506,273.29822,-65.69403,371.40793,287.34735,118.46101,379.16794,306.0467,-95.98797,407.2768,290.25146,161.13495,414.62762,306.6374,-95.04199,417.08594,289.21027,175.28268,427.10126,306.77267,-100.64281,419.1587,291.12573,171.52625,426.74786,302.17844,-95.58343,415.77466,291.01578,160.68552,422.94928,301.0458,-92.28613,312.55164,277.19012,44.015617,313.15762,289.30707,-43.975822,256.2614,278.8219,63.856712,249.90506,296.80545,-74.80687,239.50952,228.70357,77.44175,248.55049,230.09888,-16.649965,243.09348,220.57927,79.0513,254.56465,221.05167,-8.164824,225.54843,215.15721,81.47159,229.13046,214.17538,12.612356
frame_090.jpg,glute_activation,425.75128,271.12512,-9.415284,428.93155,266.33752,-5.3164434,428.79248,266.00754,-5.3459096,428.58002,265.58606,-5.39102,428.72144,265.73215,-18.506607,428.4995,264.85648,-18.50848,428.21973,263.8633,-18.511477,422.55255,260.297,21.887573,422.57104,259.15558,-37.28787,420.68118,273.23666,2.351029,420.18735,272.41565,-14.8685665,388.2812,262.84708,66.83186,391.5824,267.48657,-62.221687,375.6819,293.18954,97.608376,380.54703,305.6432,-74.15126,409.06873,292.6729,121.04434,415.55334,306.61542,-52.398373,418.5634,291.08102,130.81102,426.60794,306.58698,-55.89167,420.444,291.38562,129.115,424.80933,300.64944,-51.716824,417.08737,291.28967,120.79589,421.6711,300.0621,-49.709984,310.7308,282.00085,40.861282,310.99634,290.04062,-40.803493,254.05118,287.96048,60.56751,249.96173,295.1935,-68.235596,239.85077,234.57677,75.20596,239.47528,233.2612,-11.280726,244.83517,222.6637,77.13998,245.68863,221.35074,-3.024013,220.06409,226.47176,78.55606,218.21313,223.49338,16.277407
frame_091.jpg,glute_activation,420.7041,277.13522,-9.329685,424.9323,272.39517,-6.006684,425.04614,271.868,-6.036465,425.14102,271.29462,-6.083464,424.93747,272.02963,-18.76116,425.0804,271.24225,-18.762974,425.17993,270.3431,-18.758171,421.53073,264.84305,19.104523,421.55023,264.86884,-38.26825,415.9912,277.73297,1.8139572,415.6052,277.08633,-14.919024,386.32208,263.1676,63.449764,390.6756,269.2313,-62.93539,376.59836,294.22702,104.23126,378.59515,307.84973,-75.62869,408.5879,293.78677,141.18544,413.86356,307.23163,-54.446136,418.19858,292.74527,153.56204,424.7668,306.95108,-57.35637,419.617,293.1634,152.80981,423.34998,301.53198,-53.7047,417.70245,293.22318,141.79494,420.17242,300.96176,-51.751816,309.427,280.59058,40.25148,309.5142,289.76517,-40.19729,256.22107,286.80746,61.685905,249.0326,298.93726,-61.459408,241.21873,233.54109,76.48539,239.87794,233.68619,-11.996888,245.85045,219.97913,78.34676,245.81865,220.04533,-4.8138375,215.83763,232.56012,77.45012,212.79343,232.14091,9.3827305
frame_092.jpg,glute_activation,423.04913,281.5937,-14.211637,427.5357,277.2599,-9.810951,427.68307,276.70285,-9.837525,427.87106,276.20456,-9.886856,427.38434,276.9605,-23.60959,427.4203,276.20407,-23.61099,427.48956,275.44687,-23.603994,424.6225,269.56897,19.493416,424.10248,269.82367,-42.35858,417.81552,281.61038,-1.6090024,417.31158,280.94376,-19.68216,388.4095,263.50336,67.37641,392.81705,268.21976,-70.48969,371.53308,292.48834,109.817795,379.1531,305.22562,-104.405975,406.75153,292.84937,142.86871,414.39148,307.39252,-102.57907,416.35623,292.08118,155.04623,426.26865,307.42664,-109.273155,419.05035,293.29514,153.93172,426.02524,302.92432,-102.02739,415.14374,292.91772,143.18506,422.51007,302.08484,-98.96163,309.2371,280.38647,44.334522,311.40063,289.02765,-44.272236,252.5481,289.75607,60.307953,249.3472,301.22943,-66.59942,231.92404,238.91377,78.37411,232.80759,237.62703,-18.169275,235.0191,226.20798,79.87855,237.44263,224.67198,-11.556442,206.23044,236.44336,74.03012,204.92856,234.67485,-2.4262264
frame_093.jpg,glute_activation,422.92865,283.94363,-20.464058,426.96124,279.71808,-15.823394,427.1264,279.15186,-15.853435,427.34277,278.67212,-15.905655,426.9101,279.57605,-29.75606,427.0468,278.9148,-29.760511,427.2254,278.239,-29.757858,424.61792,272.5005,14.598591,424.2839,272.69464,-47.894115,417.70825,283.79968,-7.4421315,417.41623,283.42944,-25.729256,388.62903,265.5779,64.55813,393.87418,271.57034,-76.822556,368.79092,290.1025,112.15764,378.82697,306.23782,-118.8392,405.95575,293.1973,153.64058,413.57913,307.38364,-127.411964,415.59485,291.84814,167.95752,425.40616,307.24405,-136.52731,416.77213,292.62332,166.9358,425.0393,303.00568,-128.44165,413.12015,292.53156,154.29933,421.5136,302.06885,-123.99904,310.72464,279.7744,44.787598,313.294,287.45972,-44.744736,253.0594,287.9623,63.73568,252.52191,294.48508,-61.252342,232.50664,237.11623,92.15869,235.19247,235.77771,-2.564208,234.00024,224.3585,94.739876,237.21457,222.08847,4.8253036,207.90695,236.13365,87.68016,206.80988,235.01118,11.008004
frame_094.jpg,glute_activation,425.31967,286.50952,-16.31293,428.93713,282.39075,-11.902418,429.03815,281.84076,-11.929873,429.21265,281.31555,-11.99041,429.00833,282.36746,-25.482237,429.16916,281.78305,-25.478825,429.3915,281.14682,-25.462189,426.3244,275.50546,18.548199,426.54297,276.3067,-42.771072,420.3059,286.12277,-3.1578355,420.44812,286.12042,-21.092808,390.48386,265.9573,69.30816,399.8084,277.31503,-74.75995,364.77554,284.21036,132.77078,378.28748,305.14484,-136.40817,401.49176,287.06396,191.30754,414.00708,306.26306,-174.09729,407.65778,284.0992,207.83714,425.58875,306.11142,-186.96622,411.30582,286.07642,204.0915,425.92468,303.21735,-177.41498,407.91718,286.6806,191.44089,422.4552,302.11044,-170.86041,312.8433,276.82257,46.716354,315.11786,287.97885,-46.708305,256.62595,280.19092,57.527176,250.40958,295.26825,-71.847176,237.55602,232.31519,86.6764,239.9788,231.02486,-10.462255,234.4158,222.1068,89.434326,247.33507,219.36801,-2.5069566,216.72842,218.95087,84.066315,220.98346,216.6962,7.5412464
frame_095.jpg,glute_activation,426.37756,284.58142,-13.080982,430.37094,279.90155,-8.158613,430.50763,279.42374,-8.193584,430.6404,279.01447,-8.255012,430.32263,279.7048,-21.888905,430.4583,279.02686,-21.896399,430.55344,278.2809,-21.89255,426.9859,273.90372,24.057913,426.96,273.64178,-38.180546,421.3718,284.9121,0.61671156,421.06116,284.6945,-17.585121,392.41333,267.96054,75.192215,398.50092,275.36343,-72.032,368.8141,284.08026,135.22574,379.60843,305.0655,-136.32983,403.42987,286.48068,188.48203,415.16602,306.15106,-177.0909,409.45828,284.11816,204.62755,425.83722,305.7249,-190.24991,412.59613,285.78906,201.75812,426.02383,302.4625,-180.87784,409.58698,286.72028,188.91151,423.01532,301.56064,-173.94785,314.65247,280.9956,48.126884,315.8711,289.6522,-48.13271,254.53738,284.64758,50.268482,253.80318,289.8889,-73.479034,239.22705,233.08505,89.76975,240.88153,231.51335,-2.497107,242.64279,221.75993,93.65319,245.66089,218.97786,6.641359,212.30545,229.68567,86.53248,214.96143,224.23535,16.634033
frame_096.jpg,glute_activation,424.25583,284.91873,-7.8363304,427.82446,280.7839,-2.8875275,427.9026,280.1319,-2.9144778,428.0441,279.54327,-2.9642856,428.03452,281.12283,-16.154303,428.27637,280.67447,-16.15425,428.58105,280.27942,-16.12834,425.58163,274.21942,26.347525,426.13113,276.1761,-33.35044,419.56754,284.6094,4.8026724,419.99692,285.1533,-12.630321,390.7774,263.53073,73.945305,401.0809,278.96756,-62.601044,371.86896,283.8237,124.72044,379.68774,305.6389,-107.75191,403.9481,288.51688,172.90862,412.4988,305.28717,-122.74769,412.96393,288.0903,188.70776,424.57657,304.90314,-131.07088,414.21353,289.31003,184.24225,424.43677,301.63638,-122.24788,412.1541,289.71268,172.55125,420.66177,300.45413,-118.94998,315.0326,273.45996,42.227943,315.50287,288.0637,-42.18937,259.92273,263.62555,55.959686,250.46555,296.21182,-61.357635,248.71744,210.10533,73.675804,233.47603,238.34862,-22.500038,252.92114,201.16685,75.637,236.11584,234.85245,-16.549467,241.2283,192.88892,73.24826,218.25255,229.96323,-6.343181
frame_097.jpg,glute_activation,424.87665,287.96664,-14.143665,429.04474,284.15347,-9.047195,429.12866,283.64548,-9.067384,429.25702,283.21814,-9.120999,429.06406,283.96945,-23.96759,429.16776,283.30463,-23.968964,429.2928,282.62796,-23.964783,426.83517,277.8578,24.11025,426.5821,277.57913,-43.996635,419.88925,287.35272,0.10641005,419.99982,287.18372,-19.78802,391.79,265.49188,78.476135,401.89743,276.8941,-79.02075,371.0581,280.79697,150.83337,381.41412,304.24463,-146.05185,404.6016,286.6617,208.61032,416.20602,306.50113,-183.64676,412.96704,285.77838,226.32048,426.63925,307.1951,-197.96545,413.83054,286.11737,221.13388,427.21634,304.27832,-187.71368,412.19824,287.0745,208.05345,423.14355,303.09595,-180.22144,314.81204,277.66113,52.822975,316.22003,287.61456,-52.841335,256.96152,278.00125,59.507046,254.15833,282.03058,-79.03601,234.63757,233.12683,96.54631,242.73743,224.50499,-8.719382,232.74156,222.0589,99.87815,251.83655,214.25378,0.40897843,213.77444,222.74733,91.02823,222.1683,214.20815,9.254046
frame_098.jpg,glute_activation,425.68848,286.90564,-10.338345,429.98367,282.63797,-5.364897,430.10406,282.07675,-5.3907943,430.2759,281.5708,-5.438919,430.05325,282.61298,-19.471386,430.224,282.04288,-19.478882,430.4405,281.4648,-19.468706,426.95416,276.0083,23.4177,427.17126,276.86914,-39.56367,420.11713,286.32242,2.2620747,420.49384,286.38232,-16.147427,391.68304,265.72006,72.00144,398.3284,277.57974,-66.7798,368.3609,283.89792,124.61414,378.64914,305.31796,-109.124794,406.39206,289.71466,178.82437,414.1141,306.503,-121.47354,415.59784,288.56644,195.09836,425.37125,306.6543,-128.90419,416.58685,288.70007,194.04697,425.8824,303.60614,-120.57637,414.9737,289.82333,179.99312,422.1595,302.2117,-117.6297,316.0404,273.49976,41.890102,313.81473,287.68655,-41.839108,265.47128,253.70003,55.958065,248.96767,293.95328,-59.342556,268.12036,200.21948,79.86411,230.54803,240.35204,-19.89822,271.67752,191.5847,82.563614,225.82706,236.9553,-14.419142,249.04022,184.82364,77.45189,205.5698,244.05426,-12.561168
frame_099.jpg,glute_activation,427.67685,284.1972,-21.443607,431.7414,279.51852,-15.921058,431.8283,279.0629,-15.943223,431.92746,278.6445,-15.9968,431.58868,279.22253,-31.835793,431.5902,278.564,-31.840887,431.58954,277.8204,-31.846153,428.33374,273.3142,18.304445,427.85538,273.38626,-53.998722,422.4273,284.85443,-6.8500566,422.31128,284.47644,-27.944675,392.81097,267.59906,76.89206,397.37567,274.20123,-89.22157,368.8855,284.07352,147.00781,379.31647,304.91147,-146.16655,407.28876,288.9985,204.28047,413.8546,307.6087,-171.68268,415.5857,287.5079,222.72911,424.7322,307.80084,-184.8901,417.7339,289.23804,219.43582,424.64478,303.6979,-174.87857,414.6562,289.46768,204.39175,421.0933,302.51376,-167.97289,314.29904,280.22043,54.794174,315.371,288.4184,-54.782814,256.8977,277.64236,61.463593,255.62766,280.53934,-92.30915,237.0828,230.17462,104.71399,246.55643,220.8241,-19.550085,235.983,220.27644,108.866425,253.01074,208.81589,-10.137311,216.86938,219.95822,100.5132,224.00516,210.95096,-3.833399
frame_100.jpg,glute_activation,425.86066,286.29785,-17.255215,429.50372,282.18176,-12.251341,429.609,281.63617,-12.2819195,429.79153,281.1294,-12.328682,429.59293,282.10983,-25.30323,429.76025,281.523,-25.31036,430.00638,280.91452,-25.288609,426.95575,275.426,17.072222,427.30197,276.2091,-41.487053,420.8097,285.90982,-4.6601443,420.83496,285.80026,-21.740833,390.66492,265.49152,64.83314,401.21463,278.95917,-70.64868,367.4035,280.63507,120.14218,379.97574,304.631,-125.5009,401.3897,286.0418,171.87288,415.52283,305.87958,-157.43872,408.403,284.82318,187.57129,426.50464,306.08044,-169.1426,411.82275,285.41956,181.94312,427.294,303.16946,-158.78416,408.31284,286.09668,171.22337,423.90073,302.04666,-153.60683,315.73212,274.26224,42.67836,314.90308,287.91885,-42.633633,266.30508,258.1991,65.68931,249.4181,295.12378,-63.31768,264.14993,205.94803,85.32553,227.52454,240.23074,-26.577557,266.90964,197.00092,87.31132,228.77734,230.69246,-21.546057,239.79718,193.23228,83.852684,200.68524,241.89586,-20.208319
frame_101.jpg,glute_activation,423.49362,287.00595,-12.485572,427.42743,283.06213,-6.7858887,427.52527,282.4192,-6.8170524,427.66748,281.80515,-6.8744507,427.43515,282.9752,-23.151966,427.53433,282.24835,-23.16334,427.67236,281.55728,-23.167284,425.23026,275.77356,27.611265,425.31232,276.40094,-46.410175,418.49506,286.37558,2.2647243,418.36206,286.1996,-19.361528,391.41635,265.25296,81.14743,397.76526,275.64212,-83.05022,367.7362,280.7349,147.59962,379.225,304.98172,-153.0023,403.74384,287.86075,196.37753,414.65634,307.09415,-193.05011,412.65204,286.40314,212.55957,425.93112,306.9801,-208.55157,414.0197,287.20496,207.01614,426.34738,303.73575,-197.3292,410.80933,287.98972,195.29843,423.115,302.81873,-189.2226,311.68628,280.1188,53.183083,312.98975,289.82968,-53.17833,253.59012,280.82565,50.083565,252.33049,287.0269,-83.440994,235.4873,227.10957,89.60677,236.37689,227.27751,-13.315241,237.98233,215.06647,93.0847,239.69214,214.25224,-4.5263176,207.02377,222.3451,77.57632,208.04248,221.61346,-2.535098
frame_102.jpg,glute_activation,423.42078,283.25015,-1.7457801,427.43085,279.01807,2.3945556,427.52478,278.5633,2.368876,427.62854,278.16794,2.3170786,427.33435,278.46652,-10.879403,427.36356,277.63058,-10.868179,427.36176,276.783,-10.864929,424.61377,272.5857,30.255163,423.80725,271.60312,-30.190847,418.6505,283.37924,10.409302,418.36182,282.55215,-7.2011657,391.8332,265.28384,75.315125,396.84045,271.84412,-58.51235,375.41528,286.8698,113.39656,378.1628,301.456,-97.154045,410.0847,291.3325,144.23987,412.9852,306.64685,-106.91711,418.3239,291.22372,156.7635,424.29703,307.88455,-112.276985,419.42395,292.14212,154.87265,424.5999,303.42438,-105.15718,416.94168,292.12897,144.23106,420.61154,302.2785,-103.199196,314.07513,279.82803,41.08197,315.0778,289.05515,-41.040504,257.38864,280.06348,53.55104,252.94395,288.2553,-78.0257,257.9355,225.71806,73.74936,259.0009,226.9963,-9.701613,265.53058,213.98337,75.89804,267.6861,216.55594,-0.054791167,237.9845,209.21428,79.1947,240.23393,208.58183,24.359522
frame_103.jpg,glute_activation,419.91806,277.7444,-7.864225,423.94873,273.67905,-3.5367842,423.95074,273.32745,-3.5686457,423.97324,272.93057,-3.6233888,423.90802,272.99765,-18.169205,423.9252,272.04843,-18.16787,423.98514,271.04886,-18.178997,420.05627,266.95898,25.46816,420.09985,265.60483,-40.363525,414.89713,278.81128,4.814421,414.6924,277.9212,-14.434823,383.53387,264.94534,74.14083,388.70456,269.31522,-69.65699,372.29962,292.78745,122.0063,379.10336,307.835,-99.82986,407.7136,292.6873,163.11867,415.97253,307.3686,-100.36801,415.57556,291.34515,177.4452,426.8463,307.13882,-107.08913,417.68347,292.02692,176.10315,426.4691,302.69693,-100.92866,415.00583,292.14255,163.65408,422.42,301.9587,-97.120895,307.29144,281.58755,44.29359,309.03232,289.72012,-44.232162,250.70117,288.9385,58.89966,246.10152,299.0869,-72.00202,238.43704,235.066,80.75738,236.52127,235.38148,-14.686828,244.91956,221.66817,83.17584,244.35814,222.28607,-6.7291493,216.18956,225.524,80.832375,214.7591,225.0543,7.1603546
frame_104.jpg,glute_activation,418.36267,278.77014,-5.124727,422.54208,274.26447,-1.0624423,422.6328,273.70352,-1.0951159,422.71896,273.08783,-1.146074,422.5412,273.9256,-14.436542,422.63657,273.11386,-14.436918,422.74338,272.25455,-14.441632,418.9109,266.84427,26.312292,418.93146,266.86517,-33.504364,413.40558,279.40787,6.8785357,413.30884,278.8587,-10.596731,383.42548,263.49677,72.816666,389.3004,271.41858,-61.82776,369.09637,292.50668,103.26128,377.42615,308.05313,-76.992905,405.00735,292.7544,128.51607,412.7629,307.90457,-57.020096,413.81183,291.30072,139.57628,423.72736,307.67245,-60.821835,415.37622,292.31787,139.05756,423.2982,303.03275,-56.310352,412.50098,292.33875,128.83852,419.58398,302.2664,-54.02874,306.48584,279.95642,41.91345,308.34415,288.83643,-41.84749,248.43576,288.72766,55.977707,245.52094,298.58002,-71.09981,238.50853,234.32877,78.612206,238.65213,234.86931,-9.390089,245.18372,221.57433,81.360176,246.79889,222.91467,-0.7669544,216.95624,224.6965,82.8514,218.2151,223.95158,18.658382
frame_105.jpg,glute_activation,414.966,284.80484,4.219925,419.59134,281.30374,8.125601,419.7141,280.80365,8.098251,419.8735,280.33182,8.042659,419.65134,281.20602,-4.7747555,419.79388,280.57864,-4.766915,419.94205,279.8963,-4.7684183,418.1054,274.73196,34.919983,417.6332,274.88715,-23.47582,410.1032,284.3082,15.92272,410.20392,284.10568,-1.116495,385.3719,264.2434,77.20725,393.9693,272.51706,-52.49084,368.30164,286.66888,116.61584,376.39362,304.2961,-86.43387,405.46655,290.24133,151.8772,412.38287,306.46603,-89.02763,413.6366,290.06107,163.97809,424.56345,307.71667,-93.31943,414.23456,290.44687,162.23373,425.1396,303.45276,-87.48292,412.16205,290.70544,151.87111,420.7948,302.60507,-85.64587,310.00302,279.86108,40.245495,312.0722,288.36185,-40.19829,252.18875,283.7969,49.370304,249.16411,291.04846,-74.57012,250.29541,225.54735,69.394424,251.2775,226.43694,-12.649859,255.92236,214.18867,71.872154,259.32123,216.39232,-3.7281666,230.28282,211.0699,75.20371,232.0426,212.3231,19.359243
frame_106.jpg,glute_activation,421.40152,279.9717,-1.4823025,425.22577,275.95047,3.2263432,425.21695,275.64758,3.1972094,425.23553,275.33456,3.1434538,425.13953,275.18738,-11.348019,425.08408,274.26816,-11.352764,425.04947,273.37894,-11.355551,421.33698,270.13254,33.773064,420.9779,268.53345,-32.078243,416.05035,281.05118,11.613932,415.88504,280.2783,-7.654834,385.77454,266.27527,82.88013,391.74908,272.37195,-65.24079,363.26175,286.58655,133.34708,375.8795,306.26843,-113.49999,405.72827,291.26907,179.74052,411.63733,307.54028,-134.08755,413.50433,290.7812,194.92941,422.58826,306.83298,-142.50485,415.46393,291.46283,192.80153,422.66434,302.60776,-135.04991,412.56226,291.24664,180.10358,419.06094,302.49872,-130.80136,307.45026,280.57822,47.342525,309.5667,289.3544,-47.296642,250.27203,290.82224,57.07473,245.80487,302.07498,-72.77344,239.16666,236.20639,78.22773,238.73685,236.61456,-20.159397,244.39029,223.13286,80.39147,245.78018,224.16972,-12.651052,215.39417,228.74979,78.26648,213.1732,228.34972,1.4718467
frame_107.jpg,glute_activation,419.28464,262.85214,-24.184706,421.2704,257.78607,-19.045364,421.2616,257.67978,-19.064888,421.26218,257.55322,-19.113651,420.31387,256.64398,-31.497414,419.67697,255.74872,-31.474014,418.9944,254.75714,-31.460045,415.0238,254.37997,10.598387,411.5564,251.12279,-45.66393,414.9008,265.8215,-12.066614,413.5716,264.67636,-28.395243,384.4905,263.4368,52.873844,383.26016,267.0405,-70.30417,380.00916,294.04022,94.01066,377.51385,307.2277,-89.01005,410.1582,292.62012,129.87387,415.01437,306.67935,-91.23379,418.3686,291.40738,141.89803,426.403,306.4653,-98.77224,419.65912,291.35852,139.15387,425.84204,301.98456,-93.808716,416.96683,291.762,129.92517,421.65808,301.34433,-88.92886,305.97723,281.73062,39.5514,306.3533,290.473,-39.47638,249.46652,289.29614,59.469414,244.60999,300.59885,-71.576836,236.67412,236.68353,65.74601,236.32326,237.569,-20.004429,241.98396,222.08655,67.00973,243.07755,224.85596,-12.091835,212.97974,226.98782,70.36287,217.65607,224.94896,7.7287674
frame_108.jpg,glute_activation,417.774,284.13345,-3.704545,422.011,279.83945,0.9222256,422.2072,279.31195,0.8934345,422.47284,278.83817,0.8365929,421.9359,279.52386,-13.762651,422.0789,278.75223,-13.760057,422.2591,277.92377,-13.766636,419.68878,272.48395,30.493668,419.14856,272.20428,-35.667374,412.57056,284.25696,9.120269,412.12082,283.70462,-10.166906,386.58542,267.0573,78.891235,389.5261,270.4324,-66.055824,367.99408,289.14792,118.97552,375.04053,305.12823,-99.67656,407.8841,292.85016,146.94505,410.46768,306.87778,-96.79211,416.02142,292.7139,158.63066,421.66745,307.01443,-101.862366,417.46945,292.85522,157.9017,422.32846,302.49188,-95.67257,414.41818,292.28952,147.0528,418.76556,301.79465,-93.27476,307.71762,280.84717,44.661797,308.07538,288.52966,-44.62062,250.21468,283.05194,54.553226,246.27518,289.49966,-80.13324,247.30652,227.8141,81.56575,247.08804,227.27202,-9.373841,253.18597,215.03993,84.56761,254.32318,216.1912,0.419276,226.48628,214.1392,86.32985,227.45013,213.541,22.264503
frame_109.jpg,glute_activation,419.71594,279.0806,-2.4622693,423.39856,274.91547,1.7682967,423.38254,274.44748,1.7436485,423.3877,273.97937,1.6919373,423.2975,274.41577,-12.49919,423.25128,273.59332,-12.500768,423.27417,272.80417,-12.497634,418.4544,268.40686,30.208076,418.80588,267.96237,-34.23149,414.4435,280.3885,9.835491,414.24872,279.778,-9.011969,384.25693,265.4076,77.583496,388.87973,272.25793,-66.81176,371.91208,288.02353,135.24641,376.51932,306.41196,-116.75987,406.23743,290.99167,188.81792,412.02606,307.77573,-138.51392,414.19196,289.99207,204.33789,423.4729,307.88965,-147.04585,416.33795,291.67346,201.85977,423.43115,303.5195,-140.16365,413.3191,291.5738,189.26851,419.7208,302.71204,-135.476,305.786,280.0048,46.36921,306.43353,289.0259,-46.333282,250.63596,290.2699,59.150196,244.51218,300.76703,-72.03277,236.25568,236.78131,74.17688,232.73212,237.92691,-24.874153,240.70227,224.56746,75.507645,239.5375,225.73466,-18.216602,210.80353,232.73442,71.55343,210.79697,228.17953,-7.5546007
frame_110.jpg,glute_activation,420.21548,283.07153,-8.270893,423.9511,278.8727,-4.1103945,423.992,278.49893,-4.139882,424.07364,278.13858,-4.1988964,423.95404,278.2188,-17.44809,423.98605,277.3391,-17.444857,424.04697,276.3776,-17.438585,420.04602,272.45294,24.533922,419.99664,270.6808,-35.573776,414.8025,283.90335,4.1041274,414.7197,283.2819,-13.506307,385.5037,267.786,70.90049,391.14957,272.4282,-65.021576,362.63104,287.1995,117.04735,375.2552,306.05658,-111.554115,405.64368,290.8463,160.58318,411.05347,307.3049,-129.21788,414.35358,288.97964,174.67108,422.15237,307.36514,-136.99965,415.5741,290.22983,174.21066,422.1314,303.18646,-129.30173,413.8521,290.51474,161.60504,418.7846,302.21527,-125.78967,306.05902,280.08624,42.587517,309.17972,287.74673,-42.54644,248.51225,292.90277,57.73777,245.65466,301.5018,-61.94591,239.95435,237.47528,81.60732,240.8341,238.00249,-9.648868,246.25247,223.7587,84.176254,248.31038,225.07118,-2.322216,214.72629,230.12808,85.19862,217.28232,225.63368,13.246025
frame_111.jpg,glute_activation,418.91205,288.2621,-3.624477,422.7661,284.43472,1.1102471,422.881,283.83026,1.0744662,423.0585,283.22745,1.0055928,422.74814,284.46902,-13.285722,422.87506,283.87067,-13.277418,423.07965,283.21094,-13.262429,420.53278,276.80576,30.86748,420.83527,278.0074,-34.476784,413.67444,287.61807,9.04791,413.6656,287.51755,-9.981452,387.37805,265.91064,77.02559,395.08972,274.43875,-68.84253,361.55365,279.99426,135.60072,373.10095,301.86633,-126.0237,398.93585,286.21957,181.40848,410.33362,308.1585,-158.69324,405.6341,285.52698,195.12581,421.08374,308.7619,-169.62578,409.08978,287.01917,188.96552,421.9925,305.52728,-160.41786,407.43802,287.5348,179.94911,418.79987,304.33542,-154.95895,308.3334,279.60675,46.261997,310.3024,288.63223,-46.227627,249.72256,285.23077,51.252754,247.3186,291.90033,-79.49261,249.02077,226.6883,83.921844,250.4895,227.6615,-9.749354,256.57974,214.20169,87.52135,259.08517,216.437,-0.2628194,224.13055,215.3633,91.09523,228.39865,214.24486,21.86074
frame_112.jpg,glute_activation,419.4002,281.9114,1.0868129,423.1643,277.81836,5.000801,423.19553,277.38605,4.97546,423.23035,276.98743,4.924073,423.13583,277.54904,-8.665615,423.15778,276.89368,-8.659648,423.16043,276.18277,-8.650663,419.45602,271.48312,33.01584,419.2169,271.43405,-29.080837,414.3081,282.67328,13.348404,414.19418,282.31354,-4.7668147,385.11835,265.39584,79.31385,392.1724,272.40533,-59.413815,366.7221,284.9249,118.60313,373.41385,305.38843,-97.31691,403.04828,290.08905,151.51999,408.38394,307.5807,-107.87337,411.15372,289.3932,164.43732,419.44077,307.3696,-114.94441,412.8825,290.09167,161.04526,419.3167,302.3539,-108.39163,410.27313,290.21805,150.9206,415.37317,301.34314,-104.647964,308.4164,279.35785,41.994625,311.57526,289.00812,-41.937145,251.59442,284.86014,54.9287,247.67606,292.0368,-77.17372,255.06386,229.65414,74.53987,257.20892,231.56042,-10.417526,264.61908,220.7396,76.64636,267.17322,223.29085,-1.1181369,238.20589,214.33258,84.880936,246.48285,207.24384,26.10465
frame_113.jpg,glute_activation,421.17194,282.43213,-4.563715,424.96918,278.0804,0.08378015,424.99084,277.639,0.054407634,425.06348,277.16412,-0.0038375144,425.02866,277.63727,-13.974609,425.1141,276.84283,-13.976392,425.2617,275.99646,-13.9737015,420.95276,271.51752,30.610294,421.2951,271.1405,-32.85405,415.73563,283.36414,8.505988,415.5861,282.84045,-10.053888,385.86392,267.7828,79.69087,392.14215,273.97546,-65.9298,363.16248,287.04758,128.12773,374.92886,306.2793,-116.282845,404.91187,291.7608,172.04369,410.68893,307.51465,-139.54298,413.76328,289.95435,186.18204,421.64545,307.1821,-148.33481,414.97034,291.22302,184.19092,421.88843,303.67386,-140.72897,413.25272,291.56433,172.35916,418.49194,302.87164,-136.25185,307.54382,280.28058,47.255726,309.51883,288.6879,-47.216408,249.51776,291.10196,60.215645,245.27611,301.79968,-73.61949,240.40408,236.61325,85.45235,240.58408,236.42725,-15.62112,247.21057,224.26491,88.20812,248.78018,224.83417,-7.436057,219.2532,227.94374,90.82747,220.86212,225.86058,10.788513
frame_114.jpg,glute_activation,419.90918,279.00153,-2.8345432,423.59015,275.21533,1.4086082,423.5409,274.9026,1.3789773,423.4996,274.56287,1.3257517,423.5506,274.51,-12.490869,423.5147,273.6759,-12.495811,423.5027,272.8534,-12.501402,419.2383,269.6062,30.040073,419.19495,268.22534,-32.870136,414.75192,280.18454,9.549201,414.64465,279.45804,-8.864727,385.0689,265.6488,78.215034,390.09402,272.7126,-65.60021,363.16727,284.55923,130.2767,374.8312,306.12454,-118.7379,403.78143,289.96753,178.0314,409.54095,307.74246,-147.14384,412.09247,289.17572,193.23575,420.68903,306.76413,-156.54526,414.1435,290.69156,190.92984,420.53375,302.6581,-148.82405,411.274,290.67203,178.48239,417.11636,302.20688,-143.96597,307.381,280.20685,45.33176,307.7432,289.35498,-45.292236,251.50978,290.28397,58.21852,245.30473,301.70306,-68.16355,239.19504,238.07167,77.02745,236.05013,236.88858,-18.546946,243.66669,224.98848,78.85056,242.25824,223.69818,-11.502351,215.74707,229.90518,75.649155,210.45815,229.68129,0.49250898
frame_115.jpg,glute_activation,417.75214,284.59192,-2.143056,421.6606,281.05426,1.6227167,421.7694,280.5982,1.5973728,421.9251,280.18826,1.5481597,421.5303,280.81583,-11.163986,421.54065,280.1071,-11.145478,421.597,279.33307,-11.134187,419.86304,274.5229,27.507298,418.94696,274.16782,-30.64821,412.72095,284.25452,9.187248,412.5171,283.68155,-7.761508,387.7109,263.97607,70.00731,393.90164,273.1107,-56.161514,372.6275,285.9506,107.15494,374.81818,303.81708,-81.631744,405.66895,291.65878,138.02423,409.8056,306.26895,-70.77527,414.46854,291.97122,149.55893,422.32037,306.80545,-73.58623,416.01932,293.025,147.74905,423.1925,303.02478,-68.25848,412.6148,292.79938,137.85893,418.8614,302.52747,-67.496704,309.26443,279.57236,39.265396,309.69238,288.33237,-39.21477,252.854,279.07004,56.984665,246.26642,288.8915,-66.776535,257.83997,224.09436,64.81589,256.90613,226.18279,-17.106243,264.32162,213.47868,65.369385,264.2832,216.88062,-9.894172,238.10645,208.91183,68.44301,238.56006,208.80426,12.05906
frame_116.jpg,glute_activation,421.2401,281.99915,-11.749544,425.1844,277.80423,-7.8191767,425.22455,277.3952,-7.854761,425.2525,276.93558,-7.915194,425.0932,277.27332,-20.95689,425.08325,276.408,-20.960512,425.0655,275.48105,-20.954954,420.9272,270.94998,20.94067,420.9764,270.12833,-38.370926,415.81976,282.71918,0.70328116,415.41278,281.97076,-16.62542,386.3094,266.651,69.10659,392.27264,274.4683,-67.43358,365.49808,289.20724,117.09822,374.20795,306.21164,-110.76946,403.89874,290.82162,162.3304,409.6965,308.21692,-126.23394,413.31085,289.87027,176.81633,421.74606,307.46524,-134.11174,414.85977,290.99542,175.60347,421.77863,303.77142,-126.68515,412.28522,291.01715,163.14359,418.64975,302.9739,-122.96254,306.1031,280.26575,43.445667,307.52124,288.87585,-43.405376,249.53355,291.00668,62.57203,244.89037,298.73578,-62.265915,242.2508,235.64275,84.094505,241.18727,235.12862,-6.621419,249.85078,222.63669,86.50769,250.40936,223.60997,1.1191872,220.19946,226.49545,86.819756,217.89957,225.57243,17.536396
frame_117.jpg,glute_activation,419.22144,284.11572,-2.7443357,423.01758,279.73306,2.2265763,423.14713,279.21027,2.1924787,423.3094,278.6898,2.1310923,422.9876,279.5115,-13.119021,423.11612,278.78586,-13.120188,423.25702,277.96252,-13.12314,419.7966,272.92206,33.408375,419.79874,272.9301,-35.819824,414.05362,284.51743,10.614269,413.8697,284.24512,-9.62765,385.93307,266.53397,84.1064,390.93906,273.64316,-70.69839,365.8213,289.75867,140.39857,374.4002,306.4666,-120.88919,404.01978,291.5732,186.33943,410.78577,308.54965,-140.76648,412.59525,289.65558,201.80933,422.3913,308.23166,-149.76509,415.17056,291.3747,199.3648,422.18726,303.6227,-142.50502,412.21234,291.47726,186.48802,419.2354,303.52676,-137.47939,305.75613,280.36124,49.617546,307.35684,288.62122,-49.60156,247.51105,292.1961,58.69873,243.98637,300.1688,-77.554924,239.27054,236.03094,86.25855,239.39217,235.91994,-13.334476,244.46103,223.80994,89.13063,246.06326,224.25916,-4.5643597,214.93869,227.2577,89.00153,216.38995,225.40392,13.089752
frame_118.jpg,glute_activation,419.07617,286.65445,-5.2172785,422.94907,282.50964,0.5285655,423.10895,281.9724,0.49744487,423.3169,281.4732,0.42702106,422.97104,282.39392,-16.662687,423.15283,281.77722,-16.658085,423.38464,281.1247,-16.654514,420.32562,275.6114,35.33787,420.4558,276.16772,-42.10064,413.91772,286.63757,9.704998,413.74414,286.4005,-12.869854,387.67044,267.1981,93.83453,393.93216,275.05945,-83.59679,362.76373,282.77905,159.54877,372.71112,303.9892,-151.25972,398.4868,287.6798,200.60965,407.45355,306.1527,-187.47276,404.87476,286.01956,215.36835,418.41312,305.91608,-202.82458,408.11465,287.5661,208.81647,419.07895,302.63553,-193.41455,406.02267,287.90262,198.63498,415.76855,301.4315,-184.06801,306.92508,279.17722,56.63492,310.0114,288.10306,-56.66117,247.32239,288.7954,56.238827,245.78203,296.9229,-90.275604,245.22012,232.3958,111.28407,247.92854,234.12144,-1.2130692,251.03806,221.00668,116.73766,254.53651,224.1821,9.802015,221.8651,219.05598,117.82539,227.56197,217.56372,27.825468
frame_119.jpg,glute_activation,416.33212,286.06036,-5.6756153,421.30872,282.79053,-0.7696981,421.42358,282.19754,-0.79374737,421.5884,281.60275,-0.84711426,421.1588,282.8881,-15.672455,421.16827,282.28937,-15.665312,421.20526,281.682,-15.663701,419.34778,275.93762,29.763191,418.56342,276.73633,-38.22087,411.1618,285.36224,7.4750357,411.1096,285.3467,-12.344413,387.17084,264.4608,80.48896,394.3756,274.65927,-73.10109,368.83612,280.95322,140.52808,376.4978,305.42484,-123.458694,406.77557,290.32895,186.96501,412.47696,306.02036,-141.2776,414.77097,289.86954,203.40369,425.1566,307.45642,-150.19212,416.4621,290.01813,197.92398,426.04712,304.374,-142.75209,413.07156,290.11414,185.8719,421.9031,303.26587,-137.83563,308.16605,279.59055,49.081608,309.05814,288.9273,-49.082623,250.28159,278.0378,64.30694,245.23079,287.4378,-83.537895,256.67474,222.34259,84.589966,256.84528,224.78491,-15.308861,263.2586,211.47632,86.31921,264.39212,216.08992,-5.9707193,234.72403,207.74231,88.52837,235.91733,208.36612,17.524393
frame_120.jpg,glute_activation,419.98438,281.96005,-3.7945879,423.683,278.02014,0.86785626,423.77338,277.62524,0.83810973,423.90567,277.23215,0.7853298,423.6709,277.57156,-13.602472,423.74243,276.78735,-13.609647,423.83694,275.9434,-13.61878,420.26465,272.00772,30.819134,419.9905,271.06326,-34.50027,414.89413,282.6688,9.077329,414.74005,282.14206,-10.040613,386.3399,267.84,81.13473,390.98172,274.71017,-68.52925,370.58063,290.17355,131.9772,374.03702,306.87515,-113.87371,404.9698,292.91846,176.3234,408.85657,307.95035,-129.2026,414.28857,292.03577,191.6845,420.74997,307.79807,-137.23198,415.49362,292.7264,189.65112,420.03632,302.70428,-130.53961,413.61435,292.81192,176.69824,417.0318,302.45572,-126.0651,308.0913,280.1371,48.00774,308.87296,289.1511,-47.97111,251.43053,291.39157,61.07553,245.05858,300.99335,-74.42331,240.63,237.13748,84.650696,238.58131,237.01102,-15.357279,244.87659,224.56033,87.088196,244.57976,224.11122,-7.0792866,216.82687,229.05756,85.959305,216.45438,227.2983,8.662746
frame_121.jpg,glute_activation,419.1042,288.22006,-5.6990056,423.389,284.538,-1.078989,423.53665,283.92245,-1.1092867,423.7404,283.3097,-1.1755759,423.41205,284.53134,-15.977497,423.57275,283.88263,-15.974884,423.79926,283.21277,-15.967097,420.9115,277.4314,30.391396,421.14304,278.04965,-36.860348,413.69165,287.6054,7.9487567,413.86218,287.66443,-11.722853,386.99286,268.12305,82.668884,394.20276,277.9315,-72.63384,361.86035,285.33868,142.65031,371.92722,305.64792,-135.03859,400.6048,288.8294,192.03346,409.16077,306.4091,-166.78397,409.26587,287.7773,206.9158,419.59763,306.96823,-178.42393,411.03796,288.7255,203.6604,420.5666,304.18384,-170.91142,408.97678,289.01236,191.8315,417.47876,302.7993,-163.9405,307.81857,278.9627,50.058056,310.33932,287.66113,-50.052376,247.85225,287.73163,52.873135,245.46034,297.67508,-75.50758,240.39362,232.43192,97.706726,242.80469,232.44373,-3.623044,245.77185,220.73512,102.41846,249.22546,221.47618,5.669461,215.45393,227.69066,103.40288,221.41557,222.14752,20.704939
frame_122.jpg,glute_activation,411.4728,233.69762,-23.219635,416.29083,229.76689,-18.9747,416.25198,229.18501,-19.011997,416.2583,228.55244,-19.0208,416.1542,229.292,-35.19278,416.0147,228.38754,-35.21698,415.91388,227.36739,-35.21935,412.46964,221.18466,10.453191,412.21045,220.54895,-62.859035,405.78366,232.7568,-10.320883,405.7635,231.90701,-31.545256,375.4533,215.24127,62.139225,380.50754,223.10402,-94.69728,361.36115,254.84116,76.12945,363.32837,265.5455,-110.8631,356.83673,289.3237,42.615448,356.0711,308.33725,-89.33022,364.51874,290.7131,44.188362,366.02722,313.20688,-107.01335,364.7837,292.04984,27.527279,367.26608,310.18094,-90.89969,361.45154,292.48996,34.598957,363.7171,308.77368,-83.538574,304.7383,230.61496,46.890762,308.76175,235.26138,-46.860695,313.72513,273.3384,80.29498,337.89783,295.36362,-38.848984,263.75653,267.2845,122.4659,276.4094,292.81598,39.636696,256.8238,258.7521,127.03803,268.74805,284.69812,49.53919,250.17068,281.57846,128.86247,266.07822,310.90973,71.6148
frame_123.jpg,glute_activation,314.80716,195.57956,-30.728794,311.9012,192.13123,-23.517866,311.33725,192.09483,-23.542885,310.6588,192.04106,-23.503458,311.53812,192.21664,-39.512783,310.7428,192.24147,-39.51087,309.8472,192.27843,-39.49768,303.3536,194.96385,8.826891,302.90155,195.29271,-63.05691,313.61145,201.59665,-18.533886,312.8524,201.52444,-39.283558,300.54,225.6819,53.200096,299.72635,229.7275,-105.46963,282.12054,264.18268,54.997982,284.72592,270.44653,-155.56352,280.4495,291.708,4.102132,283.13846,309.1767,-182.84573,283.08792,294.6142,-5.7636924,288.36636,314.62772,-209.89441,283.65637,293.87973,-18.550571,291.77008,312.51663,-204.50844,283.03836,293.6316,-4.5130234,291.38284,309.88907,-183.04823,347.18906,274.0665,56.864998,347.56732,285.57773,-56.80327,381.6596,230.55302,58.740482,385.96252,233.28966,-61.01923,407.57007,281.55344,113.489975,411.01263,288.96567,4.7736793,405.23962,291.21964,116.593636,408.20374,298.80612,10.941853,434.2002,283.46957,109.76358,439.49313,286.93472,11.3075905
frame_124.jpg,glute_activation,236.236,267.34793,-7.535689,230.93895,269.45062,-2.6528468,230.92033,269.94452,-2.703586,230.88153,270.5259,-2.7250023,230.69492,270.39154,-17.913631,230.47173,271.51434,-17.922977,230.22644,272.73105,-17.972118,231.86897,278.07498,25.247366,231.0807,280.6609,-43.052643,241.94176,270.1887,4.25233,241.48643,271.46353,-15.601059,260.1288,281.3346,73.121315,256.6363,292.76157,-87.113655,298.3035,288.22128,101.62751,293.50842,304.5027,-118.19827,327.70343,285.95926,99.86955,333.55038,306.83212,-128.0729,336.44473,286.0812,106.50588,344.86438,309.9787,-140.75919,335.83704,283.8926,92.65074,345.2356,306.00806,-136.46461,334.18457,285.98303,93.64239,341.63052,304.0354,-125.761444,339.44107,280.60156,48.804276,342.85324,291.78674,-48.758995,362.5043,235.8767,48.369656,375.35352,248.65665,-61.128532,379.15027,284.6651,95.92604,383.95016,292.72968,-4.8487916,376.09744,292.91016,99.93145,381.24936,301.3414,1.2037413,406.02386,287.03543,104.97203,412.66266,293.39355,4.69382
frame_125.jpg,glute_activation,240.33951,266.43048,-1.5365283,234.93832,268.39923,4.1990895,234.9483,268.85388,4.1544123,234.9189,269.39648,4.1355124,234.5925,269.5329,-13.33976,234.33627,270.81607,-13.350643,234.04726,272.19998,-13.390998,236.1464,277.6311,36.77963,234.81528,280.97684,-41.89564,245.84348,269.61078,12.506584,245.29099,271.1486,-10.326915,265.19302,280.39136,85.053116,261.2381,295.29144,-87.51645,306.48453,284.58316,114.52385,302.21936,303.22452,-120.24164,341.08142,287.06543,108.16718,345.00067,307.94293,-135.30992,351.27774,286.9895,113.53179,356.33875,312.64658,-149.2345,351.58047,287.11313,98.370316,358.12344,309.7162,-144.48427,347.19263,287.926,101.21599,354.02432,306.81223,-132.38101,339.7127,263.28262,54.730064,342.39395,276.52036,-54.680473,382.2552,232.05574,43.523994,394.68686,247.9739,-82.056816,383.16913,282.13718,112.803185,390.14432,294.82895,-12.448921,375.31833,290.00815,119.6364,384.5296,304.19748,-4.9550514,405.18817,289.47308,125.3784,414.7544,299.2155,-5.5462074
frame_126.jpg,glute_activation,240.93132,268.60776,19.892862,235.29044,270.28784,26.178606,235.3496,270.7913,26.146324,235.38461,271.40863,26.131792,234.58717,271.32986,8.288899,234.16336,272.56073,8.279358,233.73401,273.9961,8.239009,235.80255,279.98114,61.81508,233.4439,283.20978,-19.008997,246.5762,271.95013,35.11773,245.82375,273.36548,11.758138,265.15707,282.6707,110.60139,257.09198,293.9209,-66.351585,304.9242,285.9613,152.02109,294.0246,302.14813,-102.37016,337.4339,287.47485,155.82878,336.13614,307.1026,-127.479034,344.3118,287.89255,161.95361,350.41138,311.5455,-139.52672,344.3811,289.0267,146.59132,352.00934,309.49783,-135.22794,342.66248,289.2147,149.08322,348.6159,306.6302,-124.3703,333.18982,252.93205,57.952454,331.4558,258.91736,-57.967026,388.902,232.67813,34.759888,390.83908,237.67726,-87.2358,384.0466,285.09503,100.256874,383.7602,292.49802,-17.74951,376.8997,295.14166,106.68579,374.74612,301.07666,-9.95895,408.69678,291.95493,109.752815,410.14795,298.0605,-6.0901365
frame_127.jpg,glute_activation,240.38235,268.13864,20.411577,234.57811,270.10635,26.015451,234.5386,270.6714,25.978004,234.46735,271.30634,25.954073,234.15062,270.9003,8.955006,233.76569,271.9887,8.950878,233.3646,273.25137,8.917409,234.86702,280.04593,58.991814,233.35696,282.2762,-17.733662,245.83397,271.39795,34.72055,245.22467,272.68323,12.445083,263.69257,283.0573,108.7989,255.99149,293.01468,-66.352554,303.0287,287.55127,150.29443,291.58777,302.57318,-109.12976,332.1076,286.524,158.26932,335.3233,308.0545,-144.56831,339.67465,285.98108,166.1451,349.0401,312.43903,-157.40945,338.76624,286.02484,150.13121,350.4607,309.90033,-152.5496,336.553,286.57397,151.61508,346.82254,306.80963,-141.52568,335.5556,258.48087,56.72963,335.31958,266.24307,-56.72388,387.43842,232.75006,43.145767,392.2848,238.93646,-78.682106,380.6797,284.2376,100.414246,383.42075,292.34512,-23.646353,372.68127,293.58914,106.014175,376.9488,301.63104,-17.148344,404.12238,292.4683,112.14652,409.51172,299.30048,-13.04428
frame_128.jpg,glute_activation,237.66585,268.44516,-11.478926,232.14603,270.67828,-6.487052,232.01898,271.2224,-6.514147,231.86871,271.88962,-6.5505676,231.96964,271.50024,-22.053425,231.71416,272.59433,-22.064116,231.42932,273.82065,-22.101212,233.15259,279.83017,23.71131,232.81755,281.88538,-46.123653,242.72818,270.9794,1.4841256,242.49786,272.2531,-18.768993,261.52866,282.09158,70.80289,259.71875,292.91193,-82.670425,294.82343,283.44968,114.897705,295.39948,303.57773,-112.8778,302.95505,254.4513,108.80873,303.53543,264.6218,-114.62877,305.6152,247.97247,112.96887,307.69376,253.67464,-120.93878,302.06436,246.5511,99.073074,301.4272,252.00682,-112.37817,301.1044,249.44829,102.46049,300.05527,255.78448,-108.87761,338.63803,268.85953,48.76684,343.68436,282.04495,-48.737595,378.94077,232.74446,48.92027,390.30817,246.27132,-66.45661,380.1294,284.25574,101.30974,387.04736,291.98563,-3.6741738,375.5257,290.2182,106.63017,383.02405,300.1176,4.6826105,402.2627,290.22476,119.48424,409.88095,295.16608,18.703444
frame_129.jpg,glute_activation,237.053,268.46777,10.926023,231.06873,270.55478,16.516346,231.09583,271.10727,16.47948,231.12915,271.7445,16.463814,230.43384,271.4918,-1.2137326,230.04489,272.67435,-1.2180362,229.61494,274.06766,-1.248674,232.14128,280.4144,50.02571,229.9527,283.15356,-29.675362,242.95926,272.10687,25.595455,242.21378,273.3622,2.5047815,261.9731,281.38852,100.010345,255.48378,293.64108,-74.78617,302.04965,283.7936,139.65903,294.3034,301.80334,-103.50406,333.9113,286.12872,143.08183,337.93948,309.03006,-118.82099,342.33557,285.62952,149.40448,350.87903,312.90213,-130.64635,342.7932,286.608,133.239,352.91412,311.00745,-126.30368,339.36615,287.0144,136.11185,349.56754,308.51453,-115.62085,331.82816,250.85136,56.698753,332.4348,259.8172,-56.6697,384.90015,232.52283,45.271103,389.3094,239.0937,-79.11378,380.32718,282.88416,108.90969,384.44614,292.87143,-19.841057,368.77966,292.686,115.21138,379.0108,298.6586,-13.412124,399.45453,292.68195,120.13114,410.12988,297.7938,-13.568374
frame_130.jpg,glute_activation,237.9261,268.65186,-10.745947,232.46536,270.98425,-5.0500255,232.43457,271.4056,-5.099225,232.37822,271.91592,-5.1226673,232.281,272.06424,-21.744007,232.17819,273.26898,-21.75419,232.0581,274.60614,-21.806065,233.702,279.41986,27.030945,232.98544,282.4401,-47.667435,243.79361,271.22372,3.0100322,243.48407,272.82428,-18.698816,262.38544,282.0702,77.63787,258.56415,294.93445,-93.65146,301.6413,285.60675,107.58271,298.6119,303.8592,-130.45558,333.87665,285.28604,107.78701,339.8857,308.45938,-151.9407,342.49536,284.6256,115.885666,352.17114,314.1983,-166.77542,342.37177,283.77414,100.95307,354.30396,311.3055,-162.7092,339.09412,285.2355,101.21094,350.29282,307.6073,-149.83026,340.45526,271.9924,53.03316,344.04425,283.80066,-53.0001,377.82147,235.43732,46.582237,389.19763,247.33385,-80.802315,380.3923,283.68033,118.85952,387.67773,291.9539,6.2512712,376.48352,290.83624,126.08138,382.73898,300.37057,15.802423,403.54172,289.29095,133.95085,414.1699,295.6063,21.648117
frame_131.jpg,glute_activation,236.18271,272.6487,-3.9415078,230.51639,274.5902,1.7700791,230.5617,274.71606,1.7245374,230.57056,274.89914,1.6963648,230.26324,276.52606,-14.325509,230.20485,278.0146,-14.339869,230.13733,279.85782,-14.381629,232.38243,281.5299,36.2808,231.51276,288.0023,-36.033123,242.16058,274.03613,10.868347,241.8065,276.46277,-10.145726,261.35623,282.64777,87.88118,257.8062,295.66382,-82.36287,301.16,285.25937,125.27014,296.8881,304.26492,-127.047966,334.08615,285.16376,136.26624,337.6817,308.03888,-159.77388,343.1174,285.5619,145.4416,350.2429,314.15417,-174.90112,345.633,286.93005,130.14084,352.2588,310.8442,-169.33484,339.8922,285.08383,129.91823,347.98065,307.2311,-157.13986,339.7373,265.42242,55.38729,341.7326,276.10107,-55.37086,381.37637,231.95175,48.557007,390.1796,241.41881,-74.053925,382.5211,280.6971,117.24824,387.65277,290.05347,-7.4360557,377.6622,289.0285,123.85156,383.13892,299.9714,-0.2592009,406.0533,287.3116,128.30977,414.40936,295.93384,-0.61359257
frame_132.jpg,glute_activation,239.6943,268.8011,13.978413,234.0233,270.44144,20.031181,234.04736,270.84735,19.997108,234.04239,271.34476,19.981146,233.44403,271.6026,2.4195623,233.0492,272.89648,2.4119756,232.6284,274.44244,2.375796,234.5317,279.9741,55.316742,232.55632,283.8378,-24.371513,245.25978,271.9122,29.155054,244.69867,273.61023,6.0858192,263.5281,280.89624,104.396194,257.38727,293.75833,-69.62225,301.5733,281.75897,146.90047,293.52386,301.84232,-106.953545,329.64166,281.91318,148.66248,334.5976,308.0035,-137.12794,338.01376,281.18585,154.90083,349.0553,312.07358,-149.8421,337.74826,281.75034,138.60089,350.4808,309.57565,-146.36386,334.49252,282.576,141.81482,346.59784,306.9985,-134.43196,334.4,253.17207,56.082073,333.91888,260.81262,-56.06961,388.7056,234.429,40.785866,389.44806,239.77982,-82.43865,383.36795,284.14197,101.69015,384.19095,291.33044,-17.780691,376.41425,292.53476,107.51839,376.659,300.6839,-10.645438,405.153,291.80637,111.509415,407.50757,298.54208,-7.015196
frame_133.jpg,glute_activation,238.76115,268.62305,-1.7945845,233.04904,270.64557,3.913298,233.01782,271.10858,3.8699474,232.96573,271.68723,3.8475404,232.71904,271.68622,-13.349941,232.45587,272.89328,-13.362533,232.17941,274.23315,-13.417911,233.79556,279.8702,36.121735,232.639,282.56024,-41.212383,244.2456,271.6285,12.101764,243.69263,273.09995,-10.382696,262.69562,282.2951,87.34771,259.47464,295.66187,-90.01521,302.7558,286.91998,118.84294,298.50903,304.31665,-137.12892,335.26764,286.28125,118.32695,338.0032,307.30273,-170.00372,344.51147,286.24664,126.36562,350.21442,313.5327,-186.15065,345.0804,285.8418,111.298294,352.33588,309.61584,-180.9674,341.07996,286.63043,111.701416,348.33136,306.04214,-167.52754,340.87897,271.7143,55.38975,343.6693,283.72723,-55.379967,380.75092,232.35513,41.845398,391.27823,244.5623,-81.34807,380.44217,282.73923,119.85849,386.53265,292.38663,3.0100307,375.37604,290.90277,127.96303,380.63165,301.15472,12.379098,403.9397,289.52853,138.28384,413.8015,296.60406,18.57463
frame_134.jpg,glute_activation,236.56964,268.13885,6.7063518,230.93086,270.35654,12.004709,230.96336,270.87375,11.962848,230.97339,271.5406,11.936549,230.4879,271.39392,-4.9135265,230.21698,272.6596,-4.9217405,229.8779,274.16776,-4.9501247,232.08525,280.0691,43.63094,230.40495,282.88934,-32.188595,242.65404,271.36154,20.479973,242.027,272.8784,-1.528458,263.19183,281.49548,91.04527,257.62366,294.56396,-76.81813,303.15448,285.6401,125.38914,296.31555,303.1125,-109.031075,332.04932,286.02243,129.33511,338.20496,307.76996,-123.21695,342.9944,287.04584,136.03967,350.41885,312.51944,-134.65883,342.2287,287.53574,121.21411,352.37695,310.1865,-129.78131,340.694,288.15918,122.73796,349.2201,308.09903,-120.05725,337.96872,261.43857,55.32185,339.43018,270.7895,-55.29757,385.30243,230.7946,52.78469,393.32715,240.61115,-72.26775,382.80853,282.0863,108.964905,386.2907,292.33865,-13.001027,373.8574,290.38696,114.45961,379.95825,301.89862,-6.4585867,406.9902,290.26642,119.52279,414.2386,299.71323,-4.591014
frame_135.jpg,glute_activation,240.14572,269.5404,12.731971,234.57208,271.1852,18.804615,234.63635,271.59616,18.771698,234.67648,272.07697,18.762924,233.86185,272.3699,1.0413793,233.36536,273.6394,1.0343337,232.8404,275.10233,0.99511176,234.56287,280.5248,53.685917,232.08015,284.40323,-26.535738,245.52316,272.80133,27.856686,244.70496,274.43958,4.6366777,262.991,282.14102,103.623505,255.70403,293.35175,-72.594604,302.57288,285.01062,141.91637,293.8278,301.67453,-106.534645,335.2057,287.52127,142.9641,336.98154,308.2028,-131.0456,343.3836,287.68283,148.96413,350.43048,311.8542,-144.30368,343.78268,288.6567,132.96725,352.20367,309.9007,-139.63991,341.29532,288.98315,136.10974,348.6347,307.35312,-127.878265,332.8731,250.87677,58.178295,332.93512,257.4627,-58.17797,385.79657,232.78214,47.08883,389.1945,238.49608,-85.348656,382.66574,283.69635,108.9563,384.61377,291.67276,-16.22264,375.91504,293.82782,114.78497,377.20398,300.25885,-8.6533985,405.78442,291.4404,115.93843,411.69284,296.53885,-6.904788
frame_136.jpg,glute_activation,237.054,268.56882,-1.5834005,231.20216,270.35507,4.5316763,231.17587,270.76358,4.4875517,231.12549,271.29752,4.464673,230.82076,271.5898,-13.087313,230.58179,272.8994,-13.098621,230.29944,274.3145,-13.151297,231.7501,279.66528,37.25735,230.58673,282.6926,-41.51461,242.7749,271.56833,12.398907,242.24582,273.3636,-10.516309,261.5659,281.74805,87.69105,258.92322,295.57492,-90.91872,303.73178,286.76816,116.092445,301.77258,303.62674,-130.87648,336.67883,287.09195,112.352516,343.8719,307.705,-153.7815,346.69116,288.53513,119.11027,355.36255,312.76038,-169.51607,346.25134,286.60303,104.62066,356.85178,309.6781,-164.48845,342.29218,287.3843,105.7836,353.6188,306.78952,-151.22221,340.49863,271.45633,56.56725,343.61682,284.33438,-56.54009,377.6376,229.49669,43.74718,387.41714,242.08876,-84.86638,381.64056,282.2663,119.53839,388.69287,292.55524,0.6297709,377.7675,290.8532,127.04837,383.27728,301.55536,9.925138,407.3084,288.25043,132.18733,416.4449,295.63272,11.723075
frame_137.jpg,glute_activation,236.07246,268.33844,10.97455,230.26517,270.2617,16.985153,230.30042,270.7593,16.949781,230.32265,271.36017,16.930489,229.75064,271.32727,-0.3626339,229.42444,272.5798,-0.36883298,229.04375,274.06235,-0.392636,231.25572,279.94067,51.701103,229.44858,283.0166,-26.402742,242.1798,271.6238,25.907455,241.33481,273.09885,3.2278857,262.80185,280.29907,101.27226,255.86163,293.55472,-73.058464,302.4258,283.49255,136.99005,293.26572,302.68008,-108.320465,332.63397,286.3996,135.11803,335.59906,308.6344,-130.89392,342.14584,286.47525,140.56985,348.85318,312.09155,-144.1651,341.96222,287.2305,124.972694,350.39902,309.9708,-138.79428,338.42392,287.68524,128.31984,346.89883,307.6947,-127.57165,334.43573,256.2333,56.841503,335.63876,265.75467,-56.824394,384.76395,232.68088,47.69371,391.02475,241.60124,-80.30838,381.82437,282.83215,110.76752,384.67346,293.25845,-16.413513,372.30087,291.6151,116.983185,377.66425,301.82077,-9.400931,402.94675,292.16437,120.84823,411.61758,297.76022,-9.40981
frame_138.jpg,glute_activation,238.10158,268.63174,11.502739,232.37857,270.43927,17.67061,232.42674,270.91827,17.635748,232.47775,271.52414,17.620724,231.85455,271.46802,-0.11335322,231.56343,272.68286,-0.122371614,231.21457,274.11456,-0.15991582,233.22366,280.08105,52.462048,231.24057,282.93332,-27.522429,243.74957,271.80576,26.389252,243.02727,273.1924,3.1499388,262.87155,281.17133,103.67647,256.24146,293.79608,-77.65889,301.9925,283.65143,138.00302,293.26587,302.89536,-125.420135,333.03137,284.9971,130.99266,335.14297,307.87286,-161.87274,340.9843,285.22534,136.3638,349.05612,312.57104,-178.07797,340.77728,285.40555,120.53211,350.38104,310.2695,-172.37946,338.75278,286.00833,123.935135,346.48788,307.63016,-158.8175,334.38785,257.83694,59.106552,335.58353,267.91418,-59.096203,383.46542,230.60138,51.54374,391.51123,239.49403,-82.82266,381.6475,281.8311,115.51651,384.1284,291.2777,-17.317667,375.08456,290.82956,121.552925,378.02554,300.8612,-10.196952,404.41748,290.57144,123.47324,413.28586,297.22046,-11.019216
frame_139.jpg,glute_activation,238.03104,268.15378,-3.1953714,232.40852,270.11264,2.876814,232.42012,270.5339,2.8356056,232.42928,271.07407,2.816885,232.03595,271.24057,-15.002752,231.7911,272.51743,-15.015652,231.52008,273.88376,-15.067373,233.31795,279.06012,36.53285,231.9976,281.84937,-43.621338,243.63411,271.13992,11.221224,243.10593,272.67413,-12.075604,262.3544,282.0669,90.471756,258.29865,294.42496,-95.01994,303.3641,286.75974,120.708916,297.7463,304.34604,-143.69139,336.9301,286.912,117.81642,340.04028,307.73184,-175.4526,347.82452,287.943,125.61027,352.164,313.033,-193.30182,349.64978,288.16003,110.15774,354.51187,309.64694,-186.90656,343.24313,287.01584,110.899765,350.596,306.62787,-172.62633,340.02063,270.3049,58.848797,342.84308,281.88596,-58.833828,377.5679,231.37857,47.150173,390.04575,245.01396,-85.82908,380.76474,282.91077,128.48877,388.88312,292.33423,1.1645099,376.47052,290.20477,136.4657,383.95764,303.07474,10.448774,405.00323,288.7554,140.69826,415.12772,295.5374,9.193359
frame_140.jpg,glute_activation,239.71295,268.68668,22.6268,233.94417,270.3143,29.176271,233.96329,270.8088,29.146833,233.98486,271.39252,29.132423,233.34396,271.4419,11.167444,232.93643,272.693,11.160526,232.51859,274.11575,11.129304,234.39667,279.934,65.89801,232.14592,283.1321,-15.399281,245.26054,272.07587,38.278805,244.51321,273.4736,14.693647,264.39294,281.74533,116.8528,255.84488,292.54514,-65.619415,303.61774,284.35367,156.22073,290.64856,302.58002,-112.92412,333.15607,285.89618,157.04555,332.3227,307.03665,-153.05905,342.1721,286.23544,163.04808,347.68857,311.8405,-167.82535,341.79675,287.14853,147.2867,349.58716,309.91092,-162.51006,338.3771,287.4858,150.32335,344.72852,306.73282,-149.88126,333.9488,254.73724,59.383713,332.61267,262.03088,-59.415764,386.68256,232.22023,39.083866,389.5682,238.68616,-87.04952,383.74637,282.27924,106.08659,384.4861,291.96347,-18.548147,376.79736,292.5209,112.585915,376.04022,300.3298,-10.849468,406.60437,290.13898,115.26825,411.28177,296.22223,-8.788892
frame_141.jpg,glute_activation,234.51785,267.50476,-7.366165,229.23523,269.52423,-1.5927081,229.1788,269.966,-1.6442436,229.0937,270.52164,-1.6600145,229.15361,270.59222,-16.27796,229.04245,271.8085,-16.278687,228.8639,273.11783,-16.301064,230.75081,278.66626,26.17079,230.37839,281.38058,-40.630432,240.72365,270.05304,3.8230178,240.54419,271.5723,-15.701083,264.03354,281.22638,63.996803,260.2099,295.4768,-77.915886,306.38727,288.38318,77.1219,302.04755,304.1004,-100.07344,339.08447,286.20956,66.21991,341.6719,307.90567,-99.08894,349.9553,286.29486,67.242226,353.00995,312.7815,-114.29363,349.36652,285.80637,55.216743,355.91995,309.65503,-110.65869,345.06464,288.2275,60.41767,352.52335,307.33105,-97.77348,339.33148,273.2642,41.27594,343.22983,286.2739,-41.29258,327.3263,218.62566,42.290703,378.61,230.9381,-52.462852,380.06885,208.49374,79.616005,387.63983,285.50568,15.32084,387.375,211.1795,81.220215,382.47958,297.22778,23.091251,384.9848,185.15782,70.15044,417.06616,293.95926,22.266624
frame_142.jpg,glute_activation,236.6261,268.83545,-4.919067,231.37796,270.52197,-0.023012513,231.32248,270.80914,-0.041113254,231.27457,271.18237,-0.0748163,231.15974,271.78433,-12.793665,230.92287,273.05728,-12.783085,230.62195,274.45203,-12.785958,232.07193,279.45004,27.748281,231.49258,282.6465,-31.669405,242.86903,271.2142,6.5293446,242.26566,273.17847,-10.802536,262.83984,281.37167,62.842674,259.32712,295.39523,-61.67484,299.55188,278.54828,87.09563,297.0545,302.53723,-75.67651,308.55066,251.46739,72.40932,311.46695,266.16904,-68.169365,312.01242,243.60287,73.9073,318.62637,258.10083,-74.8031,309.8742,242.40985,60.899845,313.36456,253.54153,-66.75647,308.33286,246.2848,66.46635,310.92725,257.35336,-63.152657,333.13248,254.22357,40.260666,338.67184,266.2424,-40.203438,343.32483,200.6841,49.49656,393.50632,232.00482,-67.980545,375.57996,221.88469,76.45112,389.30664,285.3078,-16.818642,378.38483,230.55939,78.55436,383.98645,293.03537,-9.286425,394.16324,205.23999,81.64642,417.0749,295.40485,4.766429
frame_143.jpg,glute_activation,237.66832,270.0833,-21.545923,232.32846,270.74948,-17.439709,232.22754,270.87238,-17.449345,232.12639,271.05014,-17.453253,231.82419,272.2388,-31.516388,231.36844,273.51923,-31.515848,230.9148,275.057,-31.534687,232.14912,278.97467,9.667736,230.9089,283.69003,-56.14102,243.36462,272.56476,-9.982101,242.73282,274.76804,-29.128199,258.5958,283.90442,51.308456,257.36035,295.8333,-85.71296,294.60028,285.6291,77.20671,296.38058,303.94705,-107.96954,313.90912,264.12906,69.642136,318.14435,269.4695,-100.755226,320.13965,256.8015,72.76569,325.8026,262.3327,-110.40181,318.45093,255.47118,59.91004,322.06793,259.0539,-100.54089,314.6866,257.1881,63.916786,319.10486,260.5549,-95.212006,326.90945,249.54762,44.45144,332.80963,259.31223,-44.410545,340.828,194.71492,63.702316,388.26584,230.63782,-70.40432,375.58795,215.46143,109.28437,390.0161,285.16818,-31.48179,378.78162,218.67786,112.816956,383.22983,295.99365,-26.326714,394.1601,198.44334,113.241104,416.0136,295.40054,-21.794548
frame_144.jpg,glute_activation,235.38246,267.88928,3.006558,230.31445,269.95584,6.817777,230.2651,270.39792,6.791887,230.19818,270.9665,6.753357,230.28201,271.0213,-6.3140364,230.24347,272.1853,-6.334236,230.158,273.5336,-6.367532,231.82755,279.02097,31.475468,231.55128,281.98386,-27.882534,240.91052,269.97668,13.273815,240.52583,271.465,-4.0025744,263.3869,279.29065,69.21915,259.1145,293.13513,-59.462807,297.75806,284.51746,119.741684,294.69196,305.69873,-68.65465,294.83136,257.24072,131.5925,296.34964,263.58188,-45.5139,294.89703,251.551,134.29713,296.25525,253.96979,-49.461117,290.94974,249.41617,122.49271,291.3565,252.90157,-42.178234,290.4754,252.95201,126.56213,290.59924,256.65216,-40.357483,338.12555,265.05148,42.98941,344.86493,277.8636,-42.942158,336.04892,210.96509,47.182343,388.69745,228.81685,-66.34513,370.9247,228.37962,75.90306,389.76193,286.4077,9.231795,371.7484,235.9553,78.44873,385.1009,297.19415,20.422306,389.16315,224.77077,84.64767,416.57544,294.1584,45.87113
frame_145.jpg,glute_activation,237.75119,271.25522,-11.255225,232.25038,272.17166,-7.031433,232.14734,272.11597,-7.0379834,232.04227,272.11807,-7.0711317,231.92218,274.44534,-18.925043,231.76024,276.06775,-18.91312,231.7023,277.73508,-18.917555,232.72061,279.80447,19.772556,232.43478,285.0928,-35.973972,243.42088,272.7221,-0.03413166,242.98169,275.5807,-16.248947,259.00406,282.509,55.994514,258.41687,294.7123,-58.388363,292.3022,282.49005,103.87183,295.93616,304.7483,-71.40997,296.63266,254.48502,117.98255,301.01846,265.89673,-59.523285,297.13806,248.32323,123.149864,302.66586,255.58392,-63.55888,293.68243,247.18304,110.937485,296.26917,254.01639,-55.16815,293.58313,250.5711,113.36949,295.09427,257.1897,-53.759384,327.0764,247.50627,39.866467,333.20782,259.32504,-39.890923,342.17145,191.98346,41.28618,389.55145,232.02084,-76.05411,373.19843,213.7279,100.62129,389.52747,286.6067,-30.10412,375.881,221.57481,105.99991,382.49048,298.8676,-23.26046,395.33676,199.84859,110.55463,415.60245,296.36798,-10.8639765
frame_146.jpg,glute_activation,235.62274,268.07196,-10.091499,230.24857,270.13333,-5.2021294,230.19495,270.53583,-5.255047,230.1123,271.04712,-5.267179,229.93936,271.34012,-19.215727,229.6974,272.49075,-19.225967,229.43436,273.92142,-19.268242,231.4698,279.18433,22.761253,230.7117,282.18024,-40.53296,241.58875,270.57327,1.2764274,241.20491,272.10034,-17.175402,265.75626,281.10394,64.60794,259.40656,295.84775,-81.95714,306.99252,288.07117,83.27609,299.23132,304.4767,-118.80731,339.3365,286.6601,77.501915,337.6109,310.1667,-142.31732,349.62735,286.97778,81.02708,349.0143,317.03354,-159.5671,349.09683,286.0189,67.10331,351.75793,313.30112,-156.43079,349.51898,288.73694,71.25428,348.0985,311.02628,-141.69815,343.23785,272.1834,44.18747,345.77826,283.96414,-44.19603,329.58408,218.26909,47.94393,384.1328,231.66618,-54.576225,367.8313,226.47612,74.358055,386.30643,285.2651,21.025782,371.48557,233.99701,75.60583,381.02145,294.94614,29.886389,384.57596,210.92995,71.923935,412.2904,291.7993,37.268295
frame_147.jpg,glute_activation,239.77399,266.7295,17.980106,234.19116,267.56592,23.443172,234.29675,267.69788,23.40163,234.39313,267.91467,23.362963,233.53976,269.15625,10.267736,233.12881,270.54385,10.259617,232.63168,272.16727,10.241091,234.49646,276.02942,52.190376,232.182,280.39124,-7.5173573,245.19873,269.3757,29.46193,244.49196,271.37488,12.010429,267.03674,279.58826,83.85941,258.0279,295.22577,-47.954517,305.47278,285.13525,102.48039,296.77155,301.9819,-84.55787,336.20197,284.7221,95.985535,337.0376,309.50247,-119.36779,345.29663,284.5793,99.05954,348.3061,315.58255,-133.44562,346.13623,285.1033,86.94623,350.03253,311.69327,-128.68437,342.0437,285.681,90.647316,346.12964,307.41498,-117.37613,337.6015,259.61188,39.464916,338.06485,270.9486,-39.503174,337.65814,200.27829,33.908558,388.28308,231.51736,-54.150543,376.23267,220.28528,62.415882,390.98798,285.2251,-7.5814867,378.68445,227.75998,64.36763,383.76508,294.99265,-0.7805899,400.5077,212.16888,59.408985,416.247,295.9889,4.0187464
frame_148.jpg,glute_activation,241.73108,266.2178,16.615896,236.45496,266.7346,22.073555,236.48526,266.91833,22.046259,236.54686,267.1451,22.03454,235.59213,267.94052,7.2686806,234.97287,269.0227,7.268509,234.28528,270.4016,7.2609396,235.95166,275.1468,51.89422,233.52296,279.6572,-16.038904,246.89162,269.183,28.880249,246.2486,270.75272,9.01152,266.31946,280.54916,86.35411,258.78748,294.6483,-53.635635,305.4128,286.8432,108.5556,298.60754,303.32532,-94.48799,336.04434,287.1264,98.30397,338.12067,310.346,-131.41295,344.86188,286.4312,99.129196,349.44128,315.50354,-145.96413,345.73544,287.7146,88.64415,349.22668,311.18265,-142.8786,342.12436,288.30014,93.311935,345.4754,307.79352,-130.09505,331.7459,250.76395,45.054962,333.78415,261.445,-45.068665,332.1425,191.54178,34.359947,388.34167,228.7979,-71.718124,375.6882,214.07552,75.10614,389.96982,285.53854,-16.042809,377.79498,218.92969,78.78106,383.8623,295.32346,-8.161152,401.0688,204.30931,75.28409,413.8232,294.18222,-1.2664814
frame_149.jpg,glute_activation,236.67798,267.7986,-3.71311,231.44577,269.61285,1.7115133,231.40735,270.0217,1.6664538,231.34567,270.53876,1.6601706,231.18349,270.58478,-12.425155,230.94377,271.76917,-12.434216,230.6474,273.10837,-12.473366,232.60162,278.3243,30.166409,231.48196,281.34222,-33.908447,242.69753,270.32935,7.617719,242.42862,271.9494,-11.082485,265.96164,280.80197,71.048706,258.68655,294.66278,-78.17884,306.3189,289.25586,87.25342,299.00983,304.22745,-114.77538,339.2704,288.1194,81.86943,337.36993,308.6914,-134.27934,349.61194,286.89102,85.90561,347.91348,315.17575,-150.90717,349.01764,288.25363,72.42421,350.71576,311.43927,-146.87598,344.71643,288.8118,75.80548,347.51617,309.13788,-133.03828,342.33832,272.57907,45.491455,344.00262,284.84897,-45.509533,331.90552,216.85962,42.436058,380.8687,235.59232,-60.358063,369.9237,227.8284,62.495926,387.13397,287.78387,6.6669917,373.93085,233.6354,63.17303,381.9135,298.8052,14.756248,388.07538,215.06718,56.75116,414.78577,293.00903,18.819082
frame_150.jpg,glute_activation,237.6105,269.53732,12.011966,232.46269,270.80692,17.808403,232.50363,270.98236,17.77882,232.57755,271.21518,17.765217,231.74713,272.0104,3.4364452,231.26558,273.30896,3.4464576,230.75708,274.9676,3.4483232,233.00021,279.66934,48.11224,230.58372,284.3458,-18.139685,243.29124,272.3541,24.398735,242.66418,273.9664,5.0058775,264.29718,282.2003,82.45945,255.84384,296.46957,-54.932587,304.00632,287.0526,101.99582,295.17032,301.36438,-94.876755,336.0805,284.8243,94.68635,335.78995,306.20673,-131.77457,346.73566,286.14075,96.99325,347.87692,310.2953,-146.77783,347.32608,287.8722,85.58121,348.72827,307.26572,-142.04265,343.51508,287.784,89.6763,344.70444,304.4541,-129.77373,328.76337,251.20433,44.785095,330.45117,261.44775,-44.800686,340.21042,194.41074,33.181293,382.05035,230.58376,-75.22445,377.19394,215.40042,87.17067,390.10406,286.30002,-28.778057,380.93097,222.16298,91.66737,384.23688,296.15277,-22.701591,402.79626,207.0557,86.69188,415.41898,295.45016,-22.474382
frame_151.jpg,glute_activation,236.28603,268.29443,-2.3364456,231.11874,270.0645,2.6404305,231.11707,270.43463,2.5954983,231.08864,270.9255,2.5875468,230.78621,271.29846,-11.744896,230.57492,272.5419,-11.755945,230.25647,273.93365,-11.795559,232.50084,278.7705,30.54219,231.13684,282.04614,-34.565235,242.2973,270.65656,9.000647,241.83792,272.3836,-10.00437,267.0999,280.50974,72.19001,258.17227,295.0962,-77.73319,306.94296,289.03403,91.856155,297.13754,304.83237,-116.96511,339.3518,288.8364,85.56241,335.68268,309.0223,-141.99522,350.06024,287.38712,89.08945,348.04034,315.2918,-159.2171,352.99463,288.75455,74.898,350.76105,312.06635,-154.8566,349.22266,289.86536,79.11618,347.13324,309.54633,-140.66946,342.9063,269.96295,45.55471,343.2141,281.75278,-45.56206,332.54684,214.55153,44.92239,382.59576,231.87424,-59.338882,371.9261,225.53743,73.30935,390.0915,285.26907,7.103069,375.74094,233.20906,74.75493,383.88184,297.7739,15.051385,390.3651,215.18767,68.98635,416.58875,293.86826,18.961971
frame_152.jpg,glute_activation,236.116,268.17627,-4.7387586,231.26215,270.1122,0.20413429,231.24588,270.5,0.15996277,231.19617,271.00766,0.15303884,230.93071,271.37296,-14.8185835,230.66675,272.6515,-14.829628,230.35626,274.01108,-14.874259,232.48532,278.86197,28.465397,231.42242,281.92102,-39.65586,242.0438,270.5525,6.899414,241.6391,272.27985,-12.989012,265.13773,280.68658,72.82449,257.8719,293.785,-83.728546,306.04593,288.79578,95.70111,297.852,304.12097,-124.15434,339.1115,288.61853,92.08428,338.48694,309.2208,-148.74258,351.4523,288.89087,96.86425,349.85193,315.32672,-166.5529,353.31763,289.2885,82.065704,352.61594,312.07306,-161.78583,349.5203,290.19443,85.56427,349.40363,309.97205,-147.16716,343.05576,268.8845,47.91319,344.73682,280.464,-47.94752,334.53494,212.99315,49.56636,387.5254,232.74622,-59.38265,373.72015,224.2784,79.341934,390.58322,285.9182,14.502107,378.0526,232.14919,81.01283,384.65298,296.17654,23.110674,391.42523,212.23068,75.47823,418.35083,297.28625,26.225824
frame_153.jpg,glute_activation,237.22803,269.34262,8.936778,231.89362,270.64563,14.863181,231.90369,270.8614,14.837776,231.92024,271.16046,14.831224,231.26126,271.8457,-0.103966296,230.78824,273.21292,-0.10336158,230.28923,274.9519,-0.12093313,232.02771,280.3086,45.908363,230.14359,284.54187,-22.597504,242.82463,272.10193,21.674286,242.2435,273.73965,1.6857694,263.48126,282.1646,82.162704,256.5222,295.3525,-60.47668,302.99844,287.1455,101.456375,297.96896,301.98428,-96.3269,335.07465,284.83432,88.52952,336.86395,302.72275,-124.928375,344.28473,283.403,89.840935,349.22147,306.0351,-139.78972,344.79797,284.68414,78.03999,348.4929,301.8128,-135.16425,341.0162,285.39398,82.930954,344.3036,299.0324,-122.76116,328.26382,248.06314,45.207558,330.4639,258.464,-45.220528,341.61484,191.47934,31.229378,383.9464,229.88492,-79.64112,378.10077,215.87259,93.047874,390.1247,285.9491,-23.060081,379.143,217.54482,98.350525,384.0116,295.3281,-16.067163,403.37857,208.1285,91.98981,415.68018,294.84842,-16.70853
frame_154.jpg,glute_activation,238.43338,268.054,-9.899022,233.2056,269.6255,-4.8122873,233.21266,270.0224,-4.8623753,233.19482,270.49612,-4.871131,232.80357,270.78778,-18.933899,232.49728,271.99078,-18.94141,232.1672,273.3174,-18.987087,233.92606,278.41953,22.763885,232.56754,281.91003,-40.909782,243.90051,271.07953,1.3114872,243.58192,272.4589,-17.226936,265.71292,282.1638,63.503555,259.29633,295.12665,-82.41493,306.0352,290.4929,79.138885,300.83154,303.98672,-114.26314,338.7843,289.99872,72.5284,339.78094,310.43103,-127.6659,349.20294,290.90875,75.80535,351.22644,314.81586,-143.74648,348.65576,290.0445,62.4545,353.67676,312.38153,-140.1319,346.49084,290.6253,66.424576,350.72992,310.5596,-126.48925,343.47012,273.60327,43.999985,347.62784,285.6305,-44.00972,331.80618,220.05368,46.17523,382.85773,233.45117,-57.68389,368.9235,226.77022,70.02066,387.41412,285.5647,19.929865,373.10367,234.12811,71.26626,384.2874,295.426,29.27771,388.59662,221.72366,68.622635,412.14572,291.39334,39.75161
frame_155.jpg,glute_activation,237.68301,269.23615,4.324688,231.95432,270.92548,9.368344,231.99185,271.2571,9.329372,232.04001,271.67096,9.315511,231.51492,272.0025,-4.9864454,231.2763,273.16843,-4.9909663,231.0275,274.6653,-5.0192738,232.61935,279.78168,37.754288,231.08635,282.98587,-27.996689,243.19397,271.79007,16.001545,242.68846,273.43613,-3.2454677,265.1225,281.4981,76.55409,257.26312,293.86053,-68.024284,304.99997,288.41858,99.02544,296.0165,303.77997,-109.01961,337.14694,289.6211,97.23385,337.67816,309.13873,-139.76404,347.53015,290.00266,101.60908,351.16583,313.64017,-156.686,348.87357,290.36115,87.60787,352.71225,311.56384,-150.70178,344.44342,290.90677,91.101845,349.23285,309.05933,-137.70369,338.43887,260.83505,44.973877,339.9662,271.6659,-44.936028,337.16068,204.66405,36.466843,389.48743,231.21481,-60.24878,375.51318,220.33742,76.14064,390.85553,284.6803,2.6754456,379.14597,229.87083,78.80252,385.95078,294.82697,10.322069,401.29333,207.57985,72.14011,417.0617,293.06793,11.265086
frame_156.jpg,glute_activation,238.453,269.92017,6.9899654,232.80038,270.89124,12.631377,232.80281,271.02597,12.604738,232.84628,271.20016,12.591472,232.04752,272.2181,-1.5175152,231.48746,273.42667,-1.5073448,230.91428,274.9569,-1.5041803,233.08212,279.4884,43.2,230.81409,284.52042,-21.903545,244.28206,272.4347,19.48747,243.59436,274.13754,0.4699586,264.38947,282.15005,77.18907,256.19128,295.11243,-56.00389,302.78857,287.22125,97.84534,295.3841,303.03705,-89.62587,335.34378,285.91992,91.35266,336.96576,307.38687,-123.70328,346.3557,286.70978,94.36374,350.82974,312.65823,-137.84573,347.01068,288.12094,82.13822,351.15067,307.94214,-133.29828,343.05396,288.1021,86.284164,346.35052,305.53687,-121.60704,328.0917,248.16971,43.80063,330.94818,258.47458,-43.839447,339.16193,194.06161,38.451042,384.13306,231.23912,-74.65961,377.58542,213.4886,87.89923,392.01288,286.23492,-33.620644,380.66043,220.89348,92.03101,392.70816,294.8467,-28.338633,402.89352,205.18036,89.021,415.50598,295.28445,-26.44988
frame_157.jpg,glute_activation,236.96976,268.09518,-4.66015,231.80862,269.63156,0.5644486,231.81947,269.99084,0.52118707,231.81235,270.47562,0.51865864,231.45958,270.7408,-13.6447525,231.26126,271.95175,-13.652069,231.05316,273.2894,-13.688202,232.57637,278.25256,28.213636,231.25745,281.2233,-36.050507,242.39601,270.60574,6.450881,241.78893,272.22562,-12.304549,265.5357,280.18292,69.34956,257.04187,293.61752,-80.18028,305.32526,289.57556,85.107574,296.7454,304.1115,-113.43574,337.81906,290.87192,80.57466,336.52515,308.98892,-128.08287,348.47876,291.07568,84.48159,348.71127,313.95142,-144.17778,351.72693,292.376,71.072914,351.36447,311.1381,-139.70924,348.10788,293.28445,74.48993,348.33023,309.49164,-126.43831,341.29196,273.50244,45.65493,343.0238,285.0166,-45.67736,331.62628,216.97717,44.62296,380.43503,235.78436,-60.020035,368.21902,228.59634,68.17832,386.57263,287.05435,7.781951,371.56787,236.61719,69.37364,381.06848,298.92358,16.090649,385.6815,215.26663,65.31465,413.96295,292.7325,22.729588
frame_158.jpg,glute_activation,235.99442,268.25446,0.10938946,230.67197,270.0969,5.1491923,230.64099,270.53522,5.105006,230.58737,271.09122,5.101952,230.32513,271.19495,-9.775313,230.07855,272.39938,-9.78497,229.7477,273.73206,-9.825917,231.63094,279.21808,33.279,230.36673,281.70966,-34.404976,241.78317,271.08356,11.572273,241.3466,272.53253,-8.181126,264.5329,281.53098,76.89993,256.65683,293.80664,-80.73129,305.9516,289.03046,97.18151,296.6071,303.5738,-123.5841,338.27057,289.0929,92.48043,337.35974,309.05634,-152.56245,349.40903,289.26996,96.85939,349.03357,314.91083,-171.15533,352.4606,290.31693,82.208176,352.20898,311.93063,-165.86325,344.43036,289.28726,85.89992,348.50772,309.8896,-151.01262,343.1004,270.07596,47.868614,344.37994,281.02032,-47.88186,333.76392,213.30414,48.290604,381.99063,232.69923,-60.544212,373.49036,224.98227,76.52202,388.3639,287.05792,8.443538,377.22595,232.56757,78.098755,384.38705,298.67975,16.80785,390.77835,214.0769,73.36808,416.1698,294.7707,22.39105
frame_159.jpg,glute_activation,239.0328,268.84286,3.8447118,233.69102,269.45663,9.320232,233.67328,269.59036,9.290762,233.67786,269.75153,9.277144,232.90005,270.72308,-4.5362372,232.30664,271.83865,-4.5273585,231.66252,273.28738,-4.5235343,233.54724,277.40088,39.357754,231.28084,282.5234,-24.574661,244.8751,271.44046,16.125141,244.20174,273.20758,-2.5601935,264.1415,282.38358,72.41275,257.09964,294.66147,-57.447952,302.52512,286.83975,89.48547,296.36142,301.96677,-91.353004,334.95938,286.07324,79.54224,336.99765,307.9442,-125.75047,346.00894,287.53082,81.75645,350.19733,313.06213,-139.79623,346.75037,288.96216,70.24313,350.70746,309.54898,-136.05093,342.81622,288.90118,74.612175,346.6287,306.9425,-124.05785,327.461,248.03145,42.678646,331.21722,258.6643,-42.71038,337.4086,192.89879,42.54997,387.2791,229.57962,-75.7484,375.8402,214.00417,88.97041,390.46936,284.03253,-35.653526,379.7981,221.40742,92.8851,389.80206,293.47528,-30.395958,399.507,205.52896,91.974144,413.747,295.58798,-26.137207
frame_160.jpg,glute_activation,239.0404,265.39032,-6.2352686,233.68097,266.95993,-1.250829,233.6042,267.37006,-1.2958429,233.50687,267.8905,-1.3070881,233.39722,268.04694,-15.96038,233.13004,269.2225,-15.96921,232.73239,270.57614,-16.00618,233.99371,275.6079,27.910156,232.91373,278.37674,-38.77259,244.84094,268.39795,5.744275,244.32533,269.92032,-13.705513,266.0135,279.6377,72.76827,257.55853,293.1918,-82.4619,307.40344,288.0034,93.28856,297.43442,304.87564,-120.24413,339.747,284.75345,82.0462,338.06808,308.24945,-140.85478,349.2398,285.73615,85.18823,350.0913,313.50208,-158.29578,349.00937,285.48535,69.72856,352.41656,311.03668,-153.3423,344.8396,285.8745,74.98175,348.97812,308.38074,-139.17726,343.2875,272.3343,46.335037,344.8248,284.56958,-46.327797,331.0022,214.83626,45.224606,383.86023,231.76093,-57.092117,370.95105,226.13905,73.36783,386.6623,285.18872,11.201898,374.2256,233.40999,74.73265,382.86853,296.16354,19.406473,390.33356,211.22385,69.53198,413.26202,292.11038,25.70986
frame_161.jpg,glute_activation,236.76247,267.41898,-4.210552,230.80582,269.31003,1.299808,230.77019,269.70023,1.2599671,230.73204,270.17337,1.2588443,230.62187,270.3917,-13.394589,230.45868,271.514,-13.411159,230.27463,272.88773,-13.445859,231.80122,278.42075,29.575891,230.97302,281.53928,-35.905956,242.5794,270.12057,7.58142,242.24074,271.87772,-11.276129,263.9597,280.71252,68.306946,258.19504,295.3755,-72.03302,302.65097,286.15057,99.458855,297.68774,304.57214,-99.6042,334.70032,283.64542,95.524506,337.39166,308.7888,-110.71621,343.8913,282.49228,97.999535,349.64362,313.92914,-122.195694,343.876,282.13312,87.848175,351.61465,310.75864,-122.1248,340.34125,283.56482,90.41719,347.5968,307.838,-110.24856,342.46048,270.1707,44.89627,342.28665,278.40482,-44.97479,382.06653,228.05339,42.09547,327.09763,216.55081,-28.98657,383.17853,280.80945,104.762436,365.4881,220.22517,61.457466,379.7782,290.86172,112.58643,371.23624,225.14731,72.059296,408.5915,289.03638,127.42791,371.21777,199.27371,94.877815
frame_162.jpg,glute_activation,237.50748,268.637,1.4853321,232.08955,270.0449,7.5359907,232.09816,270.30917,7.4950523,232.07669,270.6366,7.4883947,231.83865,271.39688,-6.966598,231.58998,272.67636,-6.9816046,231.26924,274.24658,-7.01989,232.6638,278.51233,37.074116,231.26083,282.54123,-27.706245,243.26923,271.263,13.4335575,242.78496,272.93927,-5.18287,264.0633,281.63635,74.00025,258.40118,295.6169,-66.90713,305.1274,287.40186,104.54518,297.81808,304.46942,-99.77135,339.72354,286.9172,100.90172,337.622,307.69833,-115.622925,346.67636,286.5694,102.5624,349.73782,312.95258,-127.90103,350.46414,286.37238,93.45654,351.58868,310.28964,-128.05255,346.98242,287.35242,95.99692,347.7289,307.53613,-115.44983,344.20273,272.2878,43.777927,341.6632,279.0475,-43.84062,383.3968,227.90337,34.102844,341.60052,215.03244,-41.65867,386.16837,281.59863,97.435875,370.7388,222.07892,45.90591,381.6101,291.44354,105.290535,372.10217,228.92206,56.72204,409.90198,292.63004,116.12044,389.04132,212.82191,77.38135
frame_163.jpg,glute_activation,237.08447,268.72452,23.757084,231.25061,270.2896,30.265093,231.21597,270.5757,30.241116,231.21371,270.98013,30.241777,230.8852,271.40494,15.783001,230.62868,272.7136,15.774853,230.36208,274.34216,15.75605,232.09976,280.305,59.313046,230.89424,283.48724,-6.345953,243.01813,271.55588,35.515854,242.58614,273.18616,16.587805,262.5522,281.79517,90.88776,257.63245,295.72104,-44.683067,302.91287,285.75812,118.70886,298.66602,303.158,-81.136795,335.36768,286.00604,121.400375,335.8355,308.24728,-111.55142,344.43454,286.19543,122.635796,346.94363,312.24304,-124.42399,345.22333,287.88913,115.51601,347.95688,309.90317,-122.58688,341.64093,288.17865,117.6031,344.28094,307.60184,-110.680244,330.82184,255.59122,44.351227,329.61267,261.4393,-44.394882,383.5127,227.77342,18.086742,349.29752,203.13437,-60.39844,385.6517,282.65366,98.711655,381.69742,214.27554,12.7102375,380.79138,292.92743,108.559616,379.13843,216.7273,22.211224,408.81595,289.81543,111.56106,397.3736,193.56563,25.134325
frame_164.jpg,glute_activation,236.60666,268.07022,4.412008,230.97827,269.85382,10.749797,230.90808,270.24844,10.7123995,230.83467,270.7509,10.707361,230.65024,270.9727,-4.6310363,230.36201,272.2342,-4.649721,230.07477,273.62683,-4.6923556,231.68256,278.46185,40.737072,230.82242,281.60196,-27.852322,242.4321,270.7219,16.478775,242.13031,272.30417,-3.191811,264.1977,281.2409,78.80989,259.40894,296.2539,-68.91434,304.39938,287.69925,113.21951,299.8493,303.8981,-97.81015,335.8588,285.72885,107.09693,336.96732,306.90506,-105.108734,345.49005,286.67682,108.14454,348.58765,312.11008,-116.9471,348.82178,286.6553,98.5495,351.56888,309.46198,-117.56625,345.3043,287.50516,101.82683,347.53598,307.04037,-104.94217,344.20386,273.2108,45.782944,341.63272,283.05533,-45.86725,380.64084,227.15607,32.104984,336.38525,221.78802,-44.830307,384.18793,283.4588,91.26347,365.4278,223.90675,47.051586,378.64496,293.41428,98.7388,374.5367,231.01268,58.261993,407.66895,292.40787,107.450066,374.87088,204.37271,77.28786
frame_165.jpg,glute_activation,236.78711,268.50952,23.577604,231.2008,269.60376,30.436535,231.26239,269.84537,30.403702,231.35414,270.1982,30.39862,230.76907,270.99597,14.9333725,230.54527,272.34576,14.922351,230.30058,273.90607,14.893136,232.16153,278.8097,60.686172,230.2282,282.89343,-9.340085,242.45827,271.42453,35.827957,241.8747,273.22314,15.653416,262.93018,280.83817,95.534706,257.19397,296.154,-51.4287,303.50815,286.41086,127.67461,298.6076,303.121,-84.52831,336.9735,287.19818,130.8714,337.32733,307.97485,-104.78074,345.6891,286.29935,132.93956,348.8285,311.74576,-117.01254,346.34662,287.50394,125.37265,349.48615,309.20312,-116.02508,343.02258,288.17987,126.74645,345.8163,306.82404,-104.00647,335.26736,258.84238,47.155376,334.13818,265.7069,-47.207535,384.39377,226.34668,25.694683,350.62207,204.04106,-64.20125,385.39365,278.97824,107.3013,373.49033,214.97446,28.471851,381.54068,291.69165,117.47558,374.1765,219.6496,40.49193,408.88568,290.53412,125.58057,390.0985,196.36137,54.474693
frame_166.jpg,glute_activation,237.96051,268.81775,13.3442,232.0871,270.43375,19.44654,232.12083,270.74832,19.409586,232.15375,271.14078,19.402992,231.6764,271.739,4.6134577,231.38272,272.98352,4.6009903,231.03717,274.52087,4.5766687,232.97345,279.1854,49.06404,231.34865,282.62067,-17.668814,243.67966,271.5017,25.472898,243.14587,273.1949,6.2819867,264.6838,281.27048,84.68838,258.9372,295.47507,-57.506405,304.28763,287.83102,116.911125,298.24927,304.354,-89.040596,337.76608,289.20004,117.678665,337.18814,309.33627,-107.98321,346.3999,288.30704,119.074005,349.75488,313.40942,-120.22149,347.16006,288.54745,110.72089,351.25058,310.33347,-119.43009,344.4339,289.16022,113.12705,347.54938,308.54788,-107.262344,341.2771,264.64978,46.438873,338.85318,271.14734,-46.477592,387.94675,226.9678,25.531937,351.26132,211.67105,-58.353546,385.88123,281.07523,98.63526,374.65836,217.5812,23.742819,382.1073,293.6008,107.70488,376.047,223.07397,34.341187,410.63287,292.7168,113.66701,388.5213,195.55388,45.14666
frame_167.jpg,glute_activation,237.04764,268.0675,1.195514,231.19934,269.7631,7.0603156,231.167,270.15372,7.018914,231.11987,270.63776,7.0155115,231.00479,270.74335,-6.7999177,230.81703,271.85065,-6.8173337,230.58133,273.21533,-6.8568726,232.20203,278.59888,35.189213,231.09381,281.4763,-26.202877,242.91603,270.9832,12.531557,242.58476,272.42902,-5.151382,266.17065,280.3465,70.79871,259.03473,294.62717,-65.792885,304.1778,288.25278,95.95639,296.67133,304.45654,-95.37402,337.17407,287.08176,88.66954,335.97076,308.2177,-109.19096,347.2503,286.15747,88.97773,346.9241,312.425,-121.29588,346.63843,286.20145,80.24047,349.231,309.91513,-122.2425,346.99786,287.43744,83.88959,345.48682,307.54935,-109.38354,345.16177,277.08707,44.0609,342.05145,286.34348,-44.12577,384.3767,229.52066,26.791103,332.63242,226.81653,-38.56842,382.3161,281.81653,93.62248,369.40265,220.50565,44.115276,377.90576,292.19626,101.75727,373.6233,226.00494,54.09016,408.179,290.6866,112.056206,377.70374,196.48735,68.609764
frame_168.jpg,glute_activation,235.5257,269.445,22.383839,230.02692,270.80746,29.007889,230.02686,271.08774,28.979225,230.05852,271.45923,28.985054,229.46637,271.9405,14.278044,229.08861,273.1919,14.266124,228.69012,274.7812,14.237053,230.70816,279.98502,58.467262,228.89252,283.97464,-8.279719,240.97557,272.45795,34.295494,240.2607,273.88898,15.045458,262.07904,281.87518,90.65543,254.33968,297.1317,-47.71807,303.01602,285.68475,115.55503,295.7032,302.5505,-88.75491,335.96033,285.42874,115.88397,334.66327,307.44818,-126.33301,345.2339,285.67163,116.77142,347.5177,311.23657,-140.04613,346.2723,288.2571,110.233574,348.67914,308.5057,-138.40277,342.43494,287.38278,112.36703,344.79443,306.99957,-125.56157,331.82318,256.85098,45.15327,329.43347,262.5532,-45.212856,384.99268,228.28676,24.580286,348.7519,202.90785,-59.765472,386.27808,281.95712,103.341835,375.34702,217.36285,18.136196,381.77106,292.81964,112.96333,379.4487,222.40237,28.090897,411.1864,292.66986,117.14005,393.50827,194.93561,33.84223
frame_169.jpg,glute_activation,245.38832,263.55838,4.134002,239.87624,263.41495,10.693603,239.7709,263.6477,10.685993,239.64836,263.97595,10.685655,239.4393,264.65488,-3.4192083,238.96814,265.89407,-3.4336529,238.36807,267.40393,-3.4267678,238.47261,271.70328,46.82441,236.54587,276.13174,-16.789362,249.47815,266.59216,18.625525,248.8484,268.49963,0.37103742,265.7284,277.32034,78.10109,260.19174,295.08356,-41.207222,297.7757,274.16898,64.48786,297.09326,304.24118,-57.992382,288.66043,255.09898,-15.693418,282.47073,264.18378,-19.068357,286.74472,247.9102,-29.512783,281.30887,255.86266,-17.589624,282.16068,248.4395,-29.856915,273.45273,256.87167,-12.780325,282.60352,252.33551,-18.993513,274.05554,259.4624,-13.460709,341.59396,267.09018,44.10246,342.1715,278.03473,-44.084934,384.365,226.16815,26.762238,333.22595,217.04349,-46.0795,385.79028,281.54272,73.27544,372.49866,221.29482,19.482897,379.50885,291.67963,80.4944,375.2942,226.25478,30.292492,407.15927,292.70694,94.61587,382.59402,197.00319,57.54154
frame_170.jpg,glute_activation,235.57266,268.07138,3.1175256,230.14359,270.14224,8.3689575,230.07515,270.6843,8.349852,229.97281,271.3441,8.341313,230.07448,271.0399,-5.480548,229.99191,272.1897,-5.518626,229.81712,273.47388,-5.549732,231.23611,279.85852,35.453564,230.59027,282.12967,-26.434938,241.39041,271.07257,14.1475,241.06961,272.38467,-3.6077096,262.99692,281.65826,71.046684,257.75363,294.58646,-64.33628,300.97574,286.84164,87.46217,296.15088,306.38586,-68.86836,325.9287,267.62698,60.186596,321.51675,274.30585,-20.906506,334.3659,264.61667,54.507175,331.14307,270.56873,-20.654917,333.522,264.7218,48.3787,329.0008,266.03668,-18.761875,330.55664,266.10263,55.40322,326.1276,266.44733,-17.282831,343.5184,274.94983,44.02344,342.55463,280.33414,-44.06246,380.27972,227.80988,45.36405,328.34546,218.58351,-36.672577,384.62735,282.1135,89.93462,366.95377,223.89096,37.523705,377.7428,292.48166,95.74531,369.81125,229.69957,47.77388,410.1102,293.38934,110.029335,377.50525,202.49266,76.97255
frame_171.jpg,glute_activation,236.6294,269.91086,3.937193,231.39381,270.78827,9.247397,231.26884,271.04626,9.244369,231.16394,271.39734,9.247722,231.0869,272.10547,-4.4433546,230.80106,273.40515,-4.457241,230.52411,274.87918,-4.483792,231.46269,280.25552,36.435173,230.91133,283.63416,-25.549927,242.32767,272.55673,15.421511,241.9219,274.4382,-2.410284,259.1586,283.59375,72.7051,257.82758,295.17917,-57.050495,296.2514,288.2191,94.73195,297.64978,305.25333,-70.101364,317.25656,267.10455,89.81317,320.2627,270.8227,-41.728672,325.40158,259.77344,89.458084,328.22678,263.65656,-45.23501,323.41324,258.8358,82.51298,324.0639,260.38074,-38.315613,320.0467,260.0498,85.686485,321.13623,261.88342,-36.603374,334.38995,256.43155,41.365604,333.05048,258.583,-41.419872,386.20087,229.18134,30.37554,345.86658,198.9963,-48.98489,384.79022,281.0644,97.229614,375.79968,216.58041,14.632189,379.30646,291.41602,105.21885,381.34302,221.59758,23.1035,408.2216,291.9218,117.83433,392.1189,192.82274,41.847958
frame_172.jpg,glute_activation,235.60886,268.64148,10.915918,229.94531,270.44382,16.399826,229.89656,270.8429,16.381907,229.82115,271.34457,16.376307,229.766,271.6148,2.6222725,229.5881,272.80035,2.5934074,229.37386,274.18857,2.5738695,230.41882,279.87637,43.435455,229.71844,282.79187,-18.304586,241.08707,271.29153,22.01067,240.73601,272.9932,4.289679,261.6267,280.49655,75.08831,257.8677,294.56647,-54.182358,298.89127,287.3457,89.79252,294.56027,304.319,-63.628487,323.8121,271.86734,72.1576,323.61694,274.6555,-30.314236,333.87457,267.17145,66.83859,331.88983,268.30255,-33.019455,333.30612,266.3924,61.74644,329.5029,264.43338,-28.825436,327.81143,267.37225,67.976364,326.8907,265.51767,-26.088125,339.99973,265.9079,41.497612,336.71118,272.92166,-41.508324,384.50397,227.81181,15.847757,330.00244,213.05464,-50.46968,384.54605,281.22943,79.70877,369.78357,218.21083,5.163469,379.07727,292.6141,87.680275,377.649,224.51941,12.967295,408.1216,292.23218,90.922325,381.69653,196.22429,16.164436
frame_173.jpg,glute_activation,235.60257,268.01852,-0.3569333,230.2431,269.63965,4.9871445,230.21959,270.1057,4.96649,230.18175,270.67694,4.9528065,230.05637,270.5726,-8.281152,229.90036,271.644,-8.31174,229.70909,272.88293,-8.3340435,230.81085,279.58347,32.31227,229.92165,282.10995,-27.00692,241.08478,271.1168,10.855512,240.66696,272.47232,-6.176832,261.65607,281.40173,64.6736,257.36115,294.52823,-60.277943,299.32513,288.17563,78.411606,296.087,305.56927,-67.372475,324.08722,269.85016,56.55766,321.33685,273.82892,-29.393543,333.04034,266.4026,51.952377,330.23364,268.15237,-30.76317,332.09387,266.01144,45.963913,327.4805,264.50803,-27.216095,327.87262,266.2416,52.09068,324.73657,265.35083,-25.445541,343.93875,272.70047,39.988144,340.6784,278.47943,-40.020885,382.26172,227.9144,33.28652,331.1698,216.23726,-38.682266,385.16934,280.69067,95.10071,368.53247,222.51816,28.003685,378.653,291.19775,103.01077,372.34402,228.27023,37.605755,406.90228,292.72858,119.40935,377.18512,201.69424,61.903557
frame_174.jpg,glute_activation,235.85895,269.02783,11.020071,230.29495,270.1777,16.234528,230.19781,270.4389,16.237993,230.13177,270.76212,16.248114,230.02554,271.37268,0.87465715,229.81493,272.43625,0.86073226,229.61142,273.6834,0.8225317,230.77943,278.93973,42.932266,230.15572,282.13126,-26.726315,241.8425,271.3784,22.53246,241.11957,273.12796,2.4418802,257.8351,282.1799,79.91311,255.6803,294.6977,-61.36312,294.40933,282.78577,108.98503,294.79175,305.84702,-82.58007,311.32877,262.95013,106.808044,312.83075,269.6971,-63.081284,318.3336,256.05768,107.8933,320.43018,262.34634,-68.79876,317.35788,255.29475,99.25956,317.15485,258.8116,-60.73781,314.15213,256.33792,102.132454,314.0942,260.4138,-57.63245,329.85815,251.21391,45.055317,328.10614,255.4233,-45.143475,385.06598,227.7975,36.910015,339.62247,192.57437,-52.206875,385.54376,280.00745,109.1246,375.31375,212.54391,20.706974,379.34485,291.79413,117.4817,379.65448,218.3096,29.767277,405.9384,288.283,123.339806,391.7245,192.85901,42.022778
frame_175.jpg,glute_activation,235.99344,268.2358,1.5647783,230.88043,269.99844,7.484965,230.83763,270.449,7.4711046,230.77187,271.03137,7.4697523,230.73602,270.9674,-7.195548,230.6174,272.11124,-7.2359676,230.45502,273.43332,-7.2689652,231.55688,279.7248,36.819775,230.74512,282.2262,-28.793697,241.64395,271.017,13.350323,241.22345,272.3796,-5.443412,262.47607,282.01584,74.44472,257.56738,294.8474,-67.81668,299.52005,291.20453,92.4936,295.3583,306.98328,-77.4602,324.08698,272.09012,64.885605,321.8434,276.49677,-34.202595,333.0973,268.37897,59.437828,330.81458,270.2086,-35.73402,332.645,267.27896,52.839565,328.1585,266.01227,-33.175884,328.02814,269.24112,59.76692,325.24622,267.32047,-30.468428,342.17188,274.59387,45.66517,339.5628,282.13828,-45.703205,378.4682,227.66435,40.253387,325.5869,221.23698,-41.90523,384.50433,281.85907,85.406944,364.60767,225.20757,30.002022,377.70004,293.21063,91.35537,370.07626,228.95097,39.59311,410.41412,293.35995,103.917885,373.75824,201.75035,63.55773
frame_176.jpg,glute_activation,234.70757,269.39282,7.413995,229.53375,270.6344,12.3840475,229.43265,270.86633,12.381725,229.33179,271.16025,12.381327,229.28052,271.79214,-1.1357417,228.98013,272.94885,-1.1475655,228.67136,274.3074,-1.1687937,230.00908,279.4255,37.514893,229.36084,282.7018,-23.790478,240.62747,271.61523,18.076553,240.01846,273.48718,0.3997856,257.91055,281.9401,70.38136,255.65051,295.3421,-54.18627,294.8978,286.91464,95.50328,295.12134,305.6315,-69.563896,313.51636,263.034,93.90443,315.93628,270.4504,-48.776352,320.51663,258.43326,93.495026,323.41602,263.1961,-53.153034,317.61804,255.81688,86.344925,319.912,259.89594,-46.21733,316.13666,258.60123,89.84447,317.26398,261.70065,-43.814545,331.41187,254.83209,38.27297,329.27295,258.67953,-38.307827,383.82837,229.34302,26.611786,338.712,198.95045,-43.960976,387.0393,281.03705,90.13017,374.4383,212.02847,15.14633,380.5304,292.79306,97.64088,379.98712,219.77931,22.75483,409.74957,291.05743,103.28485,390.26367,191.02199,32.549393
frame_177.jpg,glute_activation,234.92542,268.48138,2.1081164,230.0132,270.27695,8.413685,229.97678,270.66052,8.400468,229.90237,271.1608,8.396488,229.81396,271.43692,-6.621179,229.69525,272.58893,-6.660862,229.50157,273.96704,-6.6892457,230.73434,279.54007,39.23481,229.82628,282.39334,-27.937319,240.63278,271.00705,14.489827,240.20245,272.51685,-4.760581,262.9131,281.28607,79.089035,257.6906,294.80698,-68.90997,300.74557,287.82477,96.37623,295.2592,306.78876,-77.14102,326.5189,271.2677,66.28073,321.633,275.31558,-29.377735,333.73868,267.6789,60.84954,330.77774,269.56253,-30.718744,332.9632,266.5671,54.21743,328.1444,265.19272,-28.168274,330.76367,268.6982,61.046867,325.31314,266.3937,-25.511639,343.02762,275.776,47.91285,339.9322,282.6001,-47.95613,379.69058,227.59229,42.69493,326.63663,221.85637,-45.862926,383.65753,282.4589,92.32579,365.90466,223.57437,28.502905,377.08502,293.71237,98.94199,370.66785,229.24858,38.70976,409.88123,288.4592,113.38776,372.9289,200.36469,64.30156
frame_178.jpg,glute_activation,236.29727,268.23734,6.4994144,230.73608,269.78024,11.844874,230.67467,270.1756,11.8279505,230.57793,270.67905,11.818309,230.58946,270.8726,-1.5740846,230.3962,272.045,-1.6050183,230.17319,273.48825,-1.6248106,231.13596,279.62338,39.573303,230.56664,282.69077,-20.556242,241.6287,271.04214,17.819546,241.45389,272.82077,0.5632805,261.8149,280.8148,70.962296,257.27075,294.68298,-53.873833,297.8177,286.959,89.7874,293.99203,305.48352,-64.07312,321.2121,268.89926,75.57152,321.83032,277.7686,-33.216187,330.5745,265.94385,71.31419,330.13196,272.09393,-35.5218,329.18155,264.01822,65.5272,327.98804,267.62466,-32.289272,324.8678,266.43527,71.27769,325.24847,268.7254,-29.531586,341.7826,268.45978,39.445736,338.3859,274.4627,-39.45854,386.5705,229.45288,18.976673,332.09995,214.61534,-45.61885,387.2238,281.70908,76.480576,372.04572,221.35661,5.457322,381.39645,291.22055,83.843414,378.13675,228.48257,12.825643,410.93707,292.62073,88.66716,384.56732,200.01343,18.609507
frame_179.jpg,glute_activation,237.3101,269.81747,6.1365223,231.81262,270.8717,11.330529,231.6997,271.1906,11.327974,231.58798,271.6067,11.336287,231.47522,271.9676,-3.5358047,231.18198,273.19797,-3.5480547,230.8548,274.5991,-3.578156,231.36334,280.5221,37.956997,230.7292,283.2979,-29.23791,242.39783,272.35364,17.555223,241.98914,274.08716,-1.8099726,258.20468,283.84045,76.07997,255.77847,294.88416,-64.30554,295.75992,289.5262,98.044044,296.63483,305.88412,-78.44382,318.1618,268.14307,88.475525,321.18146,273.10974,-49.405365,324.9792,260.80078,88.03178,328.62073,264.73566,-53.803673,322.9872,259.62,80.06938,324.71527,261.7868,-46.908646,319.98203,263.43143,83.78997,321.95175,263.713,-44.22136,333.19342,257.6328,44.021927,331.88248,260.62717,-44.076824,383.69812,229.85739,35.45613,344.37097,199.39166,-51.599674,386.77002,281.5475,100.37186,375.96097,217.3067,17.713085,381.8071,291.41144,108.27411,378.97336,222.10551,26.770409,412.1128,290.7707,119.12651,391.32782,194.25291,44.08261
frame_180.jpg,glute_activation,235.38214,267.57895,9.338304,230.01497,269.48538,14.117939,229.96564,269.9404,14.090358,229.89215,270.50867,14.045307,229.76097,270.46713,2.4489346,229.547,271.55164,2.4269671,229.30835,272.85562,2.3942006,230.77293,278.22256,39.33962,230.16747,281.04102,-12.548923,240.96002,270.2619,19.595224,240.54205,271.74347,4.5264463,264.16974,280.78113,74.588455,257.8907,294.8887,-50.07692,302.85336,285.8548,100.42833,297.533,305.0131,-55.39969,318.12427,262.62814,88.3544,310.7198,265.5475,-29.055967,323.4762,258.65216,86.78757,315.84317,258.27863,-30.45927,319.834,257.20624,79.298164,312.12827,256.6153,-24.011513,317.81943,258.26312,83.87524,309.65222,259.23596,-23.904331,341.15778,277.30634,38.46957,340.54532,292.44525,-38.39868,366.43948,227.30496,31.608498,366.80396,233.44235,-45.94181,383.49973,282.3204,69.54913,387.80188,292.3671,-9.469715,379.03714,292.60706,72.915855,384.9311,304.26257,-3.864297,413.65952,292.01407,76.1033,421.0965,299.3248,5.3778667
frame_181.jpg,glute_activation,234.42722,268.9098,-4.148877,228.6117,270.75586,1.163033,228.46922,271.1408,1.1453564,228.31006,271.61728,1.1047361,228.5922,272.03796,-13.715118,228.35686,273.3016,-13.725234,228.09593,274.79565,-13.766697,228.93878,279.9116,36.6466,228.5769,283.53998,-30.606182,239.52196,270.79373,11.046549,239.41942,272.52493,-8.548141,256.39236,281.47952,83.599106,254.48853,295.06644,-63.07743,289.11057,281.6328,141.67657,289.9498,305.25986,-134.47237,279.45905,255.96942,166.92946,265.18738,273.43277,-167.37915,276.7706,250.7733,177.36693,258.99908,265.91342,-174.82922,273.75964,250.27638,166.864,254.48279,267.7852,-160.90588,274.69296,253.00797,163.46667,256.75064,269.4131,-159.81013,336.2534,265.29977,52.892956,340.505,276.2543,-52.884884,377.87714,223.37434,60.097626,386.0094,227.99023,-68.56442,381.8892,281.98706,102.86726,384.48175,289.2016,-23.594475,375.90787,290.6145,107.1812,379.0138,298.842,-16.541845,405.64758,288.25757,118.02255,413.32184,294.48343,-0.03880685
frame_182.jpg,glute_activation,234.00803,268.89926,16.653368,228.87067,270.30734,21.193096,228.74988,270.76562,21.172249,228.62567,271.3214,21.122906,228.53833,271.5261,6.682001,228.19716,272.7772,6.682704,227.87,274.09097,6.652302,229.08722,279.90143,48.147396,228.70273,282.4964,-17.016464,239.14233,271.6165,28.279549,238.79498,273.21753,9.369922,257.0878,283.88596,88.04813,252.58563,292.80685,-54.434322,293.01086,287.85687,142.19528,289.11633,304.39883,-100.784134,287.02112,258.86975,167.25829,283.46198,262.60776,-115.680664,287.574,253.08545,174.77417,282.9462,253.38588,-120.230545,280.7072,250.77293,160.97198,277.28134,253.47667,-107.68474,280.3453,253.02707,161.65524,276.80795,256.7063,-108.15911,331.45905,258.5431,50.225266,335.0078,266.47742,-50.193142,379.3908,223.19522,55.203266,386.91565,226.3349,-60.90551,382.48175,281.04788,84.09328,385.92834,288.32095,-30.146235,377.9277,291.09106,86.32884,380.46582,296.6893,-24.657166,410.062,291.56186,90.64314,415.52396,295.54007,-12.742241
frame_183.jpg,glute_activation,237.3753,269.22833,21.585596,231.53003,270.4728,27.001423,231.44135,270.79733,26.964287,231.36702,271.21216,26.95351,230.95044,271.47748,10.574635,230.4997,272.6596,10.570426,230.03159,274.10864,10.532712,231.38501,280.15643,58.262375,229.70125,284.03412,-16.387169,242.9245,272.02853,35.100647,242.20253,273.51038,13.508683,262.576,282.36636,101.3791,253.45969,294.89014,-60.516518,302.5196,284.28064,139.80772,294.80267,299.21152,-95.85723,334.90662,285.82913,151.24252,339.32794,305.88666,-129.37949,343.96695,285.08606,158.17317,351.24426,310.01865,-141.6372,345.83127,287.48376,144.16101,352.30496,308.91922,-138.06032,341.95062,287.52567,145.48615,349.10968,306.52463,-126.942856,328.15475,248.53305,54.218613,327.06787,254.46977,-54.19432,382.11462,224.61621,36.03932,385.58026,227.78473,-76.97129,383.87405,280.65033,88.882645,385.20844,290.01266,-31.69497,378.76062,292.983,93.56223,379.89807,303.002,-26.419388,410.94058,288.4437,90.433014,414.36157,296.2496,-32.04783
frame_184.jpg,glute_activation,237.33888,268.64993,22.264326,231.16035,269.8541,27.899542,231.13022,270.3451,27.862923,231.08873,270.94226,27.846468,230.58809,270.7867,11.706585,230.17285,271.9979,11.711287,229.71011,273.39325,11.69029,231.1193,280.0809,60.25667,229.33923,283.15314,-13.202103,242.88078,271.8218,36.18297,242.10117,273.136,14.90735,262.4024,283.95966,103.24695,252.53516,293.36465,-57.134094,304.30188,288.22153,132.87488,292.14566,301.81253,-93.210495,337.2279,288.5097,132.3005,336.6914,307.21826,-125.48004,346.28516,288.25928,136.63863,349.06155,310.223,-137.89798,347.36722,289.6271,122.01614,350.45438,308.22934,-133.2465,344.10498,289.9674,125.94718,347.1672,306.4391,-122.44587,331.1883,254.9489,53.2781,328.34534,258.9246,-53.261925,384.10852,224.23677,34.570866,385.93494,226.61383,-80.25405,385.11935,282.63992,86.87532,384.81033,290.50494,-28.767437,377.7931,295.17117,91.59848,377.35837,301.85828,-22.738665,410.16528,290.162,91.19477,414.09958,298.1672,-22.7213
frame_185.jpg,glute_activation,236.24237,268.7413,15.553069,230.81244,270.0238,21.282225,230.78656,270.3589,21.235088,230.75905,270.77292,21.209011,230.46898,271.2665,7.4694967,230.23293,272.41626,7.4619765,229.96416,273.81424,7.426328,231.15974,278.47787,49.280174,230.0037,281.98004,-12.541028,241.44101,271.5427,27.131943,240.9541,273.31567,9.119348,261.73975,280.25253,86.41686,255.1126,294.44736,-56.456665,302.88916,286.97327,108.59892,297.3865,302.93906,-94.53945,337.5871,288.00836,111.239,339.15195,308.23956,-119.47053,348.3466,288.6106,116.56641,350.32587,312.55533,-132.701,347.62292,288.25818,105.685684,352.5074,309.81857,-128.16145,343.84143,289.22662,106.402504,348.78638,307.09885,-117.3294,339.16547,276.4048,44.798553,340.04166,287.8252,-44.777695,370.4144,224.66739,28.797535,374.27875,232.45212,-59.128563,380.73685,280.97653,83.56685,382.38864,289.41144,-4.8012834,376.41547,290.59366,88.609764,381.26785,302.54147,1.530041,409.0489,285.53513,90.40518,412.65356,293.9214,5.1552176
frame_186.jpg,glute_activation,236.3985,269.05826,26.271667,230.2549,270.42365,32.283504,230.2568,270.89493,32.246765,230.2713,271.46106,32.226307,229.78683,271.394,16.126959,229.4538,272.65518,16.13209,229.09732,274.09875,16.112125,230.72656,280.277,65.28821,228.8933,283.79395,-7.815955,241.94397,272.2375,40.32553,241.2861,273.53424,19.11446,263.3437,283.63742,107.90482,252.95462,294.19986,-53.262882,304.26907,287.51248,138.21458,292.66553,302.72614,-91.68819,337.01788,288.19968,138.30246,336.98746,308.20206,-127.56382,345.81006,288.28003,142.65288,349.6961,311.29648,-140.37952,346.79153,289.96323,128.70184,351.10306,309.72913,-135.85437,343.42023,289.98944,132.27144,347.97012,307.91833,-124.72101,331.30518,256.54565,53.461502,328.3319,262.2039,-53.453903,385.09912,223.55963,31.260227,385.6041,228.11981,-79.974815,385.77057,282.5954,87.34021,385.65475,290.40204,-29.041956,379.0704,293.9787,92.53027,380.05487,302.2139,-22.945936,412.62863,290.54575,92.18762,414.9101,298.5733,-23.760233
frame_187.jpg,glute_activation,236.94609,268.7133,31.136028,230.98172,269.9862,37.45925,230.90482,270.35828,37.42333,230.83191,270.84323,37.406696,230.36847,270.88855,22.08277,229.88603,272.02765,22.081432,229.40231,273.4458,22.052967,230.96634,279.83902,70.50542,229.01532,283.47806,0.5669489,242.4635,271.7158,44.94726,241.6262,272.96613,24.667456,263.21985,283.6606,109.65984,251.92462,294.76703,-43.471638,303.90524,287.96008,139.48698,291.2415,302.47318,-79.14811,336.35452,288.2338,141.86685,335.86948,306.8366,-112.499985,345.77426,287.26614,146.40973,348.9413,310.79715,-123.35475,347.51764,289.9585,133.58171,350.11627,309.03082,-118.84529,343.29745,289.71637,136.33752,346.42227,306.7972,-109.52392,329.7212,254.05615,52.345085,325.85834,259.3664,-52.34457,384.05145,225.0656,24.101898,384.11664,228.26031,-77.30397,386.45178,282.7105,84.707985,385.92953,289.648,-28.692572,380.8542,293.35263,90.44089,379.91885,302.22318,-22.625132,412.65936,289.86325,89.92319,414.90176,298.23853,-24.199837
frame_188.jpg,glute_activation,238.4918,268.33594,20.12674,232.59586,269.7387,25.971249,232.55988,270.17575,25.934011,232.49123,270.6669,25.916565,232.31902,270.84592,9.871391,232.0528,271.9726,9.863609,231.7308,273.22076,9.817015,232.87971,278.6594,55.58764,231.88129,281.65686,-16.59169,243.80966,271.14285,32.811707,243.48885,272.7672,11.74333,262.16812,282.16016,99.72558,254.9182,294.27835,-68.23676,304.32376,288.00113,120.72335,297.00668,303.44928,-116.83032,341.04388,288.19556,119.04557,339.98218,308.2332,-154.93143,351.82404,288.23813,125.6654,352.09903,312.90872,-170.84288,353.96664,288.07855,112.601,354.09534,310.4564,-164.58765,349.43927,289.02786,113.30448,350.34744,307.9263,-151.97385,338.4056,269.42303,54.10526,339.60193,278.39,-54.10608,380.279,222.96277,43.80548,386.0976,229.22008,-73.129196,384.31473,280.8412,103.02239,386.35193,289.26053,-9.66655,377.77814,290.64935,108.74549,380.8377,301.74185,-2.2445788,410.4229,288.25568,111.260155,415.01053,297.4285,0.3069688
frame_189.jpg,glute_activation,235.69566,269.66583,18.039328,229.93643,271.10214,24.208403,229.91972,271.39017,24.164236,229.89197,271.7322,24.139835,229.54224,272.42136,8.68183,229.26724,273.60333,8.6730795,228.94531,275.07544,8.629359,230.48654,279.66742,54.215702,229.20326,283.17197,-15.064291,241.26556,272.4692,30.604753,240.9182,274.2873,10.409416,261.10284,282.61618,97.78514,255.88744,294.99695,-65.26416,301.9785,289.48343,121.66297,297.50894,303.51562,-110.411446,337.52057,290.4086,125.47633,339.07666,308.29245,-140.21626,347.90918,290.8938,132.60942,351.20166,313.35114,-155.376,349.48535,291.42532,121.0559,352.4733,310.45294,-148.8671,343.9228,291.34515,120.36701,348.84448,308.13278,-137.33678,340.60623,275.0645,52.403584,342.58163,285.11423,-52.398144,370.60938,222.26996,41.130062,376.40326,229.5287,-65.79618,381.83795,281.7096,98.75769,384.69113,289.2735,-8.096009,375.70294,290.97037,104.21952,381.40686,302.47565,-1.3206196,409.00732,287.79895,107.551285,413.96255,296.99008,2.9419944
frame_190.jpg,glute_activation,237.5045,269.43137,22.71187,231.63422,270.4534,28.28825,231.63925,270.82843,28.255194,231.65286,271.2971,28.239616,230.98167,271.60837,12.319956,230.53511,272.92538,12.328492,230.02283,274.4483,12.303537,231.74852,280.2391,60.67152,229.27457,284.53204,-11.80293,242.84341,272.76358,36.65285,242.12128,274.2695,15.638994,261.7348,283.69333,103.4005,252.52899,294.8044,-55.63846,303.09357,288.28632,136.39484,291.9331,301.90927,-93.84645,334.6793,287.75467,140.72153,335.7703,307.34656,-129.62506,343.91315,286.47815,145.51408,348.02637,310.9998,-142.43137,345.1521,287.8516,131.5167,349.0416,309.00244,-138.29225,341.6432,288.50687,134.81676,345.65106,306.8198,-126.898506,330.87213,255.34761,52.809547,328.97168,260.47046,-52.79187,383.9875,224.30396,32.981754,386.95557,226.39975,-79.12978,385.18192,279.00436,87.23324,385.92712,287.0806,-27.04685,380.7457,291.32532,92.20741,379.60016,298.17917,-20.887661,411.0501,289.23383,90.97955,414.24564,297.05878,-21.936916
frame_191.jpg,glute_activation,234.83972,268.18805,28.61644,228.93323,269.49292,34.237633,228.99437,269.9246,34.20453,229.07468,270.46426,34.18401,228.37372,270.77936,18.534979,228.07799,272.1196,18.541111,227.74681,273.58087,18.516579,230.17274,279.70935,65.3867,227.93094,283.18933,-5.389955,240.90564,271.70285,42.00274,240.16385,273.214,21.407978,262.74585,281.56036,107.29538,252.6482,294.0277,-52.25361,303.1026,287.83093,136.41957,289.17987,303.39288,-90.17547,336.95053,287.68942,137.19534,332.3677,306.79953,-118.80986,347.01596,288.13486,141.05472,345.8683,309.43048,-131.13704,348.2035,289.4032,128.03996,347.65784,307.10434,-125.86771,343.56262,289.53546,131.40334,343.7772,305.15738,-115.49442,333.799,259.9737,54.121895,330.586,266.52786,-54.111404,384.9314,221.22667,31.606863,386.57498,226.83568,-77.1472,386.53278,282.20618,90.85181,385.82123,290.86935,-23.803614,382.18488,292.79282,96.407135,380.45148,300.71478,-17.252977,415.11194,289.89505,96.30586,415.78192,298.48096,-15.853447
frame_192.jpg,glute_activation,237.78214,268.0965,16.2212,232.21829,269.52927,21.865881,232.16931,269.91446,21.82051,232.10014,270.39362,21.79224,231.85696,270.69507,7.232706,231.57118,271.86823,7.2224083,231.23676,273.2317,7.1846967,232.59244,278.43762,51.05625,231.19571,281.4838,-14.514617,243.12009,271.19,28.413834,242.5666,272.78235,9.327394,263.2455,281.37097,90.55473,256.30545,295.12354,-59.95282,303.65314,287.32712,114.64242,295.2434,303.9955,-105.5753,339.5503,287.89243,113.73111,335.857,307.87634,-139.46985,349.36935,288.23227,119.11409,347.26556,312.5308,-153.66304,351.9853,289.07837,107.24282,348.56354,309.25043,-148.24043,347.72412,290.12396,108.371445,345.55536,306.82275,-136.99988,341.0037,274.704,46.355774,340.77954,285.366,-46.331345,376.09808,225.51465,29.001678,377.10162,232.48083,-61.684532,384.40002,281.8459,86.158554,384.40912,289.40237,-8.400897,380.60483,292.23203,91.48312,381.4574,302.18887,-2.1776385,413.24738,289.80728,93.03085,414.3603,300.39325,0.66516733
frame_193.jpg,glute_activation,237.99484,268.7856,23.192406,232.07535,270.1917,28.887938,232.04927,270.72037,28.849276,232.01978,271.38425,28.828648,231.52695,271.03046,12.862301,231.13564,272.21573,12.865541,230.7085,273.6125,12.842198,232.25676,280.69955,61.44859,230.54459,283.27258,-11.301732,243.47633,272.01202,37.0545,242.87366,273.155,15.968865,264.49738,283.9777,102.78432,253.50317,294.47638,-54.327908,304.7925,288.5061,135.38121,292.55704,302.68573,-95.9785,337.5143,288.30447,140.40851,336.02542,308.6646,-137.86502,346.34143,288.40903,145.354,349.32306,312.42618,-150.95439,347.51587,290.24725,131.20766,350.1498,310.63492,-146.85088,343.85287,290.42676,134.5024,346.60645,308.6816,-135.38918,333.42426,256.02133,52.35041,330.7556,260.87973,-52.33413,385.54364,223.96597,27.350904,387.15103,227.60988,-78.63925,386.71786,281.83093,84.91556,387.285,288.2826,-29.76011,382.37088,292.94794,90.221924,381.87027,300.3436,-23.954086,413.79724,290.5527,89.828575,416.72418,298.59775,-25.823622
frame_194.jpg,glute_activation,236.4383,267.76932,26.062336,230.36389,269.4226,31.876377,230.38261,269.87265,31.838264,230.42557,270.45306,31.815773,229.85536,270.23962,15.796066,229.55518,271.34506,15.799846,229.28612,272.6628,15.779872,231.19699,279.5612,64.093216,229.46445,282.28516,-8.373744,242.09094,270.96048,39.80467,241.37845,272.11978,18.754438,262.68283,282.29367,107.53909,254.48633,293.04153,-54.777695,303.78555,285.8488,138.61719,293.39056,302.19733,-96.00386,336.8776,287.7729,139.87195,335.71667,308.28598,-133.67738,346.01898,287.87112,144.68245,348.1311,311.20447,-147.04955,347.11166,289.49686,130.99423,349.81244,309.6433,-142.37077,343.3243,289.6231,133.93886,346.52435,308.04678,-130.93932,333.44467,257.0659,54.808746,331.6449,263.14584,-54.80782,384.58646,222.04886,35.414524,386.47507,227.29297,-76.70975,385.6062,280.61115,88.459595,386.62036,289.21228,-28.65133,380.41443,291.98947,93.305824,380.24258,300.4045,-22.96612,413.13144,289.2629,92.986725,414.69324,298.15625,-23.318531
frame_195.jpg,glute_activation,237.45483,267.7163,14.189076,231.47644,269.21487,19.87198,231.39285,269.68365,19.82036,231.30081,270.24652,19.7916,231.21936,270.15552,5.7054787,230.97977,271.20578,5.702625,230.6999,272.4252,5.673713,231.884,278.7478,47.194405,230.85594,281.18756,-16.01073,242.95166,271.0991,25.45622,242.59819,272.5545,7.0809736,263.30814,281.67517,82.68376,257.6324,294.82532,-59.580456,305.52374,288.0833,103.28725,300.9045,303.2558,-89.91882,339.84756,289.53577,102.156204,342.50546,307.97818,-103.406006,351.93954,289.70285,106.012054,354.24197,312.27988,-115.471,353.1496,289.9356,94.63078,356.46887,309.25244,-111.59965,348.9523,291.09006,96.84985,353.6417,307.57486,-101.242294,340.69653,275.0009,43.352913,340.64236,285.22305,-43.300358,375.38837,225.57008,28.602123,377.20068,232.26855,-53.281403,383.61923,282.59247,81.19386,384.68085,290.4953,-8.045407,379.43066,292.7472,85.76361,381.1282,303.67233,-2.9793463,411.08722,290.69662,84.78726,414.703,298.31766,-3.3940887
frame_196.jpg,glute_activation,237.20628,268.48862,24.034561,231.19037,269.86282,29.915487,231.20485,270.2833,29.878149,231.22139,270.84177,29.85823,230.69196,270.88788,13.617543,230.37895,272.13116,13.6182,230.02869,273.59976,13.597584,231.8071,279.879,62.41989,230.07407,283.1945,-11.066265,242.99004,271.43143,37.95425,242.36504,272.88983,16.610931,264.74524,282.48767,106.00826,253.68149,293.44803,-56.678196,305.43076,287.9613,136.19186,293.06274,302.68558,-93.11284,337.65018,288.31128,136.04602,339.44766,307.8955,-124.15909,347.40314,288.34747,140.48964,350.79968,310.97882,-136.80452,348.58932,289.77478,126.41124,352.5404,309.06223,-131.76562,344.61856,289.82312,129.94531,349.77222,307.21857,-121.01932,333.7891,256.2124,54.21343,331.4348,262.2462,-54.204197,385.25925,222.3778,32.680737,386.6075,227.60112,-78.95563,386.4368,280.42105,90.344955,387.769,289.31348,-27.724516,381.22992,291.94965,95.64972,385.08792,294.9885,-21.737806,413.66394,290.95575,94.944954,416.58044,299.71045,-23.343122
frame_197.jpg,glute_activation,243.63538,263.51746,31.191652,238.48978,263.08673,37.13224,238.4096,263.23584,37.115105,238.3452,263.43954,37.115494,237.48695,264.16525,19.836676,236.63257,265.16736,19.839767,235.7785,266.4618,19.798737,236.85226,270.80145,68.16046,233.63144,275.52832,-10.279791,248.44852,267.0396,44.497437,247.43497,268.49774,21.679895,263.3283,281.52435,110.2441,254.80614,294.45367,-58.863678,304.72455,287.52054,136.6518,296.4659,301.6306,-102.877335,337.15305,288.43216,127.06634,338.5019,306.93845,-137.86833,347.1974,287.26578,130.316,350.87775,310.7707,-152.18373,348.5342,289.25732,117.95888,352.5379,307.7103,-146.28389,344.72076,289.29974,121.28128,348.4277,305.96478,-134.46307,331.7251,256.45367,56.714005,329.46744,263.73978,-56.70654,382.67468,222.6259,38.83525,385.55942,226.70204,-78.407265,386.05865,280.85303,98.10303,385.9469,287.88266,-24.075397,381.24274,291.21243,103.438324,379.7091,297.80075,-17.663122,412.90143,290.6944,100.39633,413.5891,298.9219,-17.2067
frame_198.jpg,glute_activation,237.64412,268.226,18.665546,231.8409,269.45105,24.394604,231.78984,269.87778,24.3517,231.69797,270.38776,24.32555,231.50163,270.5862,9.622637,231.1886,271.74307,9.617609,230.82106,273.10434,9.577035,232.21527,278.58667,52.931664,231.22998,281.28076,-13.197958,243.2624,271.42444,30.741692,242.81853,273.08783,11.459343,263.30334,281.91412,92.45277,256.42316,294.70996,-60.58229,305.5141,288.98962,113.25058,299.4546,303.36758,-100.471405,341.37393,290.03772,113.07797,341.24945,307.64252,-128.70822,351.10745,289.21207,118.973076,353.28262,312.18204,-142.53294,354.49844,289.16547,106.83811,355.4666,309.23767,-137.65002,348.09863,289.3255,107.74159,351.4377,306.37378,-126.23196,339.1676,273.1622,47.898254,339.86804,281.8068,-47.875793,379.13464,224.19046,32.08978,382.2456,229.28302,-67.63169,383.50006,282.02347,92.16196,385.2472,289.67352,-5.9441495,377.99615,291.2797,97.96704,381.41147,302.12756,1.3982661,411.49896,288.77026,100.9906,414.85095,297.14783,5.7009687
frame_199.jpg,glute_activation,235.61786,268.87628,21.40202,229.81444,270.25174,27.172909,229.8002,270.64374,27.132902,229.78397,271.11203,27.110062,229.44531,271.48972,12.835535,229.20265,272.69687,12.826908,228.90149,274.12534,12.78665,230.44731,279.36652,56.205753,228.93628,282.58154,-8.2027,241.05948,271.96634,33.59275,240.6238,273.5959,14.821209,261.88312,281.79227,94.15481,255.51016,294.59344,-54.89969,304.71973,287.747,113.32628,298.46307,303.1379,-98.10869,341.97147,290.44745,113.05238,339.95508,307.26385,-131.52116,351.4956,291.06277,118.002106,350.7135,311.1607,-145.52103,351.8903,291.5869,107.13726,352.86005,308.0731,-140.3811,347.923,291.7076,108.195175,349.32068,305.64697,-129.09659,338.06805,271.0985,47.613007,337.63882,280.20468,-47.605278,378.5184,223.78374,27.6838,380.9397,229.569,-68.15581,384.7201,280.75256,90.757454,387.29755,289.79547,-6.085045,381.37906,289.91202,96.84787,383.96277,301.81747,1.271345,412.5503,287.57373,98.100975,416.23682,300.08844,3.6161778
