frame_000.jpg,triceps,330.9053,87.06298,-74.62394,330.88528,76.9213,-65.67077,330.12967,76.6309,-65.72388,329.18286,76.230255,-65.77112,329.62387,76.87919,-95.57002,328.01773,76.555145,-95.5463,325.60846,76.004425,-95.59999,312.5785,74.87733,-12.817982,310.1454,73.79342,-148.51436,323.12115,95.84496,-51.029274,320.8513,95.42558,-90.01709,281.33328,120.0764,62.97766,283.39508,124.56824,-184.99762,285.81607,188.14104,98.02054,285.59726,201.33128,-166.81532,329.04465,201.94394,43.38018,342.32703,202.96329,-91.77716,346.19492,207.86862,30.219448,356.7002,209.82024,-108.42335,354.12207,201.05144,11.017084,361.1408,200.83754,-105.624954,344.8224,199.32806,31.279356,356.64026,198.20894,-88.46437,276.11694,245.42787,72.465195,281.02652,248.14139,-72.446945,274.93848,329.26962,161.60074,295.193,335.042,1.3193475,273.00778,398.76535,281.019,276.45145,408.04785,133.04202,264.9723,411.6834,289.85144,265.78815,419.5309,145.47794,298.45386,412.84412,256.73868,299.09372,423.82285,104.28006
frame_001.jpg,triceps,316.86334,88.18556,-213.2326,322.18887,80.82515,-191.75508,323.5464,82.580986,-191.78496,324.89996,83.354965,-191.82251,315.4587,77.807365,-211.29425,312.07913,76.14017,-211.3192,309.59814,74.498055,-211.36763,320.4514,84.6734,-90.25524,300.99207,73.87386,-178.75993,314.4302,96.34277,-174.76315,307.04584,91.99956,-200.28134,296.97583,125.28179,25.127876,275.82147,122.36774,-201.76324,296.32114,184.70734,55.73053,282.89908,193.20349,-201.86263,324.032,199.28387,-16.781857,326.40393,204.531,-179.87009,331.7607,206.08446,-31.196941,342.32755,219.59145,-202.79295,335.62506,200.50076,-45.49489,346.2657,204.03923,-204.05998,331.17676,198.10008,-26.651575,342.6141,205.52547,-179.13821,285.6866,221.89299,71.57301,272.71024,225.37244,-71.6429,310.94376,278.33914,92.01165,310.0251,296.09378,-63.953724,290.6443,335.89612,240.05472,278.75372,358.3196,86.277115,281.34802,344.65524,251.77643,265.93143,366.60672,99.747894,309.65335,357.0486,220.47864,299.62766,384.73828,57.66835
frame_003.jpg,triceps,296.06854,60.067513,-115.66215,298.22348,52.341366,-94.51666,299.69827,52.43958,-94.612114,301.21884,52.529808,-94.702576,292.44608,53.07332,-103.76094,289.44315,53.84538,-103.82035,286.77905,54.5589,-103.92877,301.68466,59.539795,-10.616764,279.65768,62.111366,-51.45104,299.72894,70.753494,-87.136925,289.98416,71.61853,-98.81421,325.969,117.26605,31.174963,243.57512,121.36998,-52.711227,347.39914,181.62752,32.005093,230.76816,200.71149,-83.96226,358.96973,224.88887,-15.46143,230.07256,275.90433,-134.58524,364.46072,236.64847,-29.572216,223.66406,296.34015,-155.8819,358.2038,235.05339,-46.582214,227.51268,307.89667,-175.20178,353.6961,232.62952,-24.457531,231.27423,297.52795,-143.1712,304.8761,228.50046,26.037361,257.1142,226.8333,-25.937443,342.0647,244.2521,-191.0629,259.19745,224.05676,-268.17584,310.21555,318.54608,-75.124695,251.41968,301.65912,-130.87778,299.09497,326.9301,-66.65771,251.65932,313.05096,-119.748924,322.20007,349.61337,-144.4584,247.9905,332.46603,-204.32921
frame_004.jpg,triceps,163.51212,182.31358,-34.38247,166.61949,180.21075,-29.15038,166.69608,180.01337,-29.173767,166.8145,179.77504,-29.192793,166.27998,179.40268,-44.410706,166.12097,178.63959,-44.434135,165.99083,177.79585,-44.480663,164.79068,175.40025,-1.2111752,163.43323,173.02504,-69.930534,159.8065,181.74414,-22.044687,159.35764,180.76158,-42.055954,145.21045,171.41898,45.228508,141.83641,171.2658,-101.09836,115.96968,179.82144,62.51591,112.15931,178.41162,-124.153366,95.863335,195.36769,33.413357,90.90267,201.55609,-109.91435,90.065125,198.05244,35.154274,84.7445,204.50294,-122.51823,93.07614,200.40944,21.88772,86.90646,207.1675,-116.56701,93.50745,198.24628,26.818699,88.87828,206.16257,-106.862656,94.62839,189.22581,45.91951,90.86731,190.44426,-45.84267,110.9305,231.57607,51.889286,109.78346,229.9456,-44.77054,104.61488,257.1185,85.82338,106.945915,263.87045,-3.519197,100.086784,259.15018,87.57387,100.33889,267.54343,-0.15176314,112.60684,267.1348,76.39108,122.5525,275.1722,-14.327888
frame_005.jpg,triceps,156.68175,181.00502,-26.763927,159.78784,178.17734,-21.065542,159.73013,178.02429,-21.092392,159.70392,177.86063,-21.122688,159.41353,177.35542,-34.72049,159.0478,176.56607,-34.752422,158.67657,175.69005,-34.790546,156.36801,173.71118,7.873206,154.91193,170.88316,-53.44936,152.27843,181.17612,-14.805574,151.87857,180.06354,-32.564545,135.08038,175.21107,47.396996,131.9059,170.41109,-78.451035,108.762344,187.8211,56.59797,102.94379,179.22974,-78.936806,116.97201,205.07487,10.334158,117.678085,208.06807,-36.96367,114.65669,212.32669,5.254405,119.11027,214.33112,-41.420715,118.38103,212.25084,-4.75452,123.619934,212.527,-39.283726,118.04227,209.919,3.990521,123.12123,210.20654,-34.264336,89.26216,193.92389,41.235054,83.19507,194.42908,-41.20482,117.79474,231.10132,52.139267,104.50464,238.62306,-53.784008,106.73613,248.97641,60.433792,106.537506,248.57712,21.723686,101.534775,249.4747,60.338192,103.94624,250.2627,30.801275,115.20215,259.80307,55.27041,116.549835,262.64313,39.510498
frame_006.jpg,triceps,158.6456,179.37994,-30.700474,161.81308,176.30919,-24.996761,161.86882,176.20253,-25.020468,161.95819,176.0595,-25.056503,161.09688,175.26636,-36.686844,160.6586,174.41122,-36.722195,160.24599,173.48436,-36.7509,158.33406,172.39864,5.8876667,155.9887,169.02486,-45.822372,154.4586,180.34148,-18.157534,153.65852,179.14218,-33.198513,136.9599,174.64745,44.805046,133.7084,171.01697,-67.71058,114.17214,181.4618,40.482105,105.345604,177.1601,-67.480835,126.6841,197.0327,-22.709671,126.91529,203.37924,-19.160666,128.99873,201.11693,-29.94801,130.48276,209.24919,-21.338703,131.8266,200.44121,-37.65334,132.91681,207.13269,-19.484007,131.3273,199.7278,-28.55486,132.04883,204.75977,-16.253672,89.521675,191.23521,37.573887,83.15642,191.9622,-37.53536,115.36663,230.54166,29.30132,105.403206,234.95145,-50.21654,107.757614,266.23416,31.274204,105.519554,266.41827,-13.838177,102.12877,270.14798,30.160042,101.06338,268.59985,-9.588314,120.748665,279.14313,17.035397,118.681854,278.9594,-16.004765
frame_007.jpg,triceps,514.4988,172.80954,4.9282527,513.5856,171.25053,-3.277831,512.31287,170.47993,-3.2717156,511.94373,169.2074,-3.253446,514.598,172.2582,-6.4779406,515.60547,173.00319,-6.4987946,515.81494,173.32724,-6.5525603,510.11523,171.16595,-26.69737,515.6823,174.66797,-41.69512,513.6898,175.076,-1.0715878,515.7169,176.95648,-5.4260263,505.60092,178.56236,-13.061447,521.97687,186.86871,-58.16963,504.68747,162.32323,14.662733,523.4368,178.53682,-52.0711,511.9728,152.20186,17.954548,520.52295,168.55684,-25.415419,510.92288,151.1579,17.060913,520.4775,166.7178,-31.373175,512.563,151.22762,8.700267,517.9962,166.9258,-29.934711,512.75415,151.50821,14.443931,517.69727,167.3417,-24.597672,500.4198,226.34529,22.988918,513.8497,231.15651,-23.146818,511.81158,219.9299,112.48764,538.6571,230.12384,36.73781,513.9706,232.19878,191.01518,548.48376,235.22356,112.01402,513.6996,235.37476,199.68019,548.6729,237.74672,120.52178,516.3445,231.37407,201.52315,554.9295,232.55295,122.06276
frame_008.jpg,triceps,515.64044,170.5353,16.077742,514.6238,167.44832,8.532654,514.29736,167.34807,8.546206,513.3329,167.20088,8.565175,515.6848,167.73903,4.597927,515.80646,167.88747,4.5987935,515.8956,167.96837,4.583129,510.62634,168.4079,-14.120934,515.01807,170.1528,-32.75318,514.29846,172.64053,10.462282,515.19507,173.13057,5.067141,502.2981,178.43233,-12.260905,519.0784,182.42545,-49.997993,497.7984,168.54623,10.973452,522.9354,183.8084,-70.06173,502.71518,156.71193,28.831955,523.51196,180.23187,-70.806564,502.01868,153.9261,29.799877,522.31354,179.66423,-74.71014,502.3202,156.5145,27.916029,521.4347,179.60408,-73.428696,502.6205,156.8218,28.167934,521.7685,180.0072,-70.31594,506.62964,227.18523,15.832994,517.956,224.19023,-16.051643,513.89777,224.49922,134.5596,526.8828,221.78778,74.80813,508.30347,231.26457,174.34555,526.4022,231.20421,109.886696,506.91168,232.0918,179.65808,524.8268,233.49529,114.76139,508.8309,233.09882,184.85664,529.9493,233.14363,120.20325
frame_010.jpg,triceps,367.8006,43.73694,-110.89264,368.4809,37.733917,-99.77142,368.96848,37.79315,-99.80683,369.4339,37.830658,-99.81643,365.67477,36.978436,-111.88812,364.201,36.521805,-111.930534,362.32922,36.04902,-112.01424,366.48846,38.70452,-29.100332,356.8527,36.568478,-86.667336,366.73892,49.023945,-83.17669,363.3639,48.110226,-99.73903,369.95697,71.85137,25.755596,327.4498,64.52058,-65.60335,376.27386,110.20351,58.98064,293.0137,88.144516,-80.64835,376.89743,133.387,-4.080838,265.37213,103.2403,-142.10245,377.23193,141.63481,-15.536279,253.07391,107.48543,-161.14944,377.01797,139.20592,-34.680073,257.3686,108.26122,-174.13599,375.29004,136.05023,-14.141438,260.33902,107.39668,-148.95923,366.31882,153.37578,32.82722,341.15237,153.73064,-32.78196,362.4171,209.96931,42.01612,339.16125,214.68431,-42.1607,358.6871,262.52994,154.25426,327.63483,270.71545,46.382275,357.17535,267.2739,162.05197,322.00986,275.52646,51.681923,367.9373,282.12332,106.916084,332.88132,294.8597,-25.794056
frame_012.jpg,triceps,354.91528,107.44067,-314.65533,356.48923,102.90764,-298.6892,358.6899,103.18297,-298.7487,360.86774,103.48728,-298.8723,350.33868,102.81772,-300.95816,348.17865,103.040985,-301.0265,346.05542,103.27898,-301.1179,361.4607,102.629425,-215.24677,343.0429,108.72062,-225.86423,358.51852,115.16809,-284.21237,351.82983,115.69897,-287.31372,391.08582,147.49873,-167.14386,320.7563,146.50624,-164.77843,404.67596,196.37471,-177.8615,307.36273,197.25218,-162.50496,419.67178,239.83015,-223.83447,298.7989,241.34418,-212.7168,425.51114,248.48407,-241.41145,293.04236,250.18002,-228.31845,421.92877,249.67676,-257.66092,297.37408,250.21165,-247.88858,417.01636,246.72661,-231.41585,301.47885,247.05626,-221.91469,375.4224,213.8279,-3.872249,338.93982,214.02747,3.932991,377.4146,223.39775,-246.27689,344.0701,222.95622,-246.22368,363.60907,256.47302,-77.906265,346.4122,256.57648,-73.17012,360.96725,260.69055,-66.22001,349.2142,262.22577,-60.469063,365.0744,271.63034,-139.21538,339.90466,271.45587,-144.438
frame_013.jpg,triceps,369.85712,180.72992,-90.51025,373.87592,174.48578,-80.87912,373.62262,173.8707,-80.91828,373.38702,173.18437,-80.965965,373.18018,173.46146,-104.63169,372.42337,172.12611,-104.697556,371.6031,170.6045,-104.74715,365.9633,164.99799,-27.498821,363.24918,161.11572,-134.98476,360.75516,180.98407,-67.97596,360.06903,179.56105,-99.245155,326.2683,167.21533,44.12209,319.81104,157.09389,-169.30875,284.2942,182.61655,59.172707,269.27548,176.09534,-176.77132,299.92084,218.88702,-24.333754,302.26657,223.32607,-122.92401,301.1631,228.88472,-33.81457,308.65125,236.52121,-134.59167,308.82657,228.02422,-51.83508,315.92572,231.1817,-128.93684,307.48172,223.91638,-35.243427,314.83075,227.29294,-117.61066,246.46187,201.86717,67.723045,229.55415,198.25336,-67.50507,284.14536,260.91293,107.01393,260.15765,268.09076,-126.53374,284.744,308.74796,156.53506,275.66553,320.0988,-84.144936,277.33875,315.44806,159.53754,270.80835,326.7546,-79.47805,309.0657,321.60022,135.36246,309.49335,334.52313,-113.98633
frame_014.jpg,triceps,374.90875,180.10742,-47.516674,379.9549,174.07268,-37.855434,379.91672,173.57591,-37.889755,379.9384,173.04567,-37.927402,378.92453,172.65454,-62.999912,378.23267,171.23978,-63.080383,377.49255,169.579,-63.148254,373.71707,165.60268,10.292641,369.9373,160.62074,-103.011444,366.49228,179.4874,-27.171896,365.18298,177.73524,-60.268097,338.14133,162.62036,80.484856,326.76727,159.81636,-155.77933,285.1231,174.62584,98.8595,274.75635,178.69214,-156.25833,263.0287,203.29811,43.534126,262.00595,226.34508,-66.36171,257.20404,216.61618,40.34493,257.2997,240.52791,-73.407646,258.88718,216.4864,22.935656,263.27612,242.54707,-68.13308,260.78076,212.30751,33.424183,265.69244,237.16815,-60.64371,249.1207,194.62112,75.792336,235.80304,192.60089,-75.53484,279.03476,263.37112,89.18812,272.89996,262.13815,-95.06207,276.66068,338.62064,123.06503,272.7029,344.5793,-75.19027,269.74213,347.24,123.25024,261.32278,356.70407,-74.949005,309.77277,359.26822,91.571495,313.2978,367.81046,-121.58774
frame_015.jpg,triceps,382.05167,175.11945,-67.220276,386.63913,169.05943,-57.403797,386.64322,168.6533,-57.443535,386.66327,168.19482,-57.476845,385.86487,167.40434,-82.74002,385.25327,165.78778,-82.81083,384.59064,164.0941,-82.89275,380.92316,161.05447,-8.535626,377.3819,155.59904,-122.27085,373.87714,174.97096,-45.941563,372.57727,172.6938,-79.12058,339.32205,163.67395,72.380936,331.1048,155.50844,-178.49963,282.13635,178.97272,93.46638,271.12628,173.0594,-199.82541,243.71768,204.08537,51.121704,232.56158,213.79646,-157.54567,234.6298,212.74571,52.975063,220.54442,220.79349,-177.63466,235.37721,213.78079,33.056305,223.57263,226.64046,-168.23271,238.37585,208.96265,40.69178,227.67099,224.09137,-152.49371,246.63689,192.23184,77.00227,236.41074,191.63121,-76.72925,275.40845,260.10028,90.73167,275.9656,269.15097,-73.74078,264.9631,310.1659,130.77689,280.41904,359.05634,-28.574228,254.71657,317.03384,132.29247,268.37286,371.84937,-25.376945,287.0214,328.99112,108.44628,321.07147,385.87576,-64.01788
frame_016.jpg,triceps,361.11652,165.64056,-318.98978,362.91223,162.11266,-315.34418,363.45648,161.32689,-315.3228,363.71033,160.71803,-315.38913,361.21814,161.99135,-324.80008,360.2384,161.33195,-324.9133,358.80917,160.34642,-324.95865,361.63605,155.58347,-265.6112,352.66858,154.59103,-307.50134,358.5332,166.0109,-295.85904,356.14978,165.67102,-308.37607,361.11423,152.64108,-181.38092,325.47662,156.2926,-243.86996,348.68,166.26639,-77.912575,300.46207,157.14827,-171.83846,335.0107,172.29292,7.1147847,286.34854,172.57266,-55.2235,332.0655,173.07332,20.40828,281.40082,177.39359,-43.266216,331.37967,172.18906,11.759635,283.636,177.80087,-50.748287,331.43665,172.64157,7.0304112,285.85852,175.94827,-53.929344,333.87088,176.50159,25.671116,312.4851,174.79366,-25.550013,337.2652,222.08054,-39.97363,318.5321,219.98526,-74.254295,334.30444,268.09674,-16.314556,311.38788,259.99902,-34.125523,329.0007,274.93686,-15.575877,307.42535,265.8986,-31.888985,349.59552,278.9596,-54.63381,321.6837,277.29163,-75.670105
frame_017.jpg,triceps,358.37527,165.9321,-309.22574,360.92407,162.70483,-307.01205,361.5805,162.09189,-306.98682,361.87772,161.69498,-307.02756,359.00345,162.00409,-315.22232,358.1433,161.32637,-315.3396,356.4112,160.10591,-315.3979,359.3338,156.12497,-259.44623,351.3266,155.13666,-296.42184,356.17767,166.72545,-286.5832,354.11273,165.95174,-297.6502,358.46838,151.81975,-171.3822,325.69244,157.3516,-232.07236,335.94727,152.48509,-66.450035,301.63644,164.51108,-156.28923,322.1974,157.23524,13.426535,286.57092,179.45709,-50.421745,317.68796,158.20158,24.41962,281.89362,185.65982,-41.0091,318.35852,157.76619,16.07711,283.7818,185.94478,-50.62776,319.43448,157.84637,12.890442,285.422,184.0613,-50.3413,333.52908,177.85127,24.771051,312.54065,177.41356,-24.671495,337.23602,221.311,-37.76412,320.0935,220.51453,-85.5448,334.30905,266.39224,-8.991185,315.63046,262.4334,-46.712708,329.34842,272.26797,-8.247714,314.00345,268.3937,-44.774887,346.5297,278.73904,-51.527405,322.07684,277.29395,-93.78058
frame_018.jpg,triceps,353.0472,168.61644,-276.87643,355.54047,165.89658,-275.82156,355.89444,165.59007,-275.78638,356.34525,165.07652,-275.8187,354.0646,165.57578,-283.34595,353.26596,165.03171,-283.44022,352.42712,164.36942,-283.47693,354.64694,160.23555,-235.24,347.45636,158.84508,-269.6232,350.7967,169.12048,-257.05417,349.27118,168.43324,-267.30487,351.1054,155.46266,-155.25943,322.15213,159.32755,-219.268,338.61053,162.32632,-63.15481,302.07202,174.923,-162.58766,329.0913,167.2695,13.075466,299.8712,202.21684,-89.5967,325.629,168.99983,23.677912,297.21387,207.46605,-85.947754,326.5642,168.48993,16.982246,300.9624,207.3697,-91.75241,327.64767,168.10794,12.960972,302.14017,205.67363,-89.03737,329.75378,180.98706,27.632788,311.63025,183.64536,-27.547705,332.83136,220.51447,2.0598505,321.9712,220.09889,-60.26045,331.18463,264.70535,43.120224,320.50754,263.63916,-21.793514,327.02966,270.36646,45.23024,317.67993,270.3551,-20.22156,343.5565,278.01523,7.748026,332.99075,277.03476,-67.451294
frame_019.jpg,triceps,400.12253,154.3451,-103.55447,406.90332,146.6969,-87.60483,406.87683,146.58884,-87.65176,406.90506,146.44293,-87.683914,405.48492,143.86195,-117.96967,404.16458,141.35832,-118.035805,402.44562,137.96535,-118.12135,398.26572,137.11272,-14.736041,391.8673,124.26096,-150.29282,388.62167,155.0353,-74.07468,386.74646,151.51257,-113.1818,342.9712,133.8365,92.16948,336.44867,129.21204,-223.96347,272.37128,154.19197,109.44549,260.34213,158.77428,-233.9998,234.06989,197.53203,36.438793,230.77173,221.55313,-150.91693,223.14706,206.44762,26.611698,220.09576,240.05179,-168.53377,224.49423,208.46747,8.255881,228.16597,243.82544,-166.39575,227.6871,202.72328,24.11805,230.83188,238.41077,-147.36833,227.0275,167.25552,101.58322,216.19362,169.4396,-101.56043,271.2628,255.86815,153.52614,261.4533,273.37982,-86.91265,233.6214,290.1805,227.87775,237.03839,342.04266,39.667976,221.24066,289.48416,233.46968,220.65918,346.03467,54.1203,244.17133,316.29135,218.79427,267.3731,384.15717,43.107494
frame_020.jpg,triceps,401.60815,143.55968,-81.166916,408.03043,136.65709,-68.36598,408.11505,136.52292,-68.42338,408.20398,136.3862,-68.44614,407.099,133.9252,-97.07343,406.36597,131.54341,-97.12912,405.47296,128.86938,-97.21217,400.99948,127.56836,-1.9663883,394.6997,114.71838,-129.97237,391.18637,144.2557,-53.1494,389.33783,140.9875,-90.24128,342.96143,131.98611,97.593994,343.95856,112.94424,-198.07602,275.6827,139.4425,138.35739,265.95142,126.393906,-235.25719,225.1113,155.82576,107.371376,190.90019,146.14738,-230.98228,207.51418,162.5177,109.36281,172.99335,143.89404,-263.13644,208.95407,160.19077,84.32484,170.55762,149.87474,-256.77466,214.61234,156.93924,94.61498,177.67352,150.97858,-228.66454,234.82903,171.87903,93.20797,222.73846,161.46014,-92.97861,264.1495,266.88144,91.826355,261.7954,277.56232,-99.219505,233.0058,313.17172,149.48671,249.50961,387.88065,-49.970436,220.99374,315.72443,152.15445,214.94571,397.20804,-46.875534,241.45723,336.8747,117.11121,267.50458,432.21915,-103.9027
frame_021.jpg,triceps,405.2161,141.84885,-152.5657,411.1876,134.24573,-138.43355,411.2349,134.26892,-138.48636,411.3263,134.25032,-138.5091,409.5078,131.10028,-165.21564,408.32037,128.75323,-165.28404,406.96527,125.85225,-165.3491,403.05466,126.636314,-68.51552,396.08826,114.557556,-187.57652,395.82214,143.86058,-123.88154,393.39175,140.1415,-158.24707,345.07584,131.69934,37.373802,343.2553,115.86375,-253.9042,279.79468,146.88673,51.15152,266.17648,144.58376,-286.9798,232.73932,176.47952,-8.395561,207.0182,191.00946,-258.35052,220.58936,190.02905,-14.940415,187.91373,197.35461,-288.53503,222.03021,187.4783,-34.901863,192.55054,206.10252,-283.68024,226.8938,182.56757,-20.343174,198.3559,203.75229,-256.0777,238.477,169.19617,92.52732,224.01857,162.98616,-92.418945,267.87585,250.25993,139.08913,263.4856,271.05817,-73.22339,212.72491,231.75981,229.2821,242.27843,362.25873,5.7889385,204.35127,223.6895,237.83267,225.96884,368.16022,14.694237,206.32706,240.30386,221.30652,277.61133,409.3316,-20.095215
frame_022.jpg,triceps,370.4092,131.91052,-330.3555,373.42065,127.66618,-324.8953,373.88416,127.164604,-324.91962,374.3277,126.60307,-325.0224,371.28558,127.156685,-337.25186,370.0631,126.16504,-337.33505,368.67474,125.056335,-337.3663,370.88364,120.74756,-265.97833,361.6664,118.73601,-321.0631,366.97382,132.78397,-303.83975,364.53394,131.85384,-320.10388,366.3382,120.301346,-176.35802,327.71155,121.77821,-258.6084,361.57654,147.82913,-83.1149,296.98404,136.2691,-217.59096,363.6078,174.09645,-47.214157,295.97455,176.63678,-161.3772,366.96075,180.29768,-44.818745,293.0808,184.29149,-164.95663,366.78687,180.39525,-60.871933,297.30783,183.96616,-174.87761,365.13037,178.91493,-52.166435,298.41556,181.8896,-162.39584,334.78943,152.91692,28.600964,309.60522,153.48802,-28.386906,341.09622,205.8839,-45.236443,321.71185,204.54128,-112.49159,337.3303,266.24487,-15.466925,319.24548,264.86502,-67.73545,330.9106,274.34293,-15.687748,315.7307,274.61362,-66.31325,352.83307,282.58994,-74.202675,329.6863,285.18594,-132.03882
frame_023.jpg,triceps,363.62634,131.1986,-346.77182,367.23483,126.33039,-339.99207,368.0054,125.94436,-340.00293,368.7896,125.50787,-340.10922,364.22894,125.56671,-350.82434,362.76575,124.556366,-350.93594,361.12598,123.34807,-350.9803,365.58105,120.17472,-274.6353,354.1997,116.045815,-321.67252,360.6201,132.82951,-317.76953,357.37094,131.68637,-331.86893,362.18323,122.85181,-173.87038,321.62216,120.15959,-254.8266,352.85703,150.58926,-74.917786,294.6018,131.96156,-207.95622,341.39594,168.79607,-36.422695,310.67215,163.86377,-144.03337,340.11652,173.03836,-30.788998,310.77878,173.16832,-146.00984,339.67453,172.61763,-44.68892,315.9214,173.05917,-151.17105,338.49146,171.19424,-40.169014,316.7751,169.03851,-142.79044,328.21185,148.32199,28.255367,301.14703,146.04057,-28.033432,338.74332,203.33635,-47.453114,317.1961,201.11212,-92.35086,338.97437,264.29178,-19.561546,314.7832,258.5888,-41.89438,332.58755,272.44458,-19.224983,309.5401,272.218,-39.570683,357.35855,280.0242,-76.09634,328.5434,279.48322,-102.53386
frame_024.jpg,triceps,365.96542,129.4351,-336.20038,368.95932,124.99695,-329.10205,369.53265,124.70492,-329.10184,370.0583,124.38716,-329.17923,366.13086,124.2699,-339.84134,364.48224,123.3658,-339.93073,362.7237,122.382996,-339.96594,365.27115,119.76016,-263.39282,355.77753,116.64457,-310.95312,362.97653,131.01941,-307.44678,359.9784,129.97125,-321.58435,359.52148,120.455086,-164.36331,327.02847,122.74456,-249.72021,355.9421,138.7358,-59.021088,295.44992,136.60098,-221.19763,357.4954,158.14145,-8.637418,308.9966,171.04953,-180.14865,359.73688,161.99818,-2.5741198,309.15805,180.88403,-185.93843,359.42654,163.6017,-17.25035,314.68234,180.84192,-192.63202,356.9762,162.90215,-12.752285,315.3829,178.21822,-179.98106,329.779,154.48375,27.937374,305.76846,154.81255,-27.788635,339.2874,203.91733,-55.95504,318.01556,201.58249,-116.72223,338.42938,264.3647,-30.556873,317.67102,261.33887,-72.91456,331.19525,272.15012,-31.088074,314.62384,270.17343,-71.14511,354.12292,280.6293,-90.58578,327.77133,278.54877,-133.53918
frame_025.jpg,triceps,390.6937,134.82442,-158.8957,397.72467,128.93921,-138.65381,397.94907,129.58643,-138.68839,398.31448,130.27023,-138.71123,395.91254,124.06211,-165.69586,394.40823,120.41089,-165.74002,392.87396,116.31975,-165.82213,391.20337,123.929375,-47.514153,384.55957,104.34907,-167.42918,379.5661,137.4234,-123.46579,377.26324,131.61919,-158.04362,338.97427,126.01372,73.438805,328.66028,108.828804,-238.30411,271.46735,147.60083,96.45468,251.65927,147.4107,-259.88882,228.92928,190.18025,25.05722,219.07884,210.48947,-207.45758,216.6347,205.74106,18.146605,209.06964,224.29855,-232.36548,217.31427,203.47884,-2.4404476,216.94073,230.06413,-232.61635,220.2833,197.01602,12.617736,220.32678,227.17943,-205.99463,229.4791,167.91386,98.70557,211.7665,159.7871,-98.9009,271.169,261.54813,152.24214,240.93939,245.7406,-133.25064,227.77649,269.55032,195.31479,234.40918,264.71494,68.15115,216.5852,264.48447,198.70544,226.24365,258.18387,93.41897,233.7874,292.95602,203.15826,255.49974,295.14865,133.53758
frame_026.jpg,triceps,400.29608,135.34706,-178.9932,407.56433,127.49861,-162.20274,407.9349,128.01634,-162.24776,408.41983,128.4938,-162.25027,405.25842,123.1282,-188.28111,403.4587,119.89691,-188.31712,401.07782,115.72594,-188.3671,401.21594,121.997894,-83.71163,390.60278,105.058304,-199.6597,390.97845,138.80264,-147.77824,387.92926,133.32602,-181.07404,342.43475,129.28473,26.981647,338.39117,111.13973,-260.50174,272.9455,138.31987,50.51929,264.8885,127.90849,-310.49942,216.85973,158.9414,-3.5263336,189.38351,151.70287,-320.04834,203.33194,167.97318,-11.56925,171.91495,148.54207,-360.91537,204.03629,165.92252,-33.23419,169.82236,155.23044,-357.667,209.12393,162.54498,-16.129429,176.94257,154.61826,-320.4196,234.9167,171.24048,96.31669,223.11386,162.26155,-96.32349,244.18463,229.10887,219.69171,260.76666,267.1319,-130.07895,192.12582,191.48189,362.00726,202.63678,323.38205,-35.876907,187.62978,183.10892,374.21075,189.92249,323.59753,-25.795763,177.86253,191.00311,365.45377,215.46658,362.42154,-60.119606
frame_027.jpg,triceps,393.59024,135.45953,-127.44362,400.30884,127.8438,-107.3082,400.5999,128.04565,-107.338326,400.97955,128.22882,-107.38,398.107,124.12295,-133.38165,396.5921,121.128815,-133.44753,394.765,117.45996,-133.51605,393.47418,121.15836,-17.11447,383.9819,106.03167,-132.54785,384.54004,138.03615,-92.373055,381.6131,133.3482,-125.63432,337.25323,125.035194,102.65645,334.3412,114.65768,-203.69485,268.27805,146.37508,127.82381,260.28568,146.42036,-217.03636,236.93124,196.52687,59.421978,238.69229,214.82286,-130.85371,225.32478,212.16608,52.507576,227.97356,232.44444,-144.11124,227.11646,210.1263,35.962654,234.38194,236.39798,-140.30374,230.0161,203.63634,48.006622,237.36443,231.29735,-125.92288,221.96338,169.10356,95.86403,210.40219,165.94345,-95.88556,258.6343,265.3936,126.89662,254.90617,273.5413,-85.16918,236.87415,321.38498,188.42543,238.5452,329.39896,49.968525,225.65027,322.80917,191.71552,225.88376,330.48438,65.30238,250.60904,350.30923,178.78325,261.04175,363.85834,71.6782
frame_028.jpg,triceps,321.36115,203.66992,-31.40747,321.50793,196.0539,-25.750156,321.05304,195.76169,-25.74855,320.44537,195.29735,-25.78452,320.28467,195.352,-40.088547,319.1214,194.58191,-40.132782,317.8024,193.65807,-40.11629,310.67892,191.70547,5.5212946,308.22775,190.65181,-61.5344,316.9621,206.94824,-18.734453,315.64185,205.83029,-38.285824,296.56506,216.58955,39.040672,287.62894,208.50037,-73.024315,308.42316,248.71146,110.80609,293.66403,185.35371,-100.72457,317.1159,251.6633,155.95125,286.07343,137.04749,-64.729095,313.45013,250.6021,169.79988,284.3834,124.221886,-73.73021,313.6435,245.44519,156.82962,282.94058,123.34486,-69.93875,314.3894,245.82347,152.14183,282.79535,127.51507,-63.9897,290.52997,285.1011,38.28164,287.9145,288.79257,-38.06673,288.843,221.80414,73.922325,296.52634,248.4021,-75.54981,284.9347,154.24074,84.4056,285.81506,186.42331,-62.944046,286.49738,149.95262,83.268326,286.246,179.56693,-62.459038,279.65155,121.66424,55.653835,270.19525,167.58199,-99.60318
frame_029.jpg,triceps,319.40125,211.28018,14.019342,320.2977,204.57484,20.847065,320.1738,204.239,20.830915,320.02652,203.84836,20.777859,318.7386,203.61708,3.351966,317.51324,202.80498,3.367674,316.23886,201.90068,3.404901,312.04984,202.4924,62.017265,306.54852,199.90886,-19.02868,315.05487,214.9228,30.394054,312.90366,214.19986,6.8263035,303.93246,234.94379,91.98723,281.42783,220.05075,-43.367424,322.59766,276.71817,88.19345,290.79077,197.20767,-68.97671,320.97894,260.93057,13.382963,282.07486,183.22844,11.327764,314.94397,257.5148,5.156203,278.45044,180.29886,15.106857,314.3285,250.63342,8.609191,278.26785,184.35574,13.284983,315.2145,251.34062,12.137628,279.5567,186.98814,12.964939,294.91306,324.3749,39.657406,283.3855,324.88803,-39.59988,315.03903,326.53003,63.283737,282.67908,353.92355,-55.78743,274.42685,281.69064,88.43077,262.45062,364.61957,-41.04443,268.60266,273.5504,92.04367,257.5132,359.3816,-38.114105,260.21573,271.8838,87.330246,261.38638,382.60605,-59.522614
frame_030.jpg,triceps,318.23965,213.15503,-31.133814,319.45926,206.32097,-24.257183,319.34482,206.07875,-24.262064,319.242,205.71703,-24.318829,317.77505,205.32465,-42.914486,316.42252,204.41345,-42.9256,314.94995,203.40208,-42.908672,311.22357,204.10814,26.447886,304.20966,200.90932,-60.39502,313.47488,217.8339,-11.482687,311.23712,216.5908,-36.838432,301.00217,238.03702,71.67528,277.99988,219.50006,-71.692764,318.47388,271.96478,104.91013,278.06665,160.46799,-97.47173,319.44254,255.55907,79.19394,280.47964,191.72482,13.763182,312.85413,250.51642,74.27457,276.73523,194.7728,16.70188,311.0929,243.91707,73.61195,277.17606,201.78876,21.42926,310.48682,243.60962,76.11403,278.65997,201.29704,16.934616,291.3788,334.5133,44.516663,285.4658,335.49307,-44.445145,300.7044,361.91617,66.65115,289.011,412.15076,-51.02433,270.28708,349.8707,101.04806,251.84264,448.75473,-57.129723,264.97998,346.7281,104.563896,240.46771,448.8883,-57.044,264.51434,350.34125,105.9837,255.39807,471.5595,-80.90943
frame_031.jpg,triceps,343.2702,160.96407,-153.635,344.37747,156.74707,-146.33528,345.14255,156.95474,-146.32574,345.85995,157.02638,-146.36395,341.3178,155.62169,-148.60065,339.72296,155.10915,-148.59923,338.01785,154.59712,-148.59329,344.01642,157.40182,-95.513695,331.95325,155.16507,-105.80327,343.3681,164.4433,-133.6982,339.46204,163.8946,-136.66081,353.9792,176.36911,-88.81648,318.70145,167.68135,-93.79205,361.50693,201.0482,-186.84486,311.71606,135.75827,-147.80199,337.7197,188.42561,-290.98697,334.54697,139.96356,-130.02252,329.40118,185.87584,-312.09973,343.2293,139.79442,-136.16536,330.18094,182.61993,-301.48126,343.7659,140.2122,-130.56367,332.0517,182.75679,-288.99457,339.47675,143.03139,-128.3392,345.79453,238.30923,4.0175657,322.54712,238.72151,-4.0769544,353.00977,276.3217,-52.77733,317.96066,282.17108,-83.395905,342.6218,249.52507,95.11501,314.43765,253.0484,81.732605,341.95828,245.15161,113.658005,315.15524,246.13016,101.92341,340.2957,255.5926,136.36778,311.85065,262.04236,132.34561
frame_032.jpg,triceps,338.1677,161.29164,-164.83206,340.19757,157.55576,-157.67241,341.40338,157.54385,-157.66685,342.53052,157.35167,-157.71832,336.19244,156.85663,-158.43874,334.69812,156.31018,-158.44232,333.2045,155.58401,-158.44267,343.28223,157.10979,-105.18239,329.3425,154.33983,-107.90208,339.78732,164.56195,-143.85815,334.77167,164.16019,-144.66798,353.38464,176.52345,-93.32808,318.0664,164.91377,-92.67749,360.17624,201.25554,-194.41338,310.9061,137.47345,-142.44304,336.54813,187.31268,-294.14325,337.2856,126.22097,-135.6713,327.7992,183.93735,-313.92728,342.0354,123.18877,-142.71437,328.12323,180.07776,-301.63193,343.87732,123.667755,-135.90138,329.7256,180.04259,-291.1187,342.50238,126.0015,-133.68736,345.58194,238.53532,3.014331,321.6225,238.87907,-3.1121027,352.87,276.9231,-65.99545,317.42813,280.454,-90.5788,341.17923,255.85567,101.66058,311.7506,256.5553,91.54221,340.74097,248.46754,122.52656,312.3009,248.3836,113.54992,335.81863,260.46518,147.40894,311.72723,267.05048,146.30298
frame_033.jpg,triceps,339.63474,160.19337,-145.83249,341.8312,156.34418,-137.52046,343.0095,156.48508,-137.51437,344.1454,156.5703,-137.57335,337.8705,155.54868,-138.63458,336.40997,155.23209,-138.63412,335.02014,154.81844,-138.62576,344.67065,157.06555,-86.24336,330.82666,154.11232,-90.21839,341.39877,164.3014,-125.76047,336.33948,163.5657,-126.96038,353.97647,176.90715,-79.92629,319.8599,164.89584,-83.5547,363.79593,202.5806,-173.63742,317.3082,132.54352,-133.87332,339.33618,185.95663,-266.16815,330.48047,104.82241,-142.26646,329.83395,183.35077,-285.02734,333.14102,98.32318,-154.22104,329.42194,179.1995,-273.53085,335.26178,98.61631,-148.79572,331.27826,179.30786,-263.28595,334.35498,101.59359,-141.9598,345.2032,239.60205,1.0337708,321.2091,240.41515,-1.2127533,353.22125,274.16013,-79.31551,315.75253,278.57037,-96.70564,340.2518,258.22702,105.68559,318.2278,261.48608,106.38068,337.7231,253.80896,128.6044,315.06268,253.69324,130.57402,333.6142,268.19235,153.24518,319.90918,268.62488,164.93988
frame_034.jpg,triceps,321.7353,209.77373,-21.905521,321.9368,203.07013,-15.314418,321.57538,202.76213,-15.309494,321.1822,202.41164,-15.377761,320.4919,202.5757,-35.879555,319.0551,201.96526,-35.87334,317.39478,201.31549,-35.889545,311.265,201.32289,22.80109,305.7907,201.07457,-70.875786,316.93124,214.68852,-5.170623,314.79822,214.41109,-32.590725,292.24634,225.78394,75.301605,283.42462,222.3223,-105.820114,309.89307,224.37033,205.90965,283.70398,164.57306,-199.7203,316.10867,210.24425,279.07053,281.0238,112.878494,-235.4074,315.96307,210.44522,302.47287,280.01877,104.53412,-249.40034,315.51157,204.54181,292.2116,280.80484,104.69896,-238.87389,316.01794,204.21191,276.52805,281.17062,107.46942,-231.41776,290.8637,317.66602,51.645798,292.1238,325.46094,-51.502785,271.54477,330.7425,94.94697,294.45178,359.2731,-48.511562,238.53789,343.4572,150.18323,238.88702,350.13156,-1.5556973,233.04742,343.5429,153.76419,229.18936,342.6498,3.6725447,230.53224,354.27353,138.94511,218.97601,362.4851,-18.34382
frame_035.jpg,triceps,321.05096,209.47237,-38.37653,320.70166,202.50125,-33.042267,320.2661,202.14351,-33.032024,319.93848,201.79646,-33.090862,319.15042,202.13676,-53.339745,317.7281,201.55803,-53.328407,316.24417,200.9588,-53.330837,310.88342,200.71991,1.5201484,305.48123,200.56552,-90.98222,316.83173,214.18924,-22.39766,314.84784,213.84581,-49.396557,291.93347,224.65646,52.6825,282.40762,219.39117,-118.05306,307.48,214.50063,165.94331,284.83258,161.56735,-183.14014,314.17783,197.08975,201.74524,284.14233,108.63783,-180.32675,314.6416,196.08488,217.63965,282.1255,99.10211,-188.09937,313.61075,190.6653,207.52008,282.83392,99.035484,-178.8395,313.7074,190.87085,197.69061,283.93793,102.72749,-175.13947,292.71884,313.66504,50.53054,294.30103,319.75958,-50.455585,273.3028,318.11142,103.9556,285.1144,353.24677,-34.468033,227.53723,313.89124,158.15881,230.29987,339.52805,15.163757,220.23344,310.81427,162.26442,221.80237,331.9794,20.859093,217.02148,322.71915,153.04274,208.8008,351.44275,4.2497272
frame_036.jpg,triceps,318.84756,213.86098,-44.15561,319.90088,205.50055,-32.445274,319.99442,205.34726,-32.50649,320.08377,205.19698,-32.61337,317.36514,204.45111,-53.605194,315.549,203.50302,-53.63918,313.53183,202.63985,-53.65486,313.548,204.75615,28.00586,302.99603,201.90953,-67.13364,315.59634,217.82378,-19.53458,312.57776,216.86584,-47.31408,305.5532,238.96156,86.73416,278.5242,220.24223,-110.97528,315.6633,265.9524,156.5862,281.80408,161.68599,-192.52145,319.25787,264.47607,139.37668,280.86804,111.635254,-198.8408,313.87668,265.662,143.38495,279.90216,102.7364,-218.31339,313.09476,257.77118,131.87161,279.62183,100.32118,-206.74147,313.4103,259.50803,133.57216,280.2161,104.29594,-194.74036,302.30902,327.5318,56.24321,290.13464,332.49997,-56.11778,309.98633,374.0301,45.554558,307.06677,399.34235,-98.15423,288.85318,399.5379,170.7539,289.36795,406.42282,23.790653,284.44843,400.33475,183.12935,282.55103,401.74982,36.814754,291.4022,417.03107,171.121,295.312,424.46832,8.72392
frame_037.jpg,triceps,320.42697,175.53505,40.57867,317.88995,165.3038,52.919773,317.05243,164.84303,52.943596,315.8925,164.40547,52.910355,316.1922,164.69096,23.831215,314.19272,163.85876,23.771631,312.29108,162.99077,23.689453,302.2378,163.8153,112.45212,298.0718,162.42221,-20.805676,314.28693,180.69133,64.65985,312.09424,180.01013,25.975052,285.53226,199.03592,176.697,275.76608,192.26776,-100.875824,306.19907,239.86751,214.78331,283.13113,235.98744,-106.39046,319.73294,248.89626,162.68845,303.36017,239.51822,18.081602,318.4308,246.13815,160.80453,305.47733,245.34355,15.526222,317.17313,242.07227,144.58934,308.33307,240.02893,18.665874,317.24506,243.20032,152.82039,307.0421,238.19252,23.430624,280.23322,337.66226,83.387566,271.15817,337.9358,-83.12433,300.8644,309.7807,146.66841,273.0373,286.75204,-60.036163,289.43793,280.9324,227.611,273.14948,200.62692,5.5861025,285.98956,276.6056,230.79318,273.23868,185.80748,14.587633,283.6697,279.00354,188.60172,261.92908,181.41989,-23.475094
frame_038.jpg,triceps,324.27716,178.7017,-2.567328,321.03775,167.94777,8.162453,319.9961,167.4619,8.091074,318.74652,166.98035,8.004023,319.3849,167.65247,-27.448387,317.34912,167.07608,-27.479187,315.1443,166.56128,-27.54422,303.84808,167.00305,66.57784,299.68396,167.43674,-94.00551,317.21585,185.52097,23.376112,315.10867,184.96686,-23.462431,285.07263,203.4434,142.76187,275.6019,194.53717,-160.21878,298.74118,161.92615,231.407,280.83035,121.170876,-263.03958,283.85153,110.453735,169.94814,272.5393,54.341084,-259.20325,296.7852,106.87032,159.94635,271.8962,41.96151,-286.01147,280.84796,92.49291,146.13644,269.38852,41.854218,-276.57214,294.3173,106.305084,157.8525,269.71637,49.358074,-255.01045,282.71573,346.63773,96.26799,279.31497,344.72806,-96.04762,291.37146,426.7519,129.53319,305.87003,458.12875,-129.49924,273.951,475.92508,217.26105,255.59174,500.76447,-54.59026,269.1635,481.6551,222.60559,242.40433,497.35022,-47.819237,280.1812,496.15442,197.38815,255.66727,533.383,-103.26694
frame_039.jpg,triceps,312.28415,189.41833,22.114077,311.65717,180.07494,32.293247,311.19305,179.60625,32.337185,310.64642,179.0281,32.303635,309.67236,179.36938,7.15874,307.85602,178.51692,7.1498513,305.80203,177.55325,7.201988,299.7708,177.10913,87.13858,292.14645,175.73529,-28.670197,307.58267,194.77988,44.42704,304.73114,194.00867,10.628212,286.69318,218.59412,134.94891,266.0533,206.94794,-65.29545,317.91653,267.28937,173.36224,283.50702,191.30484,-146.83794,312.4216,250.68408,137.90678,269.60153,124.96917,-129.35387,306.47455,246.72757,143.61885,264.56302,109.106575,-144.41255,301.37054,238.99336,138.23889,265.14944,101.32081,-137.54207,301.64597,239.93665,135.11964,264.8395,112.27892,-127.250755,281.59216,333.87698,58.784298,274.10687,335.50546,-58.58886,285.5965,255.1206,93.66734,250.35658,245.01941,-75.68705,272.87555,156.73706,149.7583,258.29193,142.72182,-40.87214,272.4423,146.47314,153.2313,262.49518,126.28119,-36.61845,260.87506,125.57447,112.70634,236.5755,120.551834,-80.10734
frame_040.jpg,triceps,347.68124,124.104515,-193.86725,349.85718,118.557144,-182.66916,351.087,118.44191,-182.66066,352.30835,118.1734,-182.71257,344.966,117.97055,-185.80234,342.60254,117.47717,-185.80682,340.28592,116.814674,-185.79903,352.03827,118.06967,-110.85066,333.8104,115.596504,-124.693954,348.6707,128.25452,-166.077,342.70523,128.11,-170.17645,363.16888,141.09782,-95.99224,317.83475,133.30281,-106.13084,375.76892,176.38504,-209.83238,310.61774,90.775246,-175.17331,343.59778,159.37433,-328.14496,344.66373,69.27591,-157.1544,331.1722,157.25461,-354.33923,350.4967,64.50065,-168.3772,331.4412,151.06375,-338.59064,352.88647,65.26143,-156.18082,334.02722,150.47978,-324.3355,351.53073,68.37452,-153.64645,354.976,226.91711,5.918955,323.2404,228.13217,-6.0149865,363.61752,279.39606,-42.248917,317.82336,283.7812,-66.0532,349.0205,251.29799,172.88475,312.49,255.5311,153.60382,347.72626,242.19592,199.64938,309.59692,241.21751,180.5873,343.05118,258.31137,231.94269,309.96967,266.5556,220.29726
frame_041.jpg,triceps,349.57352,125.94223,-176.98546,351.07144,119.694046,-166.70334,352.20532,119.63438,-166.71072,353.34857,119.56392,-166.75064,346.8911,118.9924,-169.9476,344.59875,118.35124,-169.92784,342.17993,117.62625,-169.91393,351.8959,120.29659,-102.445145,334.83334,118.05139,-116.823135,350.1706,129.83614,-152.26892,345.45312,129.6508,-156.53459,362.32074,145.0693,-97.26895,318.3886,137.65773,-106.84196,374.1641,175.91447,-202.06007,312.5575,95.43118,-193.27864,339.81512,158.5543,-311.42578,345.13425,91.59749,-188.48524,328.86594,156.6418,-336.2184,352.82727,90.99846,-199.48402,328.09268,152.38884,-322.7505,353.8835,92.944496,-189.18658,331.0661,152.414,-308.32205,351.7612,93.66503,-185.29471,352.7936,224.00865,6.1436343,323.4009,224.3099,-6.152234,364.654,276.23016,-35.212036,317.63547,282.8549,-50.58014,354.464,250.4503,150.93524,309.06525,248.57205,140.30688,352.58206,242.1638,173.54886,309.98145,240.04504,163.45636,351.4465,255.01248,196.7063,313.2167,257.98376,194.72809
frame_042.jpg,triceps,349.19177,124.74088,-193.88635,351.0747,117.72445,-183.90587,352.36374,117.939316,-183.91113,353.63812,118.06498,-183.95506,346.33142,116.22949,-186.08191,344.02023,115.49429,-186.06952,341.43292,114.86488,-186.05768,352.80667,119.22834,-118.77519,334.74686,116.47736,-128.73032,349.79984,129.51822,-168.75345,344.50293,128.8974,-171.68497,363.59897,145.12083,-115.314095,317.6733,136.28957,-113.77961,373.96838,176.25989,-232.75038,309.19357,93.21163,-203.84201,339.43878,158.05264,-349.77112,337.31235,94.712715,-210.6563,328.2758,156.19098,-375.15344,349.48853,94.701744,-221.99149,327.46667,151.73486,-360.8403,349.9506,95.16064,-213.0142,330.56534,152.32368,-346.2848,346.66824,97.10916,-208.57948,353.12512,225.6127,3.269114,322.43915,224.8882,-3.3062503,363.52206,276.7594,-39.313267,316.09146,281.9828,-62.59422,359.4447,250.12505,147.90932,320.29678,251.84349,140.72694,358.86694,242.09747,170.7909,322.1054,244.11095,165.35017,356.72278,253.25548,196.54634,320.8192,257.59454,200.68036
frame_043.jpg,triceps,349.83148,128.12605,-199.24745,352.35486,122.02858,-188.69946,353.52298,121.7793,-188.69896,354.68134,121.50031,-188.73979,348.1488,121.308876,-191.87079,346.04538,120.206505,-191.85655,343.9398,119.22344,-191.84457,353.46027,121.04087,-121.58087,337.65533,116.931274,-135.27406,350.5211,130.81929,-173.32513,345.66177,130.4791,-177.39874,364.92557,145.73367,-111.4071,319.81967,136.63576,-122.70056,375.1197,175.95737,-219.739,311.1939,92.63661,-205.74495,341.40833,158.87677,-335.00067,346.9948,81.008766,-198.83545,329.4966,156.25105,-360.84628,355.60092,82.82009,-210.65126,329.49893,150.0119,-346.98145,357.2329,84.23146,-199.80574,332.53384,151.19965,-332.0042,354.8781,85.310295,-195.43524,353.32,224.42436,5.257366,322.4893,223.73978,-5.285935,364.0562,277.64822,-39.567307,316.5045,280.7715,-62.392113,358.10895,252.05817,153.28763,318.99124,254.51883,139.4971,356.38977,243.7882,176.73953,320.11713,247.31552,163.94879,356.68015,256.5622,199.91762,318.40115,261.95523,194.87413
frame_044.jpg,triceps,323.05682,194.69801,-41.597305,323.62054,183.89641,-31.800795,323.1726,183.40202,-31.797781,322.7501,182.88211,-31.901167,321.96228,182.87262,-59.020844,320.2296,181.66846,-59.03107,318.2704,180.39964,-58.957485,312.43524,180.97804,43.992847,304.3112,178.06134,-81.07025,316.3529,200.3932,-9.965473,313.62582,199.13295,-46.394455,297.54022,233.13832,100.124695,270.49847,205.17006,-109.54383,331.3075,270.06558,53.274696,271.9137,133.76028,-241.55267,316.45322,244.58492,-105.27438,273.10916,95.930534,-281.26306,304.68616,232.72575,-122.97539,256.30664,86.799675,-302.15976,303.43533,231.34422,-117.33583,257.8993,92.439156,-299.2173,300.8512,226.98853,-107.747635,260.36533,98.91841,-280.8702,281.44928,351.22415,62.584038,273.3475,354.2409,-62.714294,300.60858,274.43893,170.30441,293.52258,394.6556,-105.73125,274.86,162.61627,233.22174,260.74783,408.1933,-109.742805,270.36105,150.0417,238.38553,249.93784,400.19907,-109.231094,275.14163,117.336365,232.2431,260.83118,436.2829,-148.85016
frame_045.jpg,triceps,322.01666,190.66498,-79.13086,322.7248,181.1887,-71.04361,322.8352,181.26016,-70.98207,322.95364,181.24287,-71.013885,319.33762,179.18227,-94.51263,317.00244,177.92183,-94.556725,314.17862,176.41714,-94.49997,311.84454,179.56563,-1.577343,301.90088,174.35547,-110.29581,316.41595,197.41714,-51.610214,313.01486,195.29688,-83.07964,299.091,234.57315,46.136322,272.21472,204.84274,-116.413734,332.1291,237.63275,22.251034,265.47888,129.25806,-152.74097,313.82254,232.36104,-84.31503,276.7461,157.07082,-6.2262654,306.7566,228.81856,-106.07612,274.1015,161.0216,1.7845852,304.55795,225.41142,-95.49242,274.05765,174.2589,4.022508,300.89526,221.71431,-86.32645,275.8326,172.75003,-2.1494157,274.93375,351.80612,49.153404,274.691,354.17728,-49.259068,289.65775,329.8226,143.15977,298.1234,435.83267,-52.099728,260.9346,249.00507,198.15881,256.3394,474.13138,-68.49488,254.16577,240.6973,204.29857,243.96893,469.9834,-68.55752,255.23596,219.41426,218.09647,261.5667,508.88748,-93.33208
frame_046.jpg,triceps,323.3891,196.13724,-66.09108,325.2973,186.39915,-55.370945,325.44464,186.25496,-55.43144,325.36194,186.43153,-55.505543,321.5534,184.93372,-74.34085,318.75308,183.63019,-74.36107,315.34024,182.11594,-74.39398,313.81433,183.9262,10.462318,303.0653,178.85452,-76.61719,318.9761,201.91335,-40.71038,315.11502,200.0339,-66.20442,305.35916,224.89459,50.431023,267.75528,207.68752,-80.29781,338.94476,275.00906,15.351125,260.1821,170.49762,-131.65791,324.31708,251.15797,-86.19724,270.58508,158.19257,-50.576977,316.93234,245.16925,-108.945305,270.87387,153.4688,-56.911053,313.82336,237.96655,-99.079926,272.58472,162.94725,-50.254574,314.13474,239.70816,-86.74318,272.98352,166.93484,-47.743534,286.3545,334.241,46.51752,270.49802,335.83966,-46.404755,277.99036,396.0031,70.82452,292.60684,411.39713,-45.947685,269.82544,452.08286,142.7313,256.659,465.39252,15.295433,264.82028,461.39737,148.73984,243.37332,470.23923,20.580065,283.3728,468.31757,115.74256,269.54108,490.85553,-22.209805
frame_047.jpg,triceps,313.08966,189.1487,-78.382,308.85556,185.4805,-72.57471,308.67795,185.38594,-72.60909,308.52536,185.30511,-72.650475,307.84784,186.12563,-86.65974,306.6747,186.45163,-86.69509,305.5041,186.76842,-86.75325,302.19174,188.01509,-40.555767,298.3326,190.30432,-103.58131,312.2149,193.47221,-65.07811,310.44604,194.22908,-83.28566,302.36584,210.56757,-1.8594482,288.47336,217.02182,-118.476135,304.31653,239.18304,22.965477,283.106,243.84138,-118.50337,313.27902,251.82037,18.730652,285.22357,252.0669,-93.662125,315.535,255.16617,21.544373,284.75275,255.15208,-99.61386,316.5118,253.32718,14.582376,286.09805,251.51874,-101.63417,315.21875,252.47902,15.206648,285.53073,250.64145,-93.872215,296.56113,270.12677,33.08266,286.62247,274.84576,-33.039345,302.37384,289.77847,104.058136,287.27734,306.11032,14.614565,284.71286,278.10635,183.64563,272.63968,309.99805,110.65756,281.4841,275.87463,192.65854,265.78442,308.5939,121.41574,285.77454,277.51398,208.46106,281.53384,316.67496,126.69312
frame_049.jpg,triceps,267.3889,204.05714,-24.120869,270.70337,196.6893,-34.867924,271.8781,196.35774,-34.86171,272.97516,196.0498,-34.917007,269.29996,196.78157,-16.41558,269.56027,196.47443,-16.399666,269.80252,196.13544,-16.426367,281.05746,196.74997,-55.185585,276.7596,196.25401,28.668318,273.14944,208.47086,-30.534733,270.4317,209.04996,-6.36779,303.8704,228.97289,-77.39653,283.77527,233.39847,58.600258,316.22736,195.62582,-70.93005,279.93607,262.64072,102.58598,307.1952,197.83101,45.197674,279.49908,296.7651,81.8214,305.17538,198.33263,48.62057,273.98602,312.43912,88.38214,305.36566,201.30511,53.346283,273.88544,311.15756,71.62475,306.58716,202.69687,49.396843,274.69812,307.19608,74.94842,303.2734,334.51285,-46.154716,281.97055,328.31085,46.14073,282.50217,339.39612,-192.36276,223.62192,339.5894,-10.124964,266.51874,341.76706,-22.878445,269.3317,345.0956,30.013206,266.84973,338.36032,-1.6370208,275.32385,341.20694,36.97962,246.08542,343.80756,26.593826,279.81442,352.19034,53.76947
frame_050.jpg,triceps,323.36536,156.18301,19.604136,323.88568,151.74718,5.6674647,323.591,151.67229,5.6780763,322.67276,151.49309,5.693246,325.8487,151.92209,13.011355,327.41284,151.97505,13.013745,328.4636,151.90161,13.0276375,325.34888,153.48946,-39.612907,332.37024,153.11327,-4.568441,324.13934,159.77698,5.9247475,326.65344,160.08766,16.198742,323.92166,169.74936,-69.617615,353.2729,178.94208,1.605503,320.54843,147.41164,-119.74498,356.67078,199.7822,4.3189874,339.12537,137.38742,-140.31427,349.97095,208.26433,-5.1657352,344.77066,134.79251,-153.92738,347.79324,210.63374,-3.2331011,345.6878,135.20473,-148.33696,346.41766,212.17673,-9.183556,344.56128,137.22803,-139.66954,346.62857,211.72232,-7.77543,327.77673,237.78577,-34.136135,348.94333,237.337,33.830868,318.96674,274.8499,68.76052,349.7862,259.27274,140.78883,341.60983,275.8886,12.535602,364.599,269.47665,67.949974,346.45697,272.43707,9.093521,367.08847,270.32205,62.109486,350.33826,287.38525,12.116004,367.05493,278.61285,63.09765
frame_051.jpg,triceps,322.251,157.69556,47.97275,322.09457,153.73717,34.65593,321.4944,153.6023,34.685623,320.6418,153.39142,34.692375,324.7928,153.83319,43.233665,326.3322,153.81905,43.24236,327.55466,153.73749,43.26111,322.75055,154.23361,-10.473766,331.8532,154.51295,29.711102,322.46127,159.76685,33.844803,325.28137,160.13588,45.571804,322.31525,170.07156,-53.606606,351.34122,178.55032,37.004333,318.9651,146.30632,-112.942955,356.52084,200.493,17.89196,340.4303,134.15926,-142.38792,342.7962,213.80165,-27.313622,347.8041,131.2952,-160.20258,339.0842,214.03845,-28.405874,348.97754,131.4557,-153.14848,337.94803,215.65417,-38.99136,347.48447,133.40997,-141.73769,338.70526,213.37234,-32.77253,328.1831,238.28795,-40.652508,347.15393,236.51964,40.398235,318.7695,276.4636,46.75056,350.9165,272.23865,142.64163,346.17245,270.54294,42.009846,356.51874,269.60382,124.35754,350.70612,265.6186,44.736866,356.77252,268.9033,124.563644,355.37683,273.58554,62.96827,357.89264,270.50568,140.06093
frame_052.jpg,triceps,318.46753,152.44151,49.08932,319.00815,148.77135,36.60769,318.71167,148.40648,36.65112,318.3579,148.26312,36.670143,321.08853,148.95052,44.994576,322.22107,149.05255,45.002205,323.27408,149.0941,45.015213,321.13373,149.31566,-6.156227,328.25528,150.52934,33.26943,319.17242,155.63782,35.788322,321.38208,156.01253,47.28569,320.921,164.04712,-46.706203,349.26392,176.25766,42.50351,319.2559,137.363,-101.05563,356.21008,202.46878,38.591858,340.7279,121.492424,-130.27559,342.188,217.54489,12.319079,346.21967,117.91832,-146.11676,345.78934,217.40517,14.412393,347.5559,118.589836,-139.3583,337.73315,220.1723,1.541605,346.48407,120.95284,-129.53407,338.70972,217.12857,6.9206076,328.07498,235.8566,-42.984528,346.47137,236.8626,42.70352,317.47156,277.14944,47.755924,348.0594,273.46014,149.41579,350.99402,267.78354,19.280619,356.22318,259.47458,139.99406,357.25653,263.226,19.482862,357.42737,257.1026,141.77554,360.66544,267.44507,36.12355,356.0829,258.86334,166.99353
frame_053.jpg,triceps,262.14667,201.45914,-6.961254,266.46417,194.02005,-19.561724,267.958,193.49416,-19.599474,269.1082,193.13393,-19.688452,265.85507,193.96436,4.394062,266.57797,193.48636,4.408051,267.17114,192.92297,4.3696585,278.95285,193.67888,-51.558487,276.47046,193.9802,58.281517,267.56192,206.63666,-16.447523,266.49655,206.32199,14.976557,303.4309,223.9383,-85.85214,287.89554,226.91928,91.88631,305.53592,168.31236,-144.6829,291.4197,198.3924,137.7109,306.41583,122.97166,-116.38374,296.59967,164.58846,129.00601,308.19724,109.46303,-130.83926,296.6371,157.12537,123.270836,307.9064,114.50949,-125.4973,298.92654,158.44069,118.23997,306.98666,120.61594,-113.962845,300.22122,160.95255,123.476875,304.2727,340.16586,-51.347366,289.64764,334.25082,51.450073,293.60318,367.59137,-233.01193,268.94577,362.12903,-28.053019,280.45322,383.58817,-21.74444,272.79962,389.12445,49.301186,283.8154,382.63596,2.5215256,274.93607,390.38577,59.549126,260.2618,396.56732,24.566738,263.5857,406.52753,67.85276
frame_055.jpg,triceps,264.79953,198.78937,-12.385577,271.33478,191.64929,-24.000668,272.7566,191.3984,-24.0166,273.94482,191.17453,-24.082764,270.48953,191.36017,1.3228605,271.39883,190.92465,1.3445554,272.21762,190.47223,1.3344597,283.46796,192.9532,-59.67267,281.37564,192.61356,56.40567,271.6253,204.63388,-24.243032,270.8259,204.44969,9.023317,301.8056,224.07599,-109.7398,296.2566,225.95021,100.21275,302.391,162.74184,-179.91609,298.08182,164.32408,153.00554,305.0632,107.42672,-158.32433,303.16388,114.60702,125.89065,308.0755,95.684074,-177.99513,305.1913,103.68236,122.428925,309.0112,97.573616,-169.58743,305.94608,104.57146,113.3932,307.82117,99.9619,-155.2495,305.21756,108.63138,117.91861,308.3327,347.32123,-68.21192,294.9136,337.1002,68.382484,275.86603,371.37067,-225.21895,239.60077,335.33862,48.539692,247.84799,376.29422,-40.223732,251.02072,367.57315,76.18953,250.80711,376.1258,-19.862915,255.38942,370.95886,79.616135,224.00291,357.7016,-2.3329039,242.95795,378.15564,88.57934
frame_057.jpg,triceps,244.20407,178.15526,-1.8757675,250.61194,166.69562,-21.080439,251.94092,166.54851,-21.139238,253.96817,166.1907,-21.194458,249.92581,166.40671,6.867649,250.8004,166.13661,6.894758,251.44067,165.90683,6.7967815,266.05768,168.24174,-66.606255,263.28973,166.92549,62.737865,253.59206,185.06688,-14.395748,252.72346,185.16547,22.85282,295.4315,210.49336,-112.263855,279.9744,214.25752,124.564476,309.46234,173.7316,-282.7905,278.45486,264.9918,218.57797,304.9699,171.63545,-375.41257,263.11578,312.6005,243.39267,305.96045,169.86969,-407.6905,258.9569,325.1962,259.63895,305.2199,171.14893,-392.08545,256.68475,323.4121,231.00732,303.6947,174.16998,-373.28113,261.4415,321.50504,232.3923,292.68643,357.826,-74.45391,283.1443,351.34213,74.32996,274.53256,370.8886,-63.072327,266.6792,396.56018,189.55386,277.71756,380.74176,143.66666,273.4012,443.54117,236.18823,282.4077,383.1743,166.54941,279.69,453.24792,242.36606,260.1428,381.04895,189.2604,254.1667,453.7458,240.15152
frame_058.jpg,triceps,256.0279,171.62381,-37.960197,259.86392,163.68063,-51.616074,262.2492,163.30734,-51.64824,263.29984,163.36569,-51.65197,259.1361,163.76001,-30.405416,259.67096,163.91331,-30.369455,260.09143,163.96089,-30.456123,272.1439,168.09444,-89.233826,270.62097,167.53453,8.552582,260.48315,179.66545,-48.698936,259.6004,179.74765,-20.519257,290.72958,205.41823,-131.6982,281.74277,213.0752,58.43387,302.07056,172.09464,-256.8031,279.8683,258.29172,113.81695,303.95834,126.540184,-352.72427,269.16415,290.3361,113.41386,309.84427,114.75679,-383.1646,267.25284,301.44836,127.842476,310.1182,111.131966,-374.12445,263.5752,301.61002,100.78819,307.96106,118.596985,-352.9808,265.25134,297.48514,102.63547,290.33908,336.84427,-60.523544,280.11172,326.20776,60.53103,297.28766,330.78845,-72.63994,277.21414,342.7424,161.58714,273.55228,252.68413,48.569016,269.6468,336.79025,255.8998,268.69165,245.01147,61.763157,268.78177,338.5484,267.69904,267.22916,219.29657,75.07091,258.98273,328.13837,295.43445
frame_059.jpg,triceps,322.81433,112.99811,42.423958,323.10388,109.76949,27.029936,322.479,109.66779,27.08086,321.722,109.45374,27.102348,326.71582,110.171455,36.919907,328.26697,110.43454,36.90226,329.68628,110.56851,36.90314,324.85733,110.704735,-27.114923,335.59293,113.26799,18.807888,323.4165,117.758224,25.10384,327.3247,118.576294,38.369205,323.52573,129.2694,-74.57519,358.6861,144.53448,36.79803,322.81195,87.46985,-102.21714,368.00034,176.16144,31.205252,348.2454,59.423267,-92.94933,367.44238,191.74884,-4.2362585,352.84024,54.76262,-105.36136,365.0891,196.75214,0.13172174,354.93088,55.687885,-101.53903,363.78668,198.56123,-15.009503,354.42078,57.080948,-92.33501,364.30945,196.98392,-10.773901,332.5595,223.9506,-53.28268,358.16495,224.54437,52.806023,315.5799,278.0603,44.45822,360.211,276.31097,175.87099,359.82758,262.47018,-9.190134,364.78656,255.7261,132.0125,365.3851,254.10222,-9.34884,363.38107,251.74623,130.57837,380.76096,262.8957,35.29296,366.10175,255.93513,174.7034
frame_060.jpg,triceps,316.59637,114.75326,53.821243,317.42142,109.67342,40.370476,317.06766,109.64714,40.42785,316.5869,109.56168,40.454372,319.66678,109.86133,53.56522,320.92834,110.05303,53.552856,322.01764,110.18186,53.56549,320.08542,110.6381,-6.639353,329.44492,111.63523,54.217323,318.12207,118.3188,38.706367,320.46725,118.73714,56.3059,320.05185,129.0374,-56.886627,357.11423,142.9736,74.23082,318.40085,91.6321,-121.38089,368.52536,177.7272,60.88456,344.08936,61.22599,-129.31963,359.24637,191.52158,10.197979,349.5099,55.146915,-141.61142,356.4173,195.86594,13.03187,351.35852,56.092426,-133.55704,347.64423,198.79617,-0.8861034,348.96503,58.79868,-127.09712,348.8753,197.92584,3.1082153,332.8462,222.24158,-53.48789,352.01443,221.87566,53.049923,314.13766,277.0829,21.38189,367.13345,283.7621,91.617195,360.97766,259.63028,-21.211851,385.38824,259.31088,30.651743,366.66577,251.27545,-21.179789,385.04425,248.47963,27.326029,382.82336,259.91864,20.08112,395.5667,249.69833,62.784363
frame_061.jpg,triceps,320.73114,115.37332,5.3872275,321.3562,111.09993,-8.56349,321.10538,110.9218,-8.509078,320.69733,110.699715,-8.492401,323.65466,111.35711,2.6396937,324.95166,111.43246,2.6213887,326.13647,111.44377,2.6343846,324.42715,111.66132,-53.192364,332.20905,113.05278,-1.7359294,322.09296,119.52866,-8.198608,324.41757,120.076614,6.688049,324.3238,130.39038,-89.499084,360.55972,146.32646,28.148872,322.2459,89.07783,-111.894424,369.9035,183.28882,63.90198,335.4721,48.48157,-89.3777,363.57904,195.22244,77.444664,338.2343,40.913353,-99.87448,361.54538,198.3243,89.94076,341.4575,40.69896,-92.88266,359.2984,198.7213,73.744934,341.5666,43.89788,-86.91145,359.79407,197.67696,71.850685,330.15012,222.03273,-51.983315,351.72168,221.18797,51.52404,316.47366,276.2835,53.105778,353.10455,271.5788,189.35136,358.0204,258.74283,11.360521,364.2888,250.4156,155.62563,363.41916,251.04245,12.682177,364.8188,245.49277,155.89597,378.3768,260.6188,54.405308,365.98416,252.34106,201.18723
frame_062.jpg,triceps,246.16681,177.05687,-29.752283,252.22845,167.0503,-47.34138,253.92204,166.50397,-47.35632,255.48265,166.0338,-47.42038,251.25693,167.09659,-17.236755,252.26723,166.57137,-17.232115,253.27777,166.02538,-17.300308,268.39236,166.88359,-80.8022,264.16492,167.09328,55.427986,255.37732,183.75256,-37.494236,253.88608,183.86565,1.6204582,301.77127,200.8108,-131.44165,280.0804,207.82184,125.246956,301.23798,124.927536,-222.89005,281.78564,257.4295,203.32526,303.65973,55.430748,-185.7802,262.99442,315.94357,184.78447,305.0119,38.55448,-209.99132,257.99023,329.26883,196.56378,304.7635,38.15045,-190.75427,258.04477,328.3297,164.5951,302.07394,44.56323,-179.62274,261.71368,323.13324,171.1553,296.75494,360.61038,-75.10139,280.8289,350.42175,75.154274,292.7611,414.8998,-276.5539,252.08498,388.15402,-4.2707267,275.55246,446.09763,-29.622047,265.17755,446.56424,88.684814,280.44366,446.3354,-3.2944381,270.9832,454.16855,99.78464,248.16422,463.2589,0.99661446,251.10352,467.1499,83.78563
frame_063.jpg,triceps,251.76637,173.31871,-40.282135,258.63052,164.09575,-55.9343,261.4346,163.50552,-55.925907,263.0362,163.27232,-55.995197,258.50586,163.65833,-24.874441,259.89594,163.15569,-24.840796,262.63757,162.22533,-24.843678,274.7225,166.48982,-101.74503,273.1321,165.64317,40.203686,262.75235,181.50735,-54.3919,260.50156,181.76018,-13.794436,297.70508,202.55455,-156.6717,289.60492,203.6982,100.14869,296.37485,123.53845,-215.30092,287.9846,131.20482,161.87248,301.79428,50.59352,-173.49762,293.689,64.233604,110.17862,304.0817,34.387722,-198.23071,294.25244,62.431526,104.79511,304.4566,34.850414,-188.59262,296.77045,53.82318,87.54937,303.78012,40.233456,-169.89267,295.7506,62.419167,97.54265,297.33865,356.56238,-78.12445,287.9649,344.149,78.178055,280.77078,400.571,-246.4757,269.8846,375.22824,84.842636,265.1388,402.95593,39.400845,263.75394,402.65164,181.51338,266.94006,398.32953,69.62677,263.84442,406.05078,192.21895,253.46071,407.4771,110.3534,252.76578,410.71478,214.648
frame_064.jpg,triceps,244.61784,174.20285,-83.71174,249.50569,165.23346,-100.76194,250.3924,165.23846,-100.81758,251.08105,165.36041,-100.891556,249.32329,165.28491,-80.83371,250.14297,165.37085,-80.84804,251.94534,165.09131,-80.950745,262.27847,167.50961,-139.213,262.15472,166.64519,-48.204533,249.102,181.64952,-92.97374,248.89372,181.77214,-66.85948,281.85648,208.07689,-174.65579,276.4561,214.93065,11.260099,297.1455,170.47862,-254.2932,278.84735,262.1548,100.28044,297.564,129.0302,-256.9717,265.4199,305.95572,114.85142,299.82654,117.16707,-282.3579,255.89516,322.60068,123.262115,298.26355,116.83591,-272.59265,255.82274,320.9848,100.67767,297.88266,122.41624,-255.30923,259.41937,319.41602,106.11465,288.5942,349.38147,-72.70654,280.0057,342.3187,72.5077,283.21384,339.84198,92.73372,270.0592,324.07437,299.41815,264.89627,333.6606,343.42224,263.14365,331.849,498.5747,270.10898,334.63004,369.3908,264.70325,335.89285,519.99994,250.91998,327.3845,371.2685,249.70258,326.8265,529.22437
frame_065.jpg,triceps,398.01544,156.31183,-42.18935,402.37372,149.37402,-30.860508,402.36902,149.0833,-30.894863,402.35596,148.78003,-30.919598,401.13824,147.8137,-53.49295,400.1269,146.24153,-53.537277,398.92972,144.487,-53.601894,396.15894,143.38107,27.49195,390.75684,137.54416,-73.68909,390.87256,158.7373,-17.818008,389.3343,156.7149,-47.20974,358.85562,152.3135,113.754486,358.95035,144.9269,-130.90018,318.3506,169.00172,154.29922,313.96152,156.16103,-160.75966,287.0694,185.4616,115.67421,284.3768,183.10036,-132.22736,276.4402,186.69427,117.3954,275.0102,184.68713,-148.81671,278.8722,187.15483,98.15876,279.85846,187.31683,-143.30751,282.815,185.12766,105.50889,281.5249,186.72173,-128.31633,276.00452,194.74472,74.5656,270.32928,189.43657,-74.43404,298.92578,269.4347,53.65845,291.44592,267.18372,-79.690704,291.87488,333.0735,75.11973,287.95053,341.28247,-51.7558,283.308,340.52957,74.15483,277.91028,351.5948,-50.81086,312.88522,353.30106,41.97533,319.37698,364.39084,-91.41493
frame_066.jpg,triceps,384.49847,166.02823,-62.802155,388.5786,160.52252,-50.962708,388.4641,160.19582,-50.967316,388.3402,159.82648,-51.00586,388.05374,159.03557,-74.68038,387.4855,157.47223,-74.72667,386.79694,155.64023,-74.75123,381.78497,152.96588,12.304744,378.68088,147.05666,-94.56015,377.25256,166.60226,-37.17,376.31104,164.92195,-68.24101,339.2838,158.33498,97.0983,344.39716,148.67397,-145.38387,303.10913,179.89984,123.59005,305.82227,175.4662,-180.70006,327.9459,209.95157,49.70858,333.4234,216.72023,-138.3363,334.4552,216.07124,44.43013,337.9816,227.44562,-148.76157,339.1822,214.18062,31.163235,342.19904,224.06238,-144.88156,338.003,212.21251,40.41937,340.69424,219.99431,-133.74481,261.08905,196.92627,76.34095,258.61942,196.05069,-76.19636,295.4402,266.72025,62.58789,293.6729,271.34616,-80.887596,299.83264,330.43512,80.321846,300.87134,348.65805,-62.44167,291.49387,339.73807,79.43788,291.60837,358.91174,-61.420826,324.79993,346.16333,44.81423,334.5961,362.37506,-105.41939
frame_067.jpg,triceps,392.02454,162.92458,-63.343204,396.1049,158.29514,-51.924408,396.1648,158.25551,-51.94718,396.22284,158.17986,-51.970364,395.06253,156.33583,-73.67801,394.22733,154.64658,-73.71792,393.29974,152.8021,-73.75009,390.1739,152.77525,4.8299685,385.59964,145.60945,-93.06275,385.60706,164.60951,-39.78359,383.7135,162.28073,-68.25989,350.24246,156.01248,91.6534,353.40576,151.60648,-146.12306,309.8883,177.15733,105.86356,316.99545,184.42046,-160.54353,288.70377,208.97453,46.839066,297.82654,226.99902,-103.6776,280.13696,221.56403,47.94144,291.69528,236.81277,-113.89827,281.60468,221.54355,31.336678,294.38748,239.73312,-106.36247,283.85257,217.39566,37.279896,295.74887,234.33905,-97.773315,266.51486,194.62312,69.842445,263.49088,197.85724,-69.74671,290.6041,261.44266,106.199104,277.2453,270.1034,-88.16509,293.0631,313.89017,142.51158,289.12744,312.2375,-69.348114,285.79785,321.46265,143.7107,282.55536,319.0354,-68.381195,317.30588,329.72287,128.5274,320.3369,328.13773,-98.08713
frame_068.jpg,triceps,368.03497,159.3983,-283.09625,370.65628,156.13417,-278.5103,371.1045,155.81314,-278.51883,371.53143,155.46765,-278.5888,368.71362,155.5907,-288.03656,367.51294,154.72516,-288.0942,366.12958,153.65915,-288.11444,368.62146,150.58958,-224.76671,360.1599,147.98384,-267.22662,365.4273,160.42648,-259.0096,362.90173,159.26173,-271.60934,368.48926,150.56325,-142.85329,334.6039,151.12398,-208.8556,371.9728,169.36818,-64.191895,315.9266,172.38416,-179.74525,372.2492,192.60257,-44.155827,324.92114,199.99626,-161.0559,373.8832,199.00612,-43.432533,325.9482,206.9898,-168.3587,373.3417,199.90137,-56.92612,330.14117,206.65314,-177.68288,371.56628,198.24138,-48.160866,329.80878,203.6794,-162.94861,343.9209,176.07555,25.315815,324.28424,178.39323,-25.209112,348.96283,219.5763,-24.673195,331.70728,221.75903,-83.42992,347.92142,268.04114,6.00342,333.41577,267.8158,-56.460632,342.67206,272.59778,5.925193,331.0573,274.9941,-57.13787,359.26083,282.396,-45.052753,340.85718,283.63828,-119.70532
frame_069.jpg,triceps,368.664,159.50417,-310.01352,370.50397,155.56364,-306.22684,370.7196,155.12277,-306.2168,370.87292,154.74443,-306.27863,369.23596,155.0493,-316.4114,368.36697,154.24408,-316.4893,367.43225,153.34564,-316.51685,367.2425,150.24666,-250.54636,361.29932,148.62328,-296.03217,366.39264,160.36134,-284.41583,364.5968,159.71248,-297.97522,367.67484,149.9714,-160.14786,333.89255,151.83075,-231.14404,372.14206,167.22559,-67.19271,316.15747,173.22171,-182.83026,372.69943,193.20078,-31.536995,323.85632,201.94893,-138.90578,373.3952,198.64815,-27.20175,324.8167,209.14911,-141.38701,372.50055,199.3227,-40.943718,329.31076,208.59319,-152.11978,371.76297,197.71472,-35.00546,329.8687,206.14734,-140.31406,343.80948,179.28941,26.533594,323.7832,179.63625,-26.434935,347.2792,223.06613,-16.05743,331.80554,222.8733,-87.51896,347.00958,268.88626,24.19527,334.71375,268.75012,-51.035606,342.9607,274.96454,24.645548,332.62204,275.48105,-51.137527,357.11176,282.6702,-30.71421,344.25757,283.96466,-118.96244
frame_070.jpg,triceps,368.56873,159.19142,-288.6178,371.055,155.34529,-283.3571,371.54974,154.99501,-283.36786,372.06528,154.54723,-283.44458,368.68698,154.54846,-292.85782,367.40063,153.56996,-292.91498,365.9259,152.41461,-292.92813,368.8606,149.3299,-228.86421,360.21735,147.27885,-270.7541,366.1072,160.15361,-264.44394,363.49048,158.87178,-276.9537,369.80838,150.66434,-147.44382,335.36267,150.99852,-212.98097,372.39163,168.72566,-59.332764,315.511,169.92307,-184.60077,372.0495,192.51733,-22.6723,328.3321,197.9297,-159.46107,374.02594,196.93098,-18.834469,328.562,206.35101,-166.26611,373.05267,196.89551,-32.278122,333.26126,204.79012,-174.3495,371.6573,195.67383,-25.951797,333.9441,202.50877,-160.6053,341.9865,178.14734,22.921946,321.59665,179.7144,-22.829332,349.8543,217.71268,-36.508514,332.98773,217.87874,-81.39561,347.8144,268.81744,-10.170834,333.9139,267.12775,-39.48774,343.11154,273.68762,-10.348253,330.98175,272.22845,-37.792137,361.10043,282.35797,-61.065235,342.8283,282.93726,-91.750496
frame_071.jpg,triceps,391.08838,165.18631,-7.4353676,395.0327,159.99849,2.6457782,395.0705,159.82521,2.6091828,395.11337,159.61679,2.5712025,394.1836,158.31319,-21.975718,393.49747,156.72694,-22.015055,392.63962,154.89493,-22.07054,388.64667,153.75058,53.79123,383.99173,146.56989,-57.00462,384.66412,166.74884,13.798235,382.88824,164.5397,-18.501528,347.48126,163.69418,131.99043,350.18112,148.35635,-123.54721,317.52545,201.13965,167.55867,317.0566,180.43147,-145.33044,324.90036,235.46254,108.03018,330.25244,230.03496,-110.84068,327.4627,243.89928,105.01439,333.49655,241.00955,-126.25741,334.8449,242.7639,85.632416,338.44672,240.17781,-120.52937,330.08212,238.05013,96.88652,337.21085,237.22562,-106.42644,267.89587,200.51318,79.71343,262.01334,194.74855,-79.50261,312.9273,270.79578,76.39233,296.0886,277.94934,-96.156395,295.43414,333.02246,110.19181,290.78156,359.50003,-73.9492,284.4494,339.77594,111.095436,279.2079,370.54584,-71.9516,314.78534,353.9277,76.28772,324.2493,383.82693,-117.89719
frame_072.jpg,triceps,388.03046,165.64023,-33.645206,393.26703,160.9021,-23.366175,393.328,160.74709,-23.417236,393.3996,160.48888,-23.471699,392.28375,158.83214,-47.490902,391.4955,156.92172,-47.528267,390.48956,154.42062,-47.576023,387.8094,153.79263,30.773872,383.3246,144.60307,-77.70055,381.04224,167.13681,-11.275519,379.9323,164.15942,-42.85051,348.23026,162.65195,107.32753,348.0869,146.49838,-135.22293,317.60126,199.72517,121.1406,316.2373,181.71227,-155.99234,331.67493,235.78365,23.030869,332.88818,227.92632,-114.89853,332.50137,241.6817,12.751883,336.71262,238.7469,-129.61575,337.7919,241.02403,-5.06448,342.00275,238.21484,-126.7655,338.10095,237.39374,11.257126,340.58475,235.37183,-111.299545,268.81613,200.76309,73.53957,260.91272,194.88797,-73.3085,302.40094,272.02985,62.817825,297.05884,276.3849,-87.143906,297.36813,327.08276,93.60626,300.7164,357.51663,-56.167175,288.75238,333.84686,93.92548,291.42072,369.3036,-53.78755,317.11545,342.74023,57.94407,332.95844,377.48868,-98.19221
frame_073.jpg,triceps,382.66254,165.2483,-90.72983,388.53632,161.1469,-76.41198,388.76764,161.51697,-76.433624,389.04724,161.79752,-76.496796,387.081,157.56445,-95.64712,386.05792,155.23515,-95.66847,384.80768,152.56627,-95.688736,384.7371,156.89302,-6.9686155,378.21,145.24924,-93.29606,376.06796,167.54659,-63.019005,374.05133,162.67012,-88.13012,343.2408,162.29092,83.26035,344.5547,148.43861,-135.41817,311.95032,191.33418,127.62282,309.20764,181.8711,-156.92189,327.53757,225.07564,75.86496,331.03162,228.33722,-130.58824,330.0912,233.81105,74.12177,334.67056,241.67761,-144.09615,335.4611,232.34889,57.982643,339.2831,239.2884,-140.43805,333.72742,229.4914,66.72456,338.36533,235.13617,-126.71683,264.23193,198.16283,69.47595,257.60904,196.03802,-69.37161,315.87833,249.72041,96.042755,291.022,266.09564,-90.45497,299.5799,292.99948,138.38525,303.53778,334.3438,-75.10247,290.1392,297.56998,140.83978,295.17828,343.39334,-73.1947,316.68375,308.77618,123.64032,336.8553,354.48685,-107.99377
frame_074.jpg,triceps,411.29358,124.93322,-62.010216,418.0581,116.82441,-49.36104,418.2105,116.74315,-49.425682,418.43018,116.54651,-49.522446,416.18842,113.411476,-76.18589,414.67892,110.500275,-76.2403,413.0517,107.36806,-76.27513,410.8659,109.081116,22.867775,401.99927,96.94261,-96.02017,402.24194,127.86717,-32.336708,399.88702,123.561646,-66.900215,358.78677,122.22546,117.1337,354.85565,106.22672,-150.8099,303.01544,157.45808,82.253685,298.79376,155.38852,-154.35167,345.10095,194.36414,-96.29639,354.59528,197.79395,-54.393726,354.3173,203.65553,-119.43826,363.1344,207.77095,-60.541283,361.8712,198.57007,-129.82057,369.3848,201.86575,-59.074665,357.05032,197.4774,-108.01361,367.0163,197.75299,-48.93283,249.93965,173.18831,86.12157,241.37009,169.29767,-85.8566,289.9211,270.97906,71.86464,289.87634,278.09964,-101.56753,296.70377,335.0997,93.96046,296.00134,395.88855,-64.48806,287.1996,343.5733,92.90927,284.68698,409.55307,-60.244503,322.14874,355.0447,54.880943,335.02826,429.1248,-103.619774
frame_075.jpg,triceps,418.31406,124.423836,-61.90134,423.88947,116.40133,-49.348328,424.0902,116.395386,-49.40771,424.28955,116.29655,-49.49151,421.9851,113.528656,-77.3685,420.5826,111.1523,-77.42784,418.9299,108.60435,-77.519066,415.5913,109.65926,16.285818,407.01248,99.14743,-110.0291,409.77228,127.92167,-34.643456,406.20053,123.671906,-71.37926,365.21582,126.2805,112.755005,357.92783,105.59754,-181.2442,314.56403,166.35573,162.01648,314.62997,163.76942,-200.98647,297.46857,227.28394,104.300125,310.41394,236.97595,-141.39471,290.87543,242.4475,102.40427,308.1397,254.67508,-156.22893,293.6761,241.43533,80.96103,315.51886,256.34222,-153.42828,294.89572,234.46387,91.980965,314.4049,251.96013,-137.29533,264.66132,180.11377,86.2056,248.98758,166.49988,-86.08911,303.99316,275.874,80.444016,268.9886,267.85712,-96.11413,298.8082,347.7287,107.32147,290.91986,358.32288,-14.989781,289.0528,356.59668,107.23363,282.73627,369.6554,-6.5920696,325.7149,369.82938,65.6734,334.4254,389.51828,-46.49315
frame_076.jpg,triceps,411.68896,124.736084,-38.87984,417.5669,117.2845,-26.243526,417.81372,117.20614,-26.336823,418.1102,116.96796,-26.463558,415.61063,114.111855,-49.55432,414.28088,111.65888,-49.60171,412.65408,108.867966,-49.649406,410.90625,109.484146,37.8011,402.2071,98.85556,-65.921135,403.0515,127.740654,-12.724038,400.33078,123.39001,-43.060318,358.15405,125.92669,123.4232,354.82184,105.32753,-129.27518,312.48184,164.41489,152.9437,312.39993,158.19624,-146.76288,329.85825,214.79361,70.36069,338.97708,221.12926,-106.12385,333.29117,229.69107,61.854446,344.67654,235.33057,-122.94194,338.94635,227.29349,39.968597,350.764,234.4812,-118.75584,337.66235,221.1513,57.553246,350.21225,230.55379,-101.9953,257.34912,178.13225,82.00627,242.05156,169.57646,-81.67708,304.80664,271.00293,82.44783,289.0017,279.93958,-106.4834,291.68204,335.29474,119.20061,295.37335,397.10007,-87.49986,281.20813,342.9207,119.676094,284.09818,413.05804,-85.501495,313.47647,355.10138,82.266014,337.74384,427.84863,-137.89285
frame_077.jpg,triceps,383.8947,121.7239,-333.7002,386.62854,116.36445,-326.76273,387.4057,115.67346,-326.78772,388.2907,114.66789,-326.88235,383.62488,115.816444,-339.3613,381.966,114.706635,-339.45724,380.159,113.39456,-339.48135,384.9944,108.67412,-257.42886,373.18512,107.08414,-313.25024,382.06354,123.55426,-303.29535,378.64194,122.43022,-319.84308,384.8735,113.2409,-157.13647,340.4582,114.169624,-248.16226,386.3105,137.70934,-55.00999,314.33154,138.11818,-207.69742,383.15558,164.62415,-27.719131,335.95218,170.09346,-165.74146,384.95074,169.99039,-26.061558,340.20175,178.87875,-172.99171,382.71466,167.8782,-43.480614,345.6803,176.66563,-181.33563,380.874,166.21465,-33.221195,344.0249,173.36555,-165.9279,346.5633,153.91895,26.883183,318.44138,155.08553,-26.67285,357.6523,205.67633,-73.66456,334.71765,201.37073,-141.67256,356.76373,266.94244,-54.195675,338.4213,266.59738,-97.75847,348.98492,275.30347,-56.07069,333.6585,276.50885,-96.60737,373.31592,285.6408,-128.14426,349.08066,280.53094,-170.9437
frame_078.jpg,triceps,391.49817,118.374725,-387.8055,393.85864,112.8187,-379.93018,394.51138,112.354004,-379.94052,395.19394,111.92131,-380.02805,390.51144,112.62185,-393.16364,388.5516,111.926735,-393.22974,386.21216,111.00517,-393.30075,391.5332,107.83028,-305.89056,377.5566,105.2918,-364.41452,389.25134,120.40123,-356.01273,385.6097,119.798004,-373.35583,394.4318,115.388,-195.09782,342.62885,111.649536,-302.89737,407.89587,135.26088,-69.07411,304.61346,131.63153,-326.6603,410.9172,150.00206,14.015604,271.83414,154.46013,-347.2371,411.11862,154.85956,30.654173,263.99948,156.29517,-361.8292,409.23962,154.09819,12.921935,263.43457,159.86429,-377.53864,407.94092,154.37115,10.247271,266.7123,158.41412,-353.13477,351.8195,150.40321,33.941883,323.4692,150.20865,-33.98489,359.1234,208.41296,-39.912926,336.82184,207.6518,-111.89254,356.52347,267.05322,12.496443,335.28336,262.7085,-40.71177,349.3665,276.3889,13.57555,331.9201,272.26068,-37.143696,371.8769,286.4474,-53.730034,341.79218,283.00287,-110.54715
frame_079.jpg,triceps,386.18466,123.44946,-352.09293,388.6864,118.31325,-346.59335,389.23904,117.64179,-346.62778,389.7356,116.9494,-346.74686,385.7044,118.186035,-357.89862,383.74884,117.373146,-357.99384,381.63092,116.51415,-358.02783,385.60413,111.70115,-281.4138,373.92856,110.88123,-331.06366,383.5312,124.766,-322.97308,380.1081,124.03168,-337.70355,387.2812,118.48911,-181.15039,343.23016,115.883575,-262.61285,385.9937,145.09476,-83.07199,312.01193,136.04816,-218.89175,381.50427,169.99553,-53.27461,338.66977,165.34885,-176.58722,381.2305,178.00963,-51.855263,343.56024,175.4077,-183.06938,380.544,177.21776,-68.15019,348.0275,171.64772,-190.97093,378.45615,172.1904,-57.90756,347.3827,167.59357,-176.41937,349.06104,152.95781,24.831528,321.92175,153.05981,-24.621689,357.7992,210.49799,-45.90363,336.02155,205.28233,-108.70925,357.71063,268.49634,-11.191665,334.69104,264.11664,-55.432602,350.976,277.03198,-11.15079,331.2897,273.33777,-53.086315,375.64252,288.2043,-74.7313,343.9993,280.96207,-123.8434
frame_080.jpg,triceps,427.44232,129.85017,-39.536278,433.04962,122.85496,-25.222988,433.29205,122.900215,-25.283497,433.53287,122.90537,-25.341732,431.32562,119.86571,-51.813072,430.0896,117.416725,-51.87069,428.55057,114.74342,-51.961483,426.56342,115.99625,44.727444,418.0749,103.69143,-73.110664,418.8692,132.21098,-10.704016,415.46515,128.01562,-44.822746,377.60272,122.92457,140.28998,374.06406,108.61082,-147.02856,316.90146,139.40799,157.18335,318.9006,148.77892,-151.55296,282.532,159.0738,89.82301,280.36737,179.1776,-73.00052,267.94086,166.75354,85.073586,266.4678,185.59058,-84.533646,271.05698,164.94962,69.500084,273.82608,190.11296,-83.331184,276.21744,161.4534,79.602234,276.35333,188.64102,-69.39685,274.4302,166.7344,90.45828,264.8849,156.97113,-90.34878,289.7318,277.67218,84.12184,282.74753,261.80518,-95.68579,279.37915,316.5684,107.380684,277.54144,318.09326,6.822409,272.74667,319.0143,106.747475,269.2073,320.7844,17.337051,291.76953,335.4783,81.12404,301.50522,346.4662,0.9735204
frame_081.jpg,triceps,405.95215,130.34058,-8.067571,411.56036,122.91422,2.9755175,411.52588,122.52619,2.9157119,411.4825,122.10278,2.8341727,410.58344,120.7697,-26.974237,409.72803,118.65981,-27.035456,408.61008,116.146255,-27.083393,402.41388,113.73712,63.93578,397.34647,104.96386,-70.3386,395.91785,131.88182,17.181602,394.09238,128.89125,-21.919,346.85486,125.51629,155.49664,353.1172,106.59094,-149.56926,302.73343,171.38959,205.20201,305.60635,152.29747,-199.23395,328.1824,205.22614,143.14423,338.98434,209.54619,-165.28548,330.19638,216.84233,139.22693,342.7343,223.93115,-182.02477,341.66565,214.07727,119.73729,349.72855,220.457,-175.08975,341.29276,209.38884,131.32205,348.33817,215.64618,-160.1771,243.65527,176.67125,96.44189,240.2013,171.0389,-96.15958,292.58347,273.45135,87.32408,292.41193,283.2288,-105.18417,290.29056,356.18268,115.9897,288.905,382.80447,-63.417057,277.7827,364.23187,115.92857,267.23154,394.6647,-58.346806,315.4024,383.97092,72.95824,318.78726,419.6101,-102.03325
frame_082.jpg,triceps,421.41302,127.91445,-44.33874,427.414,121.82761,-32.19001,427.54868,121.82881,-32.27568,427.7224,121.79485,-32.33925,425.50214,118.60344,-55.21488,424.07196,116.18749,-55.259598,422.43146,113.45512,-55.33745,420.3099,114.636215,32.190254,412.66843,103.67594,-70.69936,412.03906,130.23625,-16.972685,409.4904,126.27432,-46.966415,376.23138,123.53214,111.83265,373.01904,104.41372,-124.74667,320.20288,138.9384,125.66557,312.6759,129.97815,-169.0409,278.0972,155.25157,58.51413,279.64975,162.29427,-180.93352,261.74673,159.55644,54.13895,264.07294,165.92546,-205.5986,264.37283,161.16739,34.43424,269.2437,169.34517,-197.51465,269.77878,157.24127,47.858963,274.15076,168.06892,-176.9736,281.79016,168.99828,69.63448,266.1249,152.93517,-69.44616,291.74628,279.91156,6.2673645,262.68695,239.93568,-141.9544,291.32602,345.09042,-4.288808,276.238,322.9199,-130.28012,283.8457,353.61713,-8.141882,267.57162,333.7508,-130.33997,314.5871,367.3355,-59.009758,313.46558,352.66068,-194.77283
frame_083.jpg,triceps,406.7077,133.47838,-7.490372,412.38477,126.834694,3.648848,412.20245,126.55226,3.5856643,412.00256,126.14307,3.4909985,411.6925,124.338104,-25.366545,410.85007,121.9751,-25.415161,409.87238,119.30976,-25.466396,403.3873,116.41402,64.30373,399.60168,108.09651,-66.70386,396.5354,135.11844,17.669952,395.25604,132.28181,-20.474672,345.64996,126.74084,150.83199,357.6219,108.51855,-139.59769,297.93213,158.56967,215.03493,307.0773,147.1089,-202.91245,326.65466,200.85909,171.67671,340.98334,205.89049,-188.82306,331.96588,212.92892,171.60754,347.18036,219.24269,-207.24092,343.9065,212.8135,148.77092,352.13223,216.24231,-197.1501,341.45474,208.54242,159.31174,350.75638,211.79524,-183.25708,241.33043,173.51346,90.56488,241.46294,170.09172,-90.2688,289.94083,271.5755,77.800186,291.99005,273.577,-103.636185,293.0301,355.89096,100.35913,287.91132,366.51624,-56.082886,282.26544,364.7577,99.07525,274.27368,376.9559,-50.903744,321.54556,381.07947,55.342407,324.9794,398.58853,-90.563286
frame_084.jpg,triceps,263.7583,181.48491,-7.9634924,270.37207,173.84642,-21.372631,271.8021,173.71252,-21.370785,273.08047,173.56078,-21.44573,269.82037,173.75754,3.3553216,270.88535,173.66124,3.4020174,271.87497,173.48965,3.3987737,282.70166,176.06572,-63.561264,280.72372,175.66559,50.313828,269.3162,187.3414,-21.69512,268.64874,187.36949,10.790567,302.8677,205.19229,-109.17152,294.2205,206.74849,97.82868,301.61172,150.1356,-159.2147,299.46,155.2848,124.46521,314.7364,101.57045,-145.15344,313.84937,111.33886,74.00664,323.4412,95.02918,-170.15,322.33807,106.67847,64.17731,324.53873,96.21903,-163.34622,322.71832,105.64363,55.84921,321.48102,98.84011,-143.53041,320.37994,111.297165,65.46742,304.47305,322.8511,-75.11075,294.85095,317.86575,75.11096,294.2656,377.06592,-133.43611,310.12674,354.87976,136.18462,364.88162,357.54047,-5.785304,353.3336,348.4962,148.58052,367.6073,341.41153,9.28937,353.88016,344.64044,148.28064,388.54425,365.11255,42.23632,364.047,375.1026,158.94734
frame_085.jpg,triceps,260.71466,180.33762,-22.339468,266.29297,172.94609,-37.19743,267.49023,172.81432,-37.226368,268.94476,172.64188,-37.32258,265.75687,172.74565,-14.63029,266.6178,172.54742,-14.596187,267.38095,172.35193,-14.62391,278.9517,175.26878,-74.27881,277.76273,174.60863,29.532345,266.5436,186.24895,-33.307014,265.59045,186.27652,-3.691368,299.7417,207.51611,-105.883255,291.80783,207.516,71.449554,292.21783,157.5763,-122.41205,284.9183,157.85706,95.07703,318.03586,121.77686,-45.32207,313.83542,125.65496,72.95033,326.7331,117.060936,-58.855762,321.25403,120.453026,61.97537,327.2479,119.41997,-58.02685,320.79254,126.51232,62.576912,323.28772,124.35695,-44.311928,318.9839,129.08092,68.69434,308.07925,327.3718,-64.51372,298.57776,321.2507,64.51806,292.01175,379.1453,-129.25748,289.08536,371.32956,73.91027,310.99573,412.6075,34.06352,302.13538,426.6274,134.0393,319.58115,415.22,51.816563,307.94254,433.2617,139.92227,300.85004,430.59256,63.895344,289.62366,449.69812,135.33908
frame_087.jpg,triceps,327.44287,151.79153,-26.946846,326.31076,148.88446,-40.785755,325.37827,148.92392,-40.75874,324.09113,148.83423,-40.7623,329.70477,149.24973,-30.374077,331.01343,149.40518,-30.362064,332.85748,149.53638,-30.33951,324.75012,151.74147,-87.12555,335.85504,153.07607,-38.739483,326.04813,156.30977,-41.068172,330.2338,156.57896,-27.01421,319.3986,167.33977,-111.39708,348.662,170.29924,-15.909191,318.15472,136.46938,-143.05437,351.49796,141.00893,1.9556355,329.88965,104.93216,-156.8902,348.10696,114.31781,-17.073511,334.8443,99.76808,-169.30327,346.21472,107.7195,-16.66788,336.48654,99.479645,-164.24913,344.98187,108.380135,-23.43077,335.82605,102.20152,-155.14009,343.75964,109.67007,-20.995749,325.91345,242.67128,-35.97732,343.73883,240.44925,35.731903,317.07593,276.87747,51.883514,338.13312,273.25836,158.04282,344.03683,269.71475,20.148008,331.63104,273.19177,115.63595,349.87762,267.59515,19.326958,330.5514,273.67627,112.98748,352.3703,273.75317,28.297379,326.9479,277.89233,127.26204
frame_088.jpg,triceps,332.4736,155.43274,-72.60326,331.06064,151.36536,-81.992805,329.98065,151.7545,-81.97383,328.90732,151.54865,-81.99833,333.8308,151.54366,-77.524124,335.54904,152.09918,-77.535355,336.29425,152.02655,-77.526535,328.25482,153.38657,-107.27477,336.75452,154.35056,-86.70457,331.01788,159.9033,-79.108665,333.7854,159.64545,-73.16463,320.744,170.25743,-119.1201,344.6485,172.34497,-75.731636,319.0813,138.42572,-149.84071,334.14383,140.62784,-96.30847,331.76315,110.57726,-173.64336,336.58585,112.05815,-143.06902,335.1463,104.70493,-191.51868,338.57803,105.666275,-155.54156,336.7935,105.607285,-189.43591,339.12662,106.05076,-157.81168,336.42514,107.21465,-174.68611,339.93893,109.78583,-146.46353,328.01987,241.27246,-18.886585,339.24637,241.09413,18.667059,329.88416,278.5875,34.49289,328.1402,274.7616,91.49339,357.13455,274.58112,100.8376,318.89032,275.57584,155.10425,360.98462,273.7978,108.65715,317.89197,276.38742,162.87546,362.4084,272.79562,110.723434,307.93845,275.31128,169.7103
frame_089.jpg,triceps,327.85764,152.13435,-5.298505,327.1072,149.75233,-17.274925,325.5139,149.77942,-17.26086,324.45584,149.6942,-17.270351,329.38083,149.54245,-13.037719,330.39355,149.36537,-13.019971,330.94727,149.22186,-12.997667,323.88562,152.81195,-56.550312,332.3755,152.57117,-36.244694,327.40283,156.83728,-17.116545,330.13934,156.61942,-11.147987,317.09897,171.24405,-91.89099,347.6146,172.10262,-45.973248,304.3672,144.35168,-160.19441,347.77783,146.45729,-117.45551,326.6952,125.01126,-206.06516,336.97726,125.25225,-201.51471,333.1642,120.424736,-221.70435,338.1079,121.16049,-215.02922,335.5742,120.7746,-217.36813,339.4638,121.5114,-210.63399,334.87274,123.00151,-206.18912,339.8422,123.89847,-202.77985,327.87045,238.96329,-21.585133,344.4208,237.4174,21.313969,329.48596,277.93298,-24.996958,336.4662,273.22824,73.67925,331.59988,273.87363,-88.952065,338.2553,278.59708,-10.719076,332.74658,271.35608,-94.16,337.36453,279.29395,-18.601912,334.8135,278.34262,-100.3186,339.75793,285.55496,-22.14006
frame_090.jpg,triceps,264.1261,179.34583,-45.053017,268.12537,173.85513,-56.130066,268.8499,173.87427,-56.171356,269.4881,173.80455,-56.25408,267.94043,173.42482,-38.09214,268.5786,173.20831,-38.06299,269.14825,172.90982,-38.096233,277.48547,176.22975,-86.01043,276.31937,175.8676,-2.3560693,267.1274,184.11278,-54.284,266.76038,184.18704,-30.316555,294.12164,205.77264,-112.95282,285.28058,206.96281,36.46452,294.14905,166.66254,-145.71011,286.63617,163.52931,77.71705,321.11923,137.98738,-126.69234,316.1212,141.05049,86.2767,329.063,135.82602,-144.45468,322.94116,139.11894,84.71176,330.47662,137.45044,-141.66035,325.9224,140.07475,79.88017,326.32626,140.86269,-126.47566,320.61273,144.39655,82.00995,298.68872,311.9428,-59.23877,293.41855,308.16327,59.178078,298.83624,352.47852,-20.713778,297.61844,344.20493,144.84038,317.93164,368.43436,82.66778,311.20715,372.58038,192.10976,323.66776,367.54202,94.32372,316.48184,376.06,196.72522,316.59705,383.6097,104.4983,303.0755,388.04504,196.38231
frame_092.jpg,triceps,258.00647,179.78218,14.119398,265.2509,173.13695,-1.9540876,266.64313,173.13434,-2.0167499,267.86014,173.1357,-2.1382508,264.83282,172.42747,28.105852,266.00745,172.00201,28.09356,267.11957,171.54654,28.00003,279.40356,176.07735,-46.1478,278.71515,174.7486,89.936745,263.97137,186.2796,0.40830538,263.1109,185.55096,39.30206,299.86148,208.61563,-110.48569,293.88797,210.31618,147.46385,301.75226,152.48958,-186.93213,296.71457,156.48262,212.58078,316.751,105.72637,-158.33234,315.42972,118.798195,199.02005,323.1923,97.94134,-184.52182,322.79663,110.07599,191.90265,324.97482,100.7336,-177.7996,323.446,111.16786,185.25887,322.88495,103.2408,-156.24818,321.4359,113.1377,191.56665,306.01315,336.9951,-81.1062,295.10025,334.02444,81.265785,286.34372,426.8816,-165.03366,277.77533,416.27655,17.182692,298.53326,485.102,4.8827724,278.08566,493.51297,95.695335,306.68918,488.22607,22.255932,282.42984,502.8959,102.07631,285.25443,514.9769,2.691401,261.25903,521.4125,58.901955
frame_094.jpg,triceps,251.83922,146.98824,-3.2265801,258.8792,138.99632,-21.453648,260.26385,139.06345,-21.511658,261.97095,139.08328,-21.642284,258.3314,138.54094,12.916202,259.4294,138.34247,12.915807,260.37634,138.09135,12.822038,274.51883,142.80179,-70.126945,273.33432,140.87651,85.59452,258.39923,154.4898,-18.341673,257.59372,154.2654,26.154196,296.74878,182.89944,-136.18483,287.7323,185.73058,148.02441,298.4127,105.05346,-209.25604,293.3392,112.85837,194.62436,310.24774,35.22706,-148.01003,310.39584,56.038597,150.79883,319.51044,24.520561,-178.59146,318.67648,37.71306,135.40857,319.89294,27.246845,-167.80188,318.27518,42.997078,127.75245,316.44556,34.5864,-144.49194,315.99115,52.679935,140.45312,300.0118,343.67123,-91.38587,291.03632,339.27267,91.55969,284.10358,446.53824,-168.13303,279.03894,444.0549,37.01164,288.74158,524.7709,-1.025375,270.21072,529.3461,129.99495,296.1332,531.2198,14.982619,272.95172,539.3307,137.84422,274.01697,556.77057,-12.986387,250.39029,560.64404,95.49805
frame_096.jpg,triceps,327.972,120.40306,82.7134,325.5289,115.66268,65.42739,323.101,115.990715,65.446205,321.7036,116.10665,65.41827,329.44995,115.06015,68.98131,331.3768,114.76433,69.03281,332.56647,114.587166,69.048904,321.76318,120.67164,3.5400918,337.261,118.81904,21.112879,327.4873,125.44944,62.97119,331.1573,124.55651,68.05312,315.52655,140.87979,-58.89502,352.9643,142.47408,-8.746602,295.91772,109.52896,-169.88077,363.74744,115.141914,-131.90729,332.2073,102.94685,-262.56488,365.17938,104.88441,-271.44287,339.74115,101.044266,-285.08542,365.8035,102.7859,-292.95563,343.08893,102.55545,-283.7728,362.1208,101.987305,-288.0486,340.31403,105.71813,-264.87384,362.00385,104.32821,-273.62903,331.3755,226.93353,-29.511765,353.51843,225.26308,29.141125,315.6458,278.98892,1.4382107,353.91464,272.9168,43.761944,347.0735,268.3022,-81.50542,355.39923,273.41797,-122.566,352.0594,263.27316,-88.85991,352.61316,274.07108,-138.5332,360.64438,277.04993,-72.32591,361.67328,278.19202,-138.11282
frame_097.jpg,triceps,333.1042,108.70608,-39.38288,331.90536,105.393616,-57.354515,330.4499,105.464096,-57.330784,329.00635,105.44892,-57.352413,336.92914,105.51721,-47.092743,338.22208,105.74098,-47.06617,339.41617,105.824425,-47.023502,329.45358,110.73381,-116.32474,343.15823,110.849365,-68.57461,331.885,113.36118,-57.415623,337.93542,115.161995,-43.307007,318.35635,132.43663,-157.54668,357.35406,135.37071,-61.659035,307.28217,95.73764,-227.2786,357.51306,100.595314,-117.0494,332.1059,63.75274,-257.8911,345.97537,66.239555,-187.18967,340.89127,57.338097,-271.88138,350.03232,59.345688,-196.02354,343.976,57.96861,-266.65872,349.8393,58.866386,-192.57576,343.12256,60.70901,-256.56454,349.64563,61.863285,-189.24057,329.03012,225.23167,-24.448975,351.4908,223.38274,24.137686,322.12006,275.76712,-13.869322,354.31006,266.12427,37.74513,341.16776,273.88974,-139.66718,359.7258,277.44623,-149.03433,341.48618,273.4816,-151.20511,358.179,279.59033,-167.6042,355.52374,271.349,-172.18265,365.01672,283.10938,-182.58627
frame_098.jpg,triceps,332.7173,106.54235,-42.352203,330.54523,103.82336,-60.53502,328.96234,104.351494,-60.50479,327.30222,104.747086,-60.496155,335.42282,103.13666,-51.85158,337.20575,103.231186,-51.865963,338.93948,103.25841,-51.858917,326.51767,109.13869,-117.98859,343.36084,108.34566,-77.653114,331.39355,112.54831,-59.463295,337.13196,111.96931,-47.80784,318.7552,128.27567,-139.67088,358.68008,131.62404,-55.994183,315.7803,86.28985,-156.06888,357.09186,89.24812,-42.77967,322.6925,49.37419,-162.94199,342.0099,51.591164,-58.99296,328.26953,40.42104,-175.38469,340.45883,40.672333,-58.67955,332.02448,40.530838,-170.86554,338.49606,40.66643,-67.1302,331.11127,43.419857,-161.25838,339.10858,45.61167,-63.010387,329.048,225.37047,-37.52459,352.90186,223.64043,37.175213,318.74615,276.68796,51.147,336.59592,274.42007,135.70108,359.36142,267.33923,-13.835668,317.76617,271.90256,68.13007,364.8656,264.8766,-17.269169,313.2143,272.74142,63.54101,376.8576,267.97888,5.501392,311.7721,274.12158,85.967476
frame_099.jpg,triceps,249.81073,145.65845,-14.572616,258.63873,136.56445,-34.343433,260.10455,136.7276,-34.410076,261.29358,136.92259,-34.56101,258.0724,136.19183,0.009613606,259.25125,136.19212,0.018365068,260.2176,136.11679,-0.07750317,273.97855,142.12029,-85.42301,271.57504,140.73117,70.72513,255.19127,154.02094,-29.602879,253.75696,153.84468,14.979344,298.37845,183.71655,-154.59598,285.2901,185.93193,144.75786,297.84396,109.229225,-228.73203,287.8891,122.4125,217.27362,307.07434,48.19333,-161.10861,303.8611,66.13542,213.07266,315.32953,38.403313,-190.12039,310.9624,57.511024,205.28001,317.15613,39.538742,-179.64827,313.57816,61.10304,198.79428,313.25665,46.670437,-157.44162,312.2922,61.924355,204.50056,299.80942,344.31467,-96.08979,288.04767,337.738,96.29243,292.33356,437.96637,-178.05914,284.26285,432.75018,63.04103,303.60217,508.44452,12.3931675,282.57892,518.53864,154.275,312.5934,513.5425,31.860912,286.8829,529.3965,161.95135,288.0402,542.49457,9.745747,261.62473,550.2548,119.87009
frame_100.jpg,triceps,238.03381,156.23749,-5.3841825,244.57086,145.46854,-27.585014,246.49245,145.04465,-27.627707,247.9436,144.75606,-27.75843,243.94151,145.04205,6.820445,245.56357,144.34889,6.84638,246.80551,143.71817,6.79181,261.04486,145.778,-84.34388,259.77557,144.22835,72.6393,244.95482,162.69655,-22.447626,243.74878,162.52496,22.423988,290.8833,186.2762,-143.39107,276.49878,190.63081,144.16112,285.7497,124.499214,-201.88387,272.2262,129.86163,216.99266,311.87717,77.06188,-127.674446,310.10532,83.32076,225.50879,322.57034,66.6059,-154.63153,319.2692,74.24338,216.0158,324.44214,71.61502,-150.7716,320.39383,77.96121,214.44666,320.17065,78.96297,-126.84538,317.8642,81.530785,218.34985,298.21988,344.40652,-96.636246,291.22037,338.55054,96.86215,292.03796,446.8531,-138.42589,289.76605,443.09024,73.86721,307.52774,529.6071,-20.361979,295.42224,535.7667,114.242386,318.3346,538.0597,-9.991491,302.42303,548.86615,115.80681,288.87378,563.95465,-49.405052,271.91522,567.03796,62.16013
frame_101.jpg,triceps,250.13893,151.76483,-24.293945,256.66397,143.85588,-38.816105,257.62518,143.88425,-38.871006,260.63763,143.86311,-38.95986,256.27582,143.82362,-12.388481,256.90662,143.81203,-12.35694,259.45688,143.5864,-12.430015,270.7558,151.02774,-78.159996,267.98138,150.32971,42.093567,256.65088,160.6773,-37.109283,253.21175,160.73268,-2.6255383,286.49045,201.43167,-127.25571,274.75745,200.69316,88.030815,271.6823,140.3845,-193.17308,268.14758,149.54839,137.48427,314.5773,128.54913,-173.1536,303.45654,128.14723,165.30081,326.6292,123.66945,-200.78384,313.62164,124.13972,163.07335,329.41602,128.80193,-200.09474,322.1326,129.67804,161.6026,322.41626,135.37524,-174.51872,312.92496,127.03373,161.20393,299.0485,337.1896,-76.55865,287.2596,335.80963,76.632034,291.14932,430.49536,-116.07871,285.5377,421.03674,42.50114,310.07654,484.18344,38.970825,291.9643,494.90146,128.3468,318.32086,490.3097,53.784634,297.42078,505.23373,135.30902,301.4887,506.23523,27.594011,277.22662,519.895,90.39108
frame_102.jpg,triceps,258.76898,190.41916,-79.68483,253.17177,183.19037,-92.14305,253.69669,181.41951,-92.1363,254.13542,179.72603,-92.183685,251.81206,186.11177,-71.8874,251.40863,186.39334,-71.90416,250.96606,186.68408,-71.94234,259.13458,170.71799,-113.23811,255.36394,178.50238,-23.21098,267.22287,188.58218,-85.86968,265.60065,191.76926,-59.71146,306.48602,164.73154,-149.06256,284.70673,187.04417,53.172436,369.5526,169.54077,-170.23912,283.30444,234.88321,97.615555,428.04486,170.21745,-161.06601,272.54178,279.16574,71.884964,438.59744,166.53363,-175.09514,267.70135,290.30313,76.47055,438.7816,168.33475,-188.06566,270.012,290.07224,57.191498,433.60226,170.0901,-166.34186,272.56772,287.351,62.02946,389.10373,211.32225,-68.39351,369.03082,217.64925,68.36269,365.41748,298.05838,-89.84854,348.7846,280.15643,93.616486,435.11563,276.15625,9.712229,422.26978,269.8831,140.73369,443.0078,263.50226,22.07658,432.00403,261.07632,143.74854,461.3648,292.95966,48.55637,443.76868,288.7033,149.11076
frame_103.jpg,triceps,265.43134,187.57713,-139.94371,260.28546,179.80705,-153.23203,261.07602,178.22496,-153.21463,261.88092,176.29745,-153.27527,258.84717,181.81252,-133.52676,258.6661,181.68182,-133.56844,258.35956,181.4574,-133.60446,268.33612,167.76682,-175.94032,264.7775,172.7478,-89.05323,274.13226,186.19554,-146.02614,272.2871,188.50775,-120.69075,316.8642,168.41476,-206.60017,292.2035,181.38632,-19.368668,370.1843,193.9249,-234.83055,286.8764,228.03229,11.76497,376.32806,248.86057,-224.92851,272.1678,274.7641,-12.3478565,379.1682,259.38,-250.21445,264.201,286.39618,-15.841509,371.5692,262.43863,-248.03107,267.74442,286.11353,-36.580082,369.1946,258.6899,-224.56842,271.64117,283.22977,-22.98484,393.99548,207.41269,-61.56014,372.45755,209.00334,61.48699,365.5624,292.79434,-106.4962,344.38885,271.71692,75.36065,436.82556,275.8043,13.326798,411.15845,266.54922,158.5026,445.62842,262.13,29.208961,421.49112,258.6813,166.95535,457.41486,291.9818,66.834656,425.62573,286.8471,184.19708
frame_104.jpg,triceps,266.56366,194.11272,-136.72507,260.8588,186.44174,-151.16843,261.46683,184.89447,-151.16728,262.06897,183.2373,-151.2369,259.7083,188.10687,-128.95044,259.48517,187.76244,-128.99805,259.18912,187.29977,-129.05359,268.5855,173.69968,-181.54056,265.61865,177.5587,-82.97265,274.63834,192.17079,-145.68076,273.34674,194.30049,-116.883125,317.91315,170.74097,-213.78372,292.30792,184.4059,-17.728909,369.98306,196.25162,-247.984,287.51508,233.26637,1.1905951,361.73315,249.59601,-247.35335,273.48386,277.14514,-41.970867,361.53052,261.8681,-277.972,268.6111,288.12897,-47.792835,353.5998,264.24844,-272.4255,270.60123,288.47534,-70.37441,352.3092,258.07663,-246.4863,272.879,285.44202,-53.82592,395.06595,208.1389,-63.24363,371.59183,210.17316,63.27059,378.21906,293.35452,-122.075645,351.77182,271.05545,69.96172,432.009,273.4225,51.928974,419.03516,266.61838,181.26227,437.704,262.86462,73.0517,427.80542,260.18613,192.67946,450.69946,282.50232,118.73355,432.75232,283.51837,214.07167
frame_105.jpg,triceps,316.0013,212.66559,180.69603,313.9002,210.43784,176.07437,313.65118,210.41037,176.09071,313.33716,210.39482,176.11414,315.35022,209.41464,184.0818,315.8158,208.95663,184.09146,316.20663,208.49733,184.07605,314.85483,208.7481,146.48344,319.48267,205.18324,182.35284,317.78464,214.59103,169.77728,319.51666,213.61691,180.29176,319.01526,212.60347,82.56432,342.9105,208.6226,179.61801,331.8634,236.90205,12.08352,349.1736,237.0248,165.10129,334.54834,256.67813,-26.036234,341.87823,266.58914,152.0551,334.1905,262.29047,-37.588417,340.42548,271.80188,156.44969,334.32397,262.47968,-28.697128,335.63718,274.4986,153.7888,336.17517,260.03677,-23.116426,337.17163,271.25677,150.5065,350.82413,244.86142,-35.192,368.62564,244.92276,35.03818,336.08508,284.8697,-16.204832,362.6175,284.7238,31.289577,367.94714,289.30582,-152.19415,390.25848,290.323,-129.2605,375.00464,286.86115,-167.9759,394.64575,288.9601,-148.28229,376.2836,300.60388,-177.31604,398.0014,301.69983,-169.61868
frame_106.jpg,triceps,319.40643,217.69046,134.12105,317.46417,215.1364,128.59586,317.1085,215.07445,128.6105,316.71298,215.01697,128.63528,318.65137,214.75931,136.71849,319.09753,214.40663,136.74228,319.91922,213.56628,136.72968,317.66852,212.03535,101.74026,321.09268,209.82164,138.02644,320.70554,217.80841,124.5245,322.17526,217.16832,135.13113,322.03882,213.93826,44.908276,345.29758,210.83604,141.68091,320.29944,235.8331,-3.0157533,354.05365,234.59715,119.79608,319.10602,260.5489,-11.983542,349.5076,261.57547,90.28545,317.24335,266.21356,-21.863686,348.73996,267.3269,92.873276,317.21957,266.37738,-13.528048,347.91568,268.68488,90.261925,318.34845,264.52386,-8.524428,348.14758,266.2302,88.58201,354.9823,247.04662,-34.182278,368.99744,246.20029,34.023003,339.2183,290.95792,-43.84645,355.94403,285.3194,33.558765,378.37122,295.1724,-122.12936,383.56006,289.43655,-65.07306,383.34378,291.44788,-131.02344,386.991,287.26605,-77.588646,391.5719,302.6633,-132.07867,395.25848,296.144,-85.24117
frame_107.jpg,triceps,316.63052,215.37576,151.40689,315.08844,212.74983,145.02588,314.7013,212.8668,145.04076,314.25967,212.95084,145.05801,316.2881,212.0307,153.9104,317.24313,211.00676,153.93617,317.77335,210.37303,153.92393,315.38422,212.33667,113.42319,319.80515,208.11786,153.67735,318.22574,217.09941,139.84256,319.79977,216.33893,151.61533,319.539,215.7783,50.277115,343.20624,208.6742,155.24774,319.54495,235.68845,-7.3668137,354.80893,229.91766,151.18408,318.4013,258.3099,-26.786526,351.28677,253.8859,147.61552,316.81583,263.84756,-38.41168,350.61407,259.51184,153.55699,317.29492,263.7497,-31.02441,349.65613,259.9024,151.74696,317.94894,262.5777,-23.902233,349.98145,257.42157,146.58337,352.9654,246.91348,-34.444164,366.57516,245.19145,34.273598,341.86438,290.07306,-45.10616,363.43234,281.58572,40.963303,380.98584,293.81262,-155.81541,390.12695,285.3761,-77.648384,385.86572,290.51013,-168.28996,392.9748,284.06317,-92.24369,394.06845,304.0747,-176.55505,400.64395,290.86133,-104.17691
frame_108.jpg,triceps,265.54733,193.16782,-142.02043,260.57144,186.27989,-155.31323,261.07642,184.84398,-155.3028,261.75204,182.80775,-155.38016,259.52725,187.94829,-135.072,259.3073,187.72603,-135.10211,259.06018,187.44356,-135.14911,267.75433,173.10486,-181.3868,264.82977,178.32887,-90.92845,273.99615,192.08516,-149.41064,272.28796,193.80507,-123.10661,318.2411,167.38997,-211.51688,292.00604,188.98181,-17.2205,377.74213,187.26857,-237.41055,288.02853,239.19234,17.762701,423.8526,229.58536,-226.65514,270.19772,281.56128,-9.583679,434.10724,237.26903,-249.82361,266.91397,290.33566,-9.380927,430.3459,244.31926,-255.96933,267.97247,291.4626,-33.041523,427.13434,242.62195,-228.72984,270.02295,288.3578,-21.093552,389.97705,219.08122,-64.014465,369.5317,222.99431,63.997154,361.6284,296.3035,-98.17326,347.62744,283.98972,105.556755,425.81754,273.40607,37.90187,413.75095,271.4195,187.62483,432.55157,261.8979,54.63522,422.72968,264.0784,196.35455,445.7165,290.26004,90.674255,428.95734,287.4705,214.3087
frame_109.jpg,triceps,267.61902,195.14359,-131.45692,262.13992,187.50957,-144.54105,263.0807,185.54602,-144.53252,264.07764,183.22112,-144.60654,260.37137,190.54941,-123.09831,260.07465,190.85106,-123.121735,259.75656,191.11153,-123.15233,271.0511,174.85245,-164.68616,265.8073,182.78705,-69.02309,276.4119,193.21823,-136.51329,274.549,196.43143,-108.66257,317.26926,172.78294,-195.72256,294.18933,190.06067,2.9297338,367.80798,196.61456,-233.6599,289.0924,237.20633,19.275778,352.3889,246.81381,-228.72852,273.04105,280.08237,-30.9296,350.89108,259.65973,-256.02252,268.26892,291.10056,-37.92516,342.97388,262.1508,-249.162,268.61142,290.13193,-57.58663,343.42026,257.54053,-226.76126,272.14755,287.10287,-42.02803,395.06097,211.4572,-67.30557,373.64954,218.38992,67.27055,373.93726,295.5478,-130.79729,355.7138,282.08954,59.9439,441.55746,270.67105,21.066456,426.7417,274.2013,155.27513,445.23303,261.65698,40.40706,435.83948,266.65033,164.49908,461.95184,289.47443,79.342834,443.29028,291.64056,176.12633
frame_110.jpg,triceps,258.538,194.18008,-113.0342,253.18245,186.54213,-126.72638,253.79044,185.24878,-126.71553,254.41174,183.94302,-126.78174,252.23738,187.94754,-106.12532,252.17365,187.61668,-106.14231,252.1973,187.00691,-106.17454,261.59302,175.43196,-157.78932,258.84436,178.93155,-66.44826,267.26617,192.84145,-122.40159,266.18124,194.41817,-95.80536,311.05902,173.88918,-194.98215,288.4741,188.87805,9.162281,369.5503,192.93752,-216.25536,287.5729,232.94025,52.55442,413.08368,234.09816,-203.05373,273.04,278.89835,45.176388,424.1656,242.00366,-225.24048,267.4853,288.69107,52.119213,418.8295,249.38095,-226.6268,270.16003,289.1523,29.174929,414.79395,247.04439,-203.29315,272.9218,286.3116,34.687664,383.44724,213.5675,-63.324184,365.07266,216.70161,63.313366,364.97595,296.91968,-86.954056,347.7835,272.5949,94.367004,433.54962,273.03192,9.094326,415.51974,267.63116,165.07751,440.34848,260.74164,21.16726,425.95792,260.71304,172.31226,455.73563,289.9268,48.47516,430.59857,288.13156,185.68536
frame_111.jpg,triceps,255.92389,166.11191,-159.99364,247.73592,156.33842,-176.36414,248.30106,153.74652,-176.33012,248.89734,150.92706,-176.41696,246.37,160.37392,-151.44144,245.98697,160.7137,-151.48845,245.63245,161.0281,-151.55627,254.89056,139.56154,-198.47762,250.61865,149.34888,-87.55611,266.50845,163.06477,-164.90685,264.91074,167.43971,-132.6807,316.3789,131.0375,-220.16592,283.01215,158.06395,-14.429311,390.79205,156.73907,-245.30145,279.63345,218.27942,4.305622,363.51227,214.07712,-224.72069,256.7459,277.4858,-54.204155,360.7055,229.22292,-247.62016,248.6078,292.53293,-64.926216,349.25134,226.79947,-244.07915,252.43729,291.4652,-85.955185,348.9119,223.15846,-223.11581,256.42584,287.88782,-66.4389,422.31427,192.62526,-74.17754,389.25415,196.32382,74.036804,385.202,305.46478,-152.96286,340.56055,278.27094,84.63269,473.78018,279.70206,-0.36714292,428.46817,263.94196,191.38306,484.98083,262.05154,20.83956,442.51044,251.79486,202.74474,508.5034,300.9447,65.90164,447.64038,288.85815,222.41577
frame_112.jpg,triceps,259.8789,166.42667,-194.65788,253.33316,156.1107,-212.15909,254.27036,153.14989,-212.13245,255.294,150.1028,-212.23589,251.23895,160.17538,-187.30862,250.59297,160.46837,-187.36967,249.90399,160.6714,-187.43698,262.7827,139.12752,-236.3463,256.6766,148.4238,-126.14319,271.4414,163.71912,-199.9526,268.3246,168.22884,-167.80226,323.6356,136.10814,-258.71982,286.48846,157.37434,-48.45112,395.99847,167.30766,-296.79935,280.18884,217.81088,-37.671722,373.37018,234.64046,-290.36832,257.89993,277.7995,-105.25619,371.21964,251.26006,-323.19443,250.78241,293.5991,-119.35994,360.98608,252.17506,-317.34506,253.81546,293.319,-145.38074,359.60913,245.14487,-289.2791,257.67798,288.90735,-119.67108,425.53198,189.25769,-72.6718,391.49774,194.05992,72.56301,387.22995,303.57318,-150.4697,343.69662,278.0293,69.67408,472.03864,277.79773,42.20504,433.46188,264.63373,192.78586,485.66278,260.12225,67.565384,446.41577,253.42645,205.86229,505.04462,297.28772,120.764275,451.69235,287.4653,229.81406
frame_113.jpg,triceps,234.3049,161.40504,-107.395515,227.18248,150.56099,-122.6616,228.38965,147.7961,-122.65,229.38928,145.63066,-122.70131,225.32635,153.131,-99.0985,224.95078,153.08734,-99.141914,224.56543,153.02934,-99.20633,238.53815,134.03255,-150.62868,233.27437,141.96233,-46.90907,245.78061,159.49097,-115.79059,243.0434,163.1354,-85.68973,299.0347,134.9459,-189.25093,272.8197,155.4175,37.98726,383.41266,138.8321,-199.57831,271.7732,220.3168,87.58913,459.5961,137.8858,-186.60748,256.53223,279.47446,58.68982,473.8468,132.94412,-202.36063,250.20786,293.63806,61.213512,475.9688,136.31885,-218.93526,252.69168,293.2532,35.72497,468.45282,139.68158,-193.25462,255.3067,289.9491,45.384296,412.4475,192.31483,-74.83484,385.32346,194.3706,74.83338,382.34198,305.33942,-103.88069,364.98215,279.39798,98.478485,475.86005,275.12637,12.726407,459.2175,264.381,174.23248,483.48663,258.6709,27.14206,471.5235,252.35619,180.48853,513.49493,292.67188,55.32405,490.03778,290.31348,186.16173
frame_114.jpg,triceps,315.01587,194.42393,185.40984,312.85696,190.35081,178.11311,312.38553,190.36572,178.12778,311.81973,190.36588,178.17361,314.89246,190.21999,187.66269,315.66516,189.81111,187.67946,317.20923,188.27808,187.6515,312.82477,188.49619,143.30415,321.0033,185.3506,185.42229,316.39767,195.59505,172.96877,318.69626,194.89513,185.35048,314.4345,194.4027,75.58921,348.6474,190.25235,189.97116,313.0631,229.24701,29.529297,347.27725,224.47313,189.19478,313.27084,257.5558,16.648664,337.589,266.3531,186.16927,310.08716,265.69238,5.792383,335.50534,272.50977,192.4875,310.71182,266.04184,14.810313,334.1211,272.13766,186.37311,312.69992,263.60968,20.797882,333.63,271.1515,184.37308,364.6158,232.72047,-40.049347,385.06454,230.68468,39.79549,344.8558,297.8734,-14.248814,375.9738,289.0743,59.215065,395.86697,295.19998,-177.82579,418.00473,295.96426,-115.075714,408.5476,289.69925,-194.95927,425.0797,293.293,-135.35445,414.3722,305.18735,-191.58777,430.5626,306.82114,-147.93347
frame_116.jpg,triceps,317.28082,195.10437,182.7163,315.368,192.20084,175.41437,314.95938,192.02582,175.4438,314.44028,191.89594,175.49023,316.8612,192.0985,186.06615,317.53146,191.84459,186.08301,318.9957,190.54692,186.06387,315.51303,188.2606,141.39923,322.6158,186.99104,188.63654,319.56335,195.6777,170.92792,321.78198,195.43036,184.74226,318.52576,192.44887,68.04963,348.77008,189.87662,199.32608,319.49622,224.83714,4.785434,351.79745,221.40009,195.4495,319.0056,255.38766,-14.481659,343.00604,258.67365,189.54393,316.98993,262.00592,-27.509754,341.1046,264.88916,198.64807,316.68454,263.10883,-15.243176,340.79327,266.98132,192.63712,318.2541,260.55856,-9.350703,341.33282,264.7831,187.55623,366.53064,233.31454,-46.42575,383.52847,234.09383,46.213898,345.00848,295.35278,-27.691582,374.75812,293.231,51.882763,393.57883,293.86127,-157.86816,415.67755,296.18823,-99.55022,403.76337,287.47882,-172.00502,421.14044,291.95044,-117.4637,415.27463,305.12335,-169.2851,433.29706,307.8445,-130.52371
frame_117.jpg,triceps,250.03288,159.42285,-188.2685,243.73416,148.62827,-193.81197,244.99136,145.88603,-193.79668,246.32843,142.77231,-193.84245,240.53954,153.75322,-181.5703,239.69168,154.49211,-181.6687,238.79062,155.13768,-181.69745,255.33902,132.55899,-179.30304,243.7905,149.62143,-127.61275,262.6918,157.06349,-179.67236,258.66052,162.91376,-164.49088,315.65466,142.05698,-202.03348,277.3794,151.30977,-36.555683,390.68695,175.24677,-193.75256,277.34525,214.52145,14.608128,424.51642,238.52402,-163.99841,258.08032,271.98447,-13.358617,436.0193,254.95428,-181.13058,252.6625,286.9186,-16.043335,428.07434,260.03857,-187.28406,255.29845,288.3611,-42.0598,421.82465,255.6815,-165.38605,258.5051,283.3207,-25.119461,423.8092,184.43774,-52.639908,396.2007,179.67336,52.500973,401.96716,282.00845,-91.392944,370.16608,235.0478,114.37194,452.55765,267.12747,89.03296,436.79166,260.7367,202.10518,459.67007,254.62357,110.55521,454.99908,252.08199,211.62518,468.8573,295.4026,169.30803,453.5242,291.031,243.57611
frame_118.jpg,triceps,251.64787,162.61365,-158.6743,245.32234,152.40703,-168.60216,246.17108,149.76196,-168.59709,247.07733,147.04684,-168.64865,243.43977,155.79317,-151.81023,242.92068,155.9061,-151.8767,242.37007,155.96584,-151.92918,255.12646,135.71307,-177.24785,249.45209,145.47363,-104.8603,263.0993,160.9944,-159.55367,259.9093,164.65619,-138.36423,320.94342,137.55186,-208.77382,283.886,159.70853,-24.831879,395.4807,163.94199,-209.69658,278.8192,216.92262,14.105282,437.88684,228.9854,-182.11807,259.47018,273.865,-18.307283,449.35614,243.33597,-204.4651,252.82616,289.52396,-23.611603,441.14313,249.85635,-211.4428,254.16039,289.88983,-47.818756,435.93866,244.37466,-184.16281,257.38458,285.43896,-30.39981,419.5363,186.63654,-58.536064,390.70734,188.19125,58.501476,398.18848,300.72202,-82.614456,362.07428,262.7727,108.27646,459.49792,261.15292,62.452656,440.92624,248.52992,184.26031,466.12573,246.66193,81.04646,451.82666,238.80544,191.98274,475.57986,276.09427,143.22162,460.54462,270.8359,226.18364
frame_119.jpg,triceps,246.71144,170.38959,-104.732635,240.0669,160.91515,-122.16491,240.53758,158.60184,-122.121544,240.97725,156.15706,-122.15881,238.86438,163.66623,-96.80009,238.53532,163.34221,-96.872444,238.06674,162.89308,-96.93173,248.16734,142.78304,-157.16628,244.5597,149.513,-45.884453,258.26813,167.76598,-115.38525,256.1939,170.50328,-83.03108,308.69055,137.97714,-197.08685,280.16687,158.19447,26.439777,379.56635,174.17322,-212.1423,277.568,223.35162,59.14213,360.01892,236.519,-185.69617,256.9234,283.26593,2.837358,356.91534,251.79355,-211.72348,251.48184,297.7919,-6.4239607,347.55405,253.34668,-208.66347,254.58786,296.40918,-32.192596,347.7024,247.8606,-184.35895,257.42432,292.41885,-11.133514,418.81427,190.76149,-74.85383,391.79785,191.70143,74.78247,379.59924,302.18402,-130.20193,363.26508,280.6969,84.95566,467.50946,275.15277,18.619587,455.22302,264.50302,184.23836,477.6233,256.82294,38.64915,465.90878,252.3151,193.64641,502.29507,294.7019,97.59186,481.5692,285.34213,219.8735
frame_120.jpg,triceps,452.451,194.15833,-31.813091,457.99527,189.92928,-20.042912,458.16888,189.83626,-20.075222,458.3321,189.68884,-20.102015,456.8852,187.7474,-42.24821,456.16998,185.86041,-42.25256,455.23468,183.57068,-42.24245,453.46887,182.80861,35.1662,448.18024,172.67781,-66.008835,445.6408,193.79042,-10.639765,443.3291,191.12709,-39.74902,424.74597,189.40668,96.27,409.12473,167.12282,-109.2582,435.2387,234.15955,134.78342,359.3295,176.05876,-153.17351,447.23676,277.31113,73.63956,369.49994,230.72884,-153.82913,455.1855,286.34235,65.35092,371.04364,242.84305,-173.54163,454.7864,286.18738,44.910694,377.2688,242.5892,-170.8922,451.24542,284.03555,62.35778,377.86197,239.62671,-152.01115,335.62024,210.40038,74.25177,319.1197,206.9054,-74.31056,364.83643,275.77176,102.16548,346.87314,291.92807,-112.93033,285.3394,270.2583,145.16335,272.52148,275.45853,-27.218166,273.0389,258.49783,147.86043,260.33353,262.90222,-14.638329,259.11725,294.40546,152.91919,245.61371,297.6044,13.567581
frame_121.jpg,triceps,444.2099,200.47202,5.0233345,449.98468,195.72054,17.189384,450.1941,195.31293,17.14739,450.36487,194.83836,17.112228,448.81985,193.65356,-4.8092303,448.23972,191.77682,-4.805485,447.56122,189.51755,-4.7750645,445.5515,186.34148,70.14676,442.10583,178.1352,-29.392778,436.92908,199.24103,24.796947,435.37238,197.00577,-3.8634095,416.73828,190.37491,122.948105,401.28064,172.27937,-79.156334,434.16504,236.79028,155.33475,356.52103,193.64009,-126.18686,449.3289,279.63318,85.56797,378.5326,237.56323,-127.36901,456.32635,287.5728,73.86807,382.45786,249.4004,-144.88272,455.622,287.23828,56.68338,387.1996,248.02707,-142.80054,452.4701,285.99527,74.92257,386.89526,244.12097,-125.54574,322.96237,208.82695,71.009705,315.41656,206.52344,-71.060776,349.61993,283.3051,76.50132,352.55457,287.226,-98.06195,272.9201,272.6985,101.67108,273.2324,275.5988,-28.428566,258.08167,261.8698,102.607414,261.0934,263.0015,-17.337805,243.52191,298.63416,96.4915,237.69696,299.8498,7.3017836
frame_122.jpg,triceps,438.15283,196.39656,-155.30005,444.51123,192.83817,-146.11487,444.72015,192.7788,-146.14203,444.90814,192.77408,-146.20547,443.8039,191.18536,-169.74103,443.4932,189.78339,-169.78853,443.06747,188.10173,-169.80176,440.05035,185.67587,-91.06548,437.51898,176.8121,-198.91922,430.3927,196.06898,-132.10843,428.98373,194.30168,-163.17201,415.9193,185.16484,-22.499386,390.72833,176.67372,-220.91058,430.36584,232.09453,14.429788,335.59106,193.83011,-250.558,447.44165,276.0557,-43.77381,332.5781,248.93272,-254.68138,456.54233,286.14282,-57.14228,330.31238,262.52643,-284.753,454.82513,286.246,-81.54227,337.2485,265.40817,-281.09424,450.71735,283.9959,-56.749977,338.26358,261.51065,-253.77235,326.6672,203.04657,67.188644,307.28656,203.81392,-67.30328,348.0952,271.0179,119.10869,338.44968,285.71722,-83.45501,274.853,269.10565,194.40065,270.6131,283.2114,53.92933,261.3186,255.5813,201.48325,260.80542,273.06204,71.30726,256.53156,293.38135,205.95361,254.91151,308.07733,100.46626
frame_123.jpg,triceps,444.75555,195.18532,-46.33308,451.3172,191.54422,-34.34999,451.5427,191.33159,-34.373566,451.73364,191.10698,-34.372967,450.5481,189.61366,-57.203842,450.22247,187.92415,-57.219425,449.76886,185.89955,-57.238087,447.2981,184.03139,21.835375,444.77402,175.29785,-82.5774,436.7255,194.20522,-25.227251,435.04623,192.18414,-55.259785,420.07175,185.62259,80.29244,398.52737,169.53482,-121.07212,432.0432,234.22092,115.81353,339.03876,172.1362,-161.0376,448.4135,277.46323,89.90207,280.72372,168.88249,-154.18451,455.7616,286.56168,91.42087,268.5451,163.97705,-165.05615,455.6927,286.73703,69.20028,268.37442,165.49643,-179.3062,452.7446,285.26178,78.6371,271.75812,167.81136,-159.54974,322.40723,205.92139,75.02793,311.64752,205.94073,-75.14322,340.162,281.46036,80.17549,345.6947,294.996,-126.15622,266.23163,273.2879,119.93077,267.99533,276.2117,-9.726185,252.9231,258.32974,121.84926,258.72525,261.4587,4.7462826,228.99738,294.9959,122.64393,234.05281,294.94016,37.8633
frame_124.jpg,triceps,355.06073,259.3487,-190.7026,356.76175,257.44516,-205.28497,357.87674,257.39496,-205.28426,358.99075,257.35455,-205.35233,353.3481,256.61078,-203.44695,352.18347,256.1486,-203.43692,351.03073,255.70894,-203.4083,360.85403,252.42847,-219.89758,348.09473,251.01134,-212.1185,356.26663,257.76395,-188.96112,353.22162,257.1884,-186.86621,368.7808,243.23273,-197.7588,336.86493,239.12218,-174.79944,386.9112,262.91806,-193.57117,323.15067,248.7702,-121.59602,390.9879,293.16806,-220.86,333.43875,266.73456,-93.78992,396.86713,302.24744,-247.64473,333.4795,270.71753,-107.45704,392.18262,301.92776,-253.85603,337.67764,269.6191,-113.59817,386.79517,297.24387,-225.3668,339.07623,267.41797,-96.06789,366.78522,241.01726,-3.8042374,347.3235,242.47746,3.8956013,369.3723,262.89285,106.49628,341.484,264.05383,111.13611,371.018,261.99173,279.67395,345.36615,268.69138,283.19922,370.23474,259.3318,297.841,346.74686,266.04843,301.83478,373.92358,272.7411,293.03195,347.87207,281.3589,300.1614
frame_125.jpg,triceps,367.3297,236.17825,-277.41278,370.88916,234.93849,-279.82538,372.0902,235.4873,-279.8183,373.2637,236.04587,-279.92743,366.9772,232.22498,-279.4223,365.63968,231.10405,-279.46155,364.32233,230.01309,-279.48608,375.21896,232.94931,-248.51459,361.64597,224.4653,-247.40593,367.34796,236.59422,-262.05014,363.75983,234.17036,-261.99597,379.44638,237.92752,-211.81816,345.97287,215.87186,-182.79863,393.52258,263.75345,-226.76697,323.16486,217.2303,-132.74168,396.6474,297.51535,-258.22687,302.4959,218.36278,-93.16703,399.06604,303.50363,-272.16418,299.56964,215.63977,-89.30002,394.55255,303.73337,-283.55856,299.74515,217.64937,-101.430824,393.18863,301.48172,-264.14972,300.42502,218.71028,-96.65845,367.28186,248.6306,-12.754965,347.515,242.45009,12.7015915,365.94745,286.93646,-1.6128958,346.57678,283.75134,22.824589,374.389,265.3722,148.86992,350.96927,263.2002,176.3349,372.746,259.2344,165.19284,351.55063,257.6101,194.06848,380.15887,271.41736,169.91103,348.18088,265.38116,201.72859
frame_127.jpg,triceps,439.48566,198.79222,-113.279686,444.81293,194.30775,-101.76118,444.92572,194.05754,-101.751945,445.01825,193.88396,-101.743256,444.01062,192.52025,-122.43494,443.5381,190.7772,-122.46507,442.9398,188.68611,-122.46914,440.17877,187.09053,-42.39303,437.0661,177.37405,-136.52515,432.0138,197.3891,-90.27649,430.9262,195.24713,-117.30404,413.133,189.67654,31.002768,387.77805,174.27159,-170.77345,428.35132,234.95186,55.235527,329.97253,191.62502,-203.99153,449.436,278.67404,31.760483,287.46143,231.7865,-200.3115,456.99725,286.73892,29.302723,274.57007,236.73926,-220.03702,456.58698,287.6251,9.246849,276.29694,244.42508,-222.06125,453.18726,286.01877,21.425747,280.65976,243.94296,-201.02135,319.73865,206.99614,65.94714,308.0937,210.88087,-66.07423,339.7303,258.92892,97.523155,347.26135,291.95166,-113.13889,265.02173,270.69565,141.21133,276.36615,278.47345,8.643648,252.9671,262.18536,144.55295,265.35217,266.43967,24.031483,241.52824,298.17496,153.71199,251.6903,307.3406,67.68966
frame_128.jpg,triceps,436.06512,197.68181,-61.26342,442.6297,195.44788,-49.89174,442.8042,195.9428,-49.941734,442.9458,196.46187,-49.97936,441.95267,192.33307,-67.50523,441.6203,190.54802,-67.50977,441.18903,188.41827,-67.47341,439.1953,192.8183,10.582643,436.56335,179.62944,-69.02876,428.99835,198.63753,-37.78017,427.96057,195.15338,-60.69719,416.28717,194.98932,74.41979,399.52716,177.10008,-104.81625,430.6877,238.52628,100.22904,351.98315,200.71985,-162.37917,450.02774,279.18567,28.817995,379.16302,242.1535,-176.98059,456.78806,286.85376,16.240385,384.6614,253.40689,-199.4713,455.95767,286.50552,-1.7125267,388.8471,251.50194,-195.93759,452.0138,284.66797,18.419966,388.07642,247.2809,-175.3594,318.70355,210.22488,66.423904,306.29825,208.19054,-66.4664,359.6379,282.39542,75.088135,351.49887,288.64606,-105.23655,284.17056,272.59232,103.719315,271.51743,274.08524,-16.00723,273.50375,261.34955,105.32027,259.77063,260.18225,-3.0632453,257.75333,296.5493,109.893234,244.16939,293.41922,32.32618
frame_129.jpg,triceps,439.29886,198.03586,-123.13641,445.1834,193.74164,-111.65489,445.3004,193.69118,-111.65943,445.36514,193.70724,-111.68724,444.62274,191.77307,-133.89978,444.2947,190.24591,-133.93907,443.80945,188.56824,-133.96738,440.09842,187.29729,-51.11872,437.7214,178.83958,-152.27826,432.1056,197.47058,-98.71849,430.77954,195.41302,-127.90012,413.3169,191.33755,21.380161,393.13806,176.1996,-184.58151,427.11517,234.96222,60.66221,334.97714,192.40442,-211.68524,447.80243,276.48615,38.702156,300.61993,238.76086,-212.8409,456.34894,286.18097,33.971016,290.5932,246.59204,-236.21071,455.3784,286.56598,14.640349,294.14514,252.44144,-238.1528,452.04056,285.0485,28.707628,297.21793,250.43292,-213.77563,320.86975,207.0421,68.73921,304.3035,203.56151,-68.887375,348.24405,268.22052,112.26079,342.1024,287.6581,-97.73743,274.47217,260.23157,158.07298,277.94113,284.65005,46.17117,261.78693,249.59015,162.88412,268.57358,273.45612,64.85848,257.33084,284.65732,174.81076,264.66846,312.33502,107.84568
frame_130.jpg,triceps,486.44318,164.05792,-100.05688,495.1857,159.92844,-87.67833,495.37735,159.81615,-87.70967,495.5504,159.7148,-87.727165,494.29837,157.72081,-111.22905,493.79053,155.89948,-111.27181,493.1525,153.72943,-111.28601,490.17395,150.43228,-20.308887,486.1098,139.09917,-129.74634,476.80994,163.66986,-73.68148,474.85123,160.70244,-105.135864,456.33405,152.75327,50.41825,428.12924,133.79361,-167.68547,466.90915,217.83286,82.71316,347.11646,149.27676,-195.86058,491.20734,279.32825,58.365448,285.89648,198.72968,-182.26532,503.11066,291.5057,51.564514,269.9752,204.59943,-198.57822,502.84225,291.58188,30.716854,273.46912,212.89787,-209.20474,498.08044,289.38766,47.196983,279.82526,211.05284,-185.77124,322.44928,178.84982,74.562744,309.45544,186.46942,-74.70709,334.86615,264.1402,123.40779,354.90598,298.68204,-132.5751,241.2899,263.34958,162.30476,258.03677,276.50443,-1.8931521,225.04243,244.33989,164.75417,242.8982,258.544,16.224524,212.74887,290.18652,180.36359,229.3654,314.30795,73.49498
frame_131.jpg,triceps,480.56305,164.45679,-145.06192,489.30527,159.33089,-131.30453,489.50647,159.3342,-131.30461,489.7262,159.4549,-131.30688,488.436,156.5971,-151.87198,487.9361,154.41394,-151.93102,487.36554,152.0539,-151.95471,484.51065,152.27193,-53.48629,480.98627,139.0827,-149.03387,471.00378,164.15215,-115.16829,469.70792,160.51129,-142.6633,447.04047,155.32166,33.095604,419.84543,136.28683,-169.31085,466.05484,222.85149,78.99984,329.2958,146.33978,-202.18936,488.2473,279.40283,75.48474,251.30241,151.27655,-181.77702,501.24725,289.50272,77.78217,233.16711,146.73235,-190.37819,501.77496,290.69025,57.990433,232.42494,150.1072,-208.62105,496.40204,289.2332,65.9238,237.52333,153.3504,-187.9093,317.30038,183.98755,75.41607,297.40958,185.32774,-75.52421,348.3658,275.53278,107.982796,354.85187,300.5261,-139.44325,249.24832,262.37247,153.8281,250.8641,275.58347,-7.7333946,234.62286,249.64662,156.82863,237.3653,259.4686,9.50807,209.56403,289.00696,176.14052,209.30911,300.23462,64.414
frame_132.jpg,triceps,483.26422,175.84738,-51.093994,491.50754,170.68591,-38.99326,491.70993,170.27422,-39.058773,491.8728,169.87378,-39.12029,490.46967,168.75157,-62.865143,489.90747,166.8441,-62.87838,489.26355,164.75874,-62.81504,485.4461,159.15413,21.274162,482.67053,151.01114,-86.13965,473.53888,174.47118,-27.837357,472.33304,172.20088,-58.696037,453.78418,162.18958,77.27655,426.20395,144.14612,-122.88604,471.82794,224.94057,107.37891,360.65707,168.63222,-160.70593,491.3925,279.2511,22.76535,401.97473,221.75882,-147.04271,502.25266,290.8421,4.287414,409.3312,236.53622,-169.20592,500.281,290.9691,-18.101503,415.4738,233.18787,-166.48851,495.69858,288.72607,9.666284,414.44714,228.66367,-145.38895,327.91876,186.26642,74.25596,309.30554,187.42027,-74.19863,379.2241,279.4656,83.16324,354.93927,296.17273,-118.96018,272.73895,271.95428,133.41061,258.77664,277.83282,-23.313368,255.32724,257.39166,136.96037,241.33334,261.4948,-8.339102,236.00253,302.69623,145.63232,214.33646,306.64047,36.070812
frame_133.jpg,triceps,387.76413,228.07669,-467.65515,391.6432,225.63347,-466.1651,392.73242,225.05888,-466.16833,394.1832,224.98235,-466.29907,388.6347,224.28937,-469.0365,386.77933,222.82428,-469.11377,384.53674,220.89171,-469.1588,397.2209,220.11139,-397.42407,377.81165,212.25928,-411.29337,386.4082,227.96281,-436.75696,383.01538,225.94673,-440.9471,404.9771,225.41615,-311.84637,349.12552,203.59889,-305.76617,419.75128,261.63654,-292.93704,314.4388,209.14952,-215.00185,422.5459,306.8177,-337.0428,296.7028,231.73425,-151.81541,424.70782,316.19553,-354.1495,286.4691,232.59615,-151.08072,420.58142,315.63892,-377.2487,294.6441,236.1778,-168.95224,418.33145,312.66794,-346.7458,297.24533,234.68861,-156.07446,376.2365,239.31589,6.9247823,341.96048,230.61676,-6.893342,375.67307,294.6005,37.857796,328.4129,285.47574,1.3602238,367.7964,259.65717,282.5536,321.85992,250.63173,247.75516,367.67163,250.44121,309.08154,324.88266,241.86041,274.16324,362.2792,266.33505,305.1598,308.9902,254.78029,273.117
frame_134.jpg,triceps,385.69412,233.99733,-326.75366,390.39246,229.96634,-326.1889,390.85812,229.83754,-326.19598,392.5315,230.61093,-326.24173,385.9629,229.61995,-332.06207,384.71625,228.34254,-332.1187,383.47363,227.10594,-332.1549,395.91284,228.84479,-284.3196,381.8147,219.59134,-310.89902,385.67487,233.71518,-307.01343,381.86676,231.09111,-314.77036,401.5573,230.02936,-223.21678,360.64734,212.25313,-262.33707,411.82855,262.35095,-214.16185,334.88873,228.7594,-267.31616,407.18005,297.12067,-243.02536,337.9535,264.12122,-282.9237,411.18054,304.02222,-261.60956,336.56436,272.3136,-306.04443,408.50433,302.7092,-272.90366,345.65005,270.67523,-307.80893,404.73648,300.36234,-249.01355,346.5639,270.2271,-284.274,374.64752,241.96178,11.7855215,351.09937,233.4224,-11.748395,372.81406,260.69012,152.37967,340.40482,255.50273,108.726204,365.57892,256.35828,324.62134,321.6186,247.12804,291.3555,363.2463,254.11673,341.7425,320.4345,243.33311,309.65994,364.4308,266.08875,317.2164,312.21426,259.4331,284.92825
frame_135.jpg,triceps,389.09875,230.71231,-486.5039,392.56873,227.89131,-480.8704,393.47598,227.4469,-480.90472,394.6233,227.08102,-481.0028,389.1562,227.23291,-489.61215,387.42032,225.99911,-489.682,386.39178,225.21005,-489.71997,395.6139,220.62305,-404.1461,380.92166,215.40895,-442.81207,387.45972,229.9308,-452.82935,383.6566,229.49948,-464.11273,406.04486,220.27687,-315.4005,351.50763,204.95099,-366.28607,419.46713,263.234,-312.5021,319.27026,216.03273,-388.94012,422.5617,303.82367,-372.16614,313.4505,254.33948,-448.20468,425.4987,313.27228,-404.11267,309.35342,263.03903,-486.3529,421.27942,313.38824,-422.13803,315.47327,264.26978,-496.29907,419.32788,310.16632,-381.72818,317.44052,262.399,-454.30865,362.7857,240.76804,18.367062,334.0695,233.22235,-18.325779,368.69104,270.80945,146.47316,340.90112,268.34256,53.589317,356.93115,266.8134,395.41824,327.52887,256.3522,348.18475,353.59286,263.7369,420.07666,323.93848,250.45166,377.93903,356.9536,280.0345,389.22638,328.49103,273.3579,352.18414
frame_136.jpg,triceps,483.97522,168.73535,-144.06323,492.14542,164.68486,-132.37102,492.2343,165.22928,-132.40594,492.26752,165.76915,-132.50311,491.036,160.93237,-152.31943,490.2205,158.42288,-152.37378,489.2025,155.30106,-152.36177,486.2127,160.16037,-66.16168,480.84195,142.75594,-157.35342,473.6764,169.89014,-117.00123,471.664,165.22105,-143.29301,450.5703,160.13046,9.616955,429.2441,144.15009,-189.5807,465.39365,221.89555,68.6567,354.4781,176.02875,-204.63966,492.2254,282.21063,48.619957,328.41815,249.09918,-188.99512,502.9976,292.45132,36.483665,319.74286,264.97617,-214.7627,500.4992,292.235,14.093562,325.5327,269.75577,-216.27615,496.22925,290.19992,37.08601,328.421,267.34207,-189.37186,320.73444,181.60402,68.80542,302.76743,181.6011,-68.975006,352.209,266.57318,142.44102,341.96384,284.72656,-71.41782,266.86163,259.5067,207.90816,269.81146,266.57227,98.085106,245.16531,248.8072,215.26724,252.91516,250.59149,121.166084,249.65536,295.65622,247.16275,256.1247,302.64587,191.72748
frame_137.jpg,triceps,476.8341,177.26874,-145.0509,484.6919,171.79323,-136.82819,484.87363,171.54543,-136.88632,485.04852,171.34647,-136.9942,483.68756,169.65231,-160.68326,483.10745,167.62396,-160.741,482.3388,165.24365,-160.73456,478.6203,162.0845,-84.934525,474.26263,150.0772,-193.37471,466.98895,176.34114,-122.73212,465.08002,173.68602,-154.0009,447.36417,159.76707,-19.368864,415.4311,149.16483,-221.26062,462.82892,223.14789,23.569242,345.52014,181.52345,-235.71115,490.91425,280.24667,-18.480831,338.67627,253.52132,-227.59616,502.4569,291.4454,-34.800064,335.60486,271.167,-259.07523,499.92072,291.64078,-61.14074,346.53915,274.6868,-259.05286,494.892,289.05133,-32.21075,347.37308,270.49298,-228.54868,324.41348,184.18187,67.334045,299.71204,183.9062,-67.39124,350.00946,267.57983,115.18692,332.81604,283.2732,-76.738846,259.24255,260.87756,180.90498,250.22168,266.38388,80.371155,240.76576,248.62347,187.67625,235.62549,251.16847,101.032684,236.9813,294.81396,207.81816,231.06224,299.55276,157.95465
frame_138.jpg,triceps,477.82343,170.44229,-171.43597,487.10852,166.26099,-160.85603,487.433,166.64827,-160.89226,487.7735,167.10709,-160.98685,485.61478,162.48389,-178.50015,484.68817,159.85524,-178.56363,483.44727,156.48843,-178.55852,483.27817,161.21594,-92.557106,476.18103,143.76726,-173.37027,468.34753,171.42249,-142.98152,465.83075,166.10011,-166.2493,451.66107,163.44218,-7.384069,423.95047,147.34686,-200.71936,464.52563,224.43341,50.428944,348.9537,183.07062,-211.27328,491.52512,281.52084,35.423607,319.42862,255.70326,-189.77455,502.53625,292.43433,24.851303,308.13318,268.75156,-214.44391,500.33545,291.90314,2.680771,314.48306,274.71802,-217.67395,495.656,288.9355,24.386312,319.75076,272.14627,-190.8494,319.95688,183.7523,67.511734,300.19882,184.89873,-67.682755,353.42014,267.02023,143.35959,340.4874,294.0096,-86.16978,259.82486,255.23526,199.69856,264.61078,264.61725,83.73959,245.05324,244.66364,206.51859,253.65227,245.1513,107.64047,237.30681,290.59338,245.83412,247.49338,297.5886,191.41792
frame_139.jpg,triceps,260.39783,193.6524,-22.21679,252.64719,194.79025,-15.020743,252.53629,195.45137,-15.07374,252.46223,196.07785,-15.132977,251.6008,195.52779,-36.179977,250.60196,196.89554,-36.174053,249.62103,198.27,-36.20278,250.45235,206.34026,27.866581,247.3128,209.03247,-68.749214,265.3203,199.70042,-4.4503922,263.75122,200.75258,-32.675327,279.73087,212.19148,73.15496,272.41312,236.4382,-100.42076,277.78995,174.10832,104.93848,266.37006,201.57747,-168.67949,234.25684,185.32509,67.99122,224.71112,206.70122,-169.92398,223.33382,191.12589,62.342613,216.33025,209.36401,-180.44832,224.45845,193.83835,71.95042,218.20844,211.97537,-181.04532,227.581,193.09856,69.791954,222.37343,211.59323,-169.31946,371.76294,216.3824,64.12258,380.09628,233.54494,-64.100525,411.34656,152.21336,66.76978,427.05573,163.31015,-86.24751,438.15924,215.8373,115.913765,453.00623,226.2715,-5.5944705,434.89746,229.518,121.63138,449.33762,241.71231,5.7007008,470.29187,225.23424,130.19965,490.10574,235.90251,21.636292
frame_140.jpg,triceps,237.89334,212.49329,-70.00329,231.27592,215.90012,-59.142853,231.07004,216.14429,-59.178738,230.84094,216.40685,-59.241695,231.70457,217.8463,-79.96757,231.78209,219.6926,-79.95976,231.78047,221.68378,-79.97308,233.94713,224.03378,-1.785035,235.15678,232.15074,-94.17255,244.34984,213.87221,-46.870007,245.47636,217.03813,-73.89014,272.87207,215.45335,69.84333,271.0978,238.76173,-144.83469,277.4593,172.56122,121.61078,279.0355,195.51076,-214.093,256.36487,131.50058,106.54876,253.06837,141.22716,-197.95914,249.86244,121.35089,111.040276,245.6036,132.19426,-214.07578,247.2269,125.205795,97.347374,241.66855,135.52374,-199.82123,249.45691,127.81471,99.79494,243.46344,138.48482,-191.61493,373.5755,217.3692,65.35243,383.074,232.9176,-65.40352,405.19904,151.09962,94.74565,427.5015,161.54388,-78.51138,435.9771,216.89876,163.17868,455.05444,229.3642,22.731274,432.1114,232.17575,171.19458,450.17456,244.5615,35.570686,459.28613,226.07358,192.82227,487.4588,236.20554,62.20303
frame_141.jpg,triceps,234.58218,214.3277,-96.22072,227.76901,217.66006,-83.53696,227.55128,217.72034,-83.56247,227.33884,217.80263,-83.628815,228.38211,220.21269,-105.09389,228.62936,222.14552,-105.09254,228.85149,224.08305,-105.10004,231.54004,225.70682,-19.200113,233.24948,233.15904,-114.78535,240.84993,215.23235,-70.05864,242.24847,218.62564,-98.01573,270.144,214.40494,61.154472,270.14532,237.03183,-167.60657,265.6088,167.38531,118.32954,268.34897,184.12025,-232.43185,255.33002,119.05672,93.94042,254.8306,129.2219,-208.59428,249.77298,108.90885,97.809326,251.10242,116.666504,-227.30716,247.10953,109.77132,77.36502,246.4256,115.40984,-212.01364,250.63483,113.34135,83.97238,249.64099,119.93698,-201.80641,373.72803,217.58356,70.45869,382.76898,232.7965,-70.51209,402.60004,148.96541,100.50854,429.95358,165.18655,-84.42768,434.77472,216.72952,189.9214,454.52255,226.44269,31.041504,428.609,233.38153,200.24747,451.0329,243.32489,45.36373,459.27563,226.67953,223.73114,489.74762,229.33766,67.74512
frame_142.jpg,triceps,328.69574,254.27042,145.53679,328.15887,254.35718,157.43488,328.90018,254.04132,157.46756,329.64978,253.73718,157.46503,326.1734,255.649,150.8595,325.5852,256.2776,150.87247,325.00095,256.9162,150.86372,332.39917,255.24577,195.83084,325.9829,260.28467,167.47603,332.47678,254.89165,158.06978,330.37756,256.47903,149.56544,351.59174,255.54565,194.29028,327.19196,268.99817,119.03821,364.61523,240.00424,165.61136,319.42023,259.21848,44.544315,351.04263,220.51503,148.56981,320.6562,233.84311,30.78452,349.51694,218.03964,144.1419,318.9114,229.53589,22.211609,346.37805,216.93085,146.44548,321.28433,228.60664,31.591156,347.574,219.33426,148.0813,323.50995,229.49574,34.239563,377.95316,276.15903,26.742672,364.852,285.78845,-26.739193,402.4386,240.76114,-48.45059,359.0868,249.8422,-101.9479,415.0959,280.56732,-105.62872,382.8794,283.9099,-164.02344,411.24698,291.524,-114.20346,385.23425,289.28302,-171.58994,431.66052,291.81635,-143.04669,394.44208,296.3249,-193.43094
frame_143.jpg,triceps,321.7995,245.44337,111.76155,319.62802,245.77756,122.9805,320.091,245.1418,123.00574,320.02344,245.17743,123.01433,319.208,246.30203,114.96853,318.33286,247.59512,114.97203,317.94812,248.07303,114.98462,321.50818,249.65685,161.13844,317.71448,252.90103,125.96637,323.86203,246.75064,124.54422,323.11438,247.72897,114.07034,347.24097,252.26875,166.41678,326.38474,263.70966,80.65723,360.2085,235.08751,155.6267,326.72192,250.32422,8.661615,361.14194,206.91522,153.4017,331.24158,224.79068,-8.968896,359.87036,200.81145,153.37671,329.1593,220.0411,-20.43863,358.74222,201.22537,146.85857,330.2019,219.54344,-10.851597,359.86832,203.83543,149.99744,332.5093,220.76888,-5.730771,377.9495,278.0163,29.242647,367.33966,286.0473,-29.22353,403.04095,242.07164,-45.311474,360.67184,245.34904,-84.92525,414.1257,286.23666,-100.670044,382.3193,279.39075,-129.12846,410.71442,294.1492,-108.89705,384.2533,284.59995,-135.1322,430.4682,296.605,-136.9554,394.5662,290.01984,-153.52141
frame_144.jpg,triceps,336.9031,251.53226,55.73633,334.8318,252.28021,57.939217,334.88156,252.34322,57.93029,334.9444,252.40561,57.918304,334.7964,252.48521,51.555588,334.72723,252.83507,51.543736,334.67108,253.18407,51.512436,336.20917,254.98273,67.19707,336.06366,256.08658,39.18824,339.52924,252.49101,59.807495,339.19522,253.19034,51.61833,350.89786,257.56198,77.995155,346.2137,263.95044,16.139318,372.30548,256.14325,82.25678,366.64948,268.12457,14.822542,381.12946,254.91821,66.1075,374.16376,267.78867,34.852898,384.00113,255.39076,63.19473,376.92664,269.33282,34.16863,382.3401,255.99448,59.46945,375.98862,268.38693,31.44777,381.44534,256.29224,63.94004,375.14667,267.8328,34.833927,377.823,274.40643,22.070215,372.98737,281.0333,-22.12384,396.06647,242.87767,-17.924667,372.085,255.1367,-63.608166,413.47446,273.91238,-60.379864,387.23535,273.3074,-75.244095,414.17688,281.1211,-65.93917,387.61612,276.98938,-75.69222,428.65506,282.4821,-83.58299,397.24506,278.24872,-79.29762
frame_145.jpg,triceps,237.2662,214.21613,-98.43819,231.0603,216.7004,-84.75221,230.91553,216.50815,-84.76045,230.77618,216.3462,-84.81291,231.39107,219.81743,-103.21623,231.56018,221.84647,-103.210335,231.69678,223.8935,-103.20982,233.4859,222.97498,-15.516436,234.72658,232.82407,-96.82057,244.00482,214.52008,-71.09475,245.08081,218.15485,-94.83699,275.2149,214.3252,72.30373,268.60794,239.00175,-147.63081,280.44742,167.28152,131.54555,277.95178,186.63379,-202.25656,273.51804,120.21943,125.62179,271.2572,129.05486,-170.23773,267.14438,111.35629,134.0489,268.38962,116.09815,-184.46118,264.83185,112.355934,117.50137,264.21844,116.30567,-167.65906,266.82867,114.76422,117.88441,265.11823,119.65672,-162.42282,372.67322,217.29008,65.94323,382.28656,234.23701,-66.082886,407.03357,151.31953,91.37443,428.10944,161.62532,-80.4906,433.09708,218.96501,168.26767,453.9928,228.5056,26.108543,426.8329,232.46382,177.43103,449.07758,244.47223,39.75532,457.93442,228.10857,201.61429,488.57623,238.56046,69.58028
frame_146.jpg,triceps,245.95676,192.84048,-45.94875,239.06659,192.12115,-38.50124,238.9668,192.72733,-38.541847,238.80243,193.40778,-38.605278,238.69753,192.2056,-59.25007,238.07533,193.89415,-59.25852,237.78168,194.73347,-59.286148,246.19174,203.90999,9.207624,243.5516,209.03012,-85.872116,260.35098,197.08702,-26.636679,258.93356,199.04347,-54.443737,279.08252,210.155,60.629745,268.68213,235.58582,-112.39862,280.9768,176.1111,110.69751,253.28348,209.75156,-183.19122,237.47357,184.86952,97.16132,224.91158,202.24046,-159.36823,226.5314,190.05428,94.78343,218.31192,202.85062,-167.77245,227.75375,194.3209,102.812874,221.28014,205.34604,-164.45488,232.12975,193.70064,98.5146,225.48932,205.77144,-157.17947,372.9986,216.53148,64.294426,381.68655,234.24493,-64.24642,409.66122,150.1081,76.58725,427.92206,161.73936,-80.87684,433.8629,216.6597,126.61088,456.16742,228.07755,-4.0492525,431.04596,231.30595,132.54828,451.35236,243.81688,6.8026013,462.98523,225.53055,142.77219,491.82532,236.59622,21.727846
frame_147.jpg,triceps,238.00922,215.60013,-106.8702,230.56079,218.57378,-93.05118,230.18791,218.5852,-93.07379,229.77493,218.58905,-93.135414,231.15689,221.06674,-112.64297,231.18732,222.95999,-112.64516,231.21062,224.83224,-112.66527,232.77855,225.86447,-22.859566,234.54836,233.94287,-109.01532,244.24066,216.76079,-79.06137,245.40875,220.62608,-104.291595,271.5818,216.00116,65.63127,270.59326,238.80833,-157.67265,276.74695,172.15733,119.57176,277.43027,190.41618,-220.06438,254.00017,132.8876,98.639755,248.12482,142.76407,-201.11765,248.51425,124.32556,103.58627,242.0659,134.8161,-217.46698,244.08008,127.47582,91.739944,236.0094,138.15996,-204.21983,245.92155,131.3871,92.61183,237.9826,140.83951,-194.91188,373.73138,216.79684,66.69311,384.12207,233.70576,-66.80511,404.78986,150.26886,97.07959,428.45416,164.51591,-78.609024,433.88852,217.55328,167.63428,456.4845,230.50209,30.387226,428.96146,232.70122,176.22168,451.89133,246.33487,44.140778,460.209,225.89075,202.21925,489.386,236.64175,73.90935
frame_148.jpg,triceps,210.12138,198.84682,-128.00516,200.37192,200.67168,-114.828865,199.82977,199.48384,-114.88921,199.15877,198.28273,-114.98349,200.5578,206.97937,-129.53464,200.23523,209.31241,-129.53812,199.84052,211.48337,-129.57458,201.17729,203.87714,-40.611614,203.32701,221.43622,-105.04121,218.3319,197.82686,-99.52074,218.72856,205.16457,-118.42522,257.60648,196.7756,31.918797,254.77602,231.2864,-146.32349,267.32538,141.86874,-16.256863,265.42688,177.60388,-255.51888,205.80829,134.66513,-113.305695,197.0739,157.19603,-272.23883,187.48198,136.81413,-128.27246,183.13493,153.9931,-289.16348,185.92027,141.04291,-108.68237,180.84793,159.04553,-279.77936,191.97891,143.65074,-108.80559,185.69638,160.12405,-268.60114,389.65637,197.04375,63.51277,402.6089,219.14575,-63.482887,429.7599,110.65221,93.03444,458.37936,122.89751,-65.91129,477.78223,195.438,162.78429,501.48376,209.80797,9.702259,472.72202,216.43466,170.33034,498.03818,232.65503,19.120487,510.78705,201.55884,191.11923,543.5505,210.17865,37.017643
frame_149.jpg,triceps,211.14815,194.30113,-90.31633,202.71942,197.39241,-77.27621,202.46819,197.25655,-77.336334,202.21083,197.21292,-77.44014,203.32536,201.49443,-95.31623,203.55542,204.35223,-95.279236,203.80812,207.59644,-95.25664,206.85565,208.54305,-4.842965,209.32019,220.97267,-84.25661,220.15627,195.21114,-61.378864,221.92972,200.838,-84.623474,255.68433,193.4593,84.38306,252.85005,229.95522,-142.23483,265.76126,133.34132,141.467,265.9805,163.80498,-214.69888,251.7733,72.88824,126.31912,251.46075,82.99661,-185.04411,244.2328,59.025978,130.87401,246.94574,66.577446,-199.8674,240.93576,61.223705,112.32959,239.1539,66.95168,-184.28102,243.75075,65.589005,117.55242,242.01251,73.79456,-177.99547,391.08884,197.99498,73.184845,403.182,220.74281,-73.26997,431.358,108.63204,105.545135,461.52094,122.82348,-82.1602,475.54947,197.86038,178.95331,500.02972,214.13731,-2.5332618,472.70935,218.08353,186.98836,496.93558,235.47737,8.392435,512.3101,206.95528,213.87251,545.995,219.7648,36.83391
frame_150.jpg,triceps,236.04822,164.8726,-36.502693,228.35136,161.361,-29.875929,228.26773,162.1407,-29.949427,228.22473,162.87857,-30.056759,226.6148,162.61774,-52.59581,225.04099,164.77074,-52.596874,223.48822,166.93713,-52.597,225.09082,177.97011,14.453593,219.70396,182.98257,-89.192764,242.43945,173.84763,-17.9383,242.91017,174.00409,-48.279972,261.8982,192.07524,52.20621,256.97726,224.55016,-118.223465,262.67114,140.22395,77.74398,253.26271,168.9257,-185.94238,201.82906,165.08417,62.070618,193.85944,187.51474,-159.20097,186.39464,172.47116,56.490955,177.21541,192.32297,-165.45668,189.93744,180.28262,77.238335,183.45396,198.3647,-168.04834,196.54999,178.55963,68.782585,191.10487,197.14095,-158.74643,387.69516,197.75179,61.559605,402.0132,219.72678,-61.332237,436.95584,110.90865,67.21084,461.05475,123.69942,-84.65442,475.29724,195.65189,106.02452,499.98807,213.92775,-38.11489,466.0172,216.41103,110.5141,494.42938,234.59158,-30.084057,508.4531,205.08069,127.4641,546.4737,220.72464,-16.266424
frame_151.jpg,triceps,327.0935,240.30243,141.41066,323.03345,239.15608,154.22409,323.33133,239.59232,154.23802,326.89172,241.81062,154.22765,320.6147,238.4302,138.71005,319.86575,238.72693,138.74524,319.16223,239.2377,138.7374,325.61722,247.3345,202.14404,315.61255,246.75563,131.85576,330.43027,245.22067,159.16623,327.80853,244.98108,138.52197,346.60184,255.84781,217.53212,318.89825,265.64758,67.45389,358.40308,230.42607,230.85446,315.30664,233.53137,-17.902231,361.31287,195.70267,234.06033,311.81616,197.63353,-19.35788,358.4118,188.41269,235.71335,310.87622,191.7915,-32.1402,355.90808,190.15732,226.97546,311.1317,190.51898,-19.113474,356.07288,192.45743,229.6328,311.87396,193.09883,-13.548035,390.06427,273.4504,47.341774,370.70355,281.10645,-47.441643,432.16986,229.97061,-7.7087135,375.2632,245.03612,-104.811775,449.44302,284.55844,-41.27481,401.08167,288.93002,-129.12764,446.8062,295.75833,-44.255367,399.6393,297.06,-130.3959,476.1215,292.96048,-61.45947,420.6377,299.50644,-136.85239
frame_152.jpg,triceps,333.7058,243.2737,151.695,330.70575,242.54208,167.01114,331.18237,242.56831,167.03226,331.67313,242.58763,167.02362,328.43,243.45546,155.85365,323.89328,242.00056,155.87949,322.90857,242.84604,155.8527,330.61783,247.07314,215.66968,320.96246,250.00789,166.6606,333.78168,245.102,167.66066,331.06396,246.04362,152.99948,355.15686,258.3448,216.71857,320.10065,264.247,90.75346,371.9542,221.19492,214.70122,318.33774,230.1283,-7.5535636,374.2972,182.13234,224.96313,315.17014,187.41132,2.0138566,371.7845,173.88544,224.86984,309.14737,177.3275,-7.93221,369.36072,173.86404,218.39081,312.06885,177.67601,8.601896,369.98325,176.32338,221.13518,314.75977,180.63437,8.507224,398.0905,278.23178,40.97033,373.02582,284.04065,-41.072674,432.32822,227.56706,-13.013574,381.91434,227.96863,-89.89711,449.6784,287.76587,-57.40402,409.27277,288.7977,-129.04907,444.42197,299.12372,-62.169613,407.72952,299.9009,-131.34425,475.5095,300.7765,-81.71333,434.82147,305.5759,-139.91164
frame_153.jpg,triceps,330.17136,240.91318,156.73935,326.66742,240.73402,169.94043,327.16385,240.62685,169.96204,327.67307,240.52014,169.94739,320.52,238.14478,157.27647,319.83484,238.65822,157.30426,319.0453,241.29071,157.30513,327.125,245.40987,216.11694,317.14417,247.3508,159.49374,333.8283,244.09909,172.8327,331.2292,245.59361,156.06694,350.411,253.1794,224.06406,319.48618,264.41333,99.72175,367.4206,230.76477,225.61423,315.30606,244.67888,21.502045,360.34033,204.35013,230.26598,309.27866,208.25372,32.16417,357.56836,199.20078,229.55273,307.3385,203.0008,23.966797,354.8209,199.80136,227.9612,307.22433,200.94402,36.300133,355.755,202.40858,228.70583,308.3748,203.9758,37.577827,392.3656,275.16144,42.430363,372.54327,283.332,-42.49739,431.59045,229.31526,-22.560036,369.90756,241.72678,-103.216,448.91434,285.15216,-68.20738,402.586,291.535,-155.3901,446.13983,296.06772,-73.82102,401.116,303.58942,-160.34258,472.6897,295.5117,-95.118576,422.51392,306.0991,-175.08879
frame_154.jpg,triceps,211.55281,196.44215,-116.71132,202.94095,199.20226,-100.6348,202.76523,198.95378,-100.66577,202.60703,198.77113,-100.75207,203.48282,203.24998,-119.97284,203.76772,206.02641,-119.94658,204.10236,209.15471,-119.92166,206.44641,208.89641,-16.989212,208.84499,221.76881,-101.710815,220.69077,197.78511,-83.695496,222.43257,203.13914,-108.4792,256.52753,194.90846,87.41795,250.80798,229.28632,-163.62718,261.51538,131.5919,145.91013,260.53558,163.26509,-235.03828,252.54562,70.47573,134.35747,251.3403,79.6151,-200.55122,247.11655,55.731968,142.19553,247.02988,61.48327,-218.70618,243.26636,57.65715,122.99076,240.67986,62.036266,-196.5101,246.04199,61.409702,125.41584,242.4598,66.8661,-190.93613,390.76047,200.27927,77.71338,402.95557,220.68544,-77.85709,437.4651,108.98485,111.02402,462.5971,123.543076,-94.77754,472.60345,200.63614,195.48003,504.49683,215.59619,5.199767,467.60757,220.31937,205.32158,498.56873,237.48105,18.68974,510.27283,209.64297,236.50058,552.18835,226.39496,55.471172
frame_155.jpg,triceps,221.03098,177.42175,-34.226196,210.939,177.27675,-26.694973,210.6073,178.15227,-26.765947,209.1792,182.92226,-26.858969,209.77264,181.12952,-49.239025,209.60161,182.29782,-49.22775,207.59155,184.31157,-49.2744,216.72166,197.78244,22.576466,214.4042,203.0712,-79.30177,230.77757,181.68164,-13.707067,229.95224,184.64908,-43.6492,262.5757,192.62846,74.19249,256.23697,226.83377,-120.30658,268.6585,142.66872,66.50592,254.90883,180.16174,-205.45139,208.16968,144.60173,-4.4738617,199.81851,169.6015,-194.17307,192.63673,152.2391,-15.513307,186.55565,170.21999,-204.48409,191.85335,155.64726,4.649274,188.03735,172.11153,-201.14078,197.35735,154.67838,1.1326141,191.1335,172.36494,-191.328,390.34937,198.24011,68.82674,404.7824,220.1696,-68.74876,437.36343,110.698975,94.576225,461.90823,124.93472,-76.86998,472.48535,197.31868,149.84541,499.5731,214.4221,7.075262,465.37836,216.67145,156.29279,494.6571,235.31554,18.650644,505.55466,205.44618,174.48479,539.51715,217.07047,40.373478
frame_156.jpg,triceps,212.07182,198.13773,-107.47748,204.12566,200.8615,-91.52164,203.85886,200.21219,-91.56513,203.63203,199.57126,-91.657295,204.7152,205.9138,-106.89604,205.04065,209.30927,-106.869675,205.34564,212.47882,-106.84884,206.73761,207.53506,-7.696025,209.04544,223.05128,-74.502556,220.35234,197.9405,-74.83468,221.68135,204.67105,-94.3387,254.27676,195.31812,93.173874,250.07922,229.42291,-137.2101,264.56976,138.27884,147.92609,266.42227,166.52545,-212.3079,249.91974,76.53079,125.26663,251.59271,85.50387,-181.88504,242.75424,61.87721,127.598495,247.26175,68.08388,-196.20895,239.1758,64.52902,111.376945,239.43086,69.205894,-181.11716,240.87172,69.27131,116.82503,241.39854,74.509125,-174.73953,391.57678,200.54851,74.765076,403.68317,222.88597,-74.85825,433.55707,109.20668,102.34686,459.614,123.708374,-84.26342,476.52225,200.45755,169.71214,502.56897,216.84898,-12.732414,471.3128,221.4615,176.6936,498.8332,237.59196,-2.5351515,517.5367,205.36642,204.88055,548.74396,221.99554,29.164093
frame_157.jpg,triceps,232.275,214.28394,-90.373726,225.02022,216.7322,-78.52287,224.78188,216.5317,-78.548935,224.57462,216.34653,-78.61429,225.47736,219.40668,-96.35341,225.58636,221.20682,-96.343605,225.67789,223.03319,-96.35089,227.3125,222.29597,-13.614001,228.70589,231.33806,-92.6825,239.05258,214.23444,-64.254845,239.84515,217.7178,-87.33107,267.22925,215.70161,69.79824,264.13913,237.12717,-139.49924,271.38757,175.00856,134.38284,267.9311,187.3976,-200.48987,268.1041,126.5007,129.9131,264.84552,132.43266,-179.53896,265.34814,117.05423,137.5823,262.28305,119.72258,-193.15073,263.01904,116.59888,119.59045,259.93402,119.3846,-179.49602,264.79245,120.37855,121.676094,261.69052,124.100876,-173.1704,371.46622,218.7227,65.893845,380.75497,232.93536,-66.03875,404.90448,152.87491,93.46592,426.19403,164.26547,-78.35258,435.91675,217.88103,158.90852,456.90436,231.58795,21.195566,431.09412,234.49725,166.52536,451.39215,246.84532,33.758995,462.69495,227.79295,189.48294,490.22244,240.28107,61.108734
frame_158.jpg,triceps,234.52362,216.87512,-105.18929,227.5252,218.56903,-93.36182,227.14017,217.97783,-93.39507,226.70021,217.40453,-93.484886,228.00217,222.0462,-105.847,228.03677,223.9994,-105.83724,228.0126,226.16248,-105.83253,228.73795,222.50891,-27.04284,231.45508,234.2863,-81.57253,240.8715,216.27444,-78.63341,241.74146,221.10756,-94.57356,266.81494,214.52756,59.597073,264.20316,236.62517,-122.54968,270.82886,173.71777,116.58408,268.01703,186.59311,-183.0633,268.76062,124.800964,108.820694,268.50906,135.8309,-173.94022,265.54236,114.7512,116.41412,268.29456,127.83343,-185.37543,264.0725,114.86327,100.6012,265.71567,127.47638,-173.47353,266.6681,119.339676,101.38394,268.02878,132.36879,-168.68076,371.27072,218.3538,60.154575,380.73654,233.88518,-60.29745,404.22818,153.9019,89.098045,426.55917,164.59375,-70.976494,436.1776,217.22093,144.04082,456.08594,228.56796,22.92669,431.95398,234.14717,150.59216,451.71786,245.26671,35.486954,461.55933,224.22617,176.77611,488.89752,228.82889,70.248215
frame_159.jpg,triceps,236.51192,209.3446,-57.377697,228.19232,214.05936,-52.046684,228.01413,214.69626,-52.100468,227.72049,215.36458,-52.139553,227.79655,214.63112,-73.4062,227.47362,215.63667,-73.39734,226.73154,217.2473,-73.40591,230.75209,222.53638,-7.5873904,230.08154,225.52025,-103.83862,245.99,210.14607,-39.15875,244.35382,211.98946,-66.82026,271.2315,221.22768,42.003613,263.37448,237.34511,-134.75986,273.13324,180.54175,-4.3539386,249.24704,200.89256,-178.02197,257.21677,205.58884,-98.90796,252.40625,214.00037,-76.73297,252.47734,211.89288,-117.92175,253.17743,217.60196,-78.62293,253.3725,216.94263,-102.24285,258.68613,220.98755,-78.40708,256.91168,215.32562,-98.72344,259.99356,220.83365,-75.34662,367.92874,218.51802,65.48942,375.35864,234.65201,-65.53821,408.6166,153.89833,68.54944,425.63165,162.89156,-67.15236,444.10568,218.73334,120.005,456.87103,233.26828,-10.767309,442.47034,233.79134,124.92466,454.45615,247.37245,-3.3989203,474.64117,223.75069,121.013245,495.02112,240.71004,-4.354722
frame_160.jpg,triceps,327.21185,241.52592,200.37662,326.76758,242.84918,216.5108,327.5142,242.8819,216.58325,328.2753,242.92218,216.58592,324.30026,243.97481,206.96779,323.5475,244.67259,206.94266,322.78693,245.36568,206.96085,330.17328,246.4893,266.28522,322.59357,250.99593,224.10626,330.27307,243.25604,215.9188,327.99564,244.39482,203.226,353.04718,253.58716,257.73645,319.2567,262.1447,159.77171,364.84357,237.14949,224.31766,308.97568,241.74295,72.56977,355.18488,218.76878,219.49847,322.09995,218.21404,66.541985,352.62915,212.41876,215.1445,325.21625,214.57237,55.743073,350.4839,214.60594,219.2267,327.52753,214.35524,68.61489,351.06747,217.20753,219.57236,327.9239,215.72304,71.37224,373.90857,277.35248,29.989239,355.04352,283.52002,-29.932064,401.6432,242.25113,-51.918262,349.0426,242.78497,-111.76095,420.3437,285.2441,-136.19458,377.12244,285.09842,-193.86446,417.9779,295.6257,-148.14253,379.9457,292.29926,-203.7684,440.35925,291.2199,-182.74825,389.6845,297.69424,-227.86867
frame_161.jpg,triceps,320.99683,246.29884,102.54845,318.94537,245.35913,113.44941,319.37268,245.48032,113.46379,319.83362,245.67578,113.45973,317.21878,245.9461,102.98997,316.34387,246.77353,102.99304,315.65686,247.36911,102.97908,318.91116,249.89644,150.55696,314.41653,252.3993,104.490364,323.7921,249.4244,115.21516,321.99475,250.66406,101.49738,344.17053,260.96957,160.3583,317.04358,262.7943,50.925922,358.70224,237.57281,169.28108,315.65125,237.26355,6.7855973,358.15125,208.3657,180.5292,319.75897,207.93987,41.57906,356.52112,202.00378,183.67429,320.95636,203.12996,37.346153,355.8859,202.19913,177.4344,321.4185,202.70415,49.05899,355.63168,204.76772,177.1265,321.9195,203.9868,46.867554,380.92136,282.7167,32.03589,363.35492,285.9454,-32.0937,405.69763,241.6799,-12.202916,355.60168,239.43842,-77.19119,421.92593,286.40317,-56.726067,377.9587,280.077,-113.878876,416.77008,296.3852,-62.206673,377.45816,290.067,-117.04391,439.94366,299.49435,-82.04362,394.71576,290.08832,-129.61325
frame_162.jpg,triceps,337.1489,238.62453,109.528435,335.65295,237.9315,119.71279,336.0547,237.85722,119.72772,336.46286,237.78044,119.75373,333.76074,238.64532,110.08697,332.89587,239.14911,110.09662,332.02783,239.66881,110.0713,336.05927,241.32971,156.60388,330.2338,244.39424,113.51147,338.23367,239.86777,121.915596,335.98386,241.14474,109.16909,350.10944,251.34895,162.25452,328.69632,259.0682,73.01794,360.7402,239.60542,128.78502,324.79446,246.6776,8.546963,350.57727,230.58412,88.416824,329.37158,232.24352,21.996616,348.13278,228.73447,81.01363,333.01453,229.43127,18.738817,345.8814,231.52286,86.13388,333.13992,230.83691,25.02044,346.19928,232.5098,88.33464,333.4161,232.11555,25.430643,375.19525,275.8747,31.795416,361.16943,282.28207,-31.884272,401.09137,243.77855,-36.343025,355.12906,243.40475,-78.57193,421.19617,281.9401,-119.862335,373.51596,279.14752,-135.89026,419.81067,290.51608,-131.53967,375.46393,285.079,-142.82774,439.908,289.66373,-161.21523,383.47778,291.18182,-159.08424
frame_163.jpg,triceps,318.98944,248.14879,128.5513,317.0618,246.26488,140.6215,317.47144,246.24573,140.64491,317.8441,246.26282,140.64816,315.3463,247.43768,130.24326,314.70288,248.03923,130.26067,313.82037,249.12947,130.28189,316.8153,250.15698,181.68857,312.02582,253.50731,135.63658,320.88437,250.95514,142.63345,319.271,252.07889,128.93713,339.5433,257.92697,191.58289,316.55627,265.47238,82.22321,358.80646,239.25581,192.27118,312.24115,240.9753,19.821692,357.21826,212.0084,195.15317,321.9812,213.33875,29.674637,355.99475,206.33496,197.59126,323.13818,208.07587,20.988226,354.2427,206.37039,190.6525,323.44446,207.93173,32.938812,354.60693,208.76215,191.69061,323.66147,209.90326,34.67187,376.3427,281.15695,33.641792,360.34805,285.5178,-33.644966,403.77765,243.44768,-26.191479,358.10825,242.7649,-72.61649,420.34515,285.14783,-92.29427,374.7707,277.0618,-118.63976,417.33868,296.0994,-101.257744,376.00528,282.6252,-124.4548,437.75836,296.24603,-124.84588,387.53784,288.86276,-137.69656
frame_164.jpg,triceps,233.38591,214.40663,-54.16592,225.98457,216.83505,-46.014523,225.64426,216.9569,-46.061646,225.23454,217.12018,-46.1389,226.24672,218.72427,-66.020996,226.13467,220.26115,-66.01162,225.91759,221.90718,-66.04227,227.28085,223.98592,3.100007,228.63808,230.8312,-86.33908,239.61426,215.18256,-33.711857,240.04941,218.04037,-59.78459,266.98215,216.36432,74.73862,262.50565,237.72893,-134.46051,270.5418,174.26022,140.17638,267.52893,188.05606,-181.38757,269.17035,122.61325,137.66733,268.9736,128.67096,-146.65553,267.37442,111.04508,146.14145,269.79498,117.65591,-157.6248,265.99857,110.83513,127.95799,266.1422,117.05933,-144.29024,267.78012,115.870804,128.99084,267.47565,121.7741,-140.13795,371.26263,217.25354,65.37866,380.72418,233.99077,-65.48338,404.0193,151.2685,86.707596,424.9551,164.46774,-76.32355,433.96396,216.62271,159.14487,454.06174,231.02078,25.954475,430.0913,232.90984,167.26917,450.34656,247.2422,38.745407,459.22253,226.11674,186.66034,488.5774,239.1461,62.403084
frame_165.jpg,triceps,234.6698,213.95518,-38.95653,225.95233,216.58215,-32.138,225.92842,216.87372,-32.162556,225.82413,217.12941,-32.22359,225.84267,217.6353,-52.249104,225.78256,219.06348,-52.212215,225.57594,220.22052,-52.204094,228.48022,224.17079,15.028065,228.61865,228.93251,-75.71506,242.29755,215.41069,-18.88509,242.31285,216.74355,-45.33988,266.7445,222.15297,82.80783,262.72766,238.63356,-125.56634,268.4644,194.07523,173.95998,262.26596,198.25932,-207.02515,273.3249,155.36697,210.30946,265.8052,152.24934,-191.4363,270.6717,146.66673,223.35495,265.1322,143.53522,-201.78699,269.8207,147.24664,211.83817,265.08713,144.65501,-187.63412,271.81198,150.51485,205.95181,266.41193,147.81644,-184.516,367.84875,218.73817,64.3534,375.62964,234.14497,-64.4138,405.11105,154.09412,78.2332,425.76096,163.11107,-62.326805,444.03018,218.70503,133.02539,457.31573,230.62004,-6.367958,441.2291,233.54567,138.78503,453.14124,246.14587,1.6071798,470.4155,224.20296,145.97404,489.31207,236.72366,12.091423
frame_166.jpg,triceps,235.56973,219.05656,-95.139656,228.22998,220.44058,-83.333626,227.7906,219.74281,-83.35259,227.383,219.04099,-83.41621,228.35464,223.96283,-98.06026,228.12213,225.9031,-98.045,227.78282,227.92809,-98.045616,229.52744,222.7771,-16.333145,230.09161,235.29071,-81.299576,242.89413,217.8706,-68.361465,243.46777,222.42538,-87.33325,268.028,215.84584,66.75078,261.7177,237.93451,-126.55228,269.9372,179.78499,137.34232,263.08835,196.22328,-197.86241,270.535,135.86197,147.00716,266.1394,141.74884,-188.50732,269.205,125.900406,156.60634,265.7494,129.87276,-200.59729,266.5736,125.32389,140.18442,264.36084,128.57117,-186.81451,268.52142,130.04567,140.00363,265.09406,131.13255,-182.05605,371.1767,218.07697,61.047737,380.64886,233.33609,-61.188293,403.62213,153.63998,82.51247,426.71512,165.39728,-71.37153,438.29587,218.5191,137.88298,457.25348,231.94034,15.006457,434.7125,233.68935,144.31332,453.4851,247.94441,26.249691,462.12982,227.23985,166.16891,491.3543,240.29349,53.25464
frame_167.jpg,triceps,212.26605,189.61304,-8.608057,198.2144,195.56761,-5.0951,197.99257,196.21533,-5.167585,197.01953,196.91653,-5.263998,198.01172,196.28844,-29.508636,197.15514,197.51111,-29.46189,196.7756,199.24165,-29.47153,200.89888,206.98505,34.833477,201.1041,207.9846,-75.7268,221.47067,192.28688,10.108566,220.69688,193.47002,-22.239616,243.81972,200.66907,95.982285,241.92888,222.93495,-134.8657,247.15747,158.40039,186.09402,244.29272,167.45142,-218.3584,255.68169,101.87805,211.81503,248.1796,107.13205,-199.83246,253.8935,89.33449,222.45226,250.48132,92.6945,-214.19098,252.25946,90.37079,204.40248,248.33649,91.98198,-200.9111,254.01752,94.76677,204.52742,249.47955,96.57782,-193.46008,383.04288,204.58788,72.52026,396.5913,221.15137,-72.51435,431.94238,112.97983,89.5576,458.26624,126.087204,-76.02008,479.944,201.15645,152.2243,502.17157,217.99083,-9.048382,475.53067,222.38234,159.00175,498.55988,239.33794,1.0783864,510.44025,210.34805,175.07835,548.4517,219.61389,24.736158
frame_168.jpg,triceps,204.41176,191.43665,-27.16732,193.77733,196.02307,-23.311096,193.78845,196.76031,-23.37733,193.61305,197.58806,-23.46706,193.69064,197.34573,-49.35892,193.73946,198.9248,-49.324173,193.5243,200.47061,-49.329994,198.49913,208.38344,19.504725,198.87505,211.22472,-98.93501,216.88179,193.06104,-7.539962,216.16133,195.31104,-42.08681,246.72165,206.78757,92.02803,242.39194,223.88985,-158.5908,247.72769,167.70335,191.318,240.09909,174.33725,-223.82162,255.81433,116.28429,214.36629,247.543,111.939354,-171.33264,254.89828,105.35477,224.0675,248.28758,99.30613,-181.29178,253.25835,104.83069,207.61168,248.21072,100.84223,-169.839,256.06677,110.3542,207.16539,249.78894,104.8904,-164.52615,383.66357,201.63976,77.049515,395.9099,220.09589,-77.06961,430.9125,116.01431,102.41879,460.23712,128.32513,-71.91267,482.07062,199.57784,174.58238,503.73438,219.61201,-4.170639,477.32642,223.9763,182.39035,499.80624,240.19635,5.4452295,518.5347,210.90375,196.90906,551.7549,220.86714,19.529074
frame_169.jpg,triceps,205.90701,200.218,-43.676792,195.56999,202.38823,-37.525715,195.36081,201.62453,-37.574867,195.16502,200.83334,-37.656006,195.91724,206.09724,-56.257362,196.01448,208.25902,-56.24086,196.04181,210.02464,-56.257164,199.97942,207.41077,13.26447,201.4404,218.44487,-70.35875,215.26501,200.054,-21.684113,214.90446,204.34454,-46.194515,248.71631,199.29639,87.944565,238.76111,225.46004,-129.36319,251.78326,149.66965,154.3964,243.46738,162.86328,-182.58827,253.44635,89.45532,152.46582,243.5751,83.575264,-139.82477,251.6966,77.69726,158.33907,242.5346,70.80037,-152.1561,249.21677,77.64725,136.28683,242.59052,72.460014,-137.23349,251.4896,82.40923,142.57695,244.74449,77.78049,-132.28265,385.73788,198.64241,66.74216,399.27472,218.52289,-66.77495,432.5923,114.756165,94.133766,456.406,126.65494,-68.688805,476.62378,195.75293,169.7341,500.5328,214.22298,12.76826,472.57666,218.18747,177.95508,496.72986,235.23093,23.634605,505.86624,202.28293,198.40073,544.48157,212.90628,47.148876
frame_170.jpg,triceps,324.65405,237.0277,133.87267,322.12888,235.04001,147.41992,322.49066,235.48692,147.43947,322.80798,235.91551,147.43906,320.16858,235.46564,133.59499,319.25705,235.92346,133.6049,317.89136,236.25095,133.59187,320.737,241.31659,195.03996,314.57312,244.14467,133.42336,327.83234,241.79913,150.59004,324.76306,241.53224,132.28906,349.51782,254.40012,209.31921,317.56396,260.73767,61.655296,368.52173,224.24258,228.5133,316.96426,227.79575,-13.329768,366.99203,182.73605,244.98679,319.68704,186.04936,19.432695,364.7183,175.4239,248.4655,319.5198,179.36397,12.026112,363.50427,175.63081,238.5109,320.44235,178.92189,26.949434,364.1017,177.69092,240.34552,321.0849,181.00414,26.199114,401.84918,282.9941,45.685715,380.5442,286.8803,-45.74019,435.08588,230.74658,-3.0935163,372.38678,225.96877,-80.43876,457.02213,289.94104,-65.86181,405.6601,273.44574,-125.930145,450.55957,304.2976,-73.90196,405.0193,283.71368,-129.49274,483.7306,310.26917,-96.06556,429.33185,283.05798,-135.98575
frame_171.jpg,triceps,331.36044,224.13135,127.27602,325.70337,225.42255,140.05466,326.3297,225.54713,140.0669,326.9602,225.66594,140.07896,323.12415,226.07101,130.46689,321.84323,226.65076,130.47223,320.57227,227.23776,130.4418,326.65607,230.28079,183.53677,318.42303,232.90251,140.68282,330.92557,231.80418,141.32225,327.67456,232.7623,128.45705,351.4198,244.08916,185.62903,310.6638,255.3169,87.0226,378.529,228.34448,161.77147,304.8885,233.89333,32.602955,367.66998,212.64339,142.63258,329.63242,208.09843,77.28353,363.51413,208.9007,134.25105,333.64835,203.05382,75.01482,359.24194,209.99008,136.41238,337.96912,206.85666,82.35505,359.21002,211.11717,141.84567,337.33676,208.5352,81.162445,392.99823,278.19193,36.894665,369.06918,284.00385,-36.902897,434.4592,231.90327,-5.4860644,376.62543,232.99113,-94.49645,456.9549,291.4174,-71.027176,397.5984,291.04788,-151.90901,452.07428,305.08728,-79.32931,397.01495,300.92368,-156.20993,483.74835,306.0382,-100.56148,418.03644,306.15457,-168.1506
frame_172.jpg,triceps,320.7489,237.62033,144.64413,318.37366,235.77103,159.10023,318.8347,235.98708,159.11726,319.2166,236.13387,159.09697,316.28494,236.7842,145.07986,315.41537,237.37793,145.10204,314.40686,238.04607,145.08809,318.9123,241.59474,208.35068,312.1478,244.82378,146.54347,324.29715,241.47092,161.6431,321.00125,241.71724,143.28503,346.17395,253.75185,223.54965,316.24435,258.51794,74.99566,369.56598,221.49472,238.84483,314.12848,229.01683,-2.8385158,371.91806,185.67044,247.43799,318.47998,186.49223,23.716824,372.53778,177.36697,248.84003,317.53687,179.9998,14.2237625,368.89075,178.41452,238.79147,320.87823,179.96013,29.204302,368.75592,180.67557,242.28783,322.0335,182.18503,29.792107,399.51367,284.63715,48.312534,378.34717,288.38788,-48.380272,436.2611,232.53082,1.7939752,375.02914,228.12898,-94.15393,456.77087,290.4838,-49.607285,410.93967,285.32077,-132.80362,450.3862,305.25064,-57.02732,409.84888,295.55466,-136.02881,481.39316,308.54776,-79.492775,435.46902,299.08304,-145.4386
frame_173.jpg,triceps,205.36032,199.00418,-28.891068,195.78348,201.33264,-25.53275,195.68008,201.15306,-25.600658,195.47853,200.88033,-25.694654,195.61967,203.75069,-45.897896,195.39932,205.91992,-45.87356,194.97018,207.5177,-45.889225,198.49089,207.87996,17.63075,198.14038,216.11884,-73.33766,214.65753,200.31862,-8.839719,214.3562,203.29367,-35.477203,246.41919,203.40268,92.76577,239.55353,226.95927,-130.11694,254.5235,151.31938,158.4092,244.33469,167.32545,-175.25658,257.40408,89.14925,155.15056,251.52011,90.79458,-133.00594,253.87726,76.04777,161.24954,249.78192,77.33409,-146.31987,251.89038,77.57274,139.98404,248.56087,77.71529,-130.4729,254.52324,82.662025,145.47035,250.88722,80.7782,-125.44429,385.34717,203.01395,70.81486,397.9853,221.41074,-70.83663,432.82407,116.17818,97.28465,457.52823,127.58165,-73.70738,482.39142,202.60243,172.00464,503.38687,218.21172,5.156098,475.56232,223.31596,180.50613,500.7992,241.20404,16.696049,512.4238,208.55598,199.48538,549.0223,218.23924,44.918312
frame_174.jpg,triceps,206.5774,199.13893,-50.291706,196.79944,201.79538,-45.42282,196.75644,201.15471,-45.48433,196.72392,200.46878,-45.581287,197.12668,205.59256,-62.22511,197.32214,207.25421,-62.195152,196.9825,208.77377,-62.18963,201.33228,206.78145,3.1901357,202.27032,216.60461,-71.47755,216.60347,199.14478,-28.642838,216.44543,202.81195,-50.586525,248.59663,203.08519,82.39937,239.96228,225.78822,-127.9315,257.00732,164.26537,169.41422,248.33606,170.02147,-185.55067,258.92923,108.59201,203.49306,247.6461,99.05607,-157.68771,257.04535,96.24918,214.53972,246.974,86.42685,-170.38269,254.69083,95.93809,196.27005,246.68948,87.79146,-157.77243,256.55887,100.03248,196.68196,248.52715,91.94576,-151.4216,384.90707,203.48128,65.909256,397.22,221.16588,-65.90454,434.41513,118.504845,89.21457,459.0631,129.77917,-56.501408,481.92905,202.21513,155.63887,504.9873,216.69994,3.9915686,477.7733,221.309,162.76472,500.9256,238.19522,12.607661,510.3543,208.54935,182.5065,549.77277,213.5572,33.188393
frame_175.jpg,triceps,200.793,194.83221,-26.679117,192.37662,198.53992,-22.137491,192.06638,199.06155,-22.209377,191.74043,199.64986,-22.311443,192.8451,200.32404,-46.39893,192.8312,202.109,-46.38695,192.754,204.02873,-46.416286,196.05872,210.30203,18.35913,197.24959,214.65546,-89.76363,209.85434,197.44736,-8.128508,210.7563,200.09024,-39.721855,245.91586,202.2787,87.745316,242.06808,224.80789,-145.99707,253.24078,144.0456,141.36092,250.6438,152.89784,-181.10202,253.34886,77.97049,135.39021,251.58546,79.802605,-128.88121,246.79639,60.15358,142.01022,252.53067,57.763313,-143.80304,244.9598,59.774906,119.82399,244.66275,61.735558,-125.49918,249.23402,64.2177,124.86793,247.99074,68.23886,-120.90486,384.71997,202.21915,72.195175,397.65475,220.87653,-72.20256,431.03632,114.56029,103.26979,456.74963,126.81782,-67.44105,476.39697,199.79291,185.52324,504.97845,215.47032,23.380165,472.68866,221.68819,194.78674,499.76434,238.38205,35.674816,510.52222,206.02507,214.33597,548.66406,216.51543,61.777233
frame_176.jpg,triceps,239.14572,214.6298,0.7643473,232.76172,216.63814,5.9237757,232.52133,216.72006,5.884068,232.20013,216.82518,5.837558,233.04715,218.90259,-12.779806,233.05936,220.94383,-12.801303,233.00641,223.56522,-12.823504,232.79936,224.23798,47.840954,234.10355,233.75706,-34.212727,245.51506,215.71303,19.150726,245.64313,218.38986,-4.603937,270.7525,221.38275,108.74287,268.67523,239.56834,-79.73503,306.61554,207.95367,99.90902,316.76083,234.69302,-129.46964,295.5552,182.93013,11.819133,293.419,189.30612,-112.36371,293.29773,176.7976,0.2534401,290.57526,180.07315,-119.491356,286.75815,179.10388,-1.7628728,282.26636,182.52327,-110.94795,286.6254,182.51437,7.420564,283.42645,185.4762,-106.365776,366.03268,216.84508,66.59404,371.71573,232.24452,-66.567055,408.98282,155.96744,68.61238,420.4975,165.77542,-79.51456,437.96964,221.63988,137.99483,449.17963,234.02458,-21.73222,433.86642,234.33362,145.57698,442.3747,247.20822,-12.300447,466.77606,230.05832,154.7417,482.682,245.62721,8.624099
frame_177.jpg,triceps,235.389,210.23929,-1.3304543,229.60834,214.0873,3.4574127,229.4591,214.54237,3.4289079,229.26987,215.03989,3.3777614,230.01276,215.175,-16.906923,230.1645,216.50813,-16.922611,230.3023,218.24942,-16.945229,230.85559,223.76906,39.781544,232.53818,230.57832,-50.71324,242.07355,212.50636,14.683818,242.41508,214.10916,-11.560854,269.63635,222.6144,100.16437,266.6939,239.69958,-97.6392,306.59613,211.6423,138.3597,312.13467,233.47209,-146.27428,299.15936,185.9476,106.71863,298.59845,187.85265,-132.72289,296.13406,178.59903,104.880745,296.71173,179.24069,-140.96338,289.64322,181.98494,98.75224,290.381,181.17786,-132.57648,289.3267,183.99606,102.48726,290.18408,184.35692,-127.06681,365.94925,215.92493,66.6503,372.21774,232.02597,-66.60167,405.25824,153.2089,79.015594,419.8091,165.11214,-77.589485,434.708,219.08755,144.74048,447.17487,229.97226,-3.8133569,430.50787,232.48396,151.71725,440.4024,244.58032,7.1928835,458.20563,227.72836,162.74406,478.49207,240.9497,31.594936
frame_178.jpg,triceps,234.89021,211.19717,-2.6047757,228.9516,214.76604,3.5993814,228.77457,215.0651,3.5835907,228.53638,215.38458,3.559902,229.50427,216.48201,-16.765606,229.78055,218.17755,-16.805164,230.10454,220.43365,-16.84953,230.7161,224.08243,43.792816,233.0342,232.11545,-46.557587,241.79901,212.58798,14.405528,242.02783,214.82889,-11.732693,269.73193,222.71858,103.5329,268.2923,239.34879,-91.55182,311.49808,227.60756,114.8455,315.00272,252.48784,-134.03171,306.8807,199.67773,54.777725,304.40982,205.61548,-118.168365,303.9245,193.79065,48.74796,302.04266,195.67404,-125.364265,296.8716,194.77303,42.635323,295.8445,196.04053,-114.88719,298.0913,198.05287,49.55513,295.32486,199.1919,-111.079834,366.32855,216.57079,66.5796,371.7423,232.02965,-66.57426,406.44992,154.61246,72.41861,419.79144,165.01912,-79.133644,438.76508,218.89209,125.82126,447.65317,230.43121,0.19751267,433.15524,231.3361,131.13,444.22156,242.32338,11.461692,464.67627,224.99245,136.08308,479.06415,238.67397,31.946648
frame_179.jpg,triceps,323.81714,259.51874,95.03192,321.46173,262.3123,100.99586,321.4999,262.3944,100.98772,321.4903,262.45654,100.97947,321.5998,263.0246,88.51762,321.73447,263.61902,88.51294,321.8205,264.16928,88.50898,322.99908,265.91333,123.36282,323.56256,268.6962,68.67898,326.8906,259.59778,103.4998,326.91638,260.2662,87.58816,341.35437,268.7336,136.36385,334.64105,271.21112,19.246307,349.6541,259.22882,99.43974,340.26505,258.9812,8.149598,346.49158,253.22952,24.241661,339.6496,249.33388,71.300446,345.9454,251.17973,13.951397,338.97293,246.17981,73.19838,344.57043,253.0325,14.89356,338.04688,247.32697,74.51772,345.2433,253.94397,21.21145,339.86847,248.26465,74.70779,385.49634,275.21304,35.847706,382.31195,280.58566,-35.883068,404.92517,239.25398,25.936289,393.7288,256.54562,-75.26767,420.73346,280.7561,-13.521911,399.7209,284.95673,-97.08344,418.84506,289.04468,-18.734215,396.99274,290.39615,-98.30609,435.4427,286.9778,-21.615932,412.16803,290.8374,-92.46263
frame_180.jpg,triceps,332.38538,248.19167,140.45233,332.00198,248.10562,150.71909,332.28217,248.3075,150.72183,332.56497,248.63011,150.72636,330.24014,248.13148,141.18729,329.50555,248.50513,141.19531,327.1017,250.0802,141.17068,332.688,252.84888,181.81506,323.73215,254.77586,138.789,333.79523,249.78687,150.7626,331.86584,249.67744,138.06305,349.37115,262.22882,176.80304,323.645,265.48697,84.097824,367.42755,263.8004,158.0278,331.68384,255.70906,6.3711224,379.92874,259.39264,129.50706,337.23975,234.20685,-13.93302,383.66943,258.8122,125.49587,337.52133,229.34685,-21.202404,380.96234,257.97015,123.60704,337.46814,230.24945,-12.369917,379.96643,258.33978,127.087776,337.96497,231.31323,-9.940639,381.69467,279.8599,30.457354,368.7652,283.00974,-30.535118,406.02118,239.27747,-13.281584,360.9997,254.58997,-63.42583,418.94818,279.7895,-78.15854,378.01697,283.70157,-114.03748,415.8047,288.42224,-86.54782,377.8083,289.00327,-119.346886,434.84998,288.98013,-105.75848,390.8525,292.54575,-131.30171
frame_181.jpg,triceps,330.69687,246.16843,186.73184,329.40094,246.7169,200.93443,330.04108,246.7185,200.96506,330.67743,246.72603,200.98206,326.90906,247.36887,191.53902,325.90387,247.86781,191.56427,324.8946,248.36977,191.55624,327.90036,250.22087,243.15149,323.33502,253.38834,201.25414,334.07162,248.65536,200.78828,331.52997,249.54218,188.29247,352.05978,259.05392,233.65746,319.99268,262.19562,132.02295,364.38602,252.00488,206.04144,323.40002,244.76689,30.074932,373.9076,244.14305,173.46529,331.64893,214.26492,-7.663486,374.60455,242.94855,170.1264,331.87772,209.39671,-18.412663,371.41516,241.90897,164.9801,331.33502,209.28627,-6.6769304,371.34244,242.21794,170.15234,332.6566,210.55614,-2.848656,381.0475,281.0778,33.57158,360.1057,282.27017,-33.698505,406.14612,241.31252,-4.422306,338.09964,242.67363,-72.264206,418.1563,282.54248,-72.280266,341.36646,226.08351,-157.11252,412.46048,289.78726,-81.09826,341.04495,227.17227,-165.88025,427.59796,294.86102,-108.2135,341.25858,217.17531,-192.85248
frame_182.jpg,triceps,233.33539,215.94008,-128.53949,226.79395,218.06291,-112.962875,226.53778,217.391,-112.95926,226.26793,216.67801,-113.00992,227.23495,221.5493,-128.53792,227.43927,223.61534,-128.5285,227.67926,226.00424,-128.5267,228.36913,220.48271,-33.515923,231.18204,233.91373,-101.82912,240.62009,214.66064,-97.44496,241.07272,219.73587,-117.39106,270.01083,212.57593,66.54524,262.0284,236.6474,-146.84506,274.5822,165.85918,121.46593,268.3792,180.84145,-193.11171,273.1459,118.6543,118.432,269.27502,121.46918,-151.35916,267.78015,109.730705,129.58238,265.53586,110.57993,-163.17331,265.77878,110.27685,114.59174,262.65942,111.52599,-144.9312,268.1756,112.36421,111.51908,263.66504,114.14325,-142.8777,368.07388,215.29642,63.02561,375.82718,233.16058,-63.203773,401.58237,151.92577,83.434586,418.48682,166.86806,-74.57892,432.28845,218.3979,154.65521,448.33527,230.9915,25.255966,424.69785,234.393,163.19965,443.91443,247.884,37.71542,456.29126,227.56947,185.68686,484.0136,241.38768,64.74366
frame_183.jpg,triceps,235.429,211.96388,-4.3282623,229.3805,215.3139,1.6479661,229.18373,215.67049,1.6225253,228.97958,216.0643,1.5887346,229.81223,216.99467,-18.80569,229.9957,218.70975,-18.83686,230.2179,220.97551,-18.872822,230.85907,224.82027,41.861538,232.72096,232.67581,-49.376953,242.02695,213.83746,12.685167,242.29958,215.90656,-13.732832,271.32156,223.77307,98.95232,268.0157,242.10591,-93.57179,306.99283,218.45372,120.86684,312.55606,248.16043,-153.07533,299.53915,197.16464,74.45391,295.92294,203.81197,-151.78206,297.84528,192.83946,70.31806,293.61835,195.59601,-160.45058,291.98,194.42104,65.43877,288.15405,196.64369,-150.17126,292.32108,196.40059,70.14576,288.05753,199.43878,-145.31982,365.871,215.87906,65.12999,371.17844,231.89302,-65.102684,407.17694,155.10545,65.41715,419.46082,165.45316,-77.113174,439.01166,216.36642,124.20753,449.7657,229.72122,-4.2681575,433.7701,230.39185,129.98116,444.8796,243.8743,5.809979,469.90533,225.743,132.38597,483.5068,238.57428,19.505976
frame_184.jpg,triceps,234.85298,211.60335,-3.4277918,229.1134,214.87178,1.7175577,228.97743,215.21478,1.679977,228.7821,215.63081,1.6257215,229.53354,216.25932,-18.982521,229.7063,217.80782,-18.989624,229.83604,219.85971,-19.007704,230.6543,224.56136,38.848976,232.05574,231.63924,-53.131527,241.90823,213.53098,12.666959,242.09221,215.48041,-13.964327,268.94647,220.54189,98.93066,266.58127,239.6613,-102.975845,302.0003,202.26337,138.7981,311.4324,224.62076,-148.14397,293.489,170.74709,100.74734,296.07947,175.6279,-131.1194,292.19507,163.23405,97.14844,294.12268,166.31415,-141.53398,286.88895,164.77885,88.50993,287.11133,167.58371,-134.51161,286.3074,167.57726,95.00604,286.71622,170.17004,-126.28875,364.82874,216.65106,65.04214,371.2152,232.12085,-65.022934,403.66974,153.45332,70.24003,419.6132,165.26779,-79.63996,439.0895,216.78691,142.03722,451.69232,231.48135,-6.04272,433.83295,230.0422,149.43544,446.09116,244.87924,4.2742295,466.79712,223.6243,155.03027,483.7865,239.90254,20.803421
frame_185.jpg,triceps,205.8892,194.19876,-107.983795,197.4581,197.10306,-92.770294,197.21826,196.90953,-92.7952,196.96164,196.80363,-92.88018,197.7615,201.03311,-113.84207,197.84589,203.86047,-113.81954,197.94054,207.26566,-113.81249,200.49219,206.6427,-9.671865,202.09785,220.41522,-102.45621,215.11832,195.30043,-74.7578,216.35414,200.61732,-101.82318,252.9242,197.21451,96.55602,241.67879,230.01695,-161.14943,267.16214,139.19087,167.48135,263.0653,168.79478,-221.76994,256.332,82.10333,162.271,253.85118,90.67722,-177.0337,249.84052,71.361244,171.11946,250.36206,75.72137,-192.22542,247.42851,72.828156,153.80003,244.98639,76.57276,-171.90341,249.64043,75.995445,153.9826,247.56584,80.63084,-167.54602,383.56247,197.17867,79.27981,394.58127,220.17848,-79.43874,430.37634,109.87976,96.875084,450.15347,126.84838,-91.789406,472.04227,197.21126,188.69894,489.53534,217.90901,25.51633,461.77917,215.64357,199.44527,485.62576,237.76932,40.719345,504.58957,208.85555,224.44952,539.8758,230.82092,74.21454
frame_186.jpg,triceps,206.97725,191.54767,-6.398062,199.34143,196.35928,0.5782228,199.09091,196.83788,0.53408116,198.78542,197.35,0.48887137,200.00989,198.55487,-24.884853,200.29797,200.80154,-24.925556,200.61852,203.88164,-24.970905,201.1812,208.73898,50.001965,204.01604,219.07361,-62.187927,216.14261,194.0346,14.838776,216.56944,196.73737,-17.60249,254.89001,205.15155,125.47829,249.54129,231.2396,-115.382965,306.74445,190.47469,114.86534,314.70575,227.16435,-120.547905,291.2952,158.16183,-7.3669906,289.49084,167.41586,-33.293514,287.28986,151.66997,-23.717411,285.70435,154.6273,-32.457832,276.14624,154.34438,-25.351978,277.4744,156.85214,-24.693676,278.55106,158.83101,-13.15284,277.33798,161.44579,-24.632376,381.6441,196.09726,81.51793,389.80145,218.54135,-81.43922,434.85962,112.90015,85.41478,453.44208,128.42702,-88.996544,474.62506,192.12285,178.27806,488.1982,214.39232,6.5542183,466.39343,210.7411,188.02197,482.03357,234.56227,20.734589,505.46124,206.3503,203.63351,532.1613,232.80038,52.78574
frame_187.jpg,triceps,206.01047,191.13042,-0.18579619,198.26175,195.49026,6.1230307,198.01521,195.98895,6.0799265,197.66443,196.5845,6.028672,198.95694,197.51991,-19.072721,199.24324,199.64993,-19.110828,199.50015,202.48773,-19.157755,199.9505,208.0015,52.618034,202.43506,219.45586,-58.63469,215.3909,193.03592,20.116137,215.74066,195.87393,-12.062739,253.08704,206.20497,126.73356,249.47937,231.46457,-112.113914,307.7467,201.53838,132.52411,318.63116,228.63495,-120.92782,295.88974,161.0948,32.567745,300.24664,163.08572,-54.95797,289.9077,150.49052,19.50468,294.48703,148.27385,-57.318035,282.24594,152.30359,11.640239,285.84296,150.92583,-49.317566,282.69232,157.4487,25.061132,286.5591,155.90091,-46.713886,380.623,198.14203,81.44841,389.0753,220.03448,-81.391716,436.2625,115.33699,85.9017,454.88907,128.62097,-100.49011,473.67032,198.53928,180.8935,495.0616,216.13528,-24.20579,468.85632,214.79973,190.51353,487.73026,235.64072,-12.376186,508.1696,211.73274,202.5932,541.1747,230.49019,10.415162
frame_188.jpg,triceps,340.61017,234.93686,105.75075,344.60938,235.72514,116.21001,345.3519,235.32895,116.237,346.10803,234.93164,116.24046,341.9019,236.93707,110.05223,340.80176,237.67047,110.06859,339.69424,238.37259,110.06165,347.238,236.87988,150.75006,338.64902,242.40268,123.57113,346.42056,236.28438,116.91687,346.9173,240.83061,108.81891,369.52515,248.48416,146.58784,337.727,254.78107,87.921455,392.89862,261.68826,141.06006,332.16144,256.84305,16.06303,411.99496,269.03418,108.55892,340.4454,233.53992,0.7587084,418.9599,270.95624,100.932304,340.13547,227.88628,-6.80708,415.54565,271.11063,94.49668,340.2336,224.78525,2.244838,412.9029,270.84613,104.02751,341.71017,227.53503,3.9422224,400.4779,276.73206,26.620384,383.31976,283.32172,-26.675533,429.84512,229.97307,-23.965153,370.84897,244.75073,-85.4556,450.2929,278.01807,-88.64384,396.2426,280.85696,-119.383255,446.54025,292.20746,-97.58381,398.27396,286.3114,-122.90445,474.38135,290.78928,-126.66115,409.04816,297.41757,-137.35329
frame_189.jpg,triceps,337.49353,233.19855,176.52626,336.23868,232.74661,191.83295,337.255,232.43832,191.86241,338.27106,232.1445,191.8921,332.6845,234.01353,181.74773,331.2556,234.80852,181.76892,329.81116,235.61082,181.76306,339.30115,235.70993,243.48463,323.87415,242.34138,198.57124,342.34573,236.0704,194.22144,338.41595,238.04181,180.90685,365.28827,251.65125,233.49443,322.87836,257.09244,130.53558,389.43555,255.53099,180.66797,325.109,242.56314,7.6437306,413.96152,264.27853,104.535736,338.2417,200.3451,-23.227005,421.77203,265.31937,92.43204,337.71713,192.6077,-35.095146,418.083,268.75613,87.53646,339.8023,192.32108,-20.60774,415.80243,269.27365,100.4068,341.28632,195.00394,-16.417845,407.44156,279.72897,39.469906,383.46347,285.2536,-39.583603,434.76892,228.71567,-23.765846,368.59973,238.9717,-75.757034,453.67804,287.0296,-128.17091,379.30365,245.90868,-158.67137,446.8138,298.3896,-140.99107,377.80582,250.64995,-166.29291,470.52087,302.94247,-175.72324,390.0874,241.37387,-187.65785
frame_190.jpg,triceps,332.28406,233.37317,162.0102,332.01105,234.99515,176.55228,332.5507,235.2269,176.57233,333.10074,235.46167,176.58545,327.9679,231.48528,162.77225,326.93323,231.86095,162.79614,324.92578,234.17761,162.77087,332.04376,241.17615,225.61572,324.1992,242.92746,164.40604,338.60822,239.0501,179.06512,335.6522,239.73076,160.93134,356.9933,256.84903,229.43428,319.627,258.65857,88.95947,370.43542,241.61449,200.44604,326.92505,225.94006,-16.94181,388.06873,230.53926,149.42693,332.18692,184.43114,-29.288197,390.21216,227.11191,143.13779,330.78656,176.86694,-42.5312,386.48804,226.99286,136.69604,330.9533,176.98398,-26.540834,386.4194,228.36293,144.54172,333.09387,178.9558,-22.2629,400.83493,281.1773,44.06938,376.8139,285.36038,-44.243225,435.1925,228.96364,-20.717716,368.2729,229.09995,-76.96245,452.69534,288.06833,-101.282585,398.976,280.57394,-137.19647,446.3415,300.55582,-111.66522,399.03857,289.25192,-143.59518,480.77466,308.95508,-137.32654,417.4449,296.07095,-154.86957
frame_191.jpg,triceps,204.15851,193.33513,-150.91273,196.34714,196.8995,-134.4289,196.23833,196.48436,-134.45697,196.02411,196.1413,-134.54001,196.43645,201.69852,-154.32663,196.47484,205.26169,-154.31676,196.45583,209.49625,-154.27736,199.46829,203.54332,-42.726524,202.06229,222.85855,-129.59486,212.73624,193.72198,-114.21002,215.08821,200.361,-139.33725,248.83228,199.32124,78.88047,246.8674,226.88924,-180.45294,274.41733,148.17589,158.88968,276.5041,161.4057,-228.88884,273.43643,88.90517,147.84392,274.841,90.35576,-185.28029,271.46487,75.07674,155.72908,273.54248,74.511734,-201.76836,264.95163,76.83255,136.98991,264.91895,76.13956,-183.82617,266.55127,80.65212,138.82083,264.86218,80.34957,-176.48744,380.51324,199.2094,79.39244,391.6258,220.6977,-79.543396,429.02203,114.23055,95.84339,452.44632,130.30199,-84.63177,476.81403,201.14832,183.03728,494.12604,219.26619,14.9668455,466.9252,222.9408,192.78394,488.57193,240.06723,28.065193,507.1554,209.2796,213.4028,540.41455,233.71434,56.31466
frame_192.jpg,triceps,205.82532,193.75627,-32.15217,197.81883,197.76193,-23.81603,197.58096,197.93274,-23.874674,197.26302,198.15442,-23.934946,198.35268,200.68086,-47.93273,198.58827,203.59608,-47.958736,198.8107,207.61212,-47.98681,199.44206,207.65887,35.427444,201.56049,221.74365,-70.83088,214.76723,195.10724,-6.7979193,215.14478,199.00578,-37.516666,250.20276,203.41371,122.22009,247.15462,230.81155,-127.86033,303.41248,190.95882,135.74521,312.97452,215.81808,-165.54613,291.61743,144.354,38.88963,292.3081,148.50706,-118.652466,289.03854,134.86536,26.709965,289.902,134.96269,-126.85373,281.1827,135.23022,17.072765,280.04715,136.56227,-118.54911,280.5472,139.52173,30.704786,280.19678,140.03374,-111.64936,379.3875,197.58772,83.89488,388.2806,220.05283,-83.83391,433.43542,115.66673,90.2967,454.69193,130.54492,-98.393745,476.33148,199.2171,189.85582,493.21262,217.8898,-2.541936,469.62305,216.91603,200.41177,487.14575,235.99854,11.719782,506.73428,208.10434,214.82802,536.83966,221.53615,41.925117
frame_193.jpg,triceps,204.93553,192.79077,-121.91301,197.31628,195.85579,-108.60058,197.07996,195.58745,-108.62458,196.75693,195.38301,-108.70235,197.64282,200.10756,-127.92804,197.71191,203.26534,-127.92935,197.8833,207.23738,-127.907555,199.8583,204.5859,-27.473314,203.00885,221.35666,-112.596245,213.7011,193.23685,-88.87224,215.39703,199.31877,-113.55347,243.63974,201.59018,76.96736,245.89516,229.37271,-165.2446,271.18817,162.12769,168.53104,291.24902,181.86244,-244.0958,268.25635,109.50839,172.4871,276.61945,114.20274,-234.1445,266.4955,96.740395,179.29813,274.3327,97.29865,-251.25975,262.59854,97.60021,162.59737,265.33585,97.34925,-236.25574,262.4121,101.70028,165.11273,265.03375,101.36222,-226.56746,381.4878,198.66609,75.0077,392.85904,219.66081,-75.05878,428.19946,113.70591,94.663765,451.3995,131.2734,-73.67448,472.50717,200.64929,180.10759,492.70392,214.89865,23.957518,466.4804,219.70859,189.41467,488.33014,237.6917,37.11522,507.765,207.88864,209.6752,539.03186,221.74301,63.669632
frame_194.jpg,triceps,220.10925,183.98328,-115.58035,210.03577,183.44865,-103.5072,209.49164,182.9737,-103.54372,208.86919,182.58453,-103.636444,210.14212,187.94142,-122.013016,209.75145,191.02515,-121.9935,209.2869,194.88737,-121.93532,208.81288,192.08556,-26.299835,209.6998,209.34247,-107.75894,227.50398,186.13396,-83.842705,228.61389,192.40863,-107.41667,245.67879,195.16064,81.299446,247.44955,222.99004,-155.44661,276.69812,140.33884,159.79112,284.91748,158.2146,-194.72827,276.27753,79.51371,147.30928,286.54025,86.210236,-146.64433,272.22968,66.273865,150.73132,284.05463,67.821396,-162.35925,269.3465,66.57103,131.92996,276.31125,68.14061,-149.0639,270.5637,70.562,137.96098,276.9853,73.44931,-139.8895,376.42914,197.57384,74.464615,388.53012,218.04993,-74.5294,416.12378,104.91391,82.68932,441.24878,115.99054,-81.04943,479.03375,185.1229,139.0878,503.84772,196.7619,1.9462014,478.7141,207.86676,145.05795,505.88855,222.02774,14.454932,523.78796,187.72388,161.75972,551.2083,194.5739,48.402542
frame_195.jpg,triceps,503.3371,101.50597,-75.07968,504.78937,92.65777,-70.58228,503.7927,92.406555,-70.57338,502.91043,91.963905,-70.49077,506.66846,92.02422,-93.76621,506.9265,91.37244,-93.799324,507.21716,90.73517,-93.89905,493.43402,88.74829,-50.9771,498.90906,88.55421,-158.59691,496.24695,107.62767,-64.88959,498.56143,106.593185,-95.7249,444.76987,117.879395,6.8135476,491.74396,130.16519,-216.78789,434.7834,194.84633,10.578574,483.09207,212.51958,-246.78635,447.21008,258.90256,-39.252327,480.79907,286.02338,-223.51561,448.67133,273.4564,-50.2179,483.97006,299.23053,-261.8755,447.91855,275.12848,-70.05433,490.2541,300.36664,-257.71216,448.31253,271.66367,-50.356094,489.93042,294.81454,-224.17905,463.86243,230.76578,86.81326,490.6981,241.71838,-87.21576,482.37698,173.68835,317.25653,588.1742,188.44649,31.310104,470.9418,239.88602,444.55035,619.4557,265.00665,190.21269,461.74152,250.82074,458.2273,616.24133,280.47284,209.63702,484.77045,256.1026,475.22122,658.9595,274.51797,236.50954
frame_196.jpg,triceps,447.39548,105.61108,-317.49146,452.09784,96.131134,-304.78867,453.94482,95.918335,-304.8117,455.67828,95.767815,-304.86667,443.43887,95.789444,-315.5428,438.99963,95.13308,-315.60217,434.84442,94.432724,-315.65897,453.5487,97.49915,-220.93544,424.6891,93.409615,-267.04114,447.27344,114.71744,-284.42206,437.25113,113.523796,-297.84103,446.6415,129.34589,-120.668,385.46573,134.35866,-261.4611,465.0729,176.32098,-221.96582,367.97034,210.39749,-295.02087,466.73602,160.98112,-395.6742,390.57828,277.13425,-301.83224,470.51532,167.78087,-427.67712,392.53647,294.09482,-326.58322,461.02606,161.653,-420.18524,403.41364,292.55707,-330.49878,458.01697,162.98827,-396.60764,402.77176,287.6785,-301.96063,399.99234,207.52963,52.34494,366.40802,221.24394,-52.631233,472.79816,181.96475,-16.124393,430.29584,251.38213,-162.38481,471.82745,260.58066,59.5764,371.25626,262.32834,47.740433,459.9185,273.03696,67.5531,355.83087,263.38394,71.563446,504.57904,282.2676,54.50827,374.81506,277.82733,82.21216
frame_197.jpg,triceps,366.4774,46.360783,81.701416,366.01678,40.058846,65.49626,366.66193,39.206825,65.490166,367.3056,38.45656,65.47328,364.61462,41.978245,73.16135,364.23752,42.445507,73.17313,363.80542,43.035892,73.10582,369.10736,39.20896,19.319984,366.17133,43.673733,53.523384,370.425,51.442345,69.318115,369.52225,53.008713,79.095085,367.38727,66.44586,1.9283139,407.30118,65.19024,35.97624,370.75165,108.08991,-7.543153,415.7539,106.1719,13.119278,377.90552,147.03429,-4.911544,398.6294,142.23799,-28.753168,382.4083,155.28082,-13.890907,403.66046,151.89026,-35.3847,383.93954,152.982,-16.418415,393.74823,152.60156,-44.43976,383.5176,148.08435,-6.4831457,393.91132,150.52003,-34.034523,376.5708,154.03987,-8.684235,398.99512,151.4659,8.616635,377.2003,225.22336,-7.315381,402.1509,218.547,36.190525,381.81564,289.00577,12.038378,404.89465,281.13608,59.844017,385.84964,299.4081,12.308535,405.47488,296.4713,60.89839,368.42868,296.87375,-20.289957,404.72607,290.65027,24.963482
