down_0.jpg,biceps_down,518.842,410.78802,-88.797615,539.2111,394.7403,-114.54845,544.33954,394.7208,-114.72222,550.115,394.91653,-114.835526,533.6759,394.41257,-66.085594,534.60144,393.98993,-66.06601,535.922,393.47928,-66.19685,575.91425,410.60898,-165.64038,561.1236,407.99982,52.23693,528.02997,427.86688,-102.86483,521.4251,427.9205,-39.76922,603.13055,523.0826,-294.49945,536.80023,528.9057,208.12178,607.6914,659.256,-371.57254,536.1456,681.11316,273.1097,577.9103,776.6657,-365.85785,504.44452,770.9907,204.99776,571.5082,815.06586,-400.29425,516.1873,806.2599,204.23541,561.3936,801.6997,-401.8083,512.6048,802.6755,158.49937,558.42426,794.79425,-364.06863,517.4563,790.34924,180.65675,558.17694,816.5655,-154.54094,518.07666,820.18005,154.68158,549.7058,1017.43097,-169.336,513.53595,1000.31006,156.214,574.8694,1213.9077,-93.68971,554.23254,1195.0322,216.3853,595.1603,1246.9241,-95.82771,574.0571,1232.6188,211.30159,486.598,1252.7417,-266.22125,473.00812,1238.4795,101.39992
down_1.jpg,biceps_down,172.94098,422.4655,-21.219536,187.69197,405.80838,-45.572243,191.24567,406.6917,-45.677307,196.47752,407.23413,-45.757423,184.03616,404.2661,-0.8847089,185.1667,403.92624,-0.7783313,186.47803,403.6116,-0.8233845,221.23021,419.92184,-84.860596,211.3049,417.83627,107.48139,181.25883,440.65802,-29.112295,176.84105,439.8169,26.521254,226.71797,517.6633,-223.15414,240.30185,520.0687,281.12833,229.78148,660.9997,-261.79218,235.61093,660.5085,321.52463,225.08209,777.4347,-150.6723,223.20262,745.73236,239.50427,214.8469,814.22815,-173.77644,218.78354,770.96246,227.81949,208.85928,812.09766,-176.44951,215.0863,769.6829,193.53435,208.9279,806.47217,-145.45587,216.35132,762.3252,220.1078,265.92178,801.84924,-141.2362,295.6641,800.31323,141.05147,195.51007,998.80707,-137.60255,385.9139,989.1188,145.07097,228.88214,1205.9744,-115.83741,504.8017,1185.6528,139.48692,253.357,1253.2008,-117.11671,577.78076,1233.1194,134.29402,138.16052,1240.7574,-217.23975,469.51953,1231.2572,70.50295
down_10.jpg,biceps_down,542.8696,417.04962,-123.81294,560.7933,394.9861,-151.39954,565.8846,395.17865,-151.49579,570.84503,395.6041,-151.64687,555.8377,394.34637,-106.25217,556.83777,393.96817,-106.254105,558.17993,393.76636,-106.44865,594.75006,409.69968,-180.58388,583.6146,407.78458,19.998331,554.8511,437.73975,-127.64328,549.5046,437.37576,-69.65336,626.6689,517.3182,-299.30167,577.6792,524.7834,187.46483,624.00446,626.25006,-407.90567,560.5,642.24115,235.04254,581.94574,664.9415,-405.23083,550.8795,685.48474,116.6596,575.3189,678.5505,-441.47375,550.4007,702.0328,110.591125,554.66046,658.8205,-435.01813,547.40924,691.0459,77.077354,579.08307,661.0088,-400.43,549.2523,685.072,97.31831,603.6909,810.4184,-164.74277,575.12445,809.9331,164.8097,561.0133,1030.6594,-125.04983,551.8209,1003.81885,224.04825,570.1953,1219.5032,-44.748024,569.0887,1188.417,321.51233,592.856,1252.1794,-43.94766,586.1694,1224.5583,322.03607,461.107,1262.9729,-185.7628,470.57263,1226.9187,226.57681
down_100.jpg,biceps_down,371.31253,527.36365,-1091.3666,394.37598,505.8999,-1089.3359,404.204,506.59082,-1089.132,413.3572,506.76926,-1089.3347,366.049,500.75516,-1085.8601,357.97623,497.66028,-1085.974,350.2357,494.0501,-1086.0414,431.1811,501.17395,-879.0784,341.23282,474.58786,-869.19196,385.3814,541.33997,-993.09204,355.29254,535.14294,-991.5998,474.2068,604.79846,-630.5095,268.48843,489.5735,-589.9775,448.0264,803.6829,-632.5169,132.67464,583.321,-548.0253,351.82635,972.8004,-799.4149,79.609055,718.0008,-666.5143,332.64536,1027.7972,-878.1034,60.65878,752.54626,-719.4366,309.89,1012.14105,-923.33685,86.42337,752.9151,-776.24963,312.09805,993.3822,-819.89465,98.70392,746.6625,-688.4448,388.07968,776.17505,3.5139985,262.53296,750.91003,-3.9477568,555.4244,835.3606,-688.9557,71.329895,792.8177,-714.12616,561.0436,1115.501,-352.12537,20.011768,1036.3983,-370.07953,530.398,1141.1805,-331.50128,47.62865,1084.4542,-348.07437,593.777,1217.3086,-609.3503,-43.098465,1132.8037,-645.0863
down_101.jpg,biceps_down,372.91455,527.35504,-1110.4185,396.65137,505.87552,-1112.357,406.9524,506.96683,-1112.1296,416.06555,507.46323,-1112.3445,367.534,500.18335,-1106.402,359.5162,496.86313,-1106.5015,352.85638,487.31064,-1106.567,433.77386,503.38037,-912.1298,341.8767,471.92737,-890.1994,387.74188,541.4362,-1014.99603,357.68973,534.5912,-1010.0951,474.89194,605.6041,-665.1797,268.61618,488.82635,-613.2883,451.06042,809.34094,-683.84924,132.08542,582.47534,-588.3102,326.4976,960.8297,-842.359,79.53046,714.87036,-723.3496,301.785,1008.5428,-924.826,60.86413,747.55457,-782.1127,275.4173,986.822,-961.33685,87.40894,748.77325,-835.98535,280.35358,971.8975,-859.3366,98.55582,742.41565,-745.0003,383.8974,777.41425,2.3714333,262.3221,749.91785,-2.8173797,558.8922,836.8942,-702.5498,70.63718,786.7093,-692.24225,561.31256,1115.1624,-359.88004,18.945236,1031.3834,-350.60004,531.31195,1143.9906,-338.63928,46.880207,1086.8406,-329.27554,601.2956,1218.2548,-614.8911,-48.31223,1131.419,-622.4169
down_102.jpg,biceps_down,364.1594,535.7097,-1101.2189,390.97418,512.02515,-1105.962,400.63443,513.23376,-1105.7107,410.6394,513.8872,-1105.8932,362.00784,496.18423,-1096.6272,352.9084,491.98654,-1096.7228,345.36533,487.57095,-1096.7766,430.22253,504.9243,-924.5671,335.86914,470.2484,-887.0446,382.31198,551.6031,-1013.8078,348.23853,538.4126,-1004.38116,477.12662,604.6904,-688.69476,266.77036,493.16068,-623.4034,449.93237,798.74097,-703.9117,130.32263,584.9047,-641.6438,318.8192,941.3368,-841.63055,78.98352,719.5417,-793.256,298.43985,980.9545,-919.3922,61.077675,751.3864,-856.0388,273.40393,963.48785,-950.7254,90.34969,751.3058,-903.39124,275.3589,949.33075,-856.3142,100.61511,743.75415,-813.9247,382.28735,773.53406,-9.304604,262.69238,740.9858,8.688062,550.0198,838.4018,-691.5763,65.8587,785.9657,-591.5845,556.59393,1111.2598,-327.4364,45.66894,1030.0132,-251.29938,530.96674,1138.2251,-301.6575,52.594513,1066.23,-229.26967,582.5108,1212.6317,-547.51385,-39.813873,1125.833,-485.2371
down_103.jpg,biceps_down,363.5119,537.8445,-1130.5518,390.3174,516.7278,-1134.2916,399.05038,517.7686,-1134.0697,408.667,518.14215,-1134.2781,362.0107,502.28088,-1125.1246,353.21707,497.02194,-1125.2257,345.09967,491.68835,-1125.2897,429.54233,508.36664,-948.86487,338.416,472.82468,-912.2834,380.88132,550.3197,-1041.8427,349.13947,540.53235,-1032.5685,476.84167,606.71936,-714.3192,269.02148,492.14203,-649.6241,450.38818,797.3594,-750.8597,128.25497,583.30115,-715.02106,308.12454,919.3789,-913.9299,77.642075,724.4446,-921.6687,287.5522,959.4412,-1000.11206,62.830147,753.3076,-996.23193,261.7349,941.0973,-1026.986,95.43124,752.9711,-1036.654,265.62888,920.2988,-927.5782,105.87316,746.303,-941.63293,381.3816,767.73083,-7.3397913,266.88367,735.1461,6.8412313,555.12683,840.4459,-646.2858,71.42023,776.4418,-600.95496,555.20026,1091.5419,-260.99542,58.426838,1006.1152,-209.09062,530.96326,1117.3159,-234.18637,78.925934,1041.876,-181.46568,602.34845,1190.9089,-481.75427,-23.779606,1094.3519,-430.8261
down_104.jpg,biceps_down,365.49115,539.5143,-1084.3918,390.4619,519.8722,-1089.738,399.42233,520.87823,-1089.5248,409.24905,521.2377,-1089.7198,360.53192,509.3938,-1080.2045,352.3036,500.23138,-1080.3007,344.3592,494.38553,-1080.3522,430.04837,510.97488,-914.60004,335.69803,475.0934,-876.0389,380.63025,555.3921,-999.0052,350.46375,541.92163,-989.3785,476.59155,602.8921,-686.8829,267.46536,493.06085,-619.43195,456.34537,795.3234,-723.282,128.32109,583.72485,-683.96356,306.3436,901.93823,-861.0972,77.00146,720.9916,-869.95026,273.71503,941.1383,-940.5932,57.35318,754.60547,-938.5673,250.51733,914.5099,-958.61145,88.798584,751.3476,-979.09094,251.84705,897.58575,-869.6599,102.76571,745.01624,-889.63306,378.10196,769.92017,-9.038921,264.4763,740.99414,8.494981,550.2722,834.5175,-678.8719,72.19644,776.958,-602.3507,558.0477,1103.3007,-305.44644,55.740036,1006.80615,-237.27779,524.81494,1129.9167,-277.77032,76.30284,1043.4642,-212.2652,572.50116,1210.2283,-511.04462,-29.82037,1095.045,-456.01596
down_105.jpg,biceps_down,369.82687,533.2886,-1196.3937,396.59546,511.21204,-1196.862,406.42502,512.72675,-1196.664,415.27887,513.54175,-1196.8488,365.0666,500.8763,-1189.4896,354.7449,495.52582,-1189.6553,347.77032,487.13516,-1189.7681,436.2636,504.67148,-990.8856,337.24915,467.72223,-962.9388,384.2048,550.6205,-1100.1982,352.49915,537.66626,-1093.517,476.41116,598.4256,-734.2905,265.1412,490.97794,-684.9015,458.11658,789.7866,-797.2101,125.49168,588.1934,-764.4604,299.86768,869.508,-995.6527,73.88267,726.6749,-996.6802,261.0075,902.3524,-1086.0823,60.38762,754.4081,-1079.0593,242.63065,871.52783,-1100.7495,90.17834,750.4557,-1117.3633,252.74513,857.0477,-1004.71326,99.27508,743.7362,-1016.7105,376.6486,765.90155,-10.242182,263.0598,737.2775,9.812784,541.1016,821.7401,-661.26587,63.776215,790.16736,-639.1354,559.8624,1085.5801,-261.6614,50.84007,1026.4098,-222.94402,532.1794,1112.9003,-234.35793,70.98848,1059.7902,-194.3221,564.90643,1159.2351,-506.1023,-25.355158,1117.6494,-465.77277
down_106.jpg,biceps_down,369.89792,535.3894,-939.42,396.4308,511.3543,-945.09674,406.86734,512.64746,-944.8752,415.99902,513.4415,-944.97424,365.22766,501.12878,-938.26996,355.3709,495.21948,-938.432,347.63126,489.85223,-938.55835,436.34442,505.04944,-780.0451,338.88193,469.0841,-754.2495,383.5746,552.3661,-858.22815,350.27228,539.99426,-852.27246,477.29288,594.6429,-562.0684,268.06268,489.4966,-520.77185,456.51022,786.6592,-577.0525,132.10095,588.3756,-537.4184,298.07678,839.6625,-695.3336,78.15674,721.67786,-694.29254,250.82564,896.7317,-762.079,62.752083,749.90234,-756.9409,231.52138,864.8124,-774.2383,91.91394,752.15607,-793.9544,244.45334,848.5491,-699.88904,101.31523,746.25525,-710.7262,375.94528,763.53503,0.37977543,259.4386,731.34045,-0.8934809,545.99786,831.5388,-536.91534,78.47313,781.39343,-601.5997,558.1775,1093.6584,-244.1451,36.700474,1012.54913,-260.00714,529.1911,1121.216,-224.51778,50.772263,1047.2192,-235.44984,595.0684,1185.3334,-453.88123,-35.151466,1103.5803,-472.2992
down_107.jpg,biceps_down,367.70667,530.55695,-958.17584,392.34006,504.2779,-965.03046,402.5704,506.27466,-964.7844,412.31287,507.6438,-964.884,362.23605,496.4612,-955.88495,353.55936,493.00775,-955.99115,345.73877,489.27545,-956.081,433.63733,500.8902,-804.18085,337.37756,470.3395,-767.10455,383.93454,548.1306,-879.0662,349.85446,535.64886,-869.8806,480.282,598.2268,-589.8442,264.32227,494.14587,-527.01874,464.31717,791.9232,-673.6392,127.07328,590.7372,-566.45197,303.01523,800.9739,-870.59894,74.293304,726.7524,-743.0783,254.02197,809.85114,-948.3775,58.35948,755.7807,-805.38513,243.75858,770.99426,-945.3424,87.219666,753.8722,-839.748,257.92554,764.9745,-870.623,97.634384,746.5582,-758.3879,385.45847,769.3299,-8.142445,265.42136,738.8622,7.5737743,546.9372,836.02515,-622.9071,84.42645,774.44183,-616.56146,551.95044,1104.0383,-375.11096,49.392685,1027.3519,-337.26825,529.2757,1134.5762,-360.822,65.649704,1065.4165,-320.51358,590.36646,1192.2997,-618.63446,-27.782406,1116.5607,-570.39966
down_108.jpg,biceps_down,369.23505,533.2329,-1031.1805,390.73322,512.2059,-1043.3778,400.9345,512.4297,-1043.0955,410.78305,512.37695,-1043.2528,361.49066,507.2835,-1030.8392,352.25168,503.28888,-1031.0024,344.23026,498.65692,-1031.1343,432.7562,507.05872,-882.36035,336.06345,476.57028,-830.4409,383.3972,549.07623,-948.8388,353.56393,541.80383,-935.6169,481.1626,600.7479,-658.211,268.3892,487.81287,-570.29846,454.4557,790.9563,-737.59106,131.94173,581.79285,-582.151,281.83246,782.32086,-951.08026,78.550766,716.77606,-768.25195,230.44429,787.4498,-1034.6917,60.52055,752.02136,-833.8611,227.1953,747.3895,-1027.3329,87.4292,748.82904,-868.34863,241.66531,744.08374,-949.699,99.127815,741.15796,-783.9774,392.3092,781.832,-10.659728,272.4843,748.49207,10.05753,552.0814,835.8911,-657.513,67.087326,790.45984,-656.71515,562.0873,1110.5566,-277.78906,44.660797,1036.4111,-249.35156,532.47125,1139.0863,-250.72118,54.39934,1074.6545,-220.86942,603.13086,1203.6572,-500.74945,-43.738373,1119.2748,-466.15866
down_109.jpg,biceps_down,365.54578,536.80493,-1068.8075,388.91177,517.9665,-1080.1958,399.46228,518.7775,-1079.9556,410.1522,519.4374,-1080.112,358.85678,505.06454,-1066.9047,350.1545,500.5686,-1067.0317,342.9022,495.74182,-1067.1178,431.57,509.48636,-923.1773,334.43124,475.96588,-867.2255,382.42056,553.7777,-989.7676,348.83722,544.37964,-975.1433,483.21948,597.6685,-695.02783,265.69922,492.88312,-612.0325,460.80295,787.46387,-770.6087,126.537994,581.25635,-644.58844,295.77692,767.9209,-958.3589,74.65862,719.8058,-818.11316,252.99664,766.73,-1036.3375,56.415073,750.56116,-884.662,249.65756,725.9553,-1025.4769,85.380615,750.2876,-913.9979,262.99814,723.4031,-955.0834,97.86383,742.29034,-833.0056,397.17795,768.4867,-12.01154,274.15652,733.40826,11.539122,543.0079,839.12695,-640.1538,73.344666,787.37964,-558.9074,554.1473,1103.7555,-300.07446,46.881645,1017.50256,-208.6567,533.64185,1132.4946,-275.17993,63.422077,1052.6217,-185.69118,593.6165,1196.2014,-519.13196,-32.299526,1096.6832,-422.64194
down_11.jpg,biceps_down,539.27094,421.02353,-88.59977,554.7355,401.81348,-119.40965,559.77997,401.82635,-119.53079,565.07697,401.94138,-119.685844,548.7794,401.10907,-70.55144,549.5096,400.5963,-70.56118,550.57794,400.1219,-70.64007,594.2172,412.56345,-168.63933,580.93945,410.96185,47.996815,552.36597,441.9339,-99.445335,545.9443,440.4581,-36.707024,630.31476,520.6638,-276.63464,578.26935,525.4639,207.076,612.06274,641.8753,-378.50943,546.4451,650.5771,257.23856,561.6162,651.6603,-379.2956,538.28864,671.46704,133.7863,534.8489,644.0419,-414.6393,539.7013,680.1931,125.58277,534.21594,624.6363,-404.5621,536.6863,666.5323,97.27839,551.87085,632.41003,-372.15204,537.15326,663.82043,116.182236,591.97485,809.1108,-158.972,569.5873,801.72974,158.90343,563.0069,1029.3647,-101.7091,551.78265,998.77014,221.8249,578.80505,1226.3691,-26.585426,575.7999,1193.4702,308.8041,598.0816,1261.4078,-25.08996,589.49536,1230.6951,312.1181,464.19748,1259.073,-162.87651,475.12915,1222.219,234.84528
down_110.jpg,biceps_down,368.21902,542.42456,-955.0738,392.0799,522.98224,-971.62897,402.96872,522.4633,-971.3947,414.1248,522.12823,-971.53534,359.7155,514.4732,-957.668,350.68442,510.29343,-957.79724,343.53064,505.55328,-957.9148,435.9557,510.24725,-841.92566,335.02283,481.43127,-781.2469,384.5597,559.2175,-885.43945,352.25153,548.7954,-869.61096,488.4566,596.8347,-624.8953,265.6041,494.04224,-540.22296,458.34033,792.2604,-656.13727,125.44024,587.6002,-528.5558,297.36755,743.7108,-798.5436,75.5139,724.0293,-655.6072,255.59064,748.32104,-862.6336,57.958332,752.8894,-709.5638,254.89185,709.13763,-845.4244,85.540985,750.82996,-731.4257,266.75906,707.67676,-791.1708,97.20186,743.4342,-665.4147,399.1598,768.3225,-14.062177,267.06332,736.14575,13.547995,542.3819,843.22864,-532.37994,62.463585,799.77234,-460.16718,556.79315,1104.2463,-240.981,36.02288,1025.1344,-152.5379,533.09375,1132.3153,-218.40996,52.895607,1060.9094,-131.18561,578.0351,1196.5664,-431.16394,-44.518402,1096.9347,-340.55215
down_111.jpg,biceps_down,360.65582,538.91846,-851.3205,388.15408,517.79047,-865.4358,399.97406,517.8338,-865.2523,408.2582,517.3827,-865.41693,355.4808,511.2589,-851.6078,347.47202,505.74768,-851.6896,340.98608,494.59473,-851.8135,433.2018,505.5057,-739.2949,334.3957,474.29855,-680.6873,380.9359,551.9058,-784.3573,344.21204,543.37854,-768.9937,483.183,586.23175,-532.0134,265.6028,490.47897,-459.8333,453.43936,776.9107,-579.3335,130.40726,576.5499,-488.11633,314.6995,731.72705,-739.8632,78.48034,722.1335,-660.22253,284.11255,738.87305,-802.0565,62.17028,748.0228,-716.5559,283.31448,701.04944,-787.1311,92.254364,750.2674,-735.6665,293.5706,700.09216,-733.735,107.80897,743.6708,-670.3653,393.33054,743.6127,-4.1941442,266.28915,718.2219,3.739129,539.4441,842.16113,-515.52704,88.90023,781.53625,-467.11884,555.99646,1089.0643,-246.40688,54.51551,983.73645,-178.00235,532.528,1125.4567,-225.5133,65.83609,1017.67053,-157.00829,584.315,1172.121,-433.5806,-13.6541605,1044.974,-351.86926
down_112.jpg,biceps_down,353.1538,540.16125,-850.1567,381.91626,524.05023,-871.0728,390.3359,524.2363,-870.89825,401.82397,524.5454,-871.055,350.37985,516.8069,-853.6436,343.49518,505.44263,-853.73236,338.3109,500.8636,-853.8631,428.76492,512.3139,-768.4957,334.12448,475.32867,-692.7621,368.5967,556.5146,-790.8002,340.0046,543.21094,-770.4961,482.7596,585.108,-564.21466,265.94107,491.23163,-469.06213,451.17957,773.97516,-594.0369,128.34613,582.5955,-493.50607,320.30917,720.9989,-727.8094,76.68069,719.90625,-679.62756,290.78775,735.67926,-784.55396,61.02875,745.65186,-733.26917,289.1262,699.11676,-765.848,88.47874,749.03186,-747.73474,298.46957,697.84924,-718.4925,102.68142,742.1315,-687.84015,394.80893,743.14636,-11.420051,265.9277,716.416,10.877003,533.42206,843.529,-481.51648,73.354965,788.6114,-364.59332,559.11847,1090.6772,-222.07289,49.855915,986.49567,-97.2023,536.6297,1124.3671,-200.08865,62.619495,1020.3326,-76.99773,599.3106,1176.9031,-386.14792,-18.674076,1039.9895,-251.61592
down_113.jpg,biceps_down,349.68417,543.83984,-1084.6937,379.33026,523.4784,-1103.3866,391.04544,524.71014,-1103.1547,398.75934,525.2395,-1103.3438,350.40753,514.6748,-1083.791,344.91943,503.56918,-1083.8639,338.34607,498.4256,-1083.9617,428.0679,514.4877,-976.5618,336.75693,478.8647,-891.48785,365.00797,555.97144,-1016.42596,337.3331,547.86304,-993.4632,484.56573,593.86035,-736.47144,260.523,494.58612,-625.59393,447.9224,775.3865,-838.694,123.34093,586.5955,-714.28546,327.7447,702.1334,-1040.0931,75.5575,721.98303,-962.6444,304.289,696.4375,-1109.5306,59.731033,745.30725,-1026.0553,310.89972,658.3141,-1086.9946,86.31789,746.7881,-1034.8557,318.17438,661.93854,-1031.3107,99.92203,742.6681,-970.044,399.98846,751.55145,-12.961965,270.80774,719.22577,12.417772,542.61945,842.86993,-644.92584,83.2675,785.7528,-531.7234,556.20605,1090.7269,-303.71014,52.163857,991.4495,-179.60931,531.1709,1132.7896,-280.91595,65.35204,1030.5665,-157.90376,586.12067,1179.4161,-518.15674,-30.802488,1049.8232,-381.41608
down_114.jpg,biceps_down,356.39154,539.2575,-1317.852,389.1295,515.2687,-1335.5044,397.19788,515.74164,-1335.2465,409.0438,516.98083,-1335.503,351.80798,514.90137,-1312.6058,346.07123,502.71338,-1312.7542,338.19226,498.65018,-1312.8481,434.33182,510.43826,-1167.6449,336.22427,483.41556,-1071.1001,373.92294,558.0363,-1232.5161,339.89355,547.4636,-1206.1836,491.52643,595.6061,-882.56824,265.5521,495.44052,-753.34644,455.11276,781.3952,-1036.8293,124.64238,581.1332,-876.2302,320.4461,701.612,-1331.1632,74.21492,722.14954,-1182.3679,298.58063,697.51587,-1421.5587,54.737835,753.05396,-1259.1149,307.37625,655.4833,-1393.5865,80.24348,751.2565,-1269.2632,315.0057,659.04755,-1322.0698,96.02201,744.01196,-1192.2395,410.00552,764.79425,-21.665901,277.70074,734.8125,21.240082,543.37537,841.93304,-769.82874,67.73005,789.2318,-624.7411,559.0395,1103.2928,-329.21027,31.668692,1017.8032,-209.34174,532.2843,1137.0022,-299.05655,45.57384,1070.7596,-183.27301,598.0345,1189.395,-576.25867,-68.47353,1082.1294,-454.12402
down_115.jpg,biceps_down,354.0112,532.5591,-1373.5286,385.60446,511.4057,-1386.1917,396.96512,512.65674,-1385.9536,405.9665,513.68286,-1386.2509,351.12192,502.58966,-1363.9915,342.85535,498.15363,-1364.1394,335.98535,493.54822,-1364.2139,433.80396,507.6801,-1190.9092,335.45578,476.47522,-1097.5916,371.46115,554.6564,-1278.519,336.66208,543.36743,-1253.0503,490.97974,599.46857,-891.7619,263.62793,494.2783,-764.19824,448.84476,793.5804,-1071.6477,129.83647,580.38153,-888.92914,336.701,699.5114,-1405.4572,76.36601,709.85834,-1251.3698,313.34396,681.45294,-1502.8928,55.86288,746.1823,-1337.1526,327.11465,639.2936,-1479.1156,82.944954,744.9039,-1353.8721,322.97272,649.51514,-1398.9524,97.17637,736.33453,-1264.8047,411.82825,764.61145,-15.271114,271.8633,738.30273,14.959216,547.19714,841.2682,-791.3699,69.82741,793.9399,-697.06396,559.46906,1105.4241,-374.53156,17.454742,1038.1603,-282.96973,530.83344,1138.5834,-348.16116,37.585064,1086.9265,-258.20667,605.65704,1190.1781,-641.24066,-75.32152,1095.7456,-548.14545
down_116.jpg,biceps_down,357.90854,533.03033,-1355.0983,387.5933,513.4173,-1366.1625,398.53827,514.87115,-1365.8938,408.69687,516.07605,-1366.1268,355.70523,504.25427,-1346.1222,347.67297,500.47528,-1346.2722,339.61404,496.2832,-1346.4016,431.91992,508.10638,-1168.8922,335.33984,479.93698,-1085.0007,379.32462,554.3557,-1259.6771,343.6721,544.65295,-1236.9725,490.09457,597.7941,-863.7654,265.47098,494.9931,-753.22144,452.15564,797.3379,-992.2856,127.85936,582.2934,-835.2626,336.57263,691.7028,-1282.4467,76.89977,720.0904,-1121.787,318.2319,680.42755,-1371.4877,59.115265,752.02625,-1200.694,329.57016,640.8332,-1350.279,86.12006,750.38,-1218.5829,334.7352,645.9612,-1275.7314,98.79865,742.3816,-1133.4417,409.80438,765.79645,-13.9116125,273.62714,738.19006,13.478311,546.5647,841.4934,-804.20386,64.8197,801.30676,-721.59955,562.21454,1104.3877,-384.27536,32.693424,1036.3431,-289.09888,534.6224,1134.6461,-356.6775,50.468704,1088.6864,-261.87186,610.0255,1193.5969,-647.02875,-63.77231,1104.6726,-545.43146
down_117.jpg,biceps_down,359.71448,553.8517,-1228.8865,389.4462,538.186,-1248.5887,401.4682,539.2211,-1248.3562,412.1353,539.6722,-1248.5718,358.7427,528.0987,-1228.49,351.6777,523.41833,-1228.6249,342.68637,517.44977,-1228.7179,434.6613,527.55994,-1093.1273,336.19327,490.17358,-1007.5583,381.14066,572.03674,-1147.4016,349.18256,559.8258,-1124.193,490.35187,599.20776,-819.7253,262.18347,495.94586,-706.2396,451.0566,786.6253,-939.56604,128.37682,581.2841,-770.3884,327.46304,688.7374,-1201.3337,77.721985,719.3942,-1007.56866,312.01746,681.9392,-1288.2755,57.231045,746.0758,-1077.7954,319.71295,642.3508,-1260.8442,83.48745,748.59106,-1090.998,325.2179,646.7764,-1192.4929,98.81809,743.1286,-1016.4646,408.19113,757.1443,-23.630798,277.87103,727.4967,23.277191,543.2178,843.107,-683.69147,70.09831,789.1511,-560.4522,560.8517,1093.0272,-299.41025,35.205196,1007.2598,-164.78828,533.7695,1129.088,-272.43436,49.331295,1048.4288,-137.94485,605.25305,1184.9266,-525.04047,-56.7034,1067.444,-381.60062
down_118.jpg,biceps_down,353.8368,543.5967,-1260.1556,382.5545,528.1194,-1279.9631,394.83954,529.4965,-1279.7117,403.42853,530.2136,-1279.9539,351.60742,518.0626,-1257.4878,344.21014,512.6742,-1257.6218,336.94968,506.53815,-1257.7156,430.39658,521.1907,-1121.5515,334.46426,480.96918,-1026.5012,370.5008,563.8357,-1177.9219,337.63498,550.4131,-1152.0803,490.12405,595.53094,-845.62225,264.2288,496.2485,-721.2856,453.66846,789.6079,-986.03815,123.80472,580.8709,-813.17584,343.5676,704.8021,-1257.7512,76.15313,715.1651,-1094.8887,305.66037,690.6174,-1345.806,55.104267,749.3899,-1171.7377,315.5202,648.47687,-1322.4354,82.981476,747.6432,-1186.5354,322.80075,652.8779,-1250.4762,98.51393,739.2632,-1105.9219,407.59485,757.0176,-20.649395,270.9122,730.8817,20.278502,542.792,836.8015,-740.4416,73.612305,790.0888,-633.8009,562.199,1095.716,-317.89526,37.84951,1027.2334,-211.25958,534.8303,1124.7952,-288.71237,55.521896,1069.8143,-184.56673,602.5485,1180.6947,-549.0285,-61.56528,1096.9347,-444.8578
down_119.jpg,biceps_down,357.0211,548.01056,-1169.8662,383.4931,529.3546,-1191.2834,395.65314,530.4485,-1191.0334,405.03033,530.7463,-1191.2327,352.63116,519.92163,-1168.3553,345.47873,514.6413,-1168.5112,339.1213,506.19604,-1168.6357,431.43552,516.55206,-1048.8435,335.8213,487.8589,-950.8026,373.36716,563.7423,-1093.5415,345.0394,553.27454,-1066.9304,490.59036,594.64996,-783.01,265.36646,493.45038,-654.64764,451.67618,791.4112,-859.77,128.8503,577.987,-704.53906,339.94125,712.47253,-1062.3611,77.78397,716.32355,-953.402,301.60626,700.007,-1137.6707,59.108032,749.9738,-1023.2103,310.58997,659.9945,-1118.1688,88.40439,746.7468,-1041.8752,311.00592,664.2669,-1054.6978,101.925255,739.22107,-965.7356,410.84833,762.5147,-23.058758,272.80215,741.35565,22.679157,546.32733,846.66626,-671.1317,72.71488,793.5577,-564.21344,561.0612,1103.7019,-268.6739,24.08173,1031.3035,-164.78677,533.71643,1133.6708,-239.44173,44.49718,1082.4033,-139.26979,601.29364,1194.0273,-485.63626,-66.56944,1097.3533,-386.37955
down_12.jpg,biceps_down,540.5554,417.5458,-185.65166,559.4087,397.83533,-199.93304,565.1089,398.05392,-200.08574,570.9402,398.4926,-200.26596,552.8016,397.25574,-160.88298,553.12067,396.9375,-160.88724,552.6167,396.68762,-161.17207,596.60046,411.50986,-174.07556,576.81714,408.68686,2.003219,553.3249,437.72925,-169.18571,545.4548,436.56522,-118.3002,629.2229,522.10986,-258.41135,565.1604,521.8111,196.10275,636.6618,632.2317,-476.79333,548.157,647.05054,321.25516,589.757,659.84827,-699.566,548.81024,676.98676,248.26038,573.1364,658.3295,-762.848,552.5236,692.18567,248.48662,569.87775,637.7467,-757.87006,544.87213,677.6898,209.2424,584.38196,641.6519,-701.6491,545.6895,672.181,229.35454,604.5073,804.5055,-163.76808,569.0532,796.3236,164.00412,548.9446,1018.1465,-179.67535,549.738,998.9485,178.0116,551.6848,1214.7703,-113.730576,580.4911,1200.8022,247.0589,562.11346,1247.0238,-114.97716,594.42676,1238.3601,244.48679,450.0927,1251.1067,-268.02945,482.42612,1231.2439,120.16444
down_120.jpg,biceps_down,352.52533,551.35895,-1192.0568,381.28485,534.7438,-1214.9563,390.1523,535.8143,-1214.6978,401.70312,536.24115,-1214.9229,353.276,522.9834,-1191.4082,346.68756,517.5779,-1191.5636,339.68314,511.8953,-1191.6726,427.49722,524.0463,-1073.4303,334.3695,486.91595,-972.6122,368.18622,567.41077,-1115.6857,338.8348,555.7129,-1088.2345,487.11902,598.49097,-801.30396,257.5317,496.637,-676.4882,449.56226,795.8514,-907.6454,128.5675,581.101,-735.3331,330.20874,705.6055,-1154.232,80.22056,716.2696,-997.22546,311.6968,693.53687,-1237.3253,62.339817,749.1874,-1068.6888,319.84024,654.17755,-1216.8542,90.54213,746.07117,-1084.9778,326.24094,657.6931,-1147.8882,104.07282,738.6537,-1008.4802,404.38913,758.9486,-21.110323,264.36838,732.6355,20.714314,544.7426,835.30054,-691.4185,65.16718,793.0537,-569.6859,560.54987,1101.074,-282.5342,27.899931,1028.3356,-165.45084,534.6062,1132.5143,-252.78807,45.52468,1070.4606,-138.79741,604.15576,1184.6691,-497.5132,-70.53592,1090.0514,-383.61533
down_121.jpg,biceps_down,359.5256,539.6206,-887.0031,385.37357,520.70074,-904.07654,397.29077,521.9101,-903.91266,404.38742,522.63293,-904.1019,353.84558,508.105,-887.70123,346.42435,504.56848,-887.8045,339.01123,500.4622,-887.9683,434.02914,508.71576,-779.72034,335.10638,482.53906,-707.09155,377.6541,551.7395,-819.73413,343.51727,544.8445,-800.3739,488.39764,594.8092,-556.6874,262.9656,494.38644,-465.8761,456.12308,788.42126,-653.8511,124.477974,589.76575,-498.41632,333.99417,718.8038,-898.163,73.55851,723.9883,-709.10986,302.21066,722.61035,-974.6772,57.443325,750.27893,-770.10986,306.16937,684.6811,-953.3969,86.49452,747.09094,-789.707,313.32217,687.0871,-892.0019,99.24869,740.9958,-720.004,394.57883,769.4605,-17.388523,265.77542,734.0607,17.144384,543.7248,841.25494,-575.614,92.985344,790.4825,-464.4235,557.7969,1086.8737,-233.98015,41.749226,1003.39307,-133.96304,536.29614,1113.2168,-205.65887,56.375076,1040.6741,-109.34391,586.9254,1175.0878,-417.3799,-36.687405,1068.8452,-314.73993
down_122.jpg,biceps_down,366.7233,536.1634,-1009.67267,391.30905,517.0493,-1020.0964,404.13,517.9043,-1019.93134,411.69135,518.0614,-1020.1135,359.14664,514.1312,-1006.6925,351.7123,498.4335,-1006.7678,343.47745,493.75427,-1006.8826,436.6004,507.15326,-871.1239,335.13782,475.0273,-813.74133,382.36172,553.0281,-934.4816,348.53598,545.8872,-919.34375,484.40778,590.31036,-638.5384,263.53958,490.94815,-552.723,455.12933,779.52454,-718.9743,121.765205,588.79114,-605.696,336.48602,726.88477,-939.09125,73.00211,724.9877,-832.886,312.45132,734.8837,-1015.14923,55.478405,752.3849,-898.4289,313.03442,697.84576,-1003.7583,83.76661,752.31903,-919.424,320.01434,698.1986,-935.9848,98.8953,745.34045,-844.7876,395.7227,757.0641,-8.663678,262.11884,727.944,8.299055,543.899,844.5838,-615.76556,79.47169,786.437,-542.2068,555.15546,1095.0785,-285.04153,38.146355,998.75195,-193.74927,529.9802,1131.6748,-261.36343,50.774666,1037.5087,-170.49512,585.4635,1174.7783,-489.17188,-44.99955,1055.4198,-390.56027
down_123.jpg,biceps_down,372.36884,542.443,-888.29865,397.44574,524.7359,-903.25507,409.18185,524.3086,-903.073,418.4791,523.7133,-903.22064,364.563,519.87036,-893.8019,355.36096,511.35193,-893.86414,347.7657,506.19217,-893.98456,438.53745,510.21194,-775.5564,335.75122,480.83954,-735.4707,387.4726,557.74426,-819.7352,355.52426,547.2555,-809.7178,485.51422,585.60657,-563.28345,263.70496,489.1342,-508.58585,461.77133,768.68054,-610.5902,126.9108,584.4021,-551.351,323.6714,733.7433,-778.0291,75.138824,723.9176,-733.74786,289.9617,742.4002,-838.65784,57.006878,752.9159,-791.6364,287.67776,705.9021,-821.8297,84.39545,754.946,-811.78973,296.94037,704.4891,-771.3765,101.09432,748.42615,-744.5213,396.519,747.7954,-1.4647074,264.69696,722.63904,1.0044,539.21497,834.12445,-526.25793,81.90576,783.5163,-456.42563,557.7255,1092.9283,-279.76944,40.951065,988.2677,-192.03525,533.8928,1125.3921,-261.72705,51.494873,1024.3936,-174.47871,586.6873,1167.0964,-466.6128,-35.606667,1044.7197,-369.08316
down_124.jpg,biceps_down,360.3089,539.6035,-1211.5005,385.23578,524.2484,-1227.0688,397.23477,524.758,-1226.8195,406.64023,524.6254,-1227.0504,353.7103,516.2341,-1209.0652,346.92545,508.59894,-1209.1908,340.17343,503.24622,-1209.265,430.8746,511.35468,-1064.7886,334.08957,483.4357,-989.0658,376.88333,556.9132,-1128.4357,347.01028,547.1555,-1108.1603,483.8347,586.39417,-793.32544,261.65894,493.04565,-696.31116,458.4305,784.72644,-873.1464,127.67656,581.08344,-772.66205,326.34436,740.542,-1087.554,77.711945,715.067,-1030.7959,285.00333,741.00305,-1168.6332,58.691025,750.2163,-1107.3945,286.46744,699.7015,-1156.1674,85.002205,749.88525,-1129.4668,296.9797,698.99585,-1083.721,101.16756,742.4768,-1044.8505,394.35785,752.76,-11.38007,262.6874,722.60736,10.951693,540.4907,827.88354,-692.7691,66.18752,785.8696,-599.9941,557.26276,1090.4114,-302.1331,34.867214,1020.32074,-213.90839,531.27716,1120.1532,-275.1896,53.199406,1061.8118,-190.55876,594.1982,1177.1771,-529.7742,-62.329258,1088.5345,-445.5892
down_125.jpg,biceps_down,377.84293,532.92017,-928.2596,400.55008,512.7653,-939.7796,412.26968,513.7257,-939.5556,421.73325,514.15576,-939.6896,368.0519,506.5439,-929.35785,361.2289,494.54807,-929.4617,351.9137,491.0016,-929.5825,440.97147,502.73126,-802.54553,338.85544,469.7441,-757.5694,394.04062,549.5602,-857.5518,358.5362,543.1854,-846.0897,487.06927,592.9284,-594.67554,267.63345,492.63605,-526.0298,464.01373,782.42316,-659.27576,128.64215,589.8019,-542.3934,307.0833,757.8712,-829.70526,75.973076,723.2395,-685.84546,265.34796,762.4035,-896.2715,57.034622,751.2208,-739.6833,261.51273,724.62036,-879.73486,82.53518,749.3,-763.62646,273.1744,722.3453,-823.55676,95.38575,742.37036,-696.5074,397.508,764.1327,-7.7820206,271.3538,730.68146,7.238176,540.77704,838.07404,-572.3985,76.71405,788.6211,-518.4973,555.97534,1100.9607,-299.7584,40.670036,1017.55505,-232.73174,531.5796,1129.3792,-280.09525,55.745464,1053.7527,-214.10208,592.2582,1195.3734,-500.1773,-36.276127,1094.6213,-434.08765
down_126.jpg,biceps_down,375.91345,541.18384,-871.13116,398.38614,519.1668,-885.8653,409.39728,519.616,-885.60266,419.21014,519.30615,-885.69775,365.58594,512.8405,-876.3286,356.69083,508.37677,-876.48035,348.56723,502.8984,-876.6298,437.39658,503.65387,-751.0104,338.77292,477.43585,-711.5064,392.69733,553.2699,-798.99493,359.63367,545.9154,-789.269,484.31836,595.60547,-549.5884,268.08353,491.91455,-478.64188,464.3041,787.444,-595.95825,133.17358,583.8961,-468.11057,293.54245,776.22107,-766.7923,79.593155,716.05536,-608.40466,243.24025,780.57196,-833.7454,60.49171,751.91254,-658.34204,238.38255,743.56696,-819.07135,85.95465,751.1028,-688.75287,251.23993,739.80835,-760.51624,97.80772,743.1394,-620.66327,397.7501,773.7123,-8.137168,272.1509,740.892,7.6455536,545.0934,844.98596,-577.66846,73.88074,787.80835,-561.75995,556.21674,1111.9802,-295.07483,27.18996,1022.87714,-246.76486,530.23224,1140.0723,-274.4578,50.337273,1064.1002,-223.99818,574.19086,1213.9789,-502.38303,-43.50251,1106.198,-444.67035
down_127.jpg,biceps_down,377.94873,541.68115,-1042.7509,400.50705,519.10455,-1053.8396,411.67728,519.3363,-1053.571,421.72736,518.9356,-1053.6688,369.68488,513.6181,-1045.2587,360.37082,509.62344,-1045.4475,352.3941,504.85623,-1045.579,440.12427,503.95462,-883.75476,340.66653,478.20358,-849.7919,394.3506,552.93,-956.74243,361.53775,546.5539,-948.4826,484.89322,598.4787,-650.4929,270.1453,492.04688,-582.1962,461.01678,793.61426,-724.9217,131.3731,582.9896,-576.24243,280.60648,795.1602,-935.0306,80.2712,715.046,-722.9883,229.5786,801.6389,-1018.402,57.03578,753.71954,-782.7431,222.35812,763.2451,-1011.78595,84.51819,751.9422,-822.28906,236.62048,757.7715,-934.08514,98.50209,743.167,-740.0218,392.1837,782.14404,-7.40701,269.59192,749.2667,7.064861,547.7295,844.87866,-651.87366,71.637856,785.5059,-666.0555,563.9242,1117.3988,-351.64285,26.855993,1035.8809,-315.24738,534.039,1145.7595,-332.6847,52.463577,1076.2253,-292.71246,612.7439,1211.675,-591.6684,-56.006886,1116.9443,-549.6876
down_128.jpg,biceps_down,375.29712,540.13055,-904.7336,400.10916,510.5516,-917.09595,411.71573,511.9709,-916.8122,421.93298,512.8681,-916.9331,368.15643,503.20312,-908.1088,358.1107,498.39447,-908.2222,349.1811,492.8106,-908.3163,439.1204,507.1683,-775.62195,337.6062,471.23254,-738.92053,392.70682,556.5107,-831.12866,357.9372,548.64136,-822.2858,483.58023,602.0238,-570.75366,271.62964,492.9135,-510.55887,465.8235,796.84045,-635.483,135.02556,583.2906,-532.8617,285.28857,812.7554,-788.2808,77.92021,717.201,-674.237,234.68297,821.1926,-853.9192,63.592903,755.16205,-723.53827,220.04675,786.4928,-846.7924,89.301765,752.8772,-755.626,239.55995,776.12335,-784.786,101.292015,744.3989,-687.4223,384.35303,775.3445,-4.1179934,267.26425,740.39844,3.503365,543.5991,835.58374,-593.82886,76.453125,778.46136,-565.9281,560.92725,1115.1199,-329.78964,24.31298,1029.7401,-287.28894,533.955,1139.2659,-312.38434,48.344673,1074.4419,-270.2393,578.91235,1215.8253,-544.2358,-55.05532,1118.4735,-502.64734
down_129.jpg,biceps_down,364.03168,540.3883,-1070.172,394.39178,513.5453,-1078.6555,405.77002,514.6971,-1078.4391,415.09454,515.055,-1078.602,360.78415,502.91492,-1070.5986,352.13715,490.55243,-1070.7644,343.7692,485.6267,-1070.8912,435.64447,505.0135,-909.66705,332.5724,467.7079,-877.59796,383.09943,552.4235,-986.0255,348.10828,541.2656,-978.43286,479.47815,596.81885,-679.4173,262.6483,490.96768,-616.8552,450.61157,795.55347,-727.76733,125.66626,587.8817,-641.5346,278.77753,836.69366,-883.3468,69.5724,723.405,-807.1487,234.2358,875.1651,-959.94824,52.94395,755.914,-869.5226,216.2889,834.60474,-964.2958,79.58507,753.8056,-905.20776,231.77165,826.18353,-885.50116,90.69021,746.267,-823.0522,380.14862,769.22845,-6.3782234,261.30698,736.25806,5.9071517,546.7084,841.17584,-644.73706,65.09676,786.1569,-603.319,555.37604,1105.8629,-306.34595,41.538578,1026.3231,-258.9817,531.2851,1133.7991,-283.43958,60.164158,1062.4147,-236.77252,576.2692,1212.7734,-535.17596,-40.943985,1119.0846,-489.8168
down_13.jpg,biceps_down,206.70903,423.17227,-11.071276,221.7563,404.70013,-40.91899,225.39198,404.58878,-40.96456,228.71147,404.5852,-41.06125,210.66106,405.79312,5.0900702,216.28949,405.22357,5.088666,216.10657,405.18314,5.021415,251.43997,415.18103,-99.60408,230.25198,414.74792,103.25812,218.36026,440.98596,-26.362307,213.61192,441.33023,32.00853,265.22256,517.6807,-218.02362,222.68306,520.15314,256.27158,137.06073,614.3959,-117.59148,127.24543,609.6904,269.0851,165.13303,529.01746,208.7637,148.7687,531.44476,158.50131,175.19783,510.73114,221.14067,157.61592,515.11786,142.5238,190.0986,507.17432,185.8516,170.52457,504.29837,146.34042,189.50493,516.97424,206.63092,170.29956,509.46454,153.16354,253.47476,797.155,-150.44682,234.12941,794.67004,150.45139,245.88365,1020.52454,-152.57768,213.85674,998.56165,148.25879,319.6469,1234.7075,-160.29984,238.54294,1186.0369,175.67657,309.1504,1257.9713,-168.35928,268.95837,1226.5171,173.77881,239.8345,1281.7048,-312.0681,210.17702,1239.3022,113.69812
down_130.jpg,biceps_down,339.2655,531.9579,-1801.2935,370.11905,505.85483,-1793.4182,383.03836,504.90125,-1793.3402,397.1225,497.28806,-1793.783,338.68228,496.1835,-1785.9556,322.5753,479.73438,-1786.1053,313.58475,472.30316,-1786.2725,418.6418,493.17987,-1493.9592,304.84454,448.71274,-1470.1758,358.80258,544.89636,-1666.0281,320.58887,533.65436,-1660.3611,478.09402,577.7133,-1155.8258,226.26973,461.45502,-1079.9149,449.92838,808.6571,-1263.0779,71.81971,559.8633,-1234.6958,274.6205,894.7317,-1529.9451,2.6678967,728.5279,-1596.6624,244.12274,956.1968,-1658.4458,-14.693184,760.9437,-1715.7512,216.8551,919.02454,-1666.1633,10.688796,769.9142,-1756.9468,225.55762,899.1523,-1537.7399,26.360085,761.0388,-1624.0917,369.9331,751.87445,-4.9877844,235.5749,728.7418,4.530947,557.0658,865.38885,-811.1083,15.057171,779.00543,-870.6961,566.5137,1136.6268,-231.56223,36.402275,950.0857,-99.102974,538.0283,1170.0682,-190.12164,60.163086,973.86536,-35.417786,612.4302,1236.6013,-528.0653,-20.079575,1021.60065,-312.2638
down_131.jpg,biceps_down,316.35733,494.6794,-1288.4021,351.6942,462.1902,-1301.5253,368.16907,461.20923,-1301.5557,383.00897,460.22955,-1301.992,306.09766,451.5771,-1295.0824,293.55368,442.54205,-1295.1825,282.34137,432.41867,-1295.3514,412.6095,436.4187,-1096.4418,269.37036,393.1209,-1072.8081,340.37714,511.0228,-1183.9214,293.40817,500.971,-1178.9269,477.7992,558.5311,-864.6384,187.9149,411.85223,-755.2562,440.3863,835.61194,-881.8174,20.086699,496.38696,-773.5759,230.29552,967.3233,-1013.0996,-127.1316,552.84235,-964.08026,185.2954,1040.942,-1088.1677,-167.50026,556.5398,-1023.9551,169.04916,1018.7908,-1110.3136,-164.3895,552.3627,-1091.2305,177.383,988.13794,-1019.96326,-141.43631,559.7832,-998.56854,340.98828,784.5143,5.218851,185.3377,747.78253,-5.5388546,570.37146,899.56287,-556.7173,-23.318996,838.2795,-677.63727,589.2477,1191.5253,-272.07147,74.034065,965.2748,-54.09049,572.20447,1222.9774,-250.30922,108.84832,972.8303,10.790376,623.9651,1331.6278,-490.31525,59.12135,1050.3909,-120.39845
down_132.jpg,biceps_down,302.94858,463.69495,-1457.0815,344.13022,423.2042,-1465.1748,365.17206,422.2697,-1465.2212,383.58426,421.14447,-1465.7816,284.2981,416.6644,-1461.8988,267.34192,408.99106,-1462.0083,253.43045,399.68826,-1462.138,415.1347,399.78943,-1197.5107,235.30981,380.9422,-1193.5878,333.54395,485.24542,-1326.2037,275.4698,473.9699,-1327.0581,486.71597,537.8145,-963.36,142.61517,376.21045,-809.70166,442.15326,840.8167,-990.69855,-84.85803,470.15546,-868.299,232.9097,1014.6229,-1160.5559,-172.67746,553.87866,-1132.4373,189.80908,1107.0928,-1258.647,-203.01646,570.2596,-1209.0864,141.89651,1055.4098,-1282.9231,-190.58037,563.46,-1268.0055,147.76755,1024.5474,-1168.922,-169.72183,568.48315,-1166.1838,337.33032,801.8573,9.089081,152.77065,765.2081,-8.871806,596.8033,935.61676,-722.4848,-47.194885,866.1565,-896.3821,610.51825,1263.9485,-314.8947,88.61718,1059.5377,-196.923,585.0757,1278.5454,-284.21344,129.50485,1071.4888,-127.63311,653.0943,1422.5774,-599.7219,79.43907,1181.7568,-353.4374
down_133.jpg,biceps_down,288.65393,457.2079,-1615.7268,332.388,405.95575,-1619.2979,351.9908,406.7787,-1619.3188,364.54465,406.36185,-1619.9764,272.13214,402.97043,-1611.6406,255.89134,397.75363,-1611.7927,241.67487,372.54877,-1612.0452,401.92047,388.54968,-1317.6334,227.64449,336.47577,-1295.631,320.45114,475.72437,-1470.4785,261.8727,460.62393,-1466.7649,479.21225,526.4027,-1004.26685,136.6863,371.17645,-876.4853,461.16785,813.1072,-1002.1083,-67.42101,486.46692,-881.32367,249.31949,1031.0554,-1175.6156,-140.30627,611.3497,-1109.8214,222.86041,1121.2192,-1279.9365,-168.41617,646.6684,-1191.2301,173.04094,1071.8174,-1317.4342,-151.99872,640.9301,-1250.1674,182.10744,1034.9667,-1189.0525,-130.95523,636.3431,-1141.844,338.02426,786.719,-6.617321,150.05159,758.6853,6.9479036,583.4319,911.89966,-926.44183,-107.5,847.8598,-1033.9688,608.19977,1253.991,-488.94592,55.10725,1034.783,-316.3739,580.90924,1275.9181,-459.25937,99.53568,1042.6814,-247.32591,640.9287,1403.6157,-835.33453,49.68786,1154.3318,-519.4778
down_134.jpg,biceps_down,288.60098,468.2565,-1933.5375,329.56018,431.28705,-1936.1321,348.69315,429.50986,-1936.2014,363.88702,420.0957,-1937.0034,272.95255,417.7204,-1927.086,258.3236,402.1056,-1927.2107,245.426,391.16208,-1927.5061,403.29462,398.297,-1611.8643,232.74509,351.37567,-1581.0428,319.19968,490.40582,-1778.1891,263.38748,476.45898,-1771.3365,481.56076,524.16437,-1260.6316,130.50314,373.1335,-1105.7856,453.44482,825.65094,-1330.2198,-42.35182,518.5046,-1065.8905,249.90463,1050.823,-1578.088,-99.36846,675.4514,-1235.6112,216.26205,1132.3953,-1711.4578,-121.171364,714.8983,-1312.4647,166.90508,1086.8748,-1741.3667,-106.666626,711.3528,-1373.3287,172.46199,1053.1669,-1592.8021,-86.60276,704.7809,-1265.5448,342.7252,784.63434,-3.5405028,158.59822,755.33203,3.8778749,579.9696,915.4571,-957.75366,-79.96573,874.6621,-1039.1542,613.869,1256.4365,-372.34283,41.85729,1091.9148,-230.3786,557.64484,1296.6809,-330.669,82.00659,1110.1605,-159.56921,640.85046,1402.6038,-729.6188,19.2821,1213.1456,-479.6803
down_135.jpg,biceps_down,288.7991,444.75732,-1509.9313,339.52484,400.59155,-1516.8169,361.15265,399.98807,-1516.7903,380.2256,399.22614,-1517.439,274.66342,388.7047,-1510.518,259.88385,379.11136,-1510.5116,247.04729,368.95502,-1510.512,416.70352,388.78232,-1254.6705,233.04578,336.8495,-1238.3951,329.92026,468.96204,-1379.5814,261.6969,456.29303,-1377.1282,482.77283,542.61285,-1045.7291,138.26105,364.46344,-817.6241,420.6362,866.87775,-1084.5833,-50.86715,459.12936,-570.3297,206.3808,1152.8624,-1281.9973,-131.35815,517.87274,-406.30344,179.11728,1254.0289,-1390.8147,-162.28369,527.6262,-405.65115,123.92223,1227.8679,-1422.0404,-163.76602,522.15735,-466.06802,122.78748,1182.7615,-1296.7974,-139.38205,531.20654,-425.8572,354.41068,804.299,-4.573804,148.40952,770.6866,4.7090473,591.81305,931.5992,-904.8732,-92.763145,851.7462,-1008.63513,618.2446,1274.3635,-453.37198,-13.226316,1134.1614,-382.0582,593.3034,1287.8025,-418.48605,24.109367,1161.1045,-324.93723,656.0289,1467.4465,-755.6809,-45.22567,1281.4463,-619.12305
down_136.jpg,biceps_down,294.18073,432.05298,-1428.7571,343.86212,386.6435,-1432.7715,362.25482,386.98593,-1432.8556,379.4761,386.64944,-1433.5024,280.25134,374.56912,-1424.9119,266.73212,366.90277,-1424.8602,253.78186,358.1632,-1424.8868,415.0207,377.2843,-1188.4777,241.69473,326.52924,-1165.7407,332.25726,460.2685,-1309.4692,263.57016,445.08905,-1305.0175,483.6473,545.34845,-1026.4597,141.18756,362.32184,-809.8607,418.5751,872.7209,-1131.3555,-60.354507,477.79663,-806.88245,226.14166,1182.5709,-1316.8158,-154.75203,525.6043,-889.4637,202.93115,1270.5751,-1420.0273,-187.67041,530.47205,-929.64136,163.34833,1244.1831,-1447.4121,-188.75912,522.5784,-981.36536,159.79132,1204.1511,-1329.1732,-165.51288,534.1104,-916.3998,341.40872,815.01434,1.2564952,142.76718,778.4474,-1.0985855,581.81195,930.38763,-781.81696,-123.285545,863.4265,-877.79895,626.0808,1280.8643,-383.99728,9.491372,1059.2588,-235.56985,602.68756,1296.9684,-351.37442,49.978996,1068.531,-169.47551,666.77277,1471.1116,-652.1901,2.0589495,1193.6125,-378.52234
down_137.jpg,biceps_down,291.79938,442.54105,-1430.9839,342.44678,404.15155,-1435.2377,364.19348,403.79367,-1435.34,381.5193,402.94824,-1436.0347,279.4876,393.66727,-1430.0654,266.52228,385.8987,-1429.997,254.32097,377.12622,-1430.0319,414.35773,394.12976,-1191.2842,240.82233,342.91415,-1180.4451,331.21774,473.71008,-1311.47,264.8841,456.24802,-1310.3623,482.20755,551.1926,-1036.7673,136.5199,361.9218,-825.84045,404.8128,889.5842,-1149.5679,-62.303146,473.84842,-770.7592,246.41696,1196.8307,-1332.7015,-183.03592,547.265,-764.14984,222.99844,1282.6685,-1436.0908,-223.50894,555.60175,-790.77155,185.01425,1258.5881,-1470.7677,-225.0491,555.09924,-856.05927,193.12762,1229.7775,-1348.8951,-199.15192,566.75964,-794.3685,343.5264,822.0358,-0.92432094,141.3783,784.0111,1.1155422,575.7949,923.9806,-833.6473,-107.019196,880.91797,-888.66797,625.54846,1287.186,-456.0897,33.80139,1074.3529,-284.60474,608.0688,1293.4336,-425.70322,72.98817,1080.7014,-222.6518,662.60767,1470.2606,-745.2423,34.63395,1208.6318,-445.14902
down_138.jpg,biceps_down,296.99063,435.09933,-1270.0718,343.78226,387.5963,-1285.7117,363.7611,388.7182,-1285.7563,380.83206,388.60168,-1286.3066,287.64713,375.4335,-1275.4897,272.53384,367.30847,-1275.381,261.72113,358.4993,-1275.3969,414.28018,379.82812,-1093.2158,247.72792,331.16235,-1055.6735,333.13107,463.5398,-1169.2123,271.00375,447.26074,-1159.9087,484.3781,540.7302,-951.834,136.39735,363.78232,-714.3441,403.56104,888.4971,-1024.1733,-50.344227,477.28888,-494.75293,269.93164,1207.5339,-1211.9875,-160.22244,552.167,-309.67108,252.46591,1313.5679,-1300.6267,-195.25772,568.52515,-292.2892,217.88243,1264.9165,-1336.0873,-200.7362,562.1091,-360.29736,211.53624,1229.1741,-1227.789,-176.3681,570.125,-333.97726,336.87842,813.1629,-6.720053,134.38942,782.8842,6.9060445,577.3835,921.97296,-768.8386,-103.65075,868.64966,-814.291,627.6884,1284.6934,-454.64227,40.84897,1057.1321,-230.05446,605.6834,1290.6167,-428.35504,83.437706,1066.3994,-169.31871,660.0083,1460.4095,-713.55853,24.442156,1192.5803,-352.38333
down_139.jpg,biceps_down,296.68286,439.36966,-1283.188,345.81827,387.2992,-1299.8561,366.35822,389.45923,-1299.8765,384.2,390.52032,-1300.3926,287.6651,376.1986,-1291.6128,274.65167,370.04428,-1291.5122,261.5306,361.852,-1291.4744,417.61853,385.26932,-1118.6952,246.3746,333.56274,-1090.678,334.57,470.42914,-1186.7999,269.56442,453.1374,-1180.1686,481.17813,554.5768,-977.5022,138.08305,364.3543,-747.4491,418.71985,890.427,-1057.6882,-31.710278,484.50012,-444.01553,291.77502,1221.2236,-1225.261,-129.02303,543.99023,-129.91783,281.74713,1339.3951,-1307.1251,-159.89586,556.19086,-85.92024,240.0611,1282.2617,-1340.273,-168.35735,548.7122,-149.07532,239.6872,1245.4347,-1240.0537,-146.06454,556.8875,-147.28099,329.30737,822.8678,-7.7346506,138.15363,777.33466,7.8938155,579.32983,935.00854,-682.0387,-101.99145,860.58044,-806.04816,618.3053,1276.0059,-447.37323,38.01351,1050.7386,-163.68614,591.0949,1290.6288,-428.7122,79.49495,1059.6553,-96.86561,630.2634,1472.25,-706.89844,17.472574,1189.4486,-259.4569
down_14.jpg,biceps_down,534.209,416.615,-260.485,557.4644,395.89276,-274.8421,563.5009,396.55243,-275.0177,569.3743,397.47372,-275.27057,550.20325,395.26932,-231.87732,548.44696,394.87592,-231.92126,548.73505,394.89935,-232.16393,592.9344,410.75446,-241.78432,570.3141,406.9075,-47.78736,545.6619,437.4574,-240.318,534.8076,436.9592,-184.90755,627.8467,525.13477,-298.60526,542.898,520.8893,170.78195,596.86426,655.30444,-332.7775,499.08484,618.8518,218.08235,523.45526,614.2768,-247.34508,516.452,600.8771,20.082949,509.51907,607.14124,-266.47266,521.8828,603.3792,-2.5538044,512.2184,587.9164,-266.79477,524.54193,587.2895,-23.42358,513.09,589.27606,-241.6645,525.5001,586.9049,2.4780502,587.17645,807.2063,-170.60239,528.12286,801.8707,170.74782,545.5327,1021.4734,-168.06479,487.5505,992.66205,200.17743,552.04193,1213.0435,-38.996643,496.58002,1195.2031,339.32617,564.9016,1243.279,-35.356716,547.28876,1228.926,343.54013,446.81366,1255.7522,-219.9683,419.8754,1228.5742,215.15535
down_140.jpg,biceps_down,303.18433,445.5081,-1410.7349,348.3306,402.64996,-1421.096,367.44608,395.52887,-1421.1511,386.66193,396.04504,-1421.7892,288.10803,390.7446,-1416.4573,273.26794,382.42905,-1416.3624,260.16757,373.33673,-1416.3154,417.60895,392.3137,-1203.1511,242.5044,338.3769,-1194.7451,336.48038,474.2257,-1299.7347,274.94836,458.73254,-1299.0093,481.9757,547.59735,-1052.9648,131.41486,363.53754,-803.5455,414.6737,904.0382,-1146.4573,-43.47099,479.74463,-483.80237,315.98883,1241.117,-1328.5461,-129.75244,542.7296,-136.2404,298.4159,1361.0475,-1419.2874,-157.98099,552.48047,-89.81348,228.54805,1325.3455,-1455.8143,-165.49805,549.0568,-152.71327,251.43864,1263.5792,-1344.4078,-144.37344,557.3062,-152.23935,337.81824,795.31775,-7.848277,138.75372,769.3301,8.018691,578.5529,937.74243,-770.6449,-87.51692,859.9751,-863.57544,610.18835,1283.1036,-493.68417,88.88063,1039.8433,-203.01181,553.8713,1349.2361,-471.86212,134.59357,1046.062,-135.04922,642.6196,1476.7542,-786.0467,79.77822,1172.4178,-329.9486
down_141.jpg,biceps_down,301.96716,454.2257,-1445.0637,347.417,410.54703,-1457.268,367.3423,412.685,-1457.3486,383.37762,412.92862,-1458.0981,292.98517,393.70258,-1455.7427,278.1079,384.51108,-1455.6421,264.0325,374.5841,-1455.6614,420.14294,399.56497,-1229.5955,245.22472,344.65643,-1234.4972,329.0372,486.5646,-1327.9314,274.6449,464.92157,-1331.3257,478.28592,549.78265,-1046.9757,134.41217,366.0185,-861.00616,425.53903,892.59344,-1158.3009,-61.508053,480.59534,-657.39996,340.05286,1237.2861,-1323.1227,-160.38686,556.5634,-445.4763,317.012,1340.5645,-1411.068,-192.02284,568.3444,-432.99557,277.43076,1298.4436,-1453.5707,-196.68233,566.68665,-497.67578,271.55582,1261.045,-1340.9261,-173.8878,574.30444,-467.5098,336.73843,793.31226,-5.472878,139.81558,768.04517,6.055165,566.4456,927.3296,-840.06494,-109.338104,847.38617,-894.2977,606.3238,1277.2931,-603.343,150.96323,990.5535,-198.70528,544.9455,1345.1012,-585.225,208.51978,984.0425,-122.4123,642.00024,1459.5273,-913.99133,161.19243,1106.0144,-301.60495
down_142.jpg,biceps_down,304.3307,445.6743,-1210.8905,351.04416,405.938,-1225.5953,370.26376,407.07187,-1225.6708,385.82916,407.37524,-1226.2048,290.4701,392.3132,-1227.3259,273.8163,382.86823,-1227.2108,259.7127,372.47177,-1227.1733,418.59164,395.95767,-1029.6189,242.26707,340.15378,-1045.529,334.0137,475.3249,-1109.2821,273.70468,458.58002,-1115.3165,479.33063,550.3543,-885.5444,132.0875,359.06287,-726.1841,425.18558,888.3225,-969.75256,-63.58936,489.81415,-481.90378,362.3631,1231.338,-1128.3315,-173.45256,569.2736,-263.7413,372.26538,1333.3424,-1198.4563,-212.6622,588.65,-233.27155,322.44067,1291.9849,-1250.6852,-215.50127,582.6533,-308.63373,320.4624,1256.6027,-1150.3938,-189.9674,589.6233,-288.22495,317.88632,828.1836,1.804912,128.34814,785.2761,-1.7161113,560.6698,904.3983,-646.54596,-94.237206,856.79016,-783.896,612.768,1274.5326,-522.6476,71.56573,1029.442,-195.49927,581.1422,1333.2045,-514.86523,112.30656,1032.0537,-132.20251,655.79297,1451.3855,-795.50946,74.2557,1162.1931,-278.48523
down_143.jpg,biceps_down,304.40335,441.09924,-1208.2565,351.76755,386.3194,-1220.56,371.50085,389.7963,-1220.6307,389.0507,392.4477,-1221.1732,292.37503,373.6358,-1217.8878,279.11768,367.46738,-1217.7233,265.63116,359.1692,-1217.675,423.66885,387.8924,-1025.9205,251.50372,330.51724,-1021.3997,339.29443,473.9572,-1108.8502,277.0135,453.47885,-1108.7433,481.5688,554.29297,-881.12573,142.95364,359.15747,-710.6925,432.17487,890.49426,-967.0508,-53.496593,480.88437,-470.6391,385.169,1229.0558,-1124.174,-149.28897,569.90125,-234.17352,393.7421,1328.4265,-1196.0046,-183.94383,591.87146,-202.06566,351.43628,1280.4321,-1244.1361,-184.78625,587.522,-270.46762,349.80298,1255.1605,-1145.5256,-161.29092,593.21814,-256.4116,325.97607,814.35156,3.456785,136.27658,771.44775,-3.2487657,565.2649,921.28625,-649.50964,-64.626175,869.9363,-785.92426,611.1274,1275.3794,-498.50424,140.23985,1032.7351,-175.17618,570.5538,1324.3799,-488.73184,185.40883,1032.4802,-109.06237,638.4821,1445.3025,-778.53516,151.5064,1168.3572,-251.32948
down_144.jpg,biceps_down,299.1052,447.35242,-1196.2072,350.9493,392.81342,-1211.475,370.24594,396.62122,-1211.5582,387.30322,399.53525,-1212.1272,290.25262,378.5866,-1207.4154,274.76196,371.04773,-1207.2444,263.88553,362.4632,-1207.163,422.49677,391.441,-1022.8171,251.90614,333.3841,-1012.83594,339.46283,474.0841,-1098.6965,271.07803,458.2874,-1097.0165,481.98523,560.77686,-877.9289,144.0993,360.5857,-703.98206,425.12048,901.55695,-967.5456,-53.120743,476.26495,-452.6776,395.45032,1229.3247,-1134.8251,-134.36084,535.7754,-191.3135,417.79932,1333.605,-1207.8958,-162.54614,549.37256,-151.4506,373.0003,1290.1569,-1257.8783,-165.71376,540.00903,-218.29744,363.4701,1259.8438,-1157.6025,-144.69618,548.6785,-211.25404,329.36755,821.37964,1.3025113,139.1037,777.4265,-1.0273926,567.0043,917.38165,-665.9365,-76.388794,882.7796,-764.2996,616.3235,1274.5253,-523.44025,137.05255,1025.3641,-150.7749,579.38226,1325.519,-513.22986,182.09888,1021.5499,-82.318596,644.36884,1446.9314,-797.54553,153.08498,1152.818,-211.16339
down_145.jpg,biceps_down,312.14664,453.2013,-1187.2231,358.02582,410.76096,-1202.241,379.73886,402.9729,-1202.3433,395.29865,404.28552,-1202.9261,298.57892,396.627,-1202.6113,282.46808,387.55338,-1202.4446,268.68304,377.62482,-1202.4076,425.4634,401.73767,-1006.5313,254.09749,340.1497,-1013.3394,342.6274,481.49982,-1086.0854,282.9275,464.98163,-1089.2134,484.5302,552.84686,-851.86786,147.66418,363.20087,-715.09406,430.905,896.3899,-940.4295,-59.481205,485.15173,-551.68933,397.06863,1226.5771,-1118.1312,-187.04176,547.1294,-423.5115,393.35312,1283.1685,-1189.0331,-225.94037,558.51105,-409.83273,378.5784,1282.279,-1242.7875,-229.95848,549.6914,-488.9384,375.85446,1256.5254,-1142.9285,-205.07321,559.5812,-453.3218,335.63632,815.4373,3.4120264,138.242,780.79156,-3.3711605,576.5708,919.8914,-697.26605,-72.52513,880.2262,-799.0044,605.4832,1265.9609,-477.6605,132.58238,1038.1786,-188.37001,588.2966,1282.6478,-461.5649,179.78409,1036.537,-121.608086,624.2847,1443.7917,-746.89777,141.30006,1168.6609,-263.4436
down_146.jpg,biceps_down,308.57495,449.9975,-1230.7153,357.2203,396.1258,-1247.4355,373.8898,399.3597,-1247.528,391.0456,402.35846,-1248.172,296.3284,380.98285,-1243.8392,282.9399,374.80536,-1243.6581,269.32855,366.39633,-1243.5553,425.99423,394.35962,-1055.8724,254.71973,336.72833,-1045.1523,341.61804,482.01904,-1130.9781,280.01434,462.0993,-1129.0092,485.13873,558.0012,-904.3274,146.55641,365.68484,-730.46405,426.58,903.2627,-988.5681,-47.936356,479.58954,-513.2197,410.27853,1235.9348,-1148.7008,-122.74089,506.86273,-275.36807,425.33072,1339.1296,-1218.3208,-145.60498,509.51752,-237.38927,390.93314,1302.2168,-1266.6062,-152.62039,497.1328,-299.472,390.5398,1264.5427,-1171.0745,-132.3822,509.7812,-294.07724,335.24576,821.5146,0.054121237,140.19127,777.65393,0.12664899,570.0386,916.4163,-709.1277,-63.464478,886.90967,-745.66675,612.04395,1267.8411,-464.53555,130.59494,1045.1744,-135.24008,563.2968,1310.2781,-444.98465,174.49142,1044.5662,-68.302795,622.0632,1444.242,-727.7071,136.09811,1178.0178,-209.50562
down_147.jpg,biceps_down,196.17014,353.80252,-221.069,194.17116,340.61282,-287.94904,192.91135,338.41425,-288.15372,191.76677,336.47437,-288.46835,199.75511,344.04782,-288.6526,199.91727,344.01126,-288.61588,200.15353,343.82355,-289.1958,181.27336,325.68365,-401.92014,193.48878,337.73376,-404.34143,190.08994,352.98615,-233.06052,193.46167,354.7019,-234.47238,133.89304,331.27322,-317.8467,234.57782,358.57285,-249.75142,164.22316,463.0852,-35.174225,250.9882,485.83618,75.027725,154.84177,420.54297,150.50043,218.10603,439.196,424.30753,135.75494,417.45337,158.53238,219.23677,443.80316,459.91187,157.68097,384.89972,149.09302,200.75829,410.88782,434.7463,167.00482,386.07623,155.98494,198.98183,407.71362,424.28192,143.56201,636.06793,-22.53714,204.23717,641.52295,21.965322,133.39677,900.7529,295.56693,191.28897,897.2735,296.97058,163.72441,1112.9106,634.2742,186.25826,1102.434,663.1867,165.24297,1176.9042,670.5249,206.63043,1181.0024,703.4967,128.19044,1168.4071,624.04517,164.78926,1203.7065,663.1073
down_148.jpg,biceps_down,323.74576,264.97705,-550.83057,281.5729,249.26501,-598.64056,281.3096,250.38043,-598.7462,303.47437,258.9972,-598.8205,297.4669,267.63336,-626.9015,296.67435,268.05026,-627.04767,297.1295,269.27148,-627.2383,265.19125,275.5099,-629.79443,281.94623,291.82996,-760.1179,297.09702,277.05508,-535.42145,307.50204,285.54907,-573.09753,157.64064,342.8181,-437.61887,251.60449,420.50653,-586.4023,186.45425,510.11505,-157.57742,257.5267,569.54065,-206.18411,201.86522,453.81836,-27.509596,224.91078,478.203,217.62201,191.28905,439.0432,-16.373499,227.63977,468.34167,264.6525,211.6132,421.9017,-14.678055,196.84155,442.9468,226.84352,216.24619,428.43695,-19.258286,191.04109,445.0989,217.97893,202.43112,727.45795,46.417233,249.37422,749.4,-46.096375,197.85214,949.80255,407.86478,230.35626,972.8707,310.02783,164.01111,1129.9924,834.43756,189.04279,1164.1449,732.51685,153.34572,1159.8091,876.19763,179.77577,1198.9126,777.37415,200.07085,1163.5227,828.554,210.70615,1206.9006,717.1532
down_149.jpg,biceps_down,300.49728,249.8375,-561.6902,269.45786,230.30663,-599.7283,284.65857,247.19627,-599.75916,279.22607,246.99109,-599.8728,281.99316,227.3746,-630.8406,302.2364,256.1128,-631.0237,302.6106,259.3744,-631.33014,246.9302,266.07208,-596.5071,283.91443,284.78488,-741.5032,281.4973,266.11578,-535.15936,290.77866,270.13705,-577.008,158.08475,346.0739,-428.81268,277.09323,373.4349,-572.23224,171.67255,480.30536,-174.04297,288.2668,474.525,-350.09424,202.5779,419.4653,-37.837364,297.61563,372.9638,-73.93154,195.77501,403.9419,-30.895454,313.34717,356.6008,-50.702988,218.23517,386.78778,-40.561726,282.27646,337.56253,-78.60886,224.73268,394.49615,-34.690285,271.7606,346.07422,-74.189995,253.61668,685.61475,50.707737,312.5625,688.1064,-50.72239,242.03362,926.1768,288.4224,289.78946,923.2016,186.95645,214.44545,1126.9047,589.1322,245.26881,1137.3805,499.239,201.65039,1161.5195,617.96027,231.99759,1181.0503,535.1399,245.64224,1155.2943,583.1621,256.1896,1164.0974,495.7409
down_15.jpg,biceps_down,534.48236,415.30377,-287.79865,553.70435,394.19742,-295.5478,559.21185,394.64752,-295.71967,564.7725,395.44464,-295.93765,546.0304,393.6695,-253.37115,544.9518,393.47012,-253.39877,544.60046,393.51697,-253.5272,590.3189,409.7014,-240.09975,566.49084,407.01532,-49.763554,544.5059,437.06088,-260.759,533.90454,437.87714,-206.37209,628.4081,526.4582,-290.2644,536.2049,520.8337,159.6275,590.3458,660.6658,-360.50482,498.37598,641.55896,153.38745,511.93195,613.4142,-368.62265,504.8227,660.52057,-122.77689,510.4646,609.8512,-404.43008,505.05008,674.2626,-159.67194,511.7182,590.8809,-405.24823,508.3919,657.05273,-185.84479,512.4469,592.6375,-366.14886,510.85898,651.9127,-144.31956,578.22455,806.2097,-162.37453,530.2215,798.82935,162.32768,544.999,1022.22046,-158.0202,513.8227,998.56396,213.67528,568.3266,1214.5504,-11.826211,557.40283,1195.2837,363.58917,585.4248,1247.3577,-5.6979475,565.6019,1227.4299,369.77582,468.87872,1251.7177,-192.43427,450.62097,1229.515,239.81891
down_150.jpg,biceps_down,272.12582,1074.0093,-36.719982,272.59952,1093.9895,-75.43669,275.0382,1095.8596,-75.68527,277.42026,1097.5063,-75.97349,265.8981,1085.2056,-61.759655,264.75378,1080.7974,-61.847115,263.45016,1076.4528,-62.17066,290.9328,1076.072,-186.57504,268.7327,1047.1704,-120.20674,282.85303,1054.8123,-63.716476,279.35995,1045.1606,-44.575848,330.2286,1001.8026,-243.7976,248.04239,917.3487,-23.709518,276.3267,1047.5609,-236.05113,208.95468,934.1694,83.03095,219.09547,1165.2723,-352.79294,204.13042,1043.4572,176.73544,202.69615,1151.4353,-391.76486,192.57999,1061.5565,163.69797,209.16554,1162.1874,-417.04785,201.67935,1070.2693,140.57309,209.5043,1163.3092,-364.72272,205.95065,1063.7964,167.13824,330.70798,519.4202,-128.48082,249.25548,516.2504,127.97413,303.03268,327.78897,102.4398,175.71455,369.7418,427.19272,181.65085,319.6441,227.53017,134.71196,339.75604,514.78656,158.91501,321.97467,249.73102,117.17086,338.13278,526.19385,149.8195,306.73032,308.9543,166.89859,305.52518,565.1674
down_158.jpg,biceps_down,92.733665,277.28827,-940.3724,93.90903,223.80821,-966.77997,108.635345,214.23035,-967.12585,123.44545,204.99054,-967.5316,54.31926,242.94449,-985.82745,38.100544,247.66792,-985.721,21.823977,252.28485,-986.7607,142.06525,176.23528,-820.3998,-7.030649,241.49391,-904.1465,126.29396,278.13635,-860.37787,77.32598,301.4401,-884.0487,293.9369,232.1608,-634.3161,-114.96334,380.33115,-649.2883,428.71536,470.8826,-728.1837,-51.11385,696.53143,-532.0828,377.196,450.89062,-1042.25,-127.43312,869.49084,-539.43896,364.6331,457.5852,-1112.9486,-155.53894,920.17065,-553.03326,361.01294,421.44177,-1102.328,-174.24854,911.0605,-625.9788,340.83237,422.72977,-1051.5669,-139.83647,880.18866,-577.22546,367.59412,702.73486,42.820045,156.51239,808.3074,-42.56974,499.15994,839.8351,761.5082,310.44946,961.42017,562.1917,486.15726,1031.8145,1537.8877,448.10074,1057.6946,1309.2051,464.07462,1044.4209,1608.8947,416.64478,1063.2269,1383.3173,615.6566,1157.2316,1451.7723,581.0231,1177.9396,1215.6648
down_159.jpg,biceps_down,-122.68083,375.42297,-2229.7327,-76.74444,277.928,-2273.2249,-40.951,273.98016,-2274.039,-5.1917696,270.33655,-2276.2905,-164.60732,277.48184,-2272.752,-198.91096,273.29315,-2272.4731,-233.11652,269.15643,-2272.867,41.102173,246.23032,-1989.3296,-273.23575,244.6682,-1962.8846,-62.33561,412.18176,-2061.473,-176.61151,411.39624,-2056.0713,196.67029,273.0984,-1604.5635,-380.74005,379.86298,-1349.0415,381.46866,608.61865,-1560.7544,-206.66805,774.14075,-694.44995,281.20798,772.1475,-1769.3345,-141.16284,918.3718,-350.65927,287.71576,836.1026,-1881.1576,-97.28561,958.9845,-379.59402,223.01654,793.41235,-1896.948,-145.11075,947.9094,-443.21393,199.90411,776.6336,-1775.5571,-115.58613,925.6654,-374.49728,111.507,884.27795,-57.07569,-184.9855,918.7107,57.439705,393.2984,1033.6528,1030.5435,-88.35853,1168.3922,1192.4799,477.44186,1143.5411,2385.1167,227.19849,1102.1681,2414.4683,483.16064,1150.6483,2528.453,287.10458,1063.3044,2554.676,538.4891,1288.5151,2411.9543,284.9638,1252.6674,2438.8337
down_16.jpg,biceps_down,531.03046,419.21265,-245.52573,550.6028,398.38074,-261.29022,556.29285,398.78452,-261.39343,562.4362,399.3656,-261.59137,542.50916,397.63513,-220.22348,542.22864,397.34097,-220.31804,542.27423,397.1352,-220.47249,589.0062,411.20773,-238.69096,564.06635,408.06067,-59.557877,540.47797,441.6659,-231.39658,530.9821,440.93542,-180.1629,629.7834,523.0783,-342.38086,544.8213,519.11444,152.91426,576.12354,655.00525,-363.0243,494.9668,625.57544,87.78819,490.7521,588.909,-186.35022,484.4097,585.6922,-166.17996,476.4404,582.44775,-192.65294,480.274,577.8811,-187.96196,488.27148,568.6326,-190.13123,483.79153,566.3517,-188.16063,492.10648,582.32446,-175.66687,491.11444,570.2551,-177.07748,593.28186,808.7246,-160.10571,560.6651,802.00385,160.19652,558.957,1026.6001,-90.22438,540.03174,1005.5011,239.22021,577.11694,1216.7438,55.844128,573.3124,1192.8503,394.67218,597.9403,1249.7247,64.15502,589.95294,1232.8126,401.50955,498.135,1271.4283,-81.633736,467.3638,1224.8838,296.8101
down_160.jpg,biceps_down,15.895886,241.39954,-1253.449,52.706738,158.2502,-1301.5293,81.266106,154.47983,-1301.7372,109.660614,151.02333,-1302.3517,-16.832857,156.75682,-1290.2883,-42.358,152.55371,-1290.0183,-67.75078,148.39485,-1290.4485,159.55788,151.48872,-1157.1187,-88.03012,131.0466,-1103.1731,51.762535,289.37524,-1161.3245,-14.985973,275.10712,-1145.9285,312.05295,296.1995,-914.8695,-149.6402,291.76193,-671.4892,418.315,597.40826,-477.97534,-7.953651,607.6148,-185.17583,264.61435,735.76306,-161.82375,22.226221,744.22754,12.411969,238.80008,792.5379,-155.74115,-0.7661247,808.6392,6.1271787,154.87207,761.3832,-170.5836,10.499861,811.5094,-32.256886,151.39142,725.0304,-153.66718,32.618668,778.06885,-5.543419,340.88345,780.8335,-78.30063,109.13306,825.86127,78.223206,467.6604,888.71954,495.77167,209.25024,958.22845,736.7049,509.56726,1062.3412,1172.4252,428.58704,1050.0077,1355.6804,497.4186,1064.7596,1238.7346,427.86142,1043.687,1420.8694,620.7326,1180.6014,1175.807,492.62854,1168.4467,1429.0814
down_161.jpg,biceps_down,78.827965,239.26918,-1279.3265,124.89412,142.31049,-1314.5223,140.36546,145.20699,-1314.7554,176.49416,141.44356,-1315.3038,67.62808,133.17787,-1314.6455,38.805855,131.03737,-1314.3789,26.398323,125.80368,-1314.7604,216.44681,117.92259,-1110.1852,-20.389038,62.560425,-1115.26,119.48332,248.92868,-1164.5657,50.996765,252.20993,-1165.4076,288.10797,238.03665,-879.5033,-155.46405,220.90126,-699.66235,359.2906,513.02905,-645.0539,-69.59663,559.52655,-439.94357,252.29596,731.3036,-687.39343,18.627361,743.34485,-474.664,237.33194,807.19507,-761.3656,-3.9275908,825.9916,-538.1973,147.41148,761.55457,-791.98236,2.3534346,814.8855,-586.68335,150.34927,752.3185,-700.6603,22.730328,801.3947,-506.50467,243.42253,709.6843,-22.19566,18.859663,756.77484,22.312496,399.10608,876.8992,696.8554,173.43091,949.2511,653.5143,476.36667,1018.79156,1344.0526,362.23993,1064.0819,1285.5006,462.65573,1056.581,1408.6187,362.34717,1029.106,1353.5652,584.26935,1166.0552,1319.0889,397.35074,1236.833,1277.1853
down_162.jpg,biceps_down,119.397934,301.15067,-1474.128,154.4181,249.34113,-1522.4398,176.91399,246.18317,-1522.3798,194.40683,218.41255,-1522.9802,106.169586,247.51106,-1525.5979,78.692055,219.94186,-1525.3423,66.56677,215.00954,-1525.5289,223.47772,197.24861,-1309.2097,31.784264,193.34953,-1321.9773,152.5188,317.91504,-1347.8967,87.2166,316.67352,-1351.0922,321.1196,295.4657,-983.4221,-155.834,274.32288,-875.2473,427.91815,552.83746,-702.56,-117.234764,610.09485,-658.45654,233.88524,741.1276,-768.94617,-16.416471,759.4821,-722.20905,195.76869,801.25867,-849.5222,-33.80199,819.6808,-808.3524,179.53134,781.09973,-883.2436,-19.660763,822.1124,-833.5993,180.87595,774.40295,-781.7163,29.33739,792.03723,-743.7776,241.88914,721.2701,-31.073841,-27.477386,753.0487,31.214146,433.71252,825.925,331.10132,-126.08127,954.5859,618.87726,556.2786,1071.1897,953.52026,-38.47335,1081.0753,1030.1196,558.02747,1101.434,1018.8049,-2.911892,1083.1493,1081.0914,619.4854,1169.6478,932.386,-50.97053,1235.473,1014.32184
down_163.jpg,biceps_down,141.73283,176.54,-810.3434,178.75464,133.88008,-836.1056,195.81361,131.3044,-836.40485,212.69186,129.04747,-836.8757,135.32196,127.10457,-832.91534,112.65225,131.66794,-832.6238,107.250496,132.40997,-833.15393,207.76558,125.74623,-687.9262,104.31917,131.70273,-676.9088,157.91995,220.92361,-729.6348,120.2512,226.1467,-726.4888,286.99863,275.68854,-546.1363,33.71543,284.84064,-396.88367,378.68164,581.69653,-392.2712,61.982857,626.72705,-302.64603,183.636,762.4051,-414.01776,82.487656,789.286,-380.34592,154.7447,825.3388,-478.2232,51.60553,864.1513,-427.09488,125.30708,827.1138,-482.4754,63.34616,855.1787,-474.52585,126.67563,800.6107,-414.02676,76.483086,827.99646,-410.4998,308.1017,738.94727,-16.032167,122.25192,804.4125,15.737036,436.89926,844.00244,407.981,207.38269,963.5183,502.02826,473.00665,1003.7131,867.659,377.05035,1007.39777,908.6175,518.05084,1076.9927,918.2905,411.58063,1074.9736,960.11566,601.8398,1148.8142,861.079,423.25586,1215.0023,946.8037
down_164.jpg,biceps_down,140.93185,189.65767,-714.7021,169.07584,154.70062,-739.30865,184.21945,149.87488,-739.6226,199.22266,145.3978,-740.0638,131.93454,137.16896,-746.4005,108.29902,139.65935,-746.0853,102.84555,138.58513,-746.5896,200.80551,126.498795,-601.0,74.961296,134.6801,-633.3751,179.16328,229.62852,-636.2231,143.5109,234.63905,-645.73206,285.13632,303.4156,-440.46597,-14.529484,322.8769,-417.52643,337.48563,586.0116,-265.80502,109.6511,579.1613,-343.8551,163.62518,795.6776,-278.4852,86.33105,833.8526,-395.02924,190.74304,889.89636,-332.98465,55.433987,893.10315,-445.70383,153.09082,866.5089,-363.65784,66.19389,886.2247,-477.0488,142.83588,837.28815,-289.26453,95.3739,873.3904,-416.36578,271.47684,780.0416,9.30352,107.56691,841.1258,-9.301737,417.45456,793.7513,307.04724,169.25623,965.5408,419.53757,446.38455,1015.4272,700.6813,368.78592,1007.4492,747.27313,493.28458,1062.1124,742.2725,393.33096,1052.9817,791.261,591.385,1132.2487,687.6221,406.4349,1169.2701,786.3794
down_165.jpg,biceps_down,150.64685,249.63829,-1427.2,189.84169,193.16963,-1460.5469,249.96114,193.91006,-1460.7207,278.80695,192.8965,-1461.1708,146.17116,185.99548,-1466.0503,122.13308,181.31454,-1466.0339,113.29421,177.846,-1466.5569,272.1537,184.60342,-1272.3599,73.27429,133.54553,-1301.7384,178.92018,292.7954,-1316.8169,116.29008,285.2057,-1324.787,346.12488,301.4836,-1052.3268,-57.85205,270.90897,-900.95776,416.45264,579.4739,-953.4764,-7.6789284,617.4765,-753.3229,183.83757,809.20416,-1105.2538,84.78761,804.40686,-826.2068,142.19022,859.17944,-1190.2856,68.30972,858.9109,-897.8618,142.0474,839.03577,-1192.8073,78.908424,856.9917,-927.2334,129.42332,827.7881,-1108.8187,89.23223,832.9615,-848.2857,273.78998,718.4874,-31.209011,46.471783,737.385,31.626108,391.45938,874.91455,630.4186,80.24849,872.65326,675.4321,419.77258,996.97546,1296.2377,185.45813,960.4475,1291.1139,365.55377,1012.41907,1358.7686,223.81635,955.7093,1351.8956,507.57266,1149.9489,1312.078,111.906136,1045.6727,1320.5236
down_167.jpg,biceps_down,100.122955,106.28071,-1493.0775,127.76192,62.722435,-1518.3928,153.41267,60.89573,-1518.3364,184.05222,56.283913,-1519.064,80.93474,59.475136,-1489.2167,65.22289,55.805702,-1489.2068,54.31692,53.03051,-1489.4694,251.9726,34.19113,-1348.8528,59.370052,43.29239,-1222.4032,153.13557,137.35074,-1401.6713,104.190475,125.74978,-1366.1119,390.3272,203.46977,-1216.2687,20.58559,93.344765,-845.0903,383.25476,563.74304,-1247.4165,-72.26785,268.2522,-689.61896,371.044,865.5939,-1304.1074,-59.914024,256.0511,-612.7961,378.0929,936.79535,-1384.3531,-56.510925,266.39423,-587.27686,356.96515,923.45306,-1431.1935,-68.4247,255.59079,-631.063,344.27127,894.48883,-1320.2896,-53.145782,260.5815,-629.1295,364.5328,506.79773,-41.81043,151.3996,448.92624,41.94696,545.9146,711.6167,-836.98413,-146.012,435.00748,-195.29239,475.6689,886.0774,-48.67489,-23.901852,598.1456,255.98228,441.18005,909.27515,28.458939,24.559507,623.0376,306.30084,592.9908,1026.0576,-149.19603,-108.55711,735.8395,236.48415
down_168.jpg,biceps_down,105.34187,109.92725,-1499.3105,138.68433,62.997475,-1512.0575,168.6543,59.92256,-1512.0457,193.21776,55.46055,-1512.7582,84.21403,60.524673,-1487.9531,72.452,57.502136,-1487.8619,53.47696,46.18332,-1488.0428,259.7723,35.54653,-1310.9851,57.604214,40.21019,-1204.3689,157.78267,139.6213,-1397.9875,93.83803,122.51415,-1367.6085,388.3175,213.3458,-1189.6124,31.54355,98.664474,-797.71216,378.1327,552.61115,-1175.7498,-3.4411025,323.61252,-599.87384,377.53873,857.9138,-1176.4519,14.299436,376.15967,-510.6742,391.9341,927.81067,-1248.3551,11.921261,399.16675,-488.56442,351.01077,912.39014,-1287.123,3.349564,391.44385,-544.81165,350.90753,890.433,-1190.5989,18.02983,391.96118,-532.1262,375.9363,529.9817,-72.651764,170.44873,466.1374,72.59918,543.7725,719.6601,-746.6549,-89.13021,413.48175,-97.38418,539.61163,901.45966,-49.92308,-44.58799,592.69495,329.1938,518.3633,916.26135,17.211796,-6.2954235,630.1022,376.55862,594.91705,1018.2559,-157.21378,-148.10555,702.0568,323.46515
down_169.jpg,biceps_down,86.71118,107.59251,-1471.2633,109.78558,56.637115,-1494.6237,135.93253,53.43979,-1494.6438,157.33212,50.779724,-1495.2858,65.17587,58.694878,-1461.5785,56.08456,57.02694,-1461.5111,41.964725,56.248817,-1461.7454,240.69942,36.924286,-1348.034,45.115463,50.86258,-1203.265,130.95012,134.78752,-1390.6079,82.94738,130.45123,-1348.651,386.29074,213.79788,-1235.5912,33.539177,124.14932,-808.6476,374.80405,570.35297,-1201.4349,20.863316,365.46295,-613.265,369.44348,858.60095,-1181.5465,32.794918,457.42914,-587.7365,377.04965,927.19354,-1262.0746,31.778084,484.08722,-579.3392,342.17584,917.85223,-1294.0579,17.533493,478.57877,-648.4207,343.72638,895.516,-1194.0925,34.811405,474.40707,-618.6473,390.78323,531.6207,-77.37579,186.08458,482.2711,77.60713,538.7144,718.42163,-242.13475,-20.42221,494.08536,414.68073,481.1733,898.6945,364.82715,36.524414,612.99365,931.6972,466.05423,916.1271,419.7764,74.43512,634.9838,987.1152,565.4091,1013.7796,237.05972,-57.48077,723.4732,952.78015
down_17.jpg,biceps_down,528.08997,424.1189,-229.08559,546.8058,401.87424,-250.4269,552.4392,401.97342,-250.51627,558.0663,402.21738,-250.71535,538.787,401.82095,-207.69818,538.208,401.76135,-207.73973,537.973,401.75287,-207.92128,582.87085,413.50793,-243.69719,559.3826,412.42273,-54.21972,537.0526,444.12915,-219.22073,527.48444,444.45023,-164.89415,622.8425,523.3186,-325.58182,552.6542,521.4057,164.14474,588.4862,653.7218,-418.7101,504.48645,612.4568,341.22784,508.23633,613.6143,-392.88992,487.5253,580.91254,380.15018,492.68988,605.9402,-420.39786,485.0675,573.5032,396.2105,503.96118,589.4706,-417.40347,484.532,562.5718,371.86163,505.729,592.35846,-387.8571,485.01093,562.1368,367.81476,583.5295,803.708,-168.25153,550.4134,798.2226,168.50366,556.9002,1026.4199,-120.064606,543.68463,1006.06995,228.17836,568.8963,1223.7764,-2.1344738,571.3534,1195.4982,365.31113,589.9419,1253.9537,3.4286883,585.0901,1230.6154,370.373,486.96616,1260.263,-159.13663,482.04895,1229.9326,252.36133
down_170.jpg,biceps_down,99.9722,103.538704,-1462.5981,127.08862,37.163544,-1477.9406,158.48784,33.075333,-1478.0156,192.67502,27.514801,-1478.616,83.12616,40.726128,-1453.7689,66.68699,41.143112,-1453.7434,49.244328,43.288612,-1453.9564,240.23497,20.563507,-1294.3794,46.587997,43.547516,-1191.403,149.26454,132.755,-1367.863,95.31358,126.979675,-1338.0018,380.50406,202.91614,-1167.6155,31.399784,124.51145,-797.20135,404.84998,548.77264,-1145.4324,38.20225,381.57486,-619.34454,359.95215,829.63684,-1160.5242,83.91547,432.24036,-638.4797,361.3815,897.2533,-1238.0756,95.82486,458.54877,-642.62036,341.22794,887.8348,-1267.7178,79.83469,444.00525,-702.4619,328.05353,873.14343,-1171.7584,88.89345,438.49347,-664.69257,386.0033,537.78015,-67.35926,180.2053,482.27655,67.820526,526.1946,715.98047,-324.9258,-54.5739,465.15417,-171.4648,480.0733,883.5951,372.83014,-6.5234327,612.8982,311.61972,466.08755,911.07904,435.70016,32.57107,637.28296,362.63306,569.82935,1007.7595,272.21506,-95.82851,733.8885,299.78577
down_171.jpg,biceps_down,96.46402,114.41097,-1403.1471,116.76744,62.17434,-1427.908,144.95055,58.15777,-1427.8676,186.53265,52.936707,-1428.3713,78.60203,64.38778,-1400.8959,60.953735,64.34769,-1400.875,42.741474,65.3952,-1401.0696,227.99463,45.096092,-1293.969,48.785175,68.061066,-1178.4564,170.38676,153.79425,-1326.7037,100.52213,161.37753,-1292.9832,365.4202,197.57843,-1156.7229,32.231655,142.93408,-782.6349,380.01666,530.3579,-1107.9547,53.771748,354.8105,-459.27567,337.74612,829.4821,-1109.8981,67.86572,371.87036,-309.10907,332.44858,876.557,-1171.3864,77.98688,383.989,-273.3623,311.15518,889.7136,-1191.2217,49.039837,371.00815,-325.95587,317.78793,844.4172,-1115.6086,59.660503,370.28876,-327.1513,377.39084,503.1626,-52.535667,188.26012,469.34888,53.12022,540.439,689.917,-238.74364,9.287224,511.85663,-13.220369,460.9126,899.11743,300.02777,70.563835,647.22217,467.0254,431.19458,941.8952,344.79675,109.85676,668.32983,514.801,571.19867,1022.1306,155.0489,-1.5526557,767.10693,430.42203
down_172.jpg,biceps_down,98.74988,102.13837,-1540.0504,153.05275,56.968918,-1561.1399,176.33383,52.53338,-1561.0879,199.4773,48.2975,-1561.6483,62.76378,46.917076,-1537.6261,74.580536,62.61608,-1537.5948,53.543266,62.987595,-1537.8209,234.92816,38.400726,-1398.6476,45.208374,63.53733,-1297.2201,155.45738,139.6035,-1451.7667,91.57744,124.80106,-1422.4095,369.37524,210.5629,-1248.9572,13.432674,154.93192,-880.28564,384.48312,562.30096,-1189.633,27.478481,397.21503,-617.3053,329.9911,843.2335,-1164.18,27.862316,462.27332,-547.9621,329.9045,900.2572,-1230.119,28.387964,488.92725,-531.57117,311.4485,903.81506,-1258.3912,7.6426864,477.50027,-593.4551,304.4579,874.2595,-1171.2573,23.98912,469.04132,-572.2591,380.73428,502.31693,-49.418114,182.90782,443.53925,49.82078,551.9669,697.28564,-417.6172,-38.17159,512.5773,48.97734,474.01398,905.96405,174.21367,-2.142098,640.7208,604.1595,447.45374,940.14465,224.3545,36.805294,666.9882,657.21436,593.1301,1031.5337,6.430855,-94.540726,764.93054,563.0224
down_173.jpg,biceps_down,82.98679,119.80232,-1510.9923,110.13318,69.12212,-1531.0543,128.82686,66.0442,-1531.0204,159.45499,59.730797,-1531.6287,58.58067,71.68308,-1505.119,38.457256,59.66488,-1505.1088,22.23755,59.78943,-1505.3496,229.04887,39.849396,-1357.1993,23.019318,79.34803,-1244.3322,138.91093,145.23117,-1417.8771,80.83792,141.45058,-1385.7032,370.85764,201.14459,-1214.9226,2.2346878,160.00201,-858.4417,385.38287,572.9117,-1201.1888,-11.853905,414.89105,-689.5633,310.6055,844.3017,-1206.4366,-8.225327,498.4704,-707.6937,308.94577,911.53107,-1285.9829,-12.031252,537.4293,-719.8439,293.1593,904.8285,-1320.8511,-20.86735,526.35736,-782.2917,283.8479,878.90173,-1218.2318,-3.0620098,513.4258,-737.1638,383.5366,514.0039,-44.599182,177.20761,449.05884,44.998604,540.79846,723.8221,-617.69257,-77.3733,491.97754,-262.44128,489.49152,905.3424,86.42811,-15.525162,640.59174,239.7429,456.79993,928.27295,149.41165,26.108772,665.32983,288.08777,612.5022,1045.9504,-43.8254,-94.27482,781.4719,186.29532
down_174.jpg,biceps_down,78.74131,105.896034,-1457.9053,102.79551,46.999588,-1474.2021,133.1953,39.38801,-1474.3547,179.51959,32.271614,-1475.0951,52.417446,54.07093,-1448.3757,44.355175,53.31093,-1448.432,22.99754,37.884598,-1448.8444,221.38472,15.209274,-1303.122,35.742172,44.790993,-1192.6902,126.6956,128.76251,-1368.3092,72.80554,126.98109,-1336.7411,376.2187,200.46603,-1191.0729,0.9078312,135.00043,-811.63226,386.38684,567.0537,-1200.0885,-17.233429,396.82614,-671.1169,288.76974,849.71606,-1143.157,-35.21839,487.32846,-658.8931,281.1902,919.67236,-1209.9705,-42.9462,514.3823,-653.56213,265.41217,915.13727,-1226.5665,-57.797356,513.1869,-713.11945,267.12012,888.90594,-1147.2231,-38.670586,506.01993,-687.0668,383.31628,517.9104,-64.02377,168.71024,477.0298,64.47111,540.6575,722.7593,-502.30188,-83.1496,495.29037,-243.05577,486.4599,905.11017,198.16292,22.900185,660.73395,170.24944,455.42886,925.4056,262.55832,66.13662,679.6795,212.81195,570.94714,1027.0504,59.287903,-34.088345,798.03503,87.64032
down_175.jpg,biceps_down,77.81758,107.98889,-1501.6824,107.24573,65.07591,-1523.226,137.26857,58.721848,-1523.361,181.87909,45.397377,-1524.1719,57.70779,49.981842,-1495.309,39.88449,49.79538,-1495.4061,22.714298,50.526695,-1495.8586,222.80618,28.159904,-1353.5692,38.43541,57.776794,-1232.6757,128.9235,140.14404,-1409.8158,72.45831,127.34627,-1375.7699,381.07144,202.49901,-1228.1892,28.29222,144.82037,-827.842,396.48267,548.66187,-1220.6752,9.330568,395.7904,-670.3453,256.4096,836.5357,-1146.9609,4.3185496,467.38977,-642.7805,262.06604,906.1407,-1206.556,1.2726974,495.62686,-629.0448,231.9666,889.3432,-1215.8875,-18.092766,489.4895,-684.21204,232.95581,853.17566,-1146.7516,-2.3187804,480.6742,-668.1403,387.59946,513.3852,-75.45672,176.12274,457.953,75.89581,542.10077,734.2584,-512.52136,-98.36536,504.06693,-244.1065,491.5452,910.88385,196.13634,21.23801,654.4198,184.80869,461.923,927.1756,262.1665,66.16213,667.8524,230.89313,592.5825,1038.2552,81.86977,-33.06477,797.6063,143.31522
down_176.jpg,biceps_down,97.07805,106.35082,-1411.5768,126.050606,48.963585,-1426.3539,167.01349,47.61757,-1426.4126,189.30186,42.523346,-1426.9385,75.819244,56.211967,-1402.8258,57.918034,57.326355,-1402.8898,50.24893,57.433853,-1403.3087,234.95125,39.947166,-1250.7069,46.51446,65.98816,-1151.3308,152.57066,126.69163,-1321.1339,90.80906,128.60355,-1292.8104,379.15152,196.21513,-1123.3132,16.093704,163.78445,-812.9953,391.71667,584.5074,-1176.8466,-44.59153,419.9919,-717.5304,215.46942,800.6928,-1210.4119,-140.37381,543.7977,-748.6093,189.44086,874.78455,-1281.4662,-176.32545,575.14935,-768.24164,152.77054,849.2583,-1279.0007,-182.98021,578.89795,-835.0346,164.38779,822.27185,-1205.8806,-152.59383,572.4993,-782.80963,392.99228,500.20477,-43.596264,190.16173,452.0204,43.743134,543.2089,689.2926,-685.7623,-63.960342,529.3046,-330.6601,492.43408,887.7371,-26.275354,15.400923,653.732,218.09721,462.73203,918.4851,37.38583,55.56962,671.1622,275.9558,601.20825,1031.0043,-147.69218,-48.113552,775.9907,186.67024
down_177.jpg,biceps_down,108.60406,129.17682,-1436.6968,125.67647,85.15732,-1460.4382,148.19572,81.37215,-1460.4581,173.41212,75.02869,-1461.1136,82.060684,74.831276,-1427.9388,67.35894,73.1081,-1428.0303,59.536823,71.89861,-1428.361,227.52385,54.805107,-1295.4628,56.495197,80.26165,-1152.499,162.52312,155.83005,-1347.0084,111.587875,180.97949,-1307.2839,387.8931,200.44357,-1159.4255,31.900349,163.62251,-820.22314,398.5771,593.07056,-1223.3134,-25.19577,435.0043,-851.2613,180.88766,780.88226,-1300.5236,-94.76656,534.8632,-1060.8859,130.50626,851.46594,-1399.8922,-120.07181,566.56915,-1116.1785,95.41521,810.89386,-1385.7612,-123.97565,553.58075,-1177.5638,101.099815,788.61975,-1290.2184,-99.42215,545.13873,-1096.4916,385.58673,510.72223,-58.839115,186.16916,454.52252,58.73953,538.9487,708.84827,-896.058,-118.68419,592.4398,-361.56705,485.83542,903.2456,-35.831207,-6.912439,712.2486,286.97058,455.80035,925.1289,51.105873,42.257515,724.7688,355.26596,588.4537,1026.0964,-101.01018,-77.95319,859.1166,287.53452
down_178.jpg,biceps_down,101.36594,131.16483,-1515.2683,116.740746,80.63484,-1542.7555,139.61357,75.14347,-1542.9,181.14636,73.432846,-1543.7134,76.56422,83.807144,-1511.0455,56.578945,82.37038,-1511.1644,32.464108,69.83631,-1511.5457,213.65056,41.810875,-1382.9586,41.16547,87.09938,-1242.8323,158.43205,151.26141,-1424.8442,100.54162,185.64618,-1386.1703,388.04535,190.55179,-1223.4421,9.887567,156.25455,-913.5014,376.47134,599.16724,-1314.0654,-60.766495,431.91406,-922.1681,113.35974,756.5648,-1380.5704,-128.8759,547.0299,-1039.2949,60.28653,814.40015,-1475.4867,-152.56143,577.847,-1086.7772,26.660385,765.8967,-1444.6158,-155.35814,567.35315,-1135.3551,30.253044,754.0631,-1363.6359,-131.23048,557.902,-1068.0847,368.55066,482.96313,-50.07781,163.59386,439.3098,50.23327,553.5563,691.1665,-937.229,-133.309,547.897,-518.43304,483.7374,886.66656,-122.27047,44.6214,720.40784,72.9352,455.0403,906.8341,-39.77206,103.3426,732.8625,134.02242,585.9732,1028.4305,-212.47702,-9.524889,891.245,14.559933
down_179.jpg,biceps_down,122.7985,133.3125,-1401.858,148.19258,92.4976,-1430.8651,161.57076,90.013695,-1430.9395,185.95927,83.12561,-1431.7134,96.94645,95.09842,-1405.1039,88.540855,92.477455,-1405.3218,67.97312,80.45063,-1405.7842,232.6203,62.949524,-1272.3553,66.55694,81.6209,-1159.7935,165.2848,156.26404,-1311.3348,111.14128,148.55624,-1281.0292,388.3179,194.24039,-1111.1823,25.2542,140.06844,-837.04663,383.71423,551.7686,-1181.373,-54.84993,386.84546,-845.8794,97.36166,701.29083,-1224.056,-82.35918,472.14542,-993.3775,41.402622,739.77386,-1295.1951,-94.28107,509.50684,-1028.894,11.852552,699.43713,-1260.3157,-98.34137,495.63065,-1053.2308,33.427834,677.5178,-1202.4143,-79.8976,484.4641,-1009.9465,363.81323,495.16403,-47.881306,154.96695,438.14905,48.072617,543.17377,698.22485,-805.6192,-147.35493,498.28082,-424.8344,486.82657,889.9371,6.7809167,-4.605782,695.093,117.371124,453.98972,911.3623,88.623215,40.8079,708.50757,173.6396,595.964,1023.31226,-80.35046,-45.321953,856.978,55.126343
down_18.jpg,biceps_down,522.8442,419.95575,-205.0501,544.01416,396.55716,-229.43593,549.21906,396.57608,-229.56625,555.031,396.81256,-229.75195,537.5445,396.15024,-184.7752,537.97076,395.7332,-184.82787,538.5371,395.45932,-184.93744,581.32385,410.2199,-245.40906,562.59564,408.078,-45.21294,530.9978,439.9441,-203.6117,523.5919,439.84592,-145.97977,625.4097,529.28864,-327.24792,537.2953,524.11725,142.37238,581.92834,654.5425,-407.3021,493.51587,619.7253,296.32712,506.149,612.16296,-350.08423,486.16153,585.12897,335.9527,500.36505,608.76355,-373.25027,486.0006,576.61444,345.1286,502.26978,592.1017,-374.5294,487.0122,566.56226,328.93326,504.75113,593.6122,-346.45508,489.43448,570.8263,325.62585,576.8969,811.2348,-157.18022,531.53467,803.0297,157.34541,549.3654,1026.2185,-60.40504,522.7475,1003.5792,250.59798,567.70605,1209.625,88.52676,566.1903,1188.6107,402.62006,586.0169,1244.9087,97.59716,579.48444,1223.8489,410.8444,476.2604,1252.3152,-54.14423,462.13263,1221.9752,309.98593
down_180.jpg,biceps_down,106.53891,143.91357,-1270.7025,148.11703,109.43985,-1310.1451,161.99258,107.13909,-1310.167,181.65001,102.27783,-1310.863,99.25673,107.127495,-1274.8756,83.67449,112.181854,-1275.0005,66.16521,108.9336,-1275.393,233.89899,78.658485,-1205.111,68.239174,98.34324,-1048.6975,154.80963,167.95235,-1200.1552,108.07017,168.08475,-1156.7277,390.79468,206.10431,-1057.7816,49.70099,146.03348,-758.9364,380.7804,556.67755,-1091.8252,-33.770836,367.01794,-662.9112,90.06766,656.9065,-1128.5314,-74.62592,469.92072,-718.1483,32.024223,702.10815,-1200.9196,-95.18022,508.98425,-745.82416,2.5563169,656.71545,-1173.7963,-94.26904,497.5388,-788.76434,23.09193,634.3034,-1110.4128,-71.984184,488.0902,-740.48914,369.63364,505.9177,-51.554405,172.00749,436.38492,51.719276,548.57574,688.73535,-784.45135,-118.34121,504.4942,-324.13068,491.94397,897.7247,-106.70476,29.980938,672.2983,99.28612,448.42474,922.76196,-36.471657,78.15494,687.41797,146.717,585.0716,1020.44714,-180.78815,-18.402765,810.0083,60.715496
down_181.jpg,biceps_down,127.28157,127.717514,-1258.0989,157.5202,72.85175,-1278.4635,178.25012,70.16743,-1278.5819,199.29796,55.991974,-1279.1735,107.81111,73.78937,-1251.4534,90.48522,71.85295,-1251.6624,65.00259,59.33075,-1252.0687,235.9041,50.45658,-1123.5286,71.6601,63.212128,-1001.70404,169.49718,144.94916,-1173.1992,117.10283,149.7897,-1139.3888,391.7524,192.3717,-954.6705,18.521126,156.022,-714.21704,397.1323,544.23193,-1004.3659,-29.016651,407.48215,-629.6672,120.71738,623.6463,-1089.5344,-43.884243,504.5596,-749.295,50.687912,662.37695,-1163.7041,-55.629982,542.4928,-790.9273,33.101013,599.14606,-1128.0127,-55.345837,524.9813,-823.62177,48.09458,586.5788,-1067.6521,-37.981625,513.52454,-767.9006,352.9654,518.0105,-31.897617,146.71754,472.59308,32.141113,549.3799,687.76416,-572.8488,-82.37427,539.8667,-402.6947,494.34442,888.3209,140.51636,43.416336,750.7861,135.88179,456.7957,921.6533,210.43277,87.623,772.66296,191.17792,606.7271,1014.32684,38.084003,-5.24271,889.55945,43.874657
down_183.jpg,biceps_down,119.098274,86.795845,-1346.9954,152.06467,27.304955,-1361.7847,174.97185,25.58609,-1362.1193,197.8269,23.957176,-1362.8741,98.59762,27.417831,-1345.3859,79.231384,26.249466,-1345.4249,59.84135,25.134506,-1345.9474,243.67612,25.992622,-1194.195,54.50622,29.253502,-1126.2927,166.1974,125.347595,-1256.509,96.07932,126.57532,-1237.7025,369.157,188.00626,-1023.79706,-14.297891,159.87842,-792.99146,402.66647,524.2968,-1009.16034,-7.7820325,411.00052,-589.2129,118.34316,581.0306,-1002.4166,20.497248,526.5712,-625.66785,40.883133,623.77954,-1081.6061,15.016894,545.6509,-671.47345,18.128149,558.53326,-1024.3608,13.980703,541.0018,-703.90424,47.697594,546.1518,-977.47943,29.261097,536.7666,-646.8615,343.9439,527.3334,-41.58467,156.8686,494.9344,41.680077,524.3026,700.09717,563.8754,118.927475,614.9451,705.4525,503.12912,885.5646,1248.6423,170.79224,710.41315,1387.3615,486.44278,907.7685,1312.786,196.18884,717.13837,1456.4055,571.3288,1013.44086,1156.5431,142.64908,819.5596,1360.3186
down_185.jpg,biceps_down,158.09668,58.44246,-937.05396,162.22253,10.101776,-958.4437,174.31912,6.1837387,-958.60596,186.44846,2.3550415,-958.95667,133.91876,16.464348,-954.6589,122.33328,17.816505,-954.81116,110.70129,19.214249,-955.242,205.13977,2.5993729,-845.6042,104.317825,24.878769,-834.4066,189.7324,81.47671,-872.8836,148.41292,90.59929,-869.8081,317.84808,121.35681,-658.8801,83.114685,198.62556,-606.31555,392.58356,412.48508,-540.6815,136.55862,441.23776,-380.07425,155.28024,502.23364,-438.80728,188.1819,510.05325,-245.76895,105.15757,528.1316,-447.48126,204.48836,536.7656,-236.86339,92.78553,484.02008,-405.66846,191.20546,520.3796,-253.66966,100.73549,482.64978,-410.432,191.63646,506.93195,-247.08443,379.06998,479.1449,35.06824,256.8784,530.5282,-35.00508,553.5358,670.5874,204.202,384.11575,738.4622,190.16965,495.35498,862.0128,748.49744,481.35953,894.0463,642.0204,458.1308,880.53107,801.4911,452.8183,920.16833,687.19604,549.6769,971.28125,733.3,550.22345,999.53094,575.0775
down_19.jpg,biceps_down,522.4842,422.57098,-116.513504,539.66644,400.6701,-144.76884,544.96906,400.36877,-144.85434,550.416,400.2171,-145.02193,533.5845,401.06183,-97.99483,534.0043,400.9702,-98.080505,534.79517,400.90515,-98.12445,577.5033,411.37274,-177.80037,561.2833,410.83194,27.186632,533.7366,441.79083,-121.71373,525.7804,442.56717,-62.816257,624.66473,522.07404,-280.1578,548.38983,520.49506,204.3046,573.16785,652.3518,-259.3668,497.72037,627.5809,127.50005,503.28668,608.55505,1.804019,490.66223,577.3891,-120.345665,489.89957,591.6589,14.322042,488.3914,564.6003,-140.90263,491.11566,575.4717,16.326588,492.11093,553.2901,-137.2376,502.60495,589.64526,15.2424135,497.28217,559.154,-130.49434,578.2484,808.1025,-153.83441,537.3565,800.8297,153.78357,555.69055,1027.3176,-96.11932,528.0427,1001.5363,202.12428,574.8228,1218.6306,-7.722735,569.97095,1192.2944,298.25534,593.9399,1250.4863,-4.1561403,585.44763,1222.1364,301.70053,484.30573,1259.4702,-138.30603,469.3583,1222.3579,223.72098
down_193.jpg,biceps_down,127.15486,74.247894,-1050.1135,136.01958,22.101402,-1079.5496,150.83272,17.876778,-1079.6864,165.68607,13.820038,-1080.1176,101.11078,28.491135,-1062.6776,88.470024,29.489174,-1062.8433,75.78438,30.511398,-1063.3303,198.8273,9.353142,-985.9895,75.09737,33.466873,-912.21344,168.6456,97.32548,-991.148,121.53299,106.43677,-969.4509,367.4914,116.320496,-809.203,44.947815,183.00026,-645.3284,425.20694,391.65613,-649.7765,55.32792,416.418,-428.26373,150.49863,546.57825,-512.49115,36.696247,488.70587,-355.18036,118.19536,594.2341,-532.8254,32.273518,513.3297,-356.32782,65.37912,559.22534,-507.93906,18.396778,499.82452,-394.75757,93.23131,552.0867,-491.0414,31.577368,488.4367,-370.32388,406.49164,471.4272,-28.180613,223.03096,485.02487,28.364317,530.1691,675.22205,180.94122,150.37494,677.26245,58.59257,497.54126,895.5258,873.1655,208.60878,776.9897,771.7876,469.7941,923.6911,937.9499,238.91371,781.06555,848.5138,566.38684,1002.89685,847.84796,163.30788,903.16785,822.4481
down_198.jpg,biceps_down,151.56468,141.76617,-1488.967,172.77072,79.31965,-1505.1582,193.73282,74.51145,-1505.542,214.67706,69.846115,-1506.3016,119.89517,85.32616,-1498.0286,99.76704,85.34817,-1498.0607,79.7212,85.37933,-1498.5784,246.67899,52.280006,-1311.4509,60.88919,75.471954,-1284.9216,194.30342,162.25812,-1384.9315,125.6398,170.668,-1377.8369,370.2419,156.91528,-1157.6604,-3.0187726,180.81589,-903.03455,388.37628,500.21365,-1164.8461,21.043432,439.8076,-695.8914,127.199104,730.60205,-1180.8907,4.5042872,529.3862,-645.5808,82.83552,777.7571,-1272.229,-3.9761066,542.9646,-677.82745,56.773117,737.0709,-1242.6593,-21.586311,536.8741,-718.6151,70.477104,721.64557,-1166.0347,-4.6264887,533.5275,-668.2245,368.13348,498.9955,-19.066338,184.12318,509.52548,19.36056,527.68805,718.1277,540.4092,205.85045,707.5167,641.04785,495.2978,890.3845,1335.6847,285.28824,828.8948,1361.2395,471.79996,906.8381,1412.3574,302.73358,835.8944,1434.4016,572.61847,1008.3204,1278.9237,305.32065,946.7438,1299.5795
down_199.jpg,biceps_down,118.11507,146.26892,-1208.8267,137.6832,89.11766,-1229.9761,156.37302,85.826416,-1230.269,175.06848,82.66262,-1230.941,94.82989,91.93249,-1212.3206,79.24741,91.493835,-1212.3236,63.682358,91.07338,-1212.7396,216.01357,76.86363,-1111.3733,64.77505,90.05623,-1035.8942,164.59607,173.74774,-1139.389,106.98113,179.32938,-1117.6321,361.83493,205.49298,-995.7484,41.07981,200.45059,-709.08386,391.60892,516.1982,-984.13007,30.144232,420.08917,-496.33502,148.75786,755.03876,-1007.9633,-30.154638,481.22556,-454.5553,102.59353,810.315,-1088.7556,-44.431736,490.1143,-474.26343,77.74282,773.00183,-1068.1133,-67.57984,484.13913,-521.20905,87.86861,747.03125,-994.9529,-48.19451,485.68884,-478.36536,369.97632,516.7534,-38.514164,197.35085,505.19565,38.90758,529.44995,722.1597,407.9282,142.87138,681.4147,513.78644,492.62042,893.8179,1062.2789,178.649,802.7788,1123.49,477.44162,913.0708,1122.5809,202.05605,812.80505,1185.5345,573.3735,997.61664,997.9335,152.31227,915.18567,1095.8684
down_2.jpg,biceps_down,518.2576,411.11633,-33.36958,538.0513,394.3301,-63.218933,542.6457,395.02588,-63.338676,547.3464,395.83423,-63.412598,533.8252,392.7884,-14.472699,535.3028,392.39194,-14.476587,537.10675,392.0546,-14.606188,574.26135,410.01157,-137.41357,565.3354,406.5827,78.97342,528.8653,434.0464,-55.76775,524.28735,431.9555,7.0932035,595.451,516.678,-271.45453,558.9372,528.03156,226.04196,620.6995,655.5652,-377.3605,535.15814,648.55505,332.39963,577.6721,752.7359,-432.90408,506.68384,693.88074,300.69897,573.20197,795.89734,-472.2772,500.79053,709.8713,300.99673,559.81744,778.963,-473.97006,491.99536,702.554,257.21268,558.43207,771.22327,-432.3382,494.31387,697.1804,277.33362,539.81934,808.8337,-152.90033,519.3358,804.47095,152.91287,557.7638,1014.7659,-137.76147,540.22174,999.23285,151.91374,568.3086,1215.6053,-93.20731,571.0567,1202.2231,195.99435,590.58826,1255.9983,-96.36048,581.7326,1244.0115,192.04602,466.83612,1258.429,-252.71252,472.29608,1237.4213,94.76777
down_20.jpg,biceps_down,524.18115,421.3553,-178.20248,540.4034,399.99988,-203.32272,545.3305,400.27158,-203.41747,550.87787,400.66943,-203.59215,534.57935,399.06143,-159.02061,534.95825,398.65463,-159.10616,535.3143,398.38425,-159.18953,579.1443,413.51547,-221.45532,560.94916,411.2874,-27.509878,533.7295,442.96777,-177.9778,527.2332,442.09778,-122.288536,623.2386,525.91797,-315.9483,550.841,522.3331,144.79005,560.61206,655.787,-327.77133,500.3832,630.4446,115.252365,487.6405,593.0391,-126.408295,488.3982,594.6327,-69.48711,473.22507,588.58734,-127.28943,485.5018,586.6046,-88.273384,489.62808,573.7261,-126.6748,487.92883,575.6562,-90.03919,492.34354,575.70197,-116.49079,493.05005,579.60486,-80.03105,573.74286,813.24677,-145.49768,537.6764,807.0051,145.54369,553.525,1029.0016,-44.29529,537.5764,1006.4548,234.30783,574.64813,1215.4958,87.21306,572.58167,1192.9359,371.57907,590.1129,1250.112,95.146965,588.86395,1227.8785,379.44193,480.9212,1248.4634,-33.955055,475.81125,1222.0564,297.7844
down_21.jpg,biceps_down,523.73474,417.62927,-133.28435,540.4359,397.18298,-168.07166,545.2929,397.54065,-168.18683,550.4065,397.99176,-168.33568,534.76544,396.4767,-114.53208,535.23175,396.2749,-114.59696,536.02576,396.16357,-114.76254,580.48,411.68933,-222.23059,564.6744,409.56433,16.62775,534.27466,437.86984,-145.16266,527.3637,437.69617,-76.23581,627.13007,527.07806,-313.41544,556.87103,514.30505,184.70837,591.3246,645.2166,-419.75018,510.73065,616.6244,323.7226,521.5362,627.9492,-393.41034,502.6241,614.4377,329.70856,505.03424,617.8712,-425.7522,501.95932,615.1452,337.03186,514.6484,602.33527,-422.3419,505.8115,604.66486,312.73422,516.81287,604.2231,-388.79874,507.14224,605.3171,316.47388,581.28656,810.8511,-161.43408,544.2261,796.26776,161.59222,545.43896,1025.8591,-130.88503,528.43964,1001.7334,199.80157,565.8719,1218.0051,-24.533184,567.7416,1193.8608,290.54587,578.65155,1254.3508,-19.829922,585.83203,1234.8358,292.32455,468.92398,1254.7831,-160.11183,465.52444,1229.3422,190.08011
down_22.jpg,biceps_down,528.8613,425.36893,-236.82198,548.54034,401.9781,-249.98587,553.98065,402.24292,-250.12794,560.2058,402.8036,-250.33919,540.01544,401.62012,-213.23206,539.47833,401.49936,-213.26706,539.0951,401.5669,-213.51067,584.69995,414.93332,-207.25461,559.46,412.91946,-42.441845,540.0879,444.8156,-213.45692,529.3212,444.98425,-166.55498,630.18665,526.01,-266.09677,527.8735,527.64087,164.0341,599.70557,654.59424,-410.39322,503.0815,619.5053,313.49887,519.61176,615.39294,-491.2261,498.22702,604.204,279.4832,503.9348,606.59204,-527.60706,496.31836,604.3473,277.12634,513.51825,592.8501,-532.71515,484.46075,584.3216,251.97148,515.8956,594.9602,-491.61325,500.22888,591.1716,264.53534,582.18036,808.89777,-151.8133,536.04315,803.02124,152.09976,555.99567,1033.1416,-125.30248,529.971,1013.2228,192.24051,568.5419,1220.3527,-15.019208,568.8235,1199.2722,325.37457,582.95233,1248.9487,-12.034064,580.8768,1228.5223,327.77225,481.65204,1261.3274,-201.36076,468.25412,1237.2175,184.1462
down_23.jpg,biceps_down,533.71533,412.7589,-176.33961,551.80676,395.5679,-197.19249,557.07184,396.16412,-197.29639,562.6312,397.0368,-197.45854,545.15656,394.3959,-150.1177,545.2884,394.00818,-150.10982,545.83545,393.85037,-150.25589,587.2372,411.1636,-200.07054,571.1052,409.08817,12.986916,544.8447,435.01752,-170.1136,536.413,433.23013,-108.74957,625.0166,525.95825,-264.7206,548.95953,525.0984,208.47275,612.9442,662.65564,-367.414,518.5028,652.71674,292.45334,555.11523,639.3662,-373.46008,511.54562,625.39514,159.55862,555.81586,614.8164,-396.60538,510.9005,613.5434,149.13708,551.91,608.3477,-383.22934,513.1826,609.53125,129.41014,551.3651,612.26044,-364.03485,514.62067,613.3562,145.09937,575.76245,802.6478,-172.82121,541.2678,808.0732,172.86676,530.155,1015.4425,-197.76921,519.8984,994.1271,221.55605,506.2421,1219.6206,-160.06258,562.3508,1189.575,344.69565,529.23883,1252.5034,-162.84047,572.1981,1232.1206,350.7083,442.41397,1247.0688,-336.987,465.1092,1233.1431,256.9959
down_24.jpg,biceps_down,537.1868,417.18372,-345.2746,557.0786,396.63287,-338.01212,563.09686,397.33035,-338.21277,569.4712,398.357,-338.4398,548.0672,395.73105,-309.4673,547.5112,395.65732,-309.47495,547.3537,395.72177,-309.70575,591.2848,413.27176,-221.61066,564.97577,409.33057,-92.11379,550.5422,440.0815,-296.94373,539.0531,438.3059,-260.22076,630.31635,527.6525,-265.42133,522.06995,537.318,138.06366,622.8166,657.2826,-386.9435,508.0737,652.32416,122.81966,567.59314,665.432,-514.7312,516.50775,656.6333,-161.95245,548.55273,656.31946,-562.2704,505.89444,648.7751,-197.33183,543.7929,634.42413,-568.276,506.65228,626.8389,-224.10182,545.86176,636.9257,-517.40784,507.8508,629.2376,-181.86801,587.4546,810.52405,-158.14986,530.19385,803.9735,158.27893,544.3009,1030.908,-151.73628,520.1796,1009.77814,190.18776,573.5406,1220.5269,-20.644136,550.34283,1193.5914,338.33752,593.4948,1252.6454,-18.44789,576.0058,1232.5519,340.81387,479.99054,1262.0746,-216.78596,452.44992,1235.112,188.27127
down_25.jpg,biceps_down,534.6421,419.07578,-206.98378,554.1817,397.6419,-225.45486,559.5801,397.67502,-225.64075,564.9013,397.94528,-225.84991,548.948,397.27112,-184.15375,549.73584,396.91562,-184.1588,550.9145,396.62198,-184.30855,586.77576,410.76257,-212.18065,568.52484,408.4116,-27.44153,546.03314,438.6551,-193.92131,539.6167,438.07178,-140.81613,620.8924,524.1078,-282.24713,553.3153,531.74554,147.21133,592.1805,659.0046,-329.07678,514.7336,661.23114,73.60871,544.44684,649.23346,-320.118,532.8467,678.4242,-218.3631,518.266,627.7957,-357.3894,539.3189,688.6488,-255.92815,516.6181,609.03253,-357.02728,538.9771,669.98486,-277.1019,518.3083,611.77924,-317.29654,538.59644,665.0206,-236.74998,584.7274,803.7122,-163.03998,545.1009,806.644,163.01451,552.8492,1017.1228,-140.3235,523.7709,997.27466,217.64482,569.6864,1218.2673,-52.472496,569.9778,1190.5245,319.03256,594.979,1258.9213,-53.648903,584.3176,1231.6766,320.95416,465.6641,1258.1572,-231.14029,468.45123,1229.0588,206.5246
down_26.jpg,biceps_down,534.3219,420.4172,-233.5714,551.77094,397.38095,-242.7603,556.9686,397.65652,-242.92503,562.4283,398.1831,-243.10648,545.13763,396.8177,-206.35999,545.2802,396.62173,-206.37706,545.77954,396.51086,-206.60266,586.465,411.2175,-192.22615,567.66437,408.6354,-28.22766,547.5652,441.54657,-208.73628,539.7594,440.69775,-161.66199,620.68774,518.64307,-277.009,554.1473,530.14075,188.35815,632.5326,634.1142,-471.9337,528.42365,644.1684,234.78094,559.6984,640.769,-655.11035,523.99585,644.8927,32.834644,540.4948,649.89014,-714.1579,510.93542,644.8719,12.261881,533.5991,627.4193,-715.01825,497.5545,618.30316,-19.271503,553.0995,635.7887,-657.2563,499.799,621.67145,12.649358,599.5581,805.9291,-175.50589,560.04956,805.89526,175.69287,544.57184,1018.50916,-190.13654,535.3695,992.23816,204.09149,568.58417,1217.3738,-117.04446,568.9388,1190.0728,316.15628,585.6779,1251.9736,-119.233505,593.7427,1228.5577,317.0867,458.07306,1262.1083,-298.18573,473.47052,1227.8728,194.76814
down_27.jpg,biceps_down,535.562,418.18445,-140.11945,551.4393,396.5794,-171.93005,556.5328,396.70422,-172.00687,561.52625,396.97577,-172.19708,546.0512,395.77878,-124.27264,546.65234,395.2856,-124.31975,547.6078,394.89886,-124.57392,585.34125,409.3,-207.00471,573.7126,408.2838,0.7653683,546.4888,438.95264,-144.57468,540.8815,438.56207,-84.927216,610.5121,516.6383,-319.2914,573.70996,519.4378,181.38947,584.1216,638.6393,-297.33258,535.5097,643.42474,129.86131,549.49744,647.6372,-115.28545,508.69183,629.0615,-110.12942,525.3121,642.3501,-127.596375,503.77383,623.501,-131.12411,522.0233,618.4242,-133.93738,502.38538,604.58075,-144.65378,543.9992,628.1208,-109.54938,517.4134,610.8517,-124.074486,583.2878,797.9957,-172.35414,563.29236,799.85364,172.57854,546.78107,1020.14026,-130.22067,547.78546,998.1637,248.43509,573.33325,1226.699,-67.76977,576.058,1195.045,354.98486,592.10767,1259.5869,-68.12972,594.5315,1233.7612,357.92212,466.71133,1250.7976,-205.62686,479.69794,1224.6241,275.01312
down_28.jpg,biceps_down,526.7718,411.19812,-114.51216,546.26587,391.81116,-149.11508,551.3059,391.98544,-149.27574,556.4357,392.3419,-149.53825,541.3021,391.60724,-91.67107,542.55347,391.42603,-91.71637,544.2722,391.1169,-91.81934,583.3382,408.04572,-209.4372,572.15155,405.1016,43.645992,537.52075,432.039,-129.60518,532.5485,431.2271,-56.613007,603.7756,528.46606,-321.82343,570.45056,523.7936,236.76483,582.40564,674.129,-256.33536,531.86993,668.6096,137.87978,541.41156,678.2319,20.01113,522.1764,681.3239,-161.75642,529.93774,676.36304,14.496091,520.62915,687.8135,-187.62622,513.54614,642.61774,15.513776,520.76184,670.21313,-206.44292,529.3618,648.82983,30.679531,522.2198,666.82654,-181.09721,579.379,791.698,-187.09358,559.92334,789.32587,187.24713,541.9776,1014.9344,-163.37238,537.72815,998.1058,234.47572,567.0191,1212.988,-67.05391,567.5828,1188.7046,314.55408,592.2142,1251.2449,-64.580154,587.55817,1231.7628,315.05203,469.264,1254.4246,-203.03136,481.07727,1229.544,219.27304
down_29.jpg,biceps_down,528.1116,413.2837,-85.84582,546.85486,393.185,-125.71151,551.23755,393.2034,-125.790504,556.4147,393.3359,-125.94009,543.13635,392.92657,-69.51706,544.5562,392.64404,-69.58412,546.3222,392.42752,-69.782715,582.16833,407.21472,-206.79617,573.55115,405.74323,40.585674,538.1321,432.98224,-108.84584,533.94904,432.9553,-37.29935,602.05237,517.584,-349.57452,583.7582,526.2089,231.5422,579.2318,639.6745,-354.33444,557.20856,660.5645,280.88367,533.60803,658.23236,-172.76851,507.10703,628.9472,173.00671,501.21396,645.02527,-189.53127,500.50522,625.7402,176.80605,502.46265,639.7321,-191.5791,502.25687,618.55237,151.88171,518.88525,644.3975,-165.5664,506.01273,621.6365,157.50912,584.3773,803.5394,-192.50798,587.6708,812.5791,192.75317,545.47217,1017.7865,-170.2506,554.5857,1001.64026,239.26776,569.2559,1220.4608,-102.657166,576.5993,1190.367,319.3378,588.005,1254.2043,-100.839966,591.99414,1233.7782,319.82703,459.56805,1251.0092,-220.28455,478.6565,1233.3896,239.3219
down_3.jpg,biceps_down,525.9103,419.20844,-140.5085,544.1165,399.0408,-160.18921,550.05383,399.32922,-160.34972,555.9502,399.84302,-160.4913,537.82526,398.25284,-117.27253,538.60956,397.81903,-117.272606,539.8375,397.47525,-117.40857,581.5985,412.72717,-181.4895,568.30756,409.993,10.619212,537.8297,441.08698,-142.23485,531.7127,439.1675,-86.59136,612.41223,528.66,-289.95688,550.5913,538.64795,174.69894,610.0257,673.5694,-325.6218,521.76465,678.86597,247.02643,547.1776,776.82135,-268.3768,503.43668,757.996,153.65251,526.73083,800.8633,-296.9691,514.13336,772.6291,140.76385,529.9567,780.3496,-302.898,511.7079,764.12805,104.6336,535.6806,771.81976,-266.92902,514.9949,754.9232,132.64642,585.7906,823.84735,-155.59103,542.7161,813.71497,155.50148,562.6601,1023.64087,-116.50743,542.5154,1000.71783,202.70277,577.01447,1218.9744,-25.828678,569.54895,1197.4531,298.57724,595.25305,1258.1691,-25.790113,585.48145,1240.6263,300.29156,465.79874,1256.082,-189.14333,469.34537,1231.4645,205.96169
down_30.jpg,biceps_down,526.239,415.83896,-52.033245,544.77014,396.26636,-94.88673,549.20917,396.33307,-95.01417,554.28174,396.49896,-95.172295,540.58246,395.91415,-31.696991,541.8192,395.62067,-31.68068,543.4684,395.31543,-31.774265,580.9083,408.68427,-191.01244,573.33,407.5027,87.48949,536.504,436.46204,-80.315704,531.871,436.19797,0.6562745,587.79626,523.4391,-340.31522,592.3002,524.2123,283.58713,556.70984,649.62964,-301.08682,574.189,657.80646,361.4618,530.4662,683.626,-49.752644,543.2598,677.6151,280.97067,528.0453,693.9831,-67.71816,538.58734,685.3402,286.93353,531.8021,681.23505,-69.15493,509.95377,666.93085,246.59981,535.87695,679.563,-42.13201,531.9186,668.6605,259.30267,577.3556,796.9364,-199.76608,588.6486,790.32434,200.00763,503.87903,1010.7203,-216.12704,550.4772,999.50757,243.81795,449.67032,1221.8391,-181.94412,575.5893,1196.4761,274.0186,467.36682,1265.5251,-183.04381,598.4134,1240.525,271.61835,349.63348,1246.3549,-296.14453,490.52695,1226.3313,203.5222
down_31.jpg,biceps_down,526.2857,416.38208,-140.66922,543.394,396.57318,-170.17712,548.2404,397.05634,-170.31244,553.3012,397.6506,-170.55168,537.7939,395.54962,-126.5179,538.0526,395.26917,-126.500725,538.7214,395.0382,-126.75968,578.25085,411.32013,-190.2205,567.025,408.7607,0.23194373,536.5421,438.16174,-138.03174,530.2496,437.17535,-83.14171,588.20447,513.745,-302.6159,587.3027,519.3354,211.53958,549.8814,641.8075,-277.57037,561.9021,660.6572,291.5307,538.516,678.52014,-108.540276,546.92816,672.0752,202.4591,540.4241,687.06885,-123.80884,548.0104,679.14246,205.29282,545.8452,674.73114,-130.32082,523.7557,648.1934,170.44652,547.8628,673.5892,-104.85159,527.9132,650.8251,184.26126,562.8101,792.6981,-176.29942,556.56165,788.059,176.66682,530.54065,1019.73865,-165.31822,542.8415,998.9619,216.1978,542.9264,1221.0117,-106.050415,578.0689,1199.0989,301.2571,563.21045,1256.1438,-105.730286,597.80426,1241.12,302.32132,462.96954,1244.8071,-228.14764,486.0156,1221.6904,209.54428
down_32.jpg,biceps_down,523.35925,419.797,-84.324814,538.939,399.14948,-114.544495,543.25793,399.12854,-114.62741,547.7487,399.1687,-114.81373,533.7253,398.25446,-66.02176,534.396,397.57245,-66.01341,535.2018,396.92093,-66.32095,570.86005,409.39197,-160.68753,557.56915,407.64825,54.42387,534.20337,440.09955,-94.08951,529.3503,439.08508,-31.904745,599.6618,512.0914,-280.987,551.5767,531.0639,214.68605,578.7142,646.0112,-304.95438,509.93515,672.7383,267.0735,530.3707,713.3898,-238.14445,487.6722,715.6223,139.64061,534.347,729.6839,-273.08118,486.2772,730.91724,128.8249,532.8721,716.4867,-282.2185,480.37042,716.0151,91.14459,536.3828,711.4173,-238.7804,483.74756,709.6758,118.11058,578.2853,791.41284,-166.92935,544.9446,787.5283,167.25555,533.2686,1015.73303,-194.67233,538.6455,992.06055,231.56221,488.36023,1229.8973,-184.1224,581.10486,1193.2991,324.96768,506.20334,1269.5068,-191.3213,596.6837,1237.9392,326.5361,395.9324,1272.8765,-358.7994,478.48364,1219.5704,224.58505
down_33.jpg,biceps_down,518.4261,419.44888,-174.98888,534.9423,399.17963,-197.873,539.93414,399.53577,-198.03886,545.0026,399.98718,-198.26096,529.0286,398.128,-156.86516,529.3365,397.62668,-156.77858,528.88696,397.14288,-156.99248,570.2036,412.13593,-194.43155,552.7574,408.79785,-14.457109,529.84845,441.4301,-163.91357,522.95306,439.98694,-112.02371,584.33405,515.33264,-314.612,564.8077,525.2777,213.57237,529.95734,646.3926,-340.96033,548.4297,655.7724,293.0325,520.7414,725.94055,-253.46146,542.728,702.0191,181.94215,525.72406,745.9957,-283.5601,545.1549,720.7466,179.6808,526.7966,740.8452,-291.4412,535.7454,709.5013,136.64702,527.07135,735.6489,-252.81818,535.9958,702.6896,159.58995,566.368,794.54663,-176.68622,551.4409,792.2123,176.97545,526.7584,1019.2643,-175.68584,543.8387,1002.6056,208.14015,511.41623,1231.1847,-124.908005,575.8433,1200.9285,281.76956,536.0655,1271.21,-127.37615,600.4796,1243.1984,280.67758,455.83652,1254.6132,-270.12372,482.8522,1238.8955,181.58124
down_34.jpg,biceps_down,516.24994,414.86447,-194.83832,533.61755,395.88467,-215.99036,538.0458,395.9751,-216.09108,543.9126,396.1806,-216.27457,527.03204,395.51843,-174.96431,527.23834,395.19556,-174.91667,525.5119,395.04718,-175.20912,570.3861,408.47583,-222.01572,550.1926,406.61594,-43.874683,527.41296,434.92612,-190.08472,520.02637,434.98975,-138.73315,576.8823,514.8743,-352.1139,557.7301,526.64294,169.95433,535.9616,658.2458,-395.7719,523.80096,672.89856,220.79054,514.89764,770.2603,-318.22083,510.13196,752.5336,116.29781,508.89313,802.7442,-351.6867,510.63806,776.93207,115.66322,490.86536,798.9426,-354.17075,502.24316,770.03894,74.35678,505.40414,779.9047,-316.26324,493.31314,764.1199,94.79624,557.00494,783.2013,-169.10448,547.96875,786.7798,169.32684,521.69006,1016.91626,-144.9969,540.3351,998.4663,215.12582,500.59973,1215.7928,-50.06562,575.49445,1198.3962,329.5689,525.0732,1253.9098,-48.495342,596.30835,1238.0511,331.20636,444.01373,1248.2424,-195.66893,475.6255,1229.6266,215.06671
down_35.jpg,biceps_down,192.4119,418.30396,-24.397545,207.20807,397.53284,-56.4662,210.86137,397.4208,-56.554848,216.39209,397.0473,-56.647133,203.99847,397.89655,-4.325642,205.29506,397.76178,-4.2595196,206.80415,397.49692,-4.2990346,240.97101,408.26755,-121.53636,232.01367,408.88965,102.65857,202.91176,436.89023,-41.465595,199.5084,436.46622,23.24589,261.25797,517.2866,-226.62752,245.41226,520.0581,267.7963,291.52405,675.02325,-217.0618,202.09921,644.2193,304.32465,201.9116,738.3088,-76.02344,158.13249,621.14996,167.70898,183.8441,750.0,-99.511024,138.80397,608.0179,145.58923,175.88455,736.2155,-96.23181,132.47147,606.49414,114.484566,186.76666,732.28674,-66.49731,148.80804,604.8432,147.35168,289.34915,811.7042,-139.47044,308.8584,808.04047,139.56325,207.27155,1003.8734,-104.28564,414.78125,1001.31165,166.9279,224.52504,1204.636,-55.412292,539.68207,1190.428,190.98518,252.57361,1246.9061,-53.208282,597.16016,1241.7946,190.05829,127.24537,1245.396,-141.66302,480.90128,1237.6732,140.47685
down_36.jpg,biceps_down,186.3846,417.8683,17.950243,199.94246,396.5495,-14.9379635,204.22675,396.35162,-15.02524,208.96445,396.1438,-15.097791,197.10799,396.755,37.77512,198.91855,396.44473,37.84315,201.17693,395.95547,37.777847,237.1604,406.7598,-86.211174,230.24355,407.2511,140.18294,197.78296,435.48648,-1.1530213,193.72072,435.22952,64.31047,268.99777,513.70166,-200.8425,255.41402,518.0591,303.93695,275.04202,668.2584,-194.13672,201.95767,631.6002,379.63544,203.66425,762.022,-48.186512,151.69022,596.4844,274.00433,185.13304,784.79126,-67.75357,127.16772,597.65753,256.18515,181.14754,764.6593,-76.126,128.70125,590.0937,227.21051,183.26706,762.349,-42.213184,136.21893,594.7519,254.91695,306.36267,791.57166,-131.42743,327.0661,791.8446,131.47261,200.89677,992.3519,-130.51906,432.342,993.1805,124.020515,222.83842,1207.0781,-114.51306,570.2435,1198.8215,107.36268,247.29036,1249.7986,-115.77089,595.77185,1238.8186,102.50751,125.6716,1244.2974,-202.10773,477.7015,1238.842,48.552612
down_37.jpg,biceps_down,190.97751,422.18185,-3.0317297,205.07187,403.68677,-22.23466,208.83319,403.67038,-22.33145,212.87921,403.70087,-22.429182,200.03572,403.41992,13.329498,200.45515,403.08713,13.432083,201.14809,402.77087,13.349887,236.84718,412.87766,-40.55383,227.24109,412.6778,107.18082,202.97684,440.1016,-2.6342254,196.06235,439.2061,39.91899,247.39095,515.291,-139.31355,248.79716,519.1788,275.14764,267.91415,664.9914,-128.03134,231.69629,640.1416,355.05478,211.62885,756.31165,19.776718,201.62933,663.6945,285.78714,200.84935,772.6691,11.647918,196.2078,671.8993,277.1324,194.78532,763.8988,14.71544,187.43092,664.8872,247.3773,202.52467,757.2437,30.137077,188.73967,664.47296,269.2424,292.06253,788.51465,-114.12484,326.54886,784.6997,113.90709,210.01924,1006.08594,-88.98088,429.19672,980.60254,113.0195,230.89017,1211.8739,-79.75997,554.4962,1188.3636,87.9072,259.0925,1249.0978,-80.997086,590.7997,1227.4961,82.63655,133.50883,1256.3743,-160.81508,475.8281,1242.3739,28.85031
down_38.jpg,biceps_down,180.36598,430.56903,-8.162862,194.23395,409.57355,-37.136387,197.65926,410.06058,-37.246696,200.53287,410.61713,-37.34569,190.90488,408.1306,4.0302505,192.16977,407.57535,4.0917544,193.57275,407.024,3.9351194,229.54529,417.99838,-84.905975,219.28041,418.0774,89.407776,190.86801,446.4997,-16.997171,187.51276,446.68613,33.59725,248.81673,533.7342,-159.03323,248.6843,524.0773,238.68378,261.90176,676.375,-135.09604,200.6433,647.02875,298.60843,218.79832,741.6238,8.310207,166.91547,640.4402,214.03851,210.36456,755.5417,-0.8383619,160.497,637.51807,201.67442,207.82288,744.9771,-6.2639637,153.41434,630.1666,179.69339,213.74442,740.9497,14.630762,156.32304,633.7577,200.1634,300.64835,800.2272,-106.54972,330.47363,794.1599,106.48671,215.24625,1005.9938,-76.73911,425.5968,983.3788,126.76756,234.67938,1217.2699,-61.03646,552.547,1192.498,128.17102,256.8105,1253.0122,-62.76938,578.56323,1233.156,125.85578,132.51425,1251.2473,-137.12837,469.34702,1232.4702,82.984535
down_39.jpg,biceps_down,182.93974,429.45096,12.952855,193.26508,410.5246,-20.149673,196.76381,410.5683,-20.26974,200.77657,410.62012,-20.371876,191.03174,409.50317,25.268547,192.77423,408.82062,25.299944,195.16061,408.13968,25.152517,230.51904,418.21246,-85.873566,223.79933,418.49127,108.63997,195.30602,446.77582,-2.5790124,192.27713,446.187,53.87256,260.47537,510.11664,-187.20169,300.9728,522.17737,260.27884,262.10617,681.3843,-143.50438,279.57504,645.65985,319.52084,235.11298,722.76013,62.979378,249.48958,688.0921,245.01823,231.70906,753.5059,54.628525,242.51079,700.2086,235.52579,231.96164,745.90295,48.079636,236.44502,694.40173,204.25833,237.53345,742.5287,68.78267,238.79037,691.7551,227.46945,336.56473,799.5226,-129.4734,373.63162,792.5576,129.33646,240.7667,997.0959,-98.33244,435.42715,982.0033,167.13628,251.38081,1214.4335,-72.25642,564.844,1186.9642,190.7509,267.07117,1251.2238,-72.41875,587.6661,1230.291,191.10966,171.09413,1254.916,-151.52585,474.6094,1230.976,149.51488
down_4.jpg,biceps_down,186.66052,414.99283,73.21256,198.77235,396.02954,44.2607,202.67964,396.3066,44.107777,206.68303,396.62518,43.99453,195.35966,395.76447,91.929825,196.61626,395.63855,91.98151,198.23387,395.4322,91.95691,233.76947,409.17752,-16.69581,224.75868,408.22375,185.77531,196.0573,433.29742,57.518604,192.56978,433.32043,115.99789,262.58426,510.25543,-148.44746,232.00447,518.40875,328.9268,264.7931,662.7676,-172.2214,184.23615,614.41614,422.0981,190.89072,763.09424,-60.326218,156.0569,596.10266,355.96756,171.67224,786.9296,-79.986465,134.56529,595.8384,339.8643,163.64247,772.00977,-89.991325,136.7041,592.0954,313.17786,167.43959,764.8231,-54.772255,142.76668,593.22217,338.27103,263.34573,780.79315,-127.45504,271.0459,783.3281,127.548805,200.61653,993.826,-168.6695,359.05432,985.71906,102.970634,232.55872,1212.0277,-205.5503,486.68832,1181.4567,42.888145,256.96448,1253.34,-210.63617,521.39264,1211.5736,34.800953,127.82964,1243.5417,-295.40347,453.86594,1227.5552,-10.406414
down_40.jpg,biceps_down,173.89624,422.96375,-57.23231,186.84598,405.02075,-82.2405,190.6065,405.32892,-82.38721,194.4326,405.5775,-82.501205,183.70392,404.00754,-39.610218,186.06624,403.31363,-39.518456,188.27481,402.65088,-39.620987,218.8071,414.91736,-120.38156,216.09172,414.33557,61.370193,184.49605,439.66003,-63.268757,181.22021,438.96252,-10.339543,233.61053,520.09814,-213.12675,283.50882,522.18634,217.30077,226.81767,679.96765,-209.35892,295.89865,665.8473,246.76654,219.71237,736.5091,-68.08341,285.56985,747.14197,167.61603,209.0273,757.5262,-84.59602,283.67706,767.303,157.5162,213.33723,745.799,-85.74876,275.45844,764.6014,132.26889,219.96698,742.9796,-62.50044,275.8219,758.1744,152.82486,291.5491,807.6415,-116.28527,350.3963,797.7202,115.99778,205.776,1000.50854,-62.93962,434.80463,987.9353,164.16653,232.20729,1215.9803,8.373304,562.3335,1190.485,215.33531,254.93509,1256.7211,13.317853,589.245,1230.285,217.76651,136.92897,1239.5186,-45.768738,479.7975,1225.5925,179.74347
down_41.jpg,biceps_down,168.94872,419.18604,-22.9851,183.90623,400.29816,-54.13106,186.51639,401.60834,-54.2587,192.3767,402.24615,-54.32021,182.17757,398.8578,-5.450326,183.47803,398.93793,-5.3732953,184.73657,399.21463,-5.4556417,214.63702,414.0816,-120.52783,206.75737,412.74316,87.94185,176.82324,437.89035,-40.226574,174.62814,437.73422,20.291069,208.2742,530.7578,-237.5102,253.94612,515.36035,248.27745,217.70264,672.12854,-234.89632,256.26266,653.70166,277.758,214.69165,757.7255,-88.578125,235.3229,742.0222,201.63701,215.53914,783.42773,-109.14246,231.3324,764.3698,195.65529,214.01219,783.6102,-105.65527,226.39326,762.5056,162.71265,213.48912,764.72705,-80.93319,226.89996,756.3076,183.65242,282.9816,811.3744,-137.15479,329.72092,800.4259,136.92981,217.86115,1005.8081,-74.00756,419.48355,979.48975,191.91895,234.91026,1217.3706,-11.337591,566.05084,1176.2799,250.61229,258.8187,1255.0836,-9.323414,589.41254,1217.2094,253.0023,137.8107,1244.8845,-98.91483,479.2187,1215.4271,211.6185
down_42.jpg,biceps_down,168.72192,421.65073,-105.3648,183.08188,403.2646,-130.28589,187.60666,404.03656,-130.44861,193.00163,404.74725,-130.56212,177.89635,402.7876,-84.59863,178.52773,403.03595,-84.4583,179.57878,403.21545,-84.508194,217.84601,416.11737,-169.59547,206.37599,415.52832,27.173119,180.82101,441.748,-112.54751,174.8165,441.89777,-55.316338,230.6865,533.71375,-259.3205,285.88397,529.17694,192.95166,249.78572,703.0246,-263.47104,314.48386,688.8897,189.02338,217.25183,760.17676,-116.16426,321.3029,813.59973,98.68861,208.93286,775.3893,-119.52652,325.0239,847.7112,92.60373,211.88538,764.15375,-112.88671,320.4702,850.54535,73.71097,220.2276,760.87036,-105.44483,317.556,840.3622,85.87518,319.01175,817.56256,-139.07562,360.61304,817.8119,138.92358,294.25308,1025.1993,-48.328766,413.4924,997.6722,244.95947,252.00922,1213.5944,42.81715,507.3692,1182.2938,340.1378,286.4156,1257.1039,44.928013,539.3772,1214.8505,344.89798,168.57066,1247.6279,-53.467793,446.60382,1229.1807,310.58304
down_43.jpg,biceps_down,159.69147,423.34164,-90.8076,172.85443,402.9403,-122.800156,176.2513,403.34485,-122.94267,179.43375,403.71222,-123.08355,170.69795,401.97818,-73.10993,172.40382,401.63623,-73.00999,174.35332,401.18942,-73.14091,206.05772,412.6449,-180.62325,200.20691,412.24774,33.59898,168.98679,440.4506,-104.15564,166.08452,440.69458,-41.7695,207.34784,527.0369,-266.41718,256.01834,523.6161,206.3656,222.42133,680.949,-232.22627,258.71198,653.93567,227.73059,182.81375,670.1557,-35.261913,243.67137,714.8439,124.40323,171.7061,666.0269,-46.328213,239.884,731.8041,114.26935,179.02783,647.7723,-38.381996,235.43367,725.5067,88.593834,188.87965,650.6617,-23.327858,234.97638,719.6489,109.03944,280.60147,828.61816,-134.99962,342.21442,818.84344,134.75648,212.82603,1017.36584,-41.349766,436.45966,988.1601,236.01703,227.56873,1208.856,73.16584,559.7256,1191.3585,329.79895,254.97267,1248.681,83.761635,588.0281,1230.8389,336.43982,132.082,1242.0386,59.970604,470.1656,1213.4376,331.67737
down_44.jpg,biceps_down,155.33798,418.6273,-5.770202,170.37798,401.49756,-38.83814,173.08412,402.62042,-38.981705,175.40039,403.7168,-39.10302,169.76503,400.19165,12.066078,171.89275,400.1688,12.1700945,173.7966,400.25668,11.998602,203.23404,414.5312,-112.49216,197.84253,413.59503,105.77133,164.89487,437.3735,-24.891369,163.69995,437.1717,38.54084,203.41405,524.83826,-223.73691,267.1454,510.9694,260.2665,215.93787,680.5011,-226.24706,282.88882,656.5123,295.15955,204.25378,741.52,-89.91481,269.28647,728.2885,220.1755,199.69415,755.8013,-113.318886,267.20486,745.6379,212.87544,202.26675,742.5974,-117.06395,258.4009,741.79205,185.3091,209.29568,738.5663,-85.20175,257.38245,736.39185,204.46307,282.4337,811.0013,-127.267494,349.50946,796.36664,126.85831,185.77026,983.916,-99.23441,451.2702,973.45264,193.27327,228.22252,1208.3605,-29.818338,572.353,1196.4099,223.10542,248.87999,1255.5891,-23.653612,594.2936,1245.021,222.27887,124.814415,1242.0068,-59.392437,483.9334,1218.4448,190.62157
down_45.jpg,biceps_down,153.50392,419.42346,-27.516407,167.42026,401.49066,-51.264797,170.81834,402.55725,-51.403168,173.794,403.6646,-51.55662,160.64595,401.7514,-4.8180385,161.54121,401.91858,-4.6553726,162.31534,402.21222,-4.7362056,203.27548,413.1889,-85.12869,185.06854,414.50928,115.1768,163.35573,438.04294,-32.100304,160.60492,437.79498,25.693075,209.37352,519.36945,-207.62128,238.25294,520.2296,293.98495,237.42696,673.0463,-237.64127,276.26642,662.32385,304.1006,228.55786,758.07074,-101.33033,288.797,762.3655,208.68138,227.93387,790.395,-110.60393,291.76233,792.0535,201.69911,218.53708,787.1019,-107.76679,285.64124,791.6699,180.92375,225.06248,766.6062,-92.52441,283.82672,781.8585,194.48473,273.22726,793.23596,-148.93265,313.29733,790.87396,148.68233,189.0668,980.06036,-174.71419,412.34503,973.8854,155.78221,222.93805,1200.2899,-165.3422,558.85443,1180.6204,132.1619,247.87549,1248.4736,-167.23177,589.6003,1220.5084,124.637276,126.46333,1238.0033,-250.0106,473.00604,1237.0747,72.87775
down_46.jpg,biceps_down,157.79095,424.51645,-45.881535,171.177,405.1801,-64.04486,174.84003,405.7817,-64.19435,181.48322,406.04724,-64.344986,166.59956,405.02545,-26.500957,167.21066,405.2146,-26.357265,163.99937,406.76273,-26.4187,206.71236,416.3704,-71.76286,185.07263,416.5956,87.4229,170.86525,442.86105,-40.91151,164.14583,442.9765,5.076556,212.20728,519.39,-189.43219,228.08858,516.3437,270.148,233.85703,662.1484,-234.18321,235.57816,642.66205,315.9759,223.54088,730.3494,-156.00493,229.47234,694.01086,229.09637,220.20917,759.04553,-177.14716,229.9542,722.4146,216.32314,221.21338,760.4993,-177.6287,223.15608,719.107,188.54703,218.01042,742.9352,-150.22968,222.9183,714.20404,212.53328,261.81586,799.08905,-126.55006,299.36508,794.6057,126.30158,188.08035,990.22125,-128.3862,411.38306,976.3347,131.68532,229.20514,1203.259,-110.57995,563.5121,1184.6449,120.54886,257.4859,1246.2039,-110.6873,585.51654,1224.3468,114.95322,139.56616,1238.353,-176.9027,474.3615,1234.3728,65.619606
down_47.jpg,biceps_down,158.20491,422.79468,-92.88652,172.77357,403.98193,-118.19445,176.90977,404.46808,-118.3438,180.63531,405.03772,-118.50438,168.69981,403.18954,-72.3399,169.94974,402.84665,-72.23939,171.4716,402.48767,-72.331566,208.55911,415.10016,-147.16457,198.54175,414.5541,49.526196,168.73135,440.86197,-95.82609,164.45866,440.39548,-38.674683,204.53986,524.4374,-237.9289,236.91113,516.58057,228.15842,213.19545,671.0244,-222.75603,250.6704,660.848,249.78773,191.3932,681.14014,-42.339207,245.01366,728.62524,127.55878,183.75597,679.7118,-57.246895,242.25821,746.7258,114.795105,188.21233,667.33765,-46.81108,238.40453,743.12134,83.47617,195.9969,669.6903,-30.520803,239.11363,737.2128,109.911194,279.96008,811.0891,-133.02393,326.54068,805.1304,132.88734,203.82527,999.8575,-80.37819,410.14825,991.0814,188.67502,232.73634,1210.8364,-6.3097568,545.23737,1186.3688,244.40144,252.53813,1249.7837,-1.6701372,563.61084,1223.333,246.75378,133.22992,1249.6477,-59.645737,469.1723,1233.6682,211.43018
down_48.jpg,biceps_down,158.51231,422.87778,-66.865074,172.6753,404.51257,-93.66637,176.5189,404.62152,-93.82427,180.22122,404.77502,-93.94139,170.22327,403.79047,-45.022953,172.2288,403.20673,-44.929607,174.55832,402.61444,-44.999413,208.11887,413.24918,-144.4926,203.316,413.65594,62.903687,169.17311,439.36414,-78.85458,166.11151,439.2468,-18.545525,207.18373,519.2941,-258.784,260.66962,510.0586,233.51065,227.78835,674.6905,-259.514,289.23883,660.14844,246.63107,207.70534,768.8992,-62.392494,267.75107,760.30554,169.61131,201.66531,803.9566,-77.24399,263.6022,786.02625,166.3949,203.21913,796.0763,-65.13271,256.59702,784.5737,136.56036,206.64902,789.83154,-49.62663,256.8869,777.1585,152.13849,288.80228,808.13385,-128.54596,340.5558,799.97864,128.33781,222.38419,1007.06946,-49.423267,429.09882,997.98267,195.10127,237.99568,1212.711,65.00186,566.6034,1190.4164,282.44324,258.61725,1251.4583,71.27248,585.5373,1227.2582,286.83844,149.64255,1239.7583,-9.187778,478.9536,1225.2507,229.4653
down_49.jpg,biceps_down,165.58592,424.646,-79.53651,179.98608,405.48663,-112.67732,184.12247,406.00772,-112.82266,187.79283,406.64307,-112.92837,176.06708,404.57455,-61.06259,177.41675,404.15503,-60.993572,179.03006,403.78473,-61.091343,216.53333,416.37637,-172.05899,206.89188,415.87512,49.309204,177.47818,443.09375,-93.168655,173.4382,442.38956,-28.81008,224.93355,519.27637,-290.346,246.70268,515.0684,243.67397,232.46564,678.3561,-286.49582,256.67108,650.2673,284.56418,204.8308,763.2913,-111.72793,226.42969,716.4592,173.53323,193.6587,779.5303,-135.14914,219.32884,733.98773,163.79489,191.83873,771.5945,-129.14874,212.88632,730.43304,125.59945,198.90756,766.7743,-102.49368,214.96617,726.14197,151.82619,306.0524,809.5183,-151.5236,336.78357,802.9232,151.37932,227.8577,1005.8331,-87.71265,398.0223,994.5642,232.36212,237.11603,1218.2976,-9.565126,500.71417,1184.1262,316.64886,261.0744,1254.6018,-7.509913,557.3726,1220.9741,320.96707,141.55142,1258.6805,-106.76374,450.66922,1228.6484,269.4904
down_5.jpg,biceps_down,536.2759,411.2656,-76.1894,557.51434,392.53616,-111.00733,562.537,392.85217,-111.06386,567.7642,393.39856,-111.170074,551.6522,391.84906,-57.282436,552.54956,391.34888,-57.298466,553.6379,390.88196,-57.604946,594.3757,409.57736,-182.35393,580.4967,406.12268,53.093407,546.17303,431.51462,-95.96565,540.39795,431.39615,-27.908825,606.487,516.54004,-320.33643,575.65405,529.0946,226.59175,596.5411,645.09454,-363.72296,538.77893,641.8815,318.31876,559.52814,722.6014,-296.82312,500.31995,658.64124,236.18953,557.43036,744.68384,-329.44653,525.15826,675.8487,234.50719,556.08765,736.12177,-336.15784,518.6959,662.23047,195.13426,559.1037,729.79004,-296.1671,498.01324,630.0283,214.87563,597.7387,803.9405,-174.5287,583.7098,808.9106,174.81494,545.06274,1021.66986,-130.59967,546.4748,1003.9825,217.11641,560.48126,1213.6724,-28.841925,579.34186,1203.2916,322.26483,574.41095,1249.0825,-25.222397,598.98236,1241.4717,322.92755,441.6431,1243.1304,-165.9641,484.5252,1236.244,214.35033
down_50.jpg,biceps_down,170.66605,429.46994,45.727398,181.14978,410.58466,11.291888,187.40749,410.0269,11.173516,191.36394,410.0893,11.067571,178.66425,409.80157,62.576286,179.7848,409.7008,62.636513,180.84232,409.5953,62.541313,217.20387,417.95142,-60.282814,211.58849,418.21362,158.039,183.42807,445.64243,27.363571,180.20663,445.6033,90.613464,242.8308,513.719,-177.10718,229.9777,525.4303,318.05753,256.74747,666.0345,-171.65761,194.37175,635.3039,396.47964,219.35883,746.85065,-14.729233,153.60837,640.03894,309.79352,216.7096,770.77905,-31.938826,144.84764,643.40515,295.05084,209.49818,763.9987,-44.891735,131.83562,618.7687,266.25055,214.90099,756.6382,-11.219394,142.27238,635.9044,291.48547,299.1226,792.72034,-137.18016,317.4653,793.0698,137.17493,223.66298,997.4405,-172.13028,400.94373,983.3169,152.61803,236.77429,1224.5763,-220.2303,563.4173,1186.6771,118.90546,264.65204,1271.2861,-228.75137,583.62103,1229.1652,112.49522,135.65933,1267.9114,-325.72195,472.83743,1230.9845,66.93038
down_51.jpg,biceps_down,185.74452,427.47464,120.0002,199.16275,407.35052,96.99469,205.36943,406.47586,96.86862,209.80243,406.15955,96.75228,195.22229,406.7574,143.80112,195.69778,406.1477,143.79301,196.2372,405.5902,143.70291,236.08156,414.2358,57.693134,220.19554,414.0218,261.46786,201.4819,446.575,111.463455,192.35678,445.55737,169.90085,255.47127,512.67584,-106.87633,219.46219,524.75574,421.37238,255.9142,657.9782,-138.44957,180.31613,617.22845,508.5109,213.65192,716.3165,-13.596678,158.84937,605.02893,441.5964,205.38106,733.7387,-35.38921,137.54765,607.2399,427.07172,204.50833,711.36957,-49.029343,138.24326,606.03906,397.20602,205.11758,709.38745,-12.215834,145.3462,606.1042,421.91437,274.70953,782.1884,-172.9119,249.2727,780.63837,173.1547,319.89697,991.35895,-280.87418,220.69121,981.8946,73.84901,403.4632,1219.5444,-351.0831,244.09106,1178.4889,43.33584,440.3892,1253.3232,-363.3896,280.42624,1221.1123,36.05579,326.51205,1291.9653,-522.478,160.35776,1230.91,-34.473774
down_52.jpg,biceps_down,527.8303,414.47858,-41.4282,546.095,394.72702,-75.43797,550.4689,394.70203,-75.58448,554.9873,394.8723,-75.69951,541.8127,394.44656,-21.967524,542.8736,394.1938,-21.991804,544.3089,394.04453,-22.127602,582.3517,408.20062,-148.87741,573.7819,407.67566,88.07659,538.23395,435.8468,-61.924686,533.52405,435.09018,6.7078667,604.20233,523.5167,-289.32162,574.33136,527.5399,250.13535,594.58276,639.75977,-332.49316,543.2085,660.5084,298.07892,549.2876,714.3019,-249.6781,517.61566,701.6358,180.873,545.1495,735.53046,-279.60217,512.4473,715.90173,170.35075,542.76404,725.79285,-283.59796,508.00034,703.7107,129.94456,546.5348,720.1725,-246.8726,510.26086,698.24927,157.1448,579.67413,793.8791,-170.57257,564.11053,799.75464,170.62213,540.20685,1017.7322,-159.5969,546.5751,1005.09186,166.83017,574.32263,1220.6233,-110.8366,578.4538,1198.4009,208.52335,593.3539,1256.5746,-112.98488,598.4223,1241.1903,205.23534,460.33603,1256.0433,-263.43378,480.74808,1238.854,102.75642
down_53.jpg,biceps_down,529.03864,418.80814,-153.43648,545.83514,398.67352,-188.34961,550.4547,398.42633,-188.52438,555.67615,398.20096,-188.71912,541.89996,398.3412,-131.31537,543.40717,397.81494,-131.32191,545.3247,397.3869,-131.44296,582.83215,409.50494,-243.68896,573.8086,408.03235,10.58121,540.45026,439.44025,-165.83998,536.0426,438.98053,-92.25825,613.7801,522.4065,-357.9395,574.388,524.8623,209.32585,604.8297,654.70386,-331.52805,542.9274,665.6412,230.7696,541.9082,696.0316,-157.8778,532.04443,699.0051,27.469505,531.0201,709.2693,-184.566,530.6573,711.7545,6.8266644,533.9514,693.24274,-191.28612,526.87756,695.38135,-33.56778,524.6796,689.9447,-153.89153,528.02136,689.4304,1.9103191,586.14294,792.77075,-184.38733,557.46747,788.9192,184.5339,546.70636,1015.3729,-148.80527,532.0636,996.2284,233.99663,570.9205,1218.9036,-48.453163,569.33875,1192.1007,333.08325,591.6833,1250.501,-45.87333,587.8874,1231.876,334.23645,463.75415,1250.9478,-205.11412,473.041,1235.1143,221.50998
down_54.jpg,biceps_down,531.817,414.21075,-84.22952,552.1345,395.65506,-118.41988,556.6922,395.33066,-118.49082,561.2127,395.3117,-118.63575,548.8584,396.0103,-57.36245,550.5949,395.6818,-57.374676,552.7438,395.28314,-57.473682,585.56116,409.14304,-190.02782,577.8477,407.10617,78.50495,540.7288,431.62335,-106.256615,536.98706,431.4954,-28.286118,613.44116,524.6587,-314.45908,576.31464,521.50684,261.32205,609.41235,661.54614,-309.14395,540.0481,656.69495,263.4835,553.2661,694.1478,-166.32477,535.9542,677.86084,58.402122,548.2957,700.2129,-195.66133,537.28687,684.71387,45.094044,550.849,683.46375,-195.16466,535.0128,669.46295,13.589117,556.583,681.3539,-160.36195,534.68646,666.06885,37.860306,606.1827,776.1475,-188.49162,584.9986,771.27637,188.61116,535.36084,1001.4438,-225.28384,528.49646,984.84,166.39635,569.3778,1203.2126,-175.19801,572.88367,1181.2214,220.505,588.531,1240.7814,-174.24542,589.88495,1224.2303,217.39922,478.37216,1239.6667,-304.8114,482.94495,1227.0128,116.6639
down_55.jpg,biceps_down,531.3201,418.57468,-71.9196,547.51416,399.70767,-97.95205,552.1978,399.97128,-98.11245,557.1453,400.2786,-98.270325,541.8356,399.0369,-49.889538,542.3692,398.87195,-49.938484,543.17413,398.6835,-50.06953,582.9135,411.4298,-134.17601,567.0682,409.02515,80.1993,543.8745,438.91983,-79.00876,538.1234,437.87665,-17.176521,626.30444,521.31995,-250.57135,554.2862,530.0733,250.35443,611.7637,655.4602,-350.58157,518.33026,646.41547,282.4347,526.56335,661.0035,-336.02252,490.21094,629.7871,123.898476,503.0776,669.016,-363.6488,471.5989,612.8602,108.70261,505.38092,648.3383,-355.04175,473.98297,594.707,82.99384,515.6327,647.6209,-327.74005,476.69116,597.921,104.653496,583.6637,789.5863,-170.6753,544.02124,793.7298,170.64372,544.07007,1007.3568,-201.66235,516.426,984.07983,150.18819,572.7417,1210.4893,-175.41321,565.27765,1178.0183,191.14769,597.602,1253.2885,-179.92075,575.5513,1217.5779,187.64499,465.7647,1263.6484,-341.0718,463.7602,1222.2728,87.94283
down_56.jpg,biceps_down,529.5309,417.79736,-135.17732,544.9578,400.2649,-155.09952,550.35785,400.35236,-155.26535,556.1325,400.46075,-155.44832,538.66925,399.84177,-109.808586,539.297,399.7491,-109.85428,540.4345,399.6411,-109.99514,584.0303,410.66138,-158.43974,567.41364,409.30832,44.061554,542.85065,438.73553,-129.61447,536.88855,437.7722,-71.42422,623.2277,518.6885,-249.35641,533.8812,531.6483,227.30006,592.9281,662.4065,-358.21396,499.62177,660.8468,164.50793,515.2388,643.397,-383.15125,474.34842,659.10706,-144.03784,497.73636,637.7904,-416.21512,466.45718,664.1605,-180.36882,500.34335,609.65234,-404.92264,465.80057,633.7133,-199.951,500.70685,622.2311,-375.09924,472.03824,643.16284,-163.55228,565.91626,795.80054,-175.67165,532.7749,788.09314,175.5924,521.696,1013.6622,-229.1521,466.5435,980.25995,170.32626,552.928,1214.7771,-183.48474,541.1763,1183.7987,262.5568,582.31476,1252.0293,-185.42311,564.13715,1222.1036,265.83105,451.6598,1258.1606,-344.6466,443.52005,1221.5472,177.2477
down_57.jpg,biceps_down,529.4092,424.57526,-142.92256,543.4955,404.23193,-165.67497,548.435,404.05023,-165.81528,553.61285,403.82388,-166.04791,536.7556,404.50806,-122.66401,536.9327,404.60004,-122.70808,537.4436,404.4431,-122.87224,579.9004,412.99536,-166.05688,561.08185,411.58585,24.323145,544.00745,443.63858,-135.05536,535.353,442.9036,-80.66246,623.3953,515.29016,-263.12973,548.8026,526.7884,219.3785,606.95026,654.9579,-340.92105,509.74,655.3488,142.31035,517.92413,631.53345,-277.21204,501.63477,641.2674,-158.46352,494.33585,621.0556,-295.61154,498.10504,645.454,-190.60371,502.4464,606.63873,-289.77213,497.921,626.44867,-204.89749,504.10373,609.44885,-267.8897,503.14612,625.107,-176.08913,574.79535,797.30835,-168.57492,536.3329,791.80396,168.63023,545.1973,1022.2565,-139.95958,528.2947,994.40424,225.42056,567.323,1215.293,-53.534447,566.8448,1187.1072,322.0494,595.3009,1255.9763,-52.054466,581.0814,1221.2361,323.79907,467.53027,1254.4165,-207.61224,461.11365,1221.399,224.62418
down_58.jpg,biceps_down,532.8669,420.5204,-177.95122,549.1319,401.14276,-177.28757,554.5873,401.0582,-177.48401,560.27844,401.09097,-177.71487,541.4386,401.63458,-147.10464,541.37396,401.80505,-147.14624,541.57074,402.01025,-147.23131,583.3277,411.472,-103.06612,555.0223,410.23892,32.00007,545.7197,440.76184,-144.83359,536.14764,440.9653,-106.53553,628.2845,521.94995,-165.06584,518.7779,534.2398,209.84453,602.0393,654.6836,-262.26993,475.581,660.9134,61.12431,514.45447,620.9982,-287.86337,485.06448,645.8369,-304.05655,499.32428,611.0963,-323.95593,480.34796,632.4682,-358.2297,499.9561,596.0507,-316.92935,481.24445,613.1947,-366.18622,501.99734,599.9383,-282.6739,482.23007,617.16254,-320.76514,568.5767,796.6664,-149.43806,516.3935,796.26404,149.56282,552.4996,1020.24286,-165.93652,513.4361,1001.87616,160.56343,576.9551,1221.8573,-62.8735,557.6502,1186.2612,286.2976,597.4401,1252.4319,-63.237633,568.1411,1217.2856,289.31747,482.25912,1265.9968,-272.28082,460.04382,1226.9346,142.3943
down_59.jpg,biceps_down,531.0643,422.60983,-182.96376,547.0332,402.61926,-188.90395,552.1079,402.5958,-189.05478,558.1017,402.65872,-189.26259,539.63525,402.76703,-152.76079,539.5105,402.84485,-152.80646,539.635,402.973,-152.96654,581.6096,411.706,-132.89055,552.52783,410.50858,28.769388,543.4774,440.8398,-155.7621,534.2583,440.52185,-109.89328,626.74756,519.417,-196.99525,528.5221,526.5983,221.0372,587.23096,660.57654,-330.76053,482.7198,649.65155,131.6409,494.61566,606.6155,-399.15308,482.66672,629.6209,-201.24115,482.19534,597.5765,-436.35477,482.07504,631.11475,-242.75696,485.36017,582.2566,-422.98712,476.66623,595.66724,-254.25194,486.64713,585.2935,-391.4811,486.86346,611.12244,-217.88773,566.97076,795.552,-161.14598,512.11255,788.87256,161.08781,543.89557,1017.8102,-175.86327,520.9982,997.0816,183.11848,564.80164,1214.3707,-93.3136,559.9825,1191.1018,285.0464,591.58563,1251.8796,-93.89516,578.9955,1227.8156,286.4528,482.0486,1254.3524,-286.08972,456.12738,1220.9893,146.9408
down_6.jpg,biceps_down,536.82806,413.9897,-133.68909,555.94324,394.05695,-161.98824,561.033,394.0769,-162.1509,566.9474,394.22778,-162.31824,550.7858,393.36636,-109.97204,551.9458,392.6804,-109.954254,553.48206,392.02377,-110.09573,592.20245,408.8022,-203.24417,580.5922,406.52267,26.623308,547.5056,433.6786,-142.67464,541.94073,432.73108,-76.23848,620.67615,520.5521,-340.34692,573.06824,528.10144,215.37756,631.0629,648.60205,-428.6161,535.60736,651.3721,255.64548,553.1418,704.21765,-416.91913,523.7542,673.8898,87.026405,541.0196,724.8574,-464.60306,523.24023,684.99884,69.47535,537.4384,707.80524,-465.81125,501.4473,653.35297,32.39841,543.8366,702.49255,-414.46924,504.0564,657.8175,63.54887,592.86414,802.9988,-178.46156,562.60974,799.6778,178.59402,558.95905,1022.77924,-129.8466,550.2821,1004.4178,242.9115,570.91205,1221.4069,-29.667456,580.0802,1197.3741,349.95682,589.38727,1257.1357,-27.557938,597.28406,1237.1752,352.04486,456.1644,1251.7339,-186.90643,481.48685,1226.5383,243.89716
down_60.jpg,biceps_down,520.0659,426.58905,-95.904175,536.6826,404.98315,-112.700554,541.8381,404.88525,-112.84897,547.6217,404.95163,-113.057274,530.04706,404.9301,-72.00346,530.34753,404.70767,-72.064964,530.82263,404.5723,-72.14712,577.6791,414.76532,-107.85341,558.282,412.81155,72.90038,531.62964,445.80106,-87.37493,523.7343,444.88898,-35.779045,627.06226,521.5307,-210.06668,538.26337,530.5573,238.1616,585.87714,639.8924,-278.92584,499.50516,648.3552,105.86871,488.40903,583.39246,-146.13477,481.33954,583.88104,-211.44528,478.3203,578.30505,-151.00153,492.7009,595.5299,-247.30225,488.13785,566.0484,-140.40373,494.98532,579.4832,-246.81604,490.0081,569.011,-132.67543,498.9749,582.0772,-224.59537,574.51556,797.99493,-156.89975,529.1881,796.6223,156.72118,551.59216,1024.7844,-121.115524,526.1669,1007.2302,181.00328,581.11694,1217.4626,-53.926945,572.07306,1189.326,255.9499,603.46576,1254.8843,-53.807762,591.074,1225.7144,257.66037,474.09305,1263.6343,-210.80148,473.2502,1232.3481,156.72263
down_61.jpg,biceps_down,510.55908,434.81006,-140.24698,525.9604,412.59976,-161.84256,533.0268,411.67712,-161.9566,539.6223,411.1767,-162.1726,516.90485,413.76172,-118.63818,516.5012,413.763,-118.70247,516.5693,413.75458,-118.82892,569.676,417.576,-159.52643,539.8111,417.3568,31.172014,526.81665,451.0932,-131.44804,517.626,450.29022,-77.14771,622.55396,524.9533,-249.58562,529.7379,532.9624,215.1348,560.4325,649.82513,-290.504,485.82513,630.5563,113.44776,500.56277,589.43506,-139.07533,475.17752,581.86487,-180.00858,486.16855,582.9147,-138.55623,477.24188,580.95605,-210.5231,497.6945,570.87866,-140.92996,479.9987,566.77747,-207.63222,499.66367,573.71704,-130.0815,480.62384,567.65643,-191.72412,557.4898,806.03754,-156.6885,527.884,811.7649,156.71222,547.0364,1027.713,-105.56989,528.65234,1009.3021,214.4719,568.36255,1222.4338,-16.701488,565.86127,1195.647,325.6255,590.08704,1256.5527,-14.530674,587.7908,1235.5592,330.23257,477.3662,1250.4451,-171.83795,476.02322,1229.9717,238.35452
down_62.jpg,biceps_down,509.42462,441.0036,-142.14519,528.0235,418.42798,-153.44336,534.57623,417.4151,-153.60417,542.7231,416.19208,-153.82611,515.7696,420.96216,-116.10857,514.44916,421.32843,-116.14643,513.5779,421.64478,-116.19498,572.5591,422.7777,-121.1521,532.12213,429.04596,48.61689,526.1624,456.85248,-123.25635,512.7674,458.10767,-74.96081,619.29834,528.7786,-192.03773,507.56732,541.8324,221.96562,601.37506,655.3431,-292.73032,477.31494,640.2249,215.99104,515.0016,612.1763,-250.71974,472.75818,617.5207,40.32933,499.85364,611.753,-261.7193,469.65378,617.5994,20.48174,499.0401,594.8036,-257.45285,472.5746,605.6082,10.458356,501.55453,595.08325,-242.74615,476.73932,606.30133,26.027609,555.98505,808.4275,-142.25739,503.9317,810.74915,142.2353,548.0254,1028.0559,-120.72599,489.46185,1002.86676,171.51186,577.52997,1213.7292,-36.892944,534.51855,1187.6528,286.04822,601.6208,1245.2957,-35.170506,565.8768,1226.8552,289.9064,493.6006,1260.7872,-215.492,443.5452,1230.6556,175.52805
down_63.jpg,biceps_down,509.29626,443.85526,-176.42082,530.2966,421.3544,-188.51312,537.32513,420.75653,-188.58878,545.1317,420.27612,-188.76576,515.8622,423.24124,-152.45012,513.9908,423.381,-152.50453,512.55743,423.46127,-152.64944,572.7223,428.04987,-155.07985,533.5817,428.74634,7.35931,526.0146,459.8545,-157.2216,510.44476,460.18652,-111.270515,623.8003,527.42786,-229.9645,506.37857,536.55286,184.3847,580.8771,632.4482,-340.4876,455.83838,618.5591,216.38597,510.1808,589.7945,-304.18683,464.46667,582.0428,111.45476,493.93378,575.8622,-315.48737,461.95175,576.5037,99.3509,505.14853,575.6553,-317.32336,465.78302,567.90875,99.83194,507.72565,575.706,-299.79453,471.3229,571.4782,102.550766,559.34827,812.16547,-141.3698,497.33945,810.8273,141.33524,546.6325,1030.5681,-85.086945,522.586,1009.9431,202.73419,568.7264,1205.5725,43.783417,563.6171,1187.2515,365.62216,596.8491,1238.8511,50.70794,577.5305,1212.7032,374.2392,483.93268,1255.4929,-122.95006,464.38705,1228.8912,265.34995
down_64.jpg,biceps_down,509.54684,437.22046,-0.2752761,525.39954,416.01852,-24.505554,530.3045,415.7182,-24.573572,535.146,415.48914,-24.698996,516.93994,416.61926,22.56121,517.16943,416.5304,22.499886,517.55634,416.46185,22.44161,561.4042,422.08044,-59.366432,541.05237,422.80475,151.51718,525.0461,453.1046,-6.9854016,516.5878,452.92618,53.447918,614.5876,520.41125,-169.52208,528.9645,533.3014,280.32748,555.5267,618.27515,-201.9668,471.62985,616.466,176.58255,501.36508,572.8601,-31.978964,465.71924,586.2185,-102.980804,495.45178,584.266,-30.298565,462.86636,581.79785,-135.34572,488.64282,568.33496,-31.194569,467.83786,570.0974,-141.49063,500.1681,570.91907,-23.362442,471.51056,572.2138,-119.02509,555.085,789.18335,-155.01805,509.04752,788.3916,154.76381,544.3641,1013.974,-147.38963,519.68866,990.64197,170.37993,579.7371,1214.5677,-126.09746,561.4078,1185.6492,247.88895,601.4203,1251.9752,-130.33444,571.78455,1221.7572,250.02632,484.26248,1256.3943,-294.84317,471.63693,1227.3989,158.90106
down_65.jpg,biceps_down,511.3841,429.84525,-106.95838,530.3783,409.7614,-120.14836,536.30115,410.05225,-120.27716,541.6136,410.54376,-120.45812,522.09155,409.20148,-78.96882,520.9699,409.1876,-79.02326,520.5045,409.04483,-79.12752,568.34296,422.22552,-106.16107,544.14056,419.3058,78.93584,525.5147,449.31686,-95.72376,515.6264,447.87256,-42.953735,614.274,526.23846,-192.86201,523.59454,529.0397,226.2651,554.3195,647.32733,-283.99045,477.49423,636.4853,125.4702,502.17374,567.51965,-214.87207,475.2881,635.1667,-164.96918,510.4582,565.26544,-229.68736,470.2657,640.9684,-202.66045,502.6919,549.35333,-226.74164,477.22177,628.6456,-211.06927,517.9961,552.6257,-209.1078,482.37564,626.19006,-181.74832,559.2571,799.6666,-149.40672,511.8558,794.2633,149.1949,544.3456,1016.8842,-135.72275,520.3672,995.6501,186.41518,579.2327,1212.405,-70.347755,560.79675,1182.9507,299.3875,601.07886,1251.5117,-71.271515,572.4957,1220.9996,303.81464,481.70947,1253.2853,-250.06367,469.08463,1224.7277,198.65092
down_66.jpg,biceps_down,512.2331,435.22098,-118.23097,531.7461,413.47943,-137.57361,537.413,413.35773,-137.7036,542.80804,413.32062,-137.88017,524.0968,413.86255,-95.56108,524.26263,413.3279,-95.61491,523.148,413.158,-95.69784,567.8763,422.22702,-137.01782,544.60425,419.90533,50.640053,523.96246,453.27997,-110.59054,515.5073,451.3639,-57.0006,614.1847,523.26624,-225.8297,522.14307,523.96826,217.39587,577.6969,636.7974,-341.8953,476.05167,612.0614,215.84332,520.8521,600.76587,-297.85358,476.29062,581.625,64.936035,505.9108,594.7239,-312.4231,474.02783,577.0893,51.308464,499.08292,575.9618,-311.2221,480.0277,568.54663,45.77592,501.5792,576.03735,-291.6039,483.82278,571.4707,53.3941,552.588,806.47736,-147.23131,510.12015,807.20526,147.1586,551.0993,1030.3969,-128.46451,511.72665,1002.537,185.88376,577.19354,1219.9913,-79.08526,553.62646,1188.874,299.08893,600.7406,1251.9985,-81.153,578.4625,1224.3121,303.261,482.7555,1256.074,-257.02127,461.16177,1229.2903,198.28183
down_67.jpg,biceps_down,515.85126,436.4589,-177.07579,533.1611,412.56714,-187.35808,538.8465,412.3309,-187.50508,544.21234,412.35272,-187.67421,525.61914,412.6845,-151.11249,524.6004,412.67624,-151.1516,524.32837,412.6793,-151.27478,568.81,421.17303,-147.08289,545.63275,419.8581,15.70073,529.0977,453.53943,-154.68242,519.1216,452.34808,-108.31244,616.6859,522.3443,-214.96214,525.4678,521.76263,198.6111,581.0872,632.1776,-355.34,480.83926,613.64435,244.08046,514.469,591.32275,-409.85785,485.27496,590.83673,114.57351,498.167,590.05493,-436.56564,485.25055,590.1751,100.89523,500.0425,573.01117,-436.67123,488.9144,579.44244,89.21946,502.91827,573.2917,-407.18906,491.65488,580.72644,102.17225,560.98047,804.60114,-148.5323,514.2818,797.2649,148.51407,548.4266,1022.5967,-164.02805,518.6034,998.7683,179.32133,573.8616,1216.2871,-129.24803,555.6146,1188.1244,289.44833,600.2902,1251.3721,-132.92915,564.23267,1221.8988,292.08667,483.19138,1253.4346,-316.4367,461.47617,1228.6885,176.76826
down_68.jpg,biceps_down,511.11612,427.24594,-102.06497,530.1699,404.5885,-132.81549,534.8857,404.25677,-132.8801,539.9598,404.0207,-133.05762,525.8222,404.60834,-85.33693,527.04016,404.21393,-85.406075,528.5193,403.80676,-85.53038,569.7746,414.88095,-174.1147,554.56213,413.38425,32.444668,521.3797,445.39282,-109.866425,515.65265,445.7991,-50.58994,614.14154,527.17633,-273.27295,542.1057,528.43317,191.08278,552.7967,654.6022,-313.8686,504.7188,640.3318,119.57921,500.77203,590.9618,-152.8554,476.09964,588.5735,-107.28892,489.7785,575.21735,-159.91876,489.73334,580.80945,-129.01634,500.35797,562.3055,-158.80762,493.57608,569.5898,-132.67374,501.09222,573.4351,-144.59361,483.13824,574.2965,-119.262634,557.4922,801.8794,-149.10814,533.44385,795.3998,149.19092,550.8089,1018.36414,-115.4569,544.49054,1003.2944,174.20758,570.93854,1214.5973,-49.920383,573.0734,1190.1687,253.92929,588.8155,1252.01,-49.57272,585.4845,1227.1292,254.95663,474.3136,1250.635,-188.21577,476.97684,1219.4038,163.64822
down_69.jpg,biceps_down,519.25684,421.52045,-140.03877,534.1319,400.793,-171.64403,538.83325,400.4121,-171.72859,544.2041,400.02838,-171.88431,530.0476,400.92255,-122.21807,531.3398,400.6026,-122.2799,532.89307,400.24243,-122.36144,573.71356,410.50906,-212.20688,558.8001,409.64575,4.8486605,529.8906,438.92795,-147.49152,524.5473,439.99768,-85.156105,623.7181,526.4212,-304.9291,539.1917,525.4641,174.8462,566.2534,656.0123,-339.29456,499.57983,624.2003,95.30732,496.40634,599.3645,-173.85335,474.95135,591.74445,-172.61049,486.77112,589.36975,-178.73193,492.86697,589.24,-200.5055,488.4391,575.6696,-174.16516,480.84824,562.7314,-202.81358,497.24023,578.84015,-162.72032,481.9228,574.4872,-185.63123,560.41534,812.61316,-150.1331,521.13947,805.72144,150.16292,549.29254,1028.6122,-81.20513,532.67175,1008.2704,211.32181,572.3375,1216.9548,21.111979,573.7945,1194.051,319.87854,591.4899,1255.9497,24.352636,591.40674,1234.3845,323.46335,475.23337,1250.739,-122.242,475.89206,1221.3494,235.61469
down_7.jpg,biceps_down,536.0341,417.81128,-84.18826,555.1572,396.8658,-121.69141,560.6399,396.56146,-121.78128,565.9625,396.52222,-121.93351,549.8872,396.89456,-65.094,551.05817,396.39166,-65.10757,552.7409,395.8761,-65.281006,593.3093,409.94888,-203.39159,583.28357,408.42453,46.568974,548.4559,436.41718,-107.81399,542.70184,436.36267,-35.439514,609.5425,524.3807,-337.35132,596.6914,524.40485,229.64816,593.9064,655.6473,-326.61618,575.4011,647.0804,363.76016,542.6764,692.5885,-147.09723,553.98627,662.7374,340.22076,534.24225,706.4246,-171.5487,552.5021,669.6382,347.44968,534.74774,692.6853,-170.89688,525.9269,637.885,303.66406,541.08044,689.64514,-140.95393,530.0531,640.82,318.91357,596.8727,797.1137,-188.46313,588.1429,793.613,188.68803,541.67017,1010.8551,-177.0621,565.10254,993.33594,238.97311,514.0707,1224.2024,-111.6019,577.08344,1188.6458,314.41556,567.6893,1249.8024,-109.676994,601.3331,1230.9109,315.47324,452.67795,1253.2052,-237.15282,490.30618,1228.4666,233.53906
down_70.jpg,biceps_down,516.70496,419.2881,-125.9225,533.8107,398.81396,-156.225,538.87036,398.64838,-156.3377,544.3372,398.59436,-156.54086,528.8725,398.6336,-106.89554,530.0569,398.30585,-106.937004,531.4366,397.97626,-107.013245,574.3806,411.3867,-195.38937,557.2307,408.6441,20.642664,527.77374,438.59866,-133.01785,521.982,437.9889,-71.06536,623.59863,529.7338,-287.07468,537.54,529.1906,194.9543,575.8376,681.3141,-233.03467,506.0616,665.0064,60.327847,490.5155,616.2705,31.333813,481.73346,613.55194,-276.5352,478.21848,604.6585,37.121067,486.02646,596.2613,-314.89032,489.2739,582.8606,39.90765,487.85275,592.6254,-316.62894,491.37152,592.95154,44.90916,496.36746,595.1447,-291.08804,569.2,803.7489,-154.70935,522.90173,795.6433,154.75047,550.12286,1027.8318,-112.55144,533.0814,1005.6782,207.08589,577.45276,1220.5767,-21.760412,573.94244,1193.0038,311.37524,595.3024,1256.7433,-20.890148,588.665,1224.9858,314.15643,477.29068,1255.0636,-175.12709,477.85126,1225.1063,222.5568
down_71.jpg,biceps_down,522.08234,421.19043,-249.48154,538.9342,400.69058,-252.93892,544.319,400.8916,-253.14618,550.5987,401.29623,-253.34859,531.8729,400.09567,-217.16214,531.9655,399.79535,-217.1941,532.3778,399.55365,-217.31938,581.1582,415.1432,-186.52704,558.4833,410.87723,-27.272984,533.43445,441.11548,-219.29536,524.7702,440.95218,-173.95113,629.409,525.93744,-236.59538,525.7206,528.9895,168.13731,599.12366,665.8715,-382.8891,480.76038,639.56903,135.2162,530.55365,637.23145,-513.1301,485.90207,617.0932,-154.84872,499.8099,627.5365,-561.79663,481.89044,604.4232,-195.69316,510.21808,609.9857,-561.6998,482.43442,587.292,-213.28122,513.4628,611.4942,-512.4316,482.4022,587.43774,-173.34177,572.8779,803.4188,-145.0276,514.93896,797.3916,145.06711,548.93744,1022.95013,-132.68068,521.02814,1004.88367,165.49934,571.6985,1218.6421,-27.44474,560.8124,1189.3453,303.55066,592.1688,1252.833,-27.74805,581.7125,1225.9229,306.40506,482.71655,1262.1893,-242.66383,474.64676,1232.034,147.48372
down_72.jpg,biceps_down,517.3519,418.86807,-189.17487,533.4122,400.23044,-213.19699,538.7611,400.479,-213.366,544.4507,400.74478,-213.57216,526.8114,399.8268,-168.19717,527.23737,399.75592,-168.24805,528.1596,399.5799,-168.42668,572.3626,413.3498,-219.87767,553.38495,410.41428,-18.64736,532.62665,439.66904,-183.3604,524.3236,438.7108,-125.692566,623.6245,522.5222,-300.25558,529.79895,529.1474,181.06107,609.82355,646.3507,-397.0952,508.37756,643.42017,302.56824,515.4689,636.5111,-409.85187,475.18204,608.2682,233.85214,499.91064,627.77405,-444.11832,478.8375,604.924,229.0911,500.8817,609.8072,-443.30048,481.89148,590.56616,202.17819,503.01752,611.8832,-405.90576,482.27533,591.5719,217.34663,576.8448,805.6511,-163.8442,518.75354,802.05164,164.03029,552.1775,1026.4373,-105.23696,521.39606,1004.3876,224.06584,573.88525,1222.0481,12.1361265,569.1057,1194.8273,359.06555,592.6566,1254.1392,16.482355,584.1453,1230.5856,364.2325,478.04062,1257.2141,-154.5627,476.65134,1232.2013,248.01715
down_73.jpg,biceps_down,525.55646,423.20667,-264.4591,541.5132,402.588,-282.54593,547.0423,402.52667,-282.7454,553.11316,402.5934,-282.98645,534.62103,402.30118,-241.15634,534.9322,402.03568,-241.22914,535.55237,401.72928,-241.39664,577.4131,412.28104,-252.07274,558.79944,410.21024,-66.83609,539.8395,442.1909,-244.33531,531.7269,440.96564,-191.4038,621.9721,518.38904,-314.03702,548.2864,527.3026,159.97562,607.88135,655.2636,-379.8584,500.05276,658.63745,105.07216,541.2778,638.9629,-336.51883,493.86844,622.6997,-181.59828,513.24854,624.0525,-359.01535,493.62045,615.0973,-212.35066,512.11884,606.3165,-358.23218,496.65195,600.6007,-218.34076,513.8467,609.5099,-329.73068,497.92322,604.4667,-194.4765,578.0879,803.01196,-168.87247,533.14575,799.8356,169.0437,551.22516,1019.9122,-133.40228,525.5639,998.43994,229.51175,568.4933,1213.9436,19.152905,562.56177,1189.2295,374.9737,582.9419,1248.191,25.321875,581.6565,1225.2406,380.0753,471.02097,1254.9971,-152.25261,470.47546,1230.6055,251.78375
down_74.jpg,biceps_down,530.687,424.2567,-315.0265,546.73553,403.5036,-314.79297,552.1311,403.78677,-315.0155,558.0864,404.1314,-315.2514,539.67725,402.6728,-282.1703,539.12683,402.40628,-282.20456,539.45807,402.08817,-282.4739,580.5868,414.62283,-219.12024,554.22516,410.52768,-71.64021,546.40826,445.38425,-273.11008,537.2053,444.36008,-230.90897,617.56946,517.8208,-264.86404,538.9176,531.88574,175.50288,646.7712,644.7639,-425.21075,503.91064,648.24005,201.87083,572.5032,663.06506,-621.1082,505.2779,643.23804,-72.55533,572.36505,679.2101,-681.37115,503.96793,662.4376,-103.663536,567.7298,658.87134,-687.3964,504.06616,616.0472,-136.28452,567.8753,659.5166,-625.4305,506.982,620.24646,-93.75448,586.35944,797.68726,-176.5786,543.8812,792.3803,176.8887,525.6862,1015.8281,-238.40982,504.48645,992.6584,138.20317,504.97122,1213.8866,-162.0136,548.2209,1193.8644,261.68542,528.8391,1245.491,-165.03096,574.8051,1234.1432,262.8875,441.7524,1263.4093,-358.5556,456.5578,1231.5276,117.447395
down_75.jpg,biceps_down,529.1957,419.73743,-332.4569,545.85095,399.1064,-332.35403,551.12897,399.40475,-332.62357,556.9275,399.91684,-332.90088,539.1015,398.19934,-297.2807,539.25287,397.83444,-297.2977,539.18286,397.47772,-297.54248,581.24713,412.77042,-240.8762,562.1337,409.30527,-82.512024,543.2543,440.77338,-292.61066,534.58887,439.58344,-247.16393,618.217,517.8909,-288.1179,537.6035,532.3101,159.34807,644.5169,646.88794,-421.70776,512.46246,648.0218,140.95387,580.7742,681.33826,-573.0888,510.59003,647.14233,-183.36238,579.8502,698.96265,-635.66223,509.78085,668.64465,-225.60922,585.7859,680.8658,-645.8113,509.5332,642.23456,-262.50534,577.0411,677.6189,-579.0034,511.20154,624.1208,-208.92578,600.2107,791.7168,-173.44197,550.3744,787.5658,173.77536,537.3604,1007.92114,-192.08838,496.33508,983.27057,159.96735,545.8769,1205.2367,-73.22571,562.4275,1191.9468,287.1302,526.23914,1228.9961,-72.488945,574.13416,1229.3469,288.42426,448.82675,1253.8926,-266.656,460.3162,1234.322,131.6759
down_76.jpg,biceps_down,517.84656,421.57666,-188.94318,535.9185,401.8422,-207.53374,541.19226,401.75586,-207.75217,547.08563,401.7409,-208.00551,529.3529,401.9113,-163.69455,529.93207,401.84894,-163.70047,530.895,401.68454,-163.90315,572.1401,411.65424,-187.8596,556.31635,410.52808,8.631623,533.8521,440.2035,-172.64969,526.2281,440.51703,-116.13249,605.8193,512.089,-274.879,550.736,526.5471,228.54189,588.639,630.1647,-367.83646,523.5091,651.3627,236.25006,555.83905,673.1882,-383.75687,538.9417,693.15515,2.6251175,550.5121,688.18335,-428.0652,544.1341,712.86206,-23.229568,535.5349,664.7736,-431.8817,541.8809,697.3748,-58.26936,538.2825,664.954,-383.3409,541.69086,689.1525,-19.949612,575.5761,787.3126,-181.82695,538.40546,787.5379,182.09866,512.3723,1008.41785,-198.1408,522.6945,989.59686,179.74074,488.42798,1213.9275,-114.936516,577.76,1198.6252,253.38286,511.95224,1251.8284,-115.982475,598.1166,1239.1348,251.92339,400.7283,1260.2654,-278.39127,486.85318,1234.8481,128.38391
down_77.jpg,biceps_down,519.05725,425.20114,-221.56834,535.4249,402.7861,-243.69702,540.3223,402.30685,-243.81299,545.8429,402.08652,-244.05896,529.16064,403.3638,-202.45932,529.64343,403.33643,-202.42865,530.42737,403.2538,-202.6705,569.8537,411.14288,-230.19604,555.11194,410.54324,-48.896526,533.0607,441.739,-207.5778,526.07434,442.22046,-155.53914,606.598,515.8849,-324.33157,561.68866,521.7765,164.28491,582.57874,645.07574,-306.68503,533.22107,659.4197,174.04839,546.00806,692.12976,-161.70201,535.1981,695.10156,-34.135666,543.23615,698.2391,-178.72923,537.535,713.2099,-54.843246,545.5873,684.50085,-187.23788,534.296,696.82916,-81.9966,538.41016,675.42175,-158.18349,535.9656,689.47534,-53.274742,576.75366,790.9976,-169.54106,553.2465,790.3808,169.77716,540.5849,1019.20844,-139.84846,543.6899,1000.9175,233.28258,568.2754,1221.3584,-58.39365,576.72363,1194.2296,348.52798,592.49304,1259.6819,-57.75947,595.1694,1234.2756,350.82803,458.5474,1258.5485,-210.82674,479.2825,1231.6667,248.14142
down_78.jpg,biceps_down,199.0828,431.41876,-78.920876,210.59761,410.19623,-119.73499,214.72882,409.846,-119.86102,218.89491,409.46588,-120.019615,206.21368,409.68933,-62.016365,207.0792,408.93707,-62.020977,208.26599,408.07245,-62.0501,248.27733,417.61334,-195.20314,234.71887,416.18488,55.282898,212.0212,450.00168,-97.2874,207.7184,449.35593,-25.381884,268.59805,527.46466,-299.04556,243.06723,523.5479,247.32767,231.51375,692.1769,-232.27617,189.87408,661.8704,138.12567,150.31992,639.01404,95.1543,163.93288,616.3331,-158.41597,134.55911,626.12756,103.37097,149.70471,596.9387,-193.14085,143.16113,605.7235,102.8029,152.73955,584.93396,-195.40706,148.5226,607.8981,108.989395,160.10109,594.4183,-171.95396,249.23299,818.9794,-154.08475,246.63882,811.39624,154.37137,225.8115,1024.1022,-120.02928,321.40775,1006.7349,189.61458,237.79855,1215.438,-82.30272,427.4722,1177.9547,231.66617,257.14136,1255.7952,-84.99016,459.30585,1205.6289,231.90956,144.54353,1241.2552,-202.168,374.83194,1217.447,189.36473
down_79.jpg,biceps_down,197.6078,425.07312,-8.118618,211.56578,404.99414,-45.947937,215.48326,405.10422,-46.05234,219.14581,405.3216,-46.176395,207.07628,404.7215,10.597703,207.7981,404.3051,10.589159,208.7086,403.9001,10.538182,243.2064,415.8351,-121.08283,231.59978,414.56863,123.81438,209.41556,441.68384,-27.961554,205.83589,442.27838,42.402374,265.9859,523.2458,-243.82677,240.1213,521.89154,300.98288,235.09128,686.9237,-175.45517,171.63031,645.49805,193.18292,162.95076,665.0915,131.96165,152.24776,599.761,-116.92334,143.23666,655.33484,133.16577,136.7382,590.50574,-151.70233,153.5321,638.3972,126.10847,141.02141,587.2311,-160.94446,161.18683,645.08856,142.4438,147.07265,589.8824,-132.75458,261.85794,805.9549,-159.99937,280.90628,805.4648,160.2752,219.01569,1009.0015,-165.94965,342.87027,995.28204,188.08853,232.38176,1203.5597,-166.58694,451.6166,1175.2391,202.38702,253.98363,1246.2632,-172.03728,484.56232,1203.42,200.65756,134.8666,1240.9698,-284.88806,394.81577,1223.1724,161.4355
down_8.jpg,biceps_down,209.60048,422.78204,-68.227936,222.19427,401.73938,-109.86528,229.1184,401.23877,-109.94097,234.1653,401.07904,-110.060616,218.32658,401.44788,-54.231445,219.19707,400.99582,-54.280743,220.233,400.5559,-54.307537,258.90866,412.08447,-191.885,245.64015,411.40674,53.949947,221.27168,439.66693,-89.99134,216.09015,440.35175,-19.446815,294.19064,521.52625,-297.1715,240.31552,519.52637,225.43533,226.03442,675.0591,-191.31807,161.46687,646.2565,138.06096,153.5536,651.2446,123.57958,164.23022,607.2593,-137.18903,133.78581,644.89636,133.32227,152.0705,594.6566,-171.9732,145.32355,625.29736,117.52833,156.19263,582.7572,-173.59377,156.66716,629.7804,131.37274,166.52046,592.8403,-149.21123,265.23608,798.86536,-158.19508,236.19899,795.3156,158.30159,255.28217,1007.0176,-176.89069,203.70264,988.4717,177.94727,359.72775,1225.2974,-140.91338,227.21413,1186.5295,236.4858,390.05234,1260.1703,-144.0533,249.64783,1233.718,235.23209,289.33075,1275.9528,-284.99243,131.35794,1228.5266,167.72171
down_80.jpg,biceps_down,195.85327,423.20142,-15.278407,209.49347,402.1914,-51.40256,213.896,402.01324,-51.556305,218.08432,401.86893,-51.731976,204.37999,402.5061,4.5572953,205.08363,402.4138,4.5728965,206.09839,402.21753,4.4808674,242.67651,411.71075,-122.92887,229.16771,412.15375,117.54495,208.1831,439.77948,-33.78309,203.84943,440.4483,35.43168,267.2972,519.65955,-230.76688,240.0454,523.58295,296.421,242.26596,686.4392,-163.29314,187.68562,663.25555,191.75003,177.0397,661.5326,130.56418,158.61475,595.8378,-118.39045,160.4873,651.7935,133.51997,139.89464,589.206,-146.87544,169.43398,628.422,134.71669,143.60886,581.99695,-153.49765,178.84468,634.43896,144.85573,151.34047,587.0742,-132.19458,262.02213,805.1858,-146.34436,292.98007,802.39075,146.66249,213.36655,1009.5188,-152.6875,373.70502,1000.78735,168.10359,224.1324,1204.3677,-122.073364,484.9656,1184.2084,177.80197,243.00496,1249.7145,-123.84748,514.64075,1212.1952,176.63452,134.7183,1234.0443,-208.26782,453.17343,1221.1947,136.7104
down_81.jpg,biceps_down,193.16711,427.33173,10.604947,205.6853,407.5497,-23.578918,209.8366,407.15137,-23.71499,213.76485,406.72845,-23.928053,200.95895,408.06635,26.58123,201.6344,407.8438,26.646877,202.59471,407.48657,26.521332,242.79965,414.20636,-90.47967,228.15488,415.7326,123.608505,205.68054,443.79108,-5.9553094,201.56947,444.26303,55.756367,263.18643,520.1588,-174.7957,245.83029,525.9601,281.64883,247.3221,691.293,-92.06137,181.26547,662.3233,257.0522,185.40987,656.55273,193.6547,157.00626,623.88306,71.88415,167.12,642.5219,202.16847,139.63115,599.99506,56.046463,176.97514,621.49274,202.82097,144.42783,594.80347,49.85061,185.93408,629.14575,207.01624,155.88945,605.6012,62.13761,285.0297,802.88824,-121.39764,304.34467,798.02185,121.70388,223.8288,1006.4395,-122.608086,372.01163,985.92346,174.99605,226.41014,1213.9009,-137.92181,482.7886,1169.4526,205.47545,251.97826,1259.5164,-142.28012,514.8134,1199.0282,207.81976,132.1949,1250.1157,-227.70251,461.60217,1213.9315,178.33122
down_82.jpg,biceps_down,195.71558,429.1379,6.5692253,209.28333,409.8558,-16.058163,212.89839,409.8244,-16.10396,218.78395,409.22186,-16.178461,203.8021,409.9835,24.72672,203.69446,409.64056,24.766737,203.84827,409.3166,24.68265,241.50739,417.44562,-43.28208,225.44885,416.99652,128.47139,207.48273,445.89496,3.4717326,202.36052,445.27905,52.790176,262.08575,520.6385,-140.95802,230.3963,524.5443,287.88345,259.7633,685.70764,-130.28065,181.02246,642.1654,270.493,179.211,727.3377,11.322767,157.56712,607.44965,75.86301,143.97527,736.0243,-5.049888,143.54788,605.13086,48.30069,155.42288,710.8397,-2.4741619,146.82167,595.7014,34.53785,160.35638,711.46124,21.159033,154.4882,604.5188,62.65453,289.12933,790.00195,-128.88863,297.25262,786.9923,128.95049,208.27432,1012.71484,-167.74365,370.09982,981.1386,146.78062,233.72443,1212.706,-220.43265,535.06885,1180.7362,127.62223,257.9922,1249.8016,-227.51736,527.5686,1201.2025,124.13688,132.31335,1259.2976,-333.04666,462.29352,1232.2158,67.90365
down_83.jpg,biceps_down,185.67099,427.9883,86.74254,197.72914,407.6704,66.58285,201.99544,407.27405,66.47561,206.30125,406.7569,66.37107,192.96945,408.30182,109.78642,193.65158,408.2471,109.84353,194.68192,407.92557,109.751755,233.67609,414.38034,32.433537,221.18251,415.32935,215.31914,199.4365,443.37692,79.74308,194.73563,443.77835,132.43616,267.4979,510.41565,-94.50213,228.81458,528.49493,371.41797,262.03278,670.614,-109.67635,165.97536,640.3157,407.7074,191.26416,721.6782,4.5324965,153.31781,605.0467,262.74414,170.46082,747.05133,-13.992956,138.39249,595.8912,237.19212,167.98116,727.12805,-21.680546,144.30908,592.6106,228.95206,178.6877,723.17676,10.330034,150.48676,594.1134,251.83296,292.58005,776.2408,-131.79688,294.99118,781.9302,131.81776,217.9827,991.88525,-197.54866,379.31293,968.41296,100.7154,226.25478,1206.7714,-251.88364,554.6342,1185.4247,26.394186,252.92155,1252.6903,-259.88278,555.157,1198.2427,16.196348,128.97389,1254.9822,-363.0107,473.84573,1232.0823,-37.942642
down_84.jpg,biceps_down,182.71457,431.02777,80.03983,196.10986,411.338,46.36483,200.16986,410.97375,46.236145,203.94783,410.58102,46.09544,192.12051,411.3825,99.73062,193.27939,410.9948,99.792656,194.67392,410.47714,99.689606,230.32388,418.32013,-32.91134,221.37308,419.1846,197.38202,198.08,451.21353,58.383884,194.22858,448.30765,124.48213,251.3129,520.31274,-164.02888,235.41608,527.50415,354.29083,261.82483,679.943,-153.62152,180.4335,640.93176,415.65695,182.70465,728.3875,23.72475,153.84106,608.61145,326.21976,164.18942,741.95447,9.964632,127.99693,610.06506,311.53333,161.24106,727.96594,8.02389,132.69168,596.26306,287.28357,171.90544,724.4258,32.96532,138.74745,604.93665,308.98932,278.4503,800.7547,-146.7389,293.12354,801.2887,146.8869,211.7535,996.37213,-165.68332,404.79593,992.8862,138.3368,225.81071,1204.5354,-175.71156,567.36395,1192.0715,114.33701,252.88658,1247.1555,-180.15788,594.7354,1233.0714,109.66923,128.73004,1242.0724,-289.61285,473.75797,1233.1464,61.99667
down_85.jpg,biceps_down,177.82104,423.2587,38.063286,189.53555,403.24817,4.293286,193.49022,402.98404,4.2112837,197.4138,402.7321,4.1260557,186.60013,403.26245,54.42965,188.22026,402.97977,54.45797,190.17519,402.4503,54.379974,227.03288,410.9703,-69.26382,216.2106,411.6831,148.72473,190.45586,441.6634,19.201014,187.93243,441.4795,81.73615,255.41977,513.8191,-199.50906,245.00473,521.48706,320.89862,257.68234,675.76605,-187.31123,193.35947,627.4407,411.86203,193.6969,756.13477,23.479208,155.00479,592.2376,370.28128,177.62285,779.1425,23.821562,130.47911,594.132,361.66687,170.08008,771.9552,13.01317,132.05217,592.6459,339.70334,171.38959,768.1481,30.17884,138.70522,593.5386,354.49036,281.09927,800.30426,-156.40797,290.94266,801.1988,156.40356,258.27264,1001.297,-161.60309,370.71857,990.6251,148.05107,241.19325,1206.0314,-168.71341,495.92844,1182.1296,113.78163,269.53397,1246.4106,-173.63882,571.1479,1231.2145,105.7303,138.8895,1248.059,-294.61676,452.23148,1232.8069,48.557945
down_86.jpg,biceps_down,175.2725,434.3237,-11.327694,187.55383,412.5333,-44.089935,190.3526,412.49414,-44.17236,194.73773,412.0526,-44.241753,185.78297,411.67087,3.82908,187.1314,411.0751,3.8647099,188.43835,410.51633,3.782387,221.1709,418.73166,-105.088,212.17548,417.56934,99.374664,189.68932,451.654,-25.751387,185.52625,450.98492,33.523598,251.17688,515.31287,-206.12793,244.1025,525.905,254.94618,259.7322,672.07227,-201.59406,188.51732,637.5195,314.27472,207.97527,753.5644,-65.28498,154.65027,615.8567,218.04353,203.26218,778.46204,-82.75239,129.98758,608.2223,201.3,187.0034,766.25574,-91.89108,130.79988,606.08606,174.15883,197.7735,757.61414,-61.205353,137.01381,606.9123,200.35927,287.9865,807.4524,-126.63634,310.8054,803.4119,126.64585,204.85472,997.5255,-116.285995,387.713,991.50336,129.46953,229.28299,1209.6571,-91.702255,499.00735,1187.5314,122.127594,251.6376,1251.1062,-93.10636,534.8151,1221.4711,117.474976,134.04996,1238.8428,-178.88736,462.31866,1232.1771,64.32582
down_87.jpg,biceps_down,164.28355,431.02673,-25.27513,175.25389,409.37192,-62.863625,180.46971,408.4161,-62.94975,184.51297,407.65988,-63.044,173.03873,409.40872,-10.818842,174.50142,409.00128,-10.772105,177.57814,407.8291,-10.882073,211.71548,414.64435,-139.77151,207.06328,415.52795,83.95556,177.31676,446.9006,-45.384323,174.22533,447.2765,19.630806,236.52261,514.8249,-238.64143,238.577,519.1453,246.97742,248.64056,675.1804,-216.88394,213.74135,633.65814,299.11005,218.45871,733.79816,-39.12741,189.30083,651.6293,205.25827,215.03261,748.18536,-58.72748,184.32892,656.24695,190.05222,212.96332,739.4257,-64.619,181.64236,648.35,158.67967,218.1625,736.0675,-34.357315,181.7067,649.4459,186.3842,308.28394,814.4098,-137.00032,330.58417,809.38727,136.96574,233.39008,1005.55774,-93.09367,400.9262,995.5737,177.00487,237.44344,1224.9102,-37.36884,554.4323,1191.8358,211.47188,260.9271,1260.2733,-36.205467,574.3033,1229.6179,210.31946,137.73865,1265.2687,-127.44486,465.33057,1234.7354,156.38075
down_88.jpg,biceps_down,161.2672,429.0288,-21.948154,172.43427,407.95557,-53.17135,176.03848,407.6286,-53.272934,179.47427,407.2125,-53.36057,170.03168,407.97238,-7.817461,171.73584,407.55524,-7.7389665,173.66248,406.96347,-7.8094664,208.72174,414.1971,-106.44515,201.31151,415.2072,88.84816,173.04617,444.6326,-32.926365,170.37456,444.3662,23.760035,238.07294,510.0323,-220.16922,247.26059,524.4011,263.66245,259.52567,659.50446,-235.07892,238.49062,643.0616,315.5304,222.6455,726.37805,-92.84986,219.09708,702.9212,236.0339,227.18413,765.1256,-109.91638,214.00215,721.34985,225.39377,219.0102,760.7734,-109.41205,210.58415,717.4384,195.89711,224.80104,754.62195,-85.13433,211.60033,712.64014,218.16649,301.4278,798.69293,-138.57286,325.94748,799.54254,138.41383,225.94185,993.05225,-116.55831,406.36832,990.84717,148.81554,232.10974,1209.1184,-94.5351,530.82556,1181.4934,148.25053,255.60869,1257.6006,-97.14907,569.93115,1212.8607,142.88785,135.522,1254.004,-198.84041,472.68933,1232.758,81.75358
down_89.jpg,biceps_down,154.90508,431.50726,-52.221283,163.78813,410.58844,-83.384796,167.40369,409.97162,-83.49402,172.29501,408.93826,-83.56309,161.78026,410.5561,-35.93177,163.7112,409.93375,-35.83806,166.03091,409.10794,-35.89972,201.64659,414.91714,-144.48836,196.11049,416.452,59.2942,169.49437,446.69098,-67.08915,165.58807,446.7213,-7.82763,217.73636,532.6384,-256.65106,248.62636,531.98,228.07048,238.97658,670.0146,-276.54852,267.02362,668.5006,260.2801,224.92947,787.6378,-173.45604,260.95477,761.2296,183.06473,222.59802,814.114,-198.1625,261.3058,785.43304,174.13664,214.17647,810.6709,-192.67041,255.8622,784.44604,145.90907,219.7036,802.67346,-164.9134,255.20541,777.33606,166.60942,290.13556,809.4965,-137.38959,321.13516,808.98145,137.19882,231.64372,997.3535,-84.85702,407.84808,998.5499,174.65129,230.77278,1209.8502,-17.512156,558.8726,1186.6176,224.6683,255.29907,1252.9226,-15.827671,565.9395,1211.7169,224.75916,143.16235,1255.092,-122.324425,481.86697,1235.4907,159.15707
down_9.jpg,biceps_down,538.7777,415.75253,-181.47852,557.9214,396.7294,-211.29436,563.21094,396.96637,-211.35428,569.3453,397.29712,-211.54834,552.2569,395.91302,-166.93242,552.79706,395.55933,-166.9605,554.03845,395.13535,-167.13747,595.6846,411.4665,-240.91751,578.2236,407.72598,-48.689213,549.1013,434.45966,-185.55396,542.7293,433.10742,-130.21059,614.1959,528.37177,-353.9405,577.4624,525.24176,145.54309,600.8924,646.5907,-361.36716,554.05273,648.79443,196.70296,553.5964,654.8184,-201.17941,534.955,646.1421,95.934395,526.0753,640.2527,-211.2774,509.87054,633.0482,91.97135,523.192,620.7587,-214.06897,508.40125,612.7534,75.183136,529.77094,640.1559,-194.05016,511.34726,615.70886,83.220146,581.51495,818.87054,-156.9398,567.32794,815.9833,157.18138,561.552,1033.8594,-48.198566,567.9567,1012.0068,263.47052,579.193,1226.9956,68.05775,580.81805,1193.9899,408.34695,599.2189,1263.9792,73.64121,597.2574,1228.8005,415.1667,465.91116,1249.2765,-51.252342,486.66885,1217.5182,340.69513
down_90.jpg,biceps_down,150.90923,429.2712,-119.96907,159.70619,408.7666,-145.56462,163.29347,408.26688,-145.66357,166.69531,407.65466,-145.72865,155.86461,409.28833,-102.37552,157.19627,408.93002,-102.29869,158.36194,408.51923,-102.32674,196.48532,413.02106,-183.17119,182.53978,415.94974,4.3857484,163.96114,445.30603,-125.45222,161.8432,445.57684,-71.237305,211.5548,522.0423,-298.0247,237.93307,520.2681,194.52963,220.29541,683.36066,-309.99728,272.2557,670.9162,227.28723,216.60168,814.67114,-146.49512,258.66602,770.3948,140.62282,217.36633,843.3157,-157.74248,256.316,798.53503,127.56057,195.6181,830.0143,-157.96358,251.2425,797.62195,101.10728,195.94382,814.1124,-139.2554,251.60558,789.39813,124.086006,276.97784,813.95544,-165.66907,304.4562,810.39746,165.34541,278.77393,1027.6608,-125.039635,307.79324,997.40283,197.3033,365.34778,1225.6377,-61.10402,384.1764,1186.7958,273.59982,408.47632,1252.7183,-61.017525,417.59222,1215.416,275.0691,282.3801,1291.4438,-182.13875,321.76642,1245.9668,222.36049
down_91.jpg,biceps_down,359.1881,565.5056,-1128.4224,381.27448,542.5563,-1124.6517,391.9683,542.14075,-1124.5369,402.06393,541.6897,-1124.8687,352.50635,537.21,-1115.474,345.7334,530.4337,-1115.559,338.89804,526.29266,-1115.5458,423.96664,534.097,-910.82117,334.72867,511.4181,-873.9594,376.88367,579.28033,-1030.9805,347.1069,569.307,-1021.4545,465.2231,633.6518,-667.07385,274.874,527.49915,-550.28015,436.5654,823.83813,-660.29944,150.41309,613.86707,-352.771,417.1536,1018.6902,-839.4783,106.6666,737.3816,-352.75165,416.614,1065.5352,-903.78754,88.958725,768.6221,-365.1358,406.15048,1065.8333,-967.2589,110.73865,769.3985,-422.26355,401.0336,1037.9268,-866.1272,122.86588,762.55115,-369.23932,392.53107,787.9654,-7.481675,273.8706,768.2071,7.0252695,537.898,840.33765,-639.23724,92.40778,814.3616,-657.40955,547.2422,1098.2374,-336.5523,54.35475,1057.9219,-318.7254,512.7833,1122.232,-318.70123,79.90543,1093.9635,-296.74475,598.6997,1191.4191,-584.12933,-12.100282,1136.4395,-564.9799
down_92.jpg,biceps_down,358.81714,536.74066,-963.93604,382.90262,511.1576,-965.26825,393.55466,512.90955,-965.1183,403.0349,514.4878,-965.36945,355.9806,507.31116,-954.80664,349.6535,505.64288,-954.8366,342.91885,503.46237,-954.8577,423.21088,518.8028,-791.7699,340.32263,491.76965,-748.6111,377.0452,555.93134,-882.106,346.21387,546.4755,-870.90845,466.81467,627.17755,-564.32294,276.05917,516.0595,-508.41718,448.76614,814.3164,-578.19867,146.55804,598.9351,-480.95755,423.64264,993.2889,-724.81134,96.679985,731.8146,-597.73584,428.41333,1040.383,-787.54626,78.98642,758.6517,-641.5922,419.89896,1043.506,-841.48975,106.06367,760.8753,-694.24335,416.19467,1025.8616,-748.5226,115.738846,753.6454,-617.6728,383.09387,788.3428,-0.6525751,268.2159,763.80054,-0.04204226,534.132,831.5427,-626.336,84.79529,797.5187,-644.48566,552.24927,1098.9792,-322.18445,43.304672,1046.5858,-331.6929,521.7522,1126.5736,-303.4985,70.14826,1089.7163,-311.29974,600.44104,1188.7405,-553.9939,-26.295391,1125.495,-569.9618
down_93.jpg,biceps_down,365.30228,531.0479,-977.93616,391.42615,506.32745,-977.7113,401.96478,507.70328,-977.5664,411.8037,508.82257,-977.823,361.3848,500.83893,-971.01965,352.52707,497.71347,-971.06323,345.3244,494.1397,-971.053,430.28473,507.47238,-792.2515,339.3245,477.80212,-763.864,381.42004,548.6075,-890.6471,347.79428,538.884,-883.7931,470.6452,620.08856,-564.4069,269.5023,500.47736,-502.2253,454.4935,813.807,-561.7913,139.00471,591.8768,-425.75574,424.15466,996.44653,-716.42706,85.511765,729.5065,-508.65833,425.7871,1045.7179,-776.0302,66.81151,760.60925,-543.2285,418.038,1041.4253,-832.1808,92.77193,760.58356,-601.4203,419.14377,1023.07153,-740.3441,105.66483,752.97986,-529.15027,384.05215,784.9377,-3.5501273,263.64948,759.01215,2.9361804,548.0101,836.94995,-585.4862,74.95116,796.3898,-610.7669,561.9827,1115.1238,-296.85492,26.108644,1034.4874,-300.30466,530.4735,1140.3082,-279.29745,55.355515,1093.2164,-280.1994,615.3622,1213.6427,-531.088,-60.344337,1116.0602,-539.3614
down_94.jpg,biceps_down,371.74976,531.2219,-891.74316,394.58984,510.82382,-891.8099,404.5704,511.91833,-891.67505,413.9839,512.2209,-891.8897,367.3398,504.27606,-889.1991,358.3987,500.92432,-889.2524,350.12378,497.3568,-889.2511,431.48257,501.02118,-714.3714,340.84558,475.83066,-706.96387,384.65524,545.07983,-806.84607,355.38235,538.03125,-806.07745,471.71448,600.29706,-505.02484,267.0244,490.0378,-467.9441,457.3382,803.6937,-531.48645,130.24428,584.8188,-434.60913,430.83597,994.3618,-686.94916,81.36,721.748,-526.9673,446.73926,1035.6716,-752.4706,62.576622,752.04895,-572.67896,416.98633,1040.0358,-804.3236,91.16526,754.36694,-625.2031,415.1186,1020.55347,-710.36694,101.64109,747.08954,-546.5742,383.9303,772.5959,-2.6758199,260.76025,750.35474,2.1731904,553.0963,842.2437,-623.1429,72.46923,791.29913,-655.13055,562.7186,1113.0321,-362.0906,25.37357,1045.1879,-364.28647,530.07336,1140.5269,-347.4435,51.570595,1087.5967,-346.69275,609.6647,1204.3724,-602.8997,-57.72251,1116.5239,-611.3836
down_95.jpg,biceps_down,366.59665,514.1849,-987.59436,393.55545,494.2554,-987.7759,402.9419,496.27966,-987.6345,412.29175,497.94174,-987.9021,362.2486,484.55786,-981.7488,352.47888,481.7542,-981.7896,344.77094,478.50696,-981.8025,431.65378,494.73785,-798.63574,337.5929,467.27478,-772.5501,383.12283,532.2194,-898.07184,347.19604,524.3088,-891.84515,474.41553,603.0671,-562.76605,270.4733,487.6306,-520.06866,456.86765,797.99243,-574.63074,134.28146,582.0384,-479.98468,414.76334,994.53827,-731.8885,75.19275,724.0162,-589.07166,413.7673,1040.282,-796.7311,57.224373,759.0752,-634.4792,404.47763,1043.6111,-853.7575,83.993034,759.7363,-693.7482,403.28192,1022.62036,-757.1243,96.116806,752.0896,-611.41345,384.92694,781.8605,-0.91607046,260.25632,754.21014,0.36562005,551.77155,835.8544,-619.0141,70.0587,785.16394,-646.2893,562.212,1115.9913,-339.0834,22.63898,1030.9622,-345.81842,532.3375,1146.5933,-322.9483,49.045135,1090.591,-327.0058,618.129,1215.1377,-585.6713,-66.57069,1112.1588,-596.7273
down_96.jpg,biceps_down,369.46936,530.45465,-947.18567,392.16122,510.62805,-949.13586,401.81525,511.40567,-948.9832,410.9424,511.8186,-949.21704,362.37714,504.07547,-945.49884,353.3487,500.22076,-945.53326,345.24164,496.08948,-945.52075,430.40375,504.78613,-765.01355,336.89795,476.8832,-751.01074,384.3938,543.6588,-858.2554,352.80466,536.90436,-855.5713,474.6927,598.9901,-531.7427,268.22308,489.5437,-504.71304,456.34882,798.3983,-543.4804,132.81284,584.7564,-485.39035,412.31042,989.8069,-702.9345,80.27452,725.45166,-611.764,410.24753,1032.741,-771.53326,61.81048,756.81824,-663.3538,399.4178,1033.1659,-824.8997,87.584854,759.63806,-720.89026,398.18024,1013.38007,-727.0354,100.44034,752.01196,-633.91364,384.91458,779.1351,1.4477475,261.7021,753.1637,-1.947876,554.20807,841.45026,-637.92175,71.959015,790.7608,-657.4309,555.55005,1121.7322,-356.4535,22.384258,1038.6365,-360.1747,524.94366,1146.8105,-339.85025,46.70024,1085.0625,-341.8149,602.49133,1211.9524,-599.1361,-62.043034,1114.0785,-611.0175
down_97.jpg,biceps_down,373.71432,525.2798,-912.66974,396.32248,505.15247,-913.4519,406.02298,506.39056,-913.2948,415.08203,506.805,-913.50854,368.15125,498.15308,-910.8126,359.90326,494.8761,-910.87006,351.74597,491.2306,-910.8786,432.55826,501.15485,-731.954,341.45297,471.91248,-723.85535,386.47888,539.53357,-825.44336,356.96664,532.7149,-824.5514,474.62604,597.746,-510.1602,269.178,488.17285,-482.43417,455.96,799.92303,-517.0178,133.42873,580.5803,-447.89877,395.84546,990.45526,-662.26715,79.71375,720.8606,-552.41425,392.27615,1034.3315,-727.93384,64.19065,753.5914,-599.09973,376.9046,1031.0559,-777.76526,90.7738,755.04065,-656.1517,373.95938,1010.93994,-684.02637,101.86109,747.60364,-573.59204,383.49402,776.0344,1.8776618,261.85422,747.9076,-2.3946652,553.6107,837.37195,-624.15125,72.631134,782.9668,-651.93774,557.9846,1116.4578,-361.36755,24.393318,1028.6656,-365.94235,528.07263,1143.2625,-346.32098,45.059288,1074.4691,-348.20407,600.99036,1216.2281,-603.90295,-57.277607,1110.3745,-617.57465
down_98.jpg,biceps_down,371.59436,527.0525,-1059.472,395.35095,505.40576,-1056.5924,405.09198,506.26508,-1056.4124,414.33777,506.74985,-1056.6416,365.95056,496.85962,-1053.4119,356.3231,493.44724,-1053.4907,347.7567,489.3322,-1053.5377,432.5724,500.89758,-852.6509,338.12723,472.6984,-842.6484,386.4519,541.6705,-964.5465,353.06973,534.6183,-963.07275,474.44543,603.7637,-612.11554,267.677,488.8121,-573.68823,451.98682,802.94214,-618.6147,133.81511,580.66064,-520.16364,381.68228,992.0456,-777.6202,77.95377,719.39,-599.8306,373.8728,1046.8005,-846.8423,60.676846,752.3568,-640.92566,354.44147,1041.5178,-896.0682,87.25904,752.9304,-697.4024,350.86438,1010.2977,-799.6933,99.558495,745.7862,-620.0599,388.07578,774.4935,2.7938676,263.2473,750.20154,-3.3222585,553.71954,830.068,-651.3883,72.784294,790.68494,-679.6662,563.2648,1117.3219,-351.22192,21.193121,1032.6796,-360.82263,531.6902,1144.8315,-333.62665,50.61779,1080.2821,-340.84225,608.77594,1214.2422,-604.68005,-50.70126,1126.078,-624.92365
down_99.jpg,biceps_down,373.5104,530.65826,-1001.3823,397.33685,508.0493,-1002.1011,407.6163,508.74658,-1001.90784,416.5294,508.83392,-1002.0921,367.0608,502.33688,-998.4085,358.21173,498.59314,-998.497,349.3347,494.13562,-998.5661,434.36844,499.0831,-810.8482,339.1391,472.67395,-798.7493,387.4949,544.6321,-910.5735,357.68835,535.8993,-908.4185,475.12903,601.6617,-573.06934,268.7771,488.9937,-547.5195,453.62085,799.1045,-570.59625,130.54028,584.9236,-547.10254,378.3313,972.16614,-720.8723,77.64038,723.06464,-693.5078,366.29086,1023.1519,-792.24695,59.170795,753.0781,-752.8719,341.56744,1009.32263,-833.44794,85.26907,754.0038,-804.8823,345.15237,991.29645,-739.9897,97.21611,746.7291,-714.8534,385.53128,775.23267,1.3368709,262.3845,748.2921,-1.7634988,554.94824,837.5634,-659.05005,70.55587,786.9888,-679.8277,555.6046,1111.7833,-370.35675,36.422916,1039.3298,-373.20676,529.2004,1144.0016,-353.0314,50.08989,1084.9218,-353.3253,605.45435,1207.8809,-618.66174,-45.21934,1126.4521,-629.2679
mid_1.jpg,biceps_mid,163.85297,137.2998,-1459.5223,198.06526,102.220116,-1480.3562,207.2254,100.68699,-1480.2759,226.02756,96.48514,-1480.8927,159.05789,89.58778,-1457.2258,142.32315,88.85582,-1457.3372,125.693054,88.15159,-1457.6545,256.01224,83.73226,-1311.3206,123.20182,86.04328,-1208.6735,208.2759,167.61505,-1367.5758,164.51338,161.688,-1339.527,393.69846,202.76532,-1171.7405,66.45521,139.98497,-829.8459,389.95764,564.65753,-1219.8896,8.399069,336.70746,-624.428,191.92323,801.6791,-1308.6554,24.345167,345.39093,-543.81335,158.93405,864.76074,-1387.328,30.093956,359.1969,-532.9464,126.04054,835.4469,-1389.1403,17.680714,339.34338,-570.1496,134.4693,812.03235,-1301.7821,26.586334,340.01624,-555.10175,374.58606,494.16245,-52.451424,187.45972,460.57156,52.070576,548.04987,681.00244,-689.2623,-115.82967,580.481,-257.66385,505.10785,898.61096,-21.201912,33.11912,637.26184,390.09592,468.8212,920.24976,49.90839,79.00683,636.25714,466.315,616.4714,1028.3848,-103.04455,-6.203499,753.801,448.28854
mid_10.jpg,biceps_mid,390.9121,378.7201,-469.37018,410.30045,359.44443,-426.142,420.69366,365.6734,-426.29593,422.63513,366.91718,-426.55716,389.3216,344.38113,-457.07605,381.2246,338.04297,-457.14273,373.16708,331.82867,-457.31735,417.08255,368.21753,-159.03535,353.3143,307.0328,-295.39536,373.56216,409.60028,-363.98288,356.6497,380.6375,-404.0211,395.7886,476.1698,41.964127,190.58432,367.09744,-207.44432,369.20447,672.9001,-275.84604,15.728999,505.07874,-316.08795,375.53702,632.57355,-893.13306,19.70678,692.37036,-522.0927,372.7151,630.80927,-1023.82947,-2.4357462,737.61163,-590.95135,373.799,574.141,-1003.5724,31.897001,739.4715,-630.27094,365.68423,569.7168,-900.0325,47.512478,733.3685,-536.2199,242.66426,682.52313,112.42288,118.35874,642.4322,-112.78421,497.91138,796.2323,-235.66977,246.356,682.7449,-481.35385,455.31888,1074.7018,-157.93074,186.51198,835.9683,81.26599,400.1607,1122.1094,-154.60648,169.67091,853.80835,143.97057,493.5447,1218.0906,-374.48972,172.51746,907.6809,57.451115
mid_100.jpg,biceps_mid,362.55823,255.57024,-250.21425,386.15802,227.48755,-242.42285,396.16498,227.66737,-242.65521,405.45834,227.9865,-243.01344,349.47485,225.72292,-242.87,337.9416,224.08871,-242.77109,329.5437,222.91948,-242.9978,423.67935,233.40323,-122.57918,319.09888,229.3149,-122.30922,381.87137,281.37137,-197.42572,340.32104,280.88144,-198.17053,484.24762,352.29343,-38.249443,246.4066,343.77863,-24.547901,546.8729,518.71185,-200.90964,175.81009,510.905,99.04227,561.31775,470.55753,-474.05606,151.02016,653.86053,121.89484,560.181,458.88693,-503.1985,144.71138,689.50964,148.11008,566.0737,432.94504,-488.79974,146.12625,689.31476,111.87499,553.4254,439.80405,-470.43585,163.17029,673.13086,112.76677,418.06293,672.88245,9.44745,271.88745,674.16284,-9.658597,434.6231,911.71954,-163.42001,259.57846,930.49603,-114.89482,426.4853,1054.7042,285.20264,283.0924,1062.9253,268.24176,411.82083,1055.8048,325.86667,294.49026,1075.6868,304.60925,449.3497,1186.5581,223.57751,280.982,1161.4135,198.86139
mid_101.jpg,biceps_mid,363.97894,257.96124,-271.599,385.24075,229.8035,-265.88382,394.72177,229.59013,-266.06946,403.99802,229.63824,-266.3768,351.68555,229.81453,-264.30362,340.34897,228.81148,-264.2332,331.36636,227.96555,-264.43323,423.5311,235.0993,-136.25049,320.30692,233.92828,-124.27529,382.29593,282.68988,-212.6792,343.05258,281.5772,-209.9713,484.01706,356.46567,-28.126282,248.57664,344.74567,-20.328264,532.10266,511.641,-193.85312,175.77072,502.43298,63.04175,547.82526,496.43268,-520.8393,145.73172,647.2937,22.470715,550.61,495.15146,-560.3119,134.7448,685.2327,30.318127,554.0346,472.48898,-558.6369,140.56142,678.75836,-4.058426,541.229,475.8269,-524.1195,153.81189,670.354,13.016878,421.18817,674.36584,11.561583,275.11288,675.3136,-11.752083,437.90582,918.6399,-172.01257,265.0,932.8988,-151.22348,429.0766,1052.5688,331.2585,287.1836,1068.8414,288.99927,411.37018,1059.8105,375.3527,301.8019,1083.1226,328.1949,445.09332,1187.8558,245.56085,281.53644,1163.6415,189.68216
mid_102.jpg,biceps_mid,359.75543,259.69452,-261.54684,382.8622,231.78438,-258.28543,393.50323,231.26855,-258.46872,402.63788,231.17061,-258.7343,347.1375,231.49747,-258.16595,336.76627,230.04077,-258.06754,328.9818,228.60255,-258.31888,422.938,235.73141,-146.512,320.57803,232.36032,-142.53442,379.6623,284.0965,-210.7933,340.54675,283.33862,-210.26347,487.4309,365.9229,-45.191322,245.787,344.86685,-67.35821,529.16223,507.70447,-222.66745,174.90558,503.1263,-6.1441054,523.469,484.06842,-534.03784,149.08797,654.7195,-33.863297,518.8176,480.86353,-566.3461,128.44203,693.07446,-23.519114,523.13245,458.6389,-551.68787,148.45268,693.60114,-54.03599,511.64392,463.25626,-531.8689,163.02641,677.39276,-40.984676,423.33298,661.22675,15.837599,274.48322,663.9514,-16.19354,434.53287,917.8364,-163.69843,257.93195,924.303,-171.63084,431.68027,1087.1168,205.66527,286.03195,1027.7384,230.33752,414.88297,1067.4298,235.60751,313.58173,1057.9053,266.76038,448.95233,1194.5295,123.43962,288.6563,1143.093,170.18019
mid_103.jpg,biceps_mid,361.20352,264.61966,-256.92953,384.06308,232.15346,-253.9596,394.17487,230.81688,-254.16043,403.05377,229.8698,-254.43253,347.2891,233.62448,-253.11942,337.2035,232.22343,-253.03752,329.69626,230.52643,-253.26804,421.7745,232.59091,-146.48868,320.55264,233.1506,-139.11594,380.81622,286.73257,-207.42102,342.01843,286.27094,-205.96683,491.0564,355.76303,-50.843758,248.10068,339.25226,-60.70066,541.1174,500.98407,-225.98427,177.46681,504.2144,24.598232,525.64813,474.5206,-508.80612,157.26933,656.0026,32.01455,517.852,469.85782,-536.76,143.18169,702.4016,48.771713,521.1822,448.4136,-515.64404,161.9087,695.2304,21.183746,510.88077,453.9817,-502.95322,174.17046,678.4236,26.794394,419.03226,656.0476,9.584093,272.5901,662.7164,-9.807649,423.42166,901.91156,-121.62628,258.45447,911.6901,-116.00153,438.04108,1066.1652,233.95496,282.1027,1052.3884,201.7043,422.3429,1061.8442,262.2808,307.79025,1078.6024,227.3592,456.6481,1165.2854,139.3874,282.28906,1157.6929,93.504
mid_104.jpg,biceps_mid,356.16013,267.57675,-270.24725,377.69785,238.12045,-267.74954,389.28473,236.78723,-267.9403,398.7435,235.71439,-268.22385,343.82935,237.59421,-262.87622,335.69287,235.90866,-262.79117,328.1432,234.30681,-263.02026,418.3407,238.55466,-159.8714,323.402,236.7492,-134.34134,378.06784,292.01782,-220.69786,339.77426,289.33267,-213.9501,488.1217,364.48367,-59.40236,251.07594,342.58923,-53.375443,550.4155,503.10266,-227.71683,176.24524,502.59503,27.306564,533.99243,473.57336,-503.95358,155.42937,660.956,14.8446865,509.3145,465.02985,-535.4597,136.05331,701.0805,24.87943,527.91986,446.76593,-516.0455,155.72437,700.2653,-2.1474168,517.5822,451.97614,-498.67035,170.11888,682.339,8.615314,418.3487,664.4187,9.363324,271.70483,667.6842,-9.564349,432.59656,907.92426,-117.37019,253.02756,904.9831,-99.13631,437.6101,1069.694,245.52345,272.62555,1037.4769,219.00204,425.6898,1087.1746,275.21674,296.7003,1073.322,246.30534,461.8989,1172.1456,153.91342,270.7726,1155.1279,115.509544
mid_105.jpg,biceps_mid,360.3337,258.35446,-276.8591,383.1679,228.64159,-273.45004,393.9611,227.75523,-273.6224,402.97736,227.14505,-273.89218,348.75818,228.25069,-268.94388,339.90543,226.43318,-268.8222,332.49286,224.72894,-269.0397,421.11945,233.18015,-162.02866,326.68652,229.77501,-139.89622,380.00095,282.28018,-226.40085,341.93253,280.02853,-220.52594,482.98474,354.21555,-69.00962,251.53163,340.65338,-54.819115,524.43,502.2112,-228.053,180.60347,503.1254,-2.1914947,511.90414,475.92596,-512.3574,154.77328,657.325,-56.09761,506.30692,473.80472,-550.38696,139.48088,699.0435,-54.7111,509.38495,450.5943,-536.85706,150.1859,699.32935,-88.17293,498.8426,455.02206,-510.14624,164.39932,682.4832,-66.372955,420.91833,657.3542,7.6398115,273.7454,662.7169,-7.8951936,427.9214,905.7635,-149.52417,250.06816,899.40564,-155.21135,429.9593,1076.0426,240.8814,293.77585,1053.4019,229.45665,418.63034,1094.8589,273.39087,309.23068,1067.3247,264.5315,449.0915,1179.1676,153.92334,286.25464,1153.7867,146.24841
mid_106.jpg,biceps_mid,352.34308,252.59485,-255.94936,377.18814,222.09978,-255.8127,388.68518,221.62204,-255.98503,398.18823,221.4679,-256.2963,342.46698,221.14783,-249.43707,333.93546,219.4152,-249.28581,325.83817,218.00183,-249.55684,417.8003,227.2474,-154.60094,321.14197,225.08823,-119.72414,373.6609,278.26334,-208.96,334.14804,275.02026,-199.33249,496.4767,352.34702,-63.762897,250.11818,338.97562,-48.945217,549.61005,507.03754,-227.9779,179.6333,509.00717,-10.005481,531.2544,473.47,-516.46124,153.2746,663.81226,-85.89008,522.96106,468.02252,-555.1381,129.09537,705.17474,-88.307495,525.8166,442.31088,-536.73944,146.61102,706.29236,-122.89986,515.86365,447.7947,-513.6509,161.66705,688.8763,-97.91281,429.23288,663.61597,0.14154732,275.6211,665.9434,-0.368007,436.86514,883.2588,-206.23198,256.27017,913.93195,-166.99367,427.28058,1062.4115,130.65923,280.03262,1080.1415,139.73907,413.80048,1070.4241,156.76999,295.9697,1096.5093,165.81023,431.68976,1194.7963,26.54295,274.1685,1185.4004,43.64735
mid_107.jpg,biceps_mid,349.96878,236.30196,-319.24786,372.94888,206.32762,-317.8982,384.74298,205.88927,-318.077,394.78833,206.01434,-318.4,338.45395,205.29034,-305.6963,329.71423,204.07121,-305.67526,321.78058,203.33498,-305.98264,414.061,214.03809,-212.9019,317.31784,211.52351,-151.08311,371.81897,264.07538,-271.6462,332.3981,262.15317,-254.54639,506.79288,356.1655,-109.14799,246.28789,337.11957,-54.382694,561.3304,541.1187,-244.78464,178.98335,511.07254,82.33138,518.60614,495.12692,-502.24954,154.15318,667.7381,88.92471,497.8866,484.5099,-532.54535,130.05849,706.30804,106.09327,506.44562,452.66022,-508.01724,137.35979,706.7338,74.14181,500.2595,457.5246,-493.31644,154.8176,689.5982,80.01597,433.9766,682.3273,2.7919695,275.08585,675.49567,-3.0708175,434.61093,940.63074,-154.22757,262.89496,943.88354,-128.37167,427.75687,1072.25,336.59848,284.8777,1066.4023,280.84894,411.27023,1081.3286,379.46417,295.46014,1106.7151,317.9603,439.60376,1217.1355,242.64523,275.135,1203.7925,172.74243
mid_108.jpg,biceps_mid,340.34137,236.60309,-299.57816,362.00162,208.86555,-300.97543,374.02905,208.26196,-301.18344,384.79916,208.22366,-301.49847,329.28848,208.01399,-286.04474,320.794,206.78363,-285.98642,312.92117,206.12334,-286.25626,407.1509,215.24326,-200.98997,311.3801,212.7288,-122.21445,364.42642,263.03354,-252.66234,325.66547,262.39578,-230.47644,499.21606,342.91272,-89.12878,248.07704,333.31464,-44.468998,591.4161,472.7848,-249.2078,180.49011,504.6034,34.575634,606.685,486.09253,-533.1033,155.14108,664.2531,-3.316425,610.1383,489.42798,-563.03876,137.75847,711.35,3.5292451,609.42267,467.43588,-564.411,148.8565,708.9635,-32.528862,595.2389,469.87393,-535.86096,163.3822,696.95966,-15.064058,420.50873,685.8416,3.3856814,273.1001,673.7295,-3.3291163,429.95468,952.0801,-142.08951,266.28433,944.07166,-32.378555,424.24512,1084.2645,224.80698,286.83597,1066.7845,338.59573,405.45493,1089.6635,251.8045,296.40918,1070.2892,369.64847,448.48117,1230.518,80.32758,277.20444,1191.8275,216.83923
mid_109.jpg,biceps_mid,331.8807,230.0972,-354.00378,355.03793,203.31982,-356.547,367.94803,203.5246,-356.81244,379.59293,203.92712,-357.2317,321.69028,200.53801,-338.6397,313.43384,198.8797,-338.59064,305.67838,197.50237,-338.83804,403.06256,211.79742,-255.40982,304.08093,205.14409,-162.94724,354.90833,258.12485,-305.77292,315.2005,255.8566,-279.52716,496.26367,340.89487,-132.25757,240.21776,331.4088,-60.420654,600.84955,488.0151,-201.65932,180.45903,500.49026,79.196495,659.7441,550.0707,-416.80722,157.36258,658.79767,63.202427,674.33826,562.0314,-437.41772,135.7255,700.30145,75.330055,675.1518,544.6826,-459.73804,143.02039,703.42737,34.16561,656.24884,543.40344,-426.17096,161.92934,685.0735,49.827057,428.14252,682.2116,-5.2893744,271.81445,670.1267,5.2933035,422.4089,954.44946,-121.47699,266.18765,949.5841,-46.355415,419.1853,1072.3606,359.58206,287.92636,1066.6866,374.33813,406.20282,1082.4944,400.08636,299.67584,1069.5991,411.9428,439.6116,1221.0193,236.05219,287.11993,1203.1947,250.78174
mid_11.jpg,biceps_mid,402.2138,395.828,-564.2244,419.53848,368.87787,-524.71027,427.18802,373.34348,-524.8348,423.50403,384.39154,-525.09674,392.9345,362.49554,-560.0409,385.0876,356.09775,-560.12006,384.79993,334.0378,-560.256,419.66476,371.30325,-271.70566,356.56082,319.8985,-427.1623,383.87405,425.10452,-463.6713,360.90555,398.4319,-509.0698,393.57642,490.53583,-66.62777,192.87325,373.88318,-337.0392,365.1712,677.36255,-362.59552,19.088413,517.978,-428.83948,390.1901,639.51636,-942.14294,23.63055,699.3252,-582.0369,392.83975,634.4827,-1063.685,-2.6007235,744.693,-645.63293,399.95135,600.5917,-1046.2068,28.028816,757.34705,-683.9685,387.2522,605.15814,-950.6182,38.769024,745.88477,-595.7233,242.30522,680.90186,118.34034,117.24443,653.5824,-118.68296,480.5705,791.3208,-170.485,282.39648,738.65137,-373.3113,440.10223,1069.0498,-32.90454,251.17351,925.7126,217.06561,404.3022,1096.1023,-24.255552,235.07693,944.005,279.6093,487.60544,1195.4022,-226.87607,252.74654,1013.2202,191.91199
mid_110.jpg,biceps_mid,322.24847,231.139,-423.22708,343.87482,201.93166,-421.66043,356.31552,200.85385,-421.9181,367.37772,200.3164,-422.27225,311.7116,202.35133,-401.08603,303.71622,201.58893,-400.90976,296.08853,201.30186,-401.10977,389.73807,209.30432,-299.07974,295.0972,210.72327,-193.76161,345.66782,257.5101,-367.51712,308.4945,257.60202,-337.37677,490.8634,342.19373,-155.31696,237.64139,333.99164,-57.645306,597.0398,466.95233,-240.07426,187.59874,501.23703,31.32815,660.11896,565.1084,-520.96716,166.90506,660.7264,-86.634125,683.4558,586.6701,-559.2681,150.2783,703.1994,-94.284775,675.4444,573.8587,-598.08295,164.23859,702.4877,-140.53268,655.5906,569.3786,-537.90247,177.7954,686.4465,-103.72508,415.42264,673.93964,-14.794426,268.85266,661.9343,14.8841505,399.77686,934.0772,-143.6151,260.8,933.0816,-79.213875,419.8161,1111.9532,270.46674,268.01065,1102.2092,316.8596,419.2285,1131.6892,301.1518,284.17783,1122.0984,347.8672,420.27167,1213.9691,106.633,258.35986,1201.9745,151.10487
mid_111.jpg,biceps_mid,311.29865,230.31114,-426.94394,333.99234,198.82533,-426.80737,345.66437,197.96309,-427.03983,355.33417,197.89848,-427.41748,300.10687,201.32812,-407.846,292.3852,201.4147,-407.71686,284.4812,202.00674,-407.9374,376.89688,208.8091,-330.4655,283.34937,212.72076,-235.29652,334.85342,255.19778,-382.38922,295.73904,257.1492,-355.09552,485.7586,339.8773,-228.101,226.7157,337.57947,-116.434,591.08777,481.2753,-231.8245,178.26666,502.83063,31.986351,600.54266,642.75604,-366.182,155.91733,663.87305,12.806614,613.37634,680.62366,-388.8546,144.54701,703.84424,17.789768,606.6809,681.24274,-425.47882,150.69748,700.4566,-25.345654,589.6007,667.6185,-378.6447,165.03429,683.9664,-1.884381,415.49466,661.1746,-12.919277,265.96564,651.7477,12.942232,412.04218,915.2637,-125.70618,262.38,916.43005,-41.79484,412.50418,1063.175,259.74142,270.08713,1072.4944,315.54956,415.71988,1110.1437,288.10703,287.27512,1091.1628,342.96252,432.82947,1187.049,113.73025,256.5104,1170.38,166.10327
mid_112.jpg,biceps_mid,302.25186,229.12308,-476.62668,323.4685,197.92854,-480.33234,335.47342,197.67676,-480.51135,345.85278,197.98149,-480.8527,291.5153,198.97133,-458.88565,283.86395,198.88739,-458.81796,276.61673,199.27904,-459.04407,370.77502,210.12,-399.16965,277.65887,211.63112,-293.5521,325.90765,255.06877,-438.20825,288.5381,257.19257,-408.00827,477.36816,342.0529,-300.92102,224.37346,337.8296,-175.41263,592.20496,483.19104,-292.13306,177.77182,502.335,-14.489536,607.05255,646.48346,-374.67157,155.69902,656.1826,15.779175,628.6889,695.60223,-386.8863,152.91066,715.51294,31.512163,611.6538,695.48944,-420.18698,147.101,704.06104,-8.32877,593.90076,680.7646,-383.78992,162.24829,686.9709,3.6179094,409.7755,655.5685,-18.130959,264.124,646.0926,17.911163,403.85287,903.9694,-118.12236,257.38327,912.9447,-48.123734,418.6373,1069.821,298.53818,279.17728,1049.298,359.77448,417.2336,1084.8097,331.7236,297.1004,1061.97,394.08786,427.58487,1174.6803,176.34702,269.316,1151.5985,243.58199
mid_113.jpg,biceps_mid,293.21927,224.94289,-406.63538,316.8253,192.81282,-406.27936,329.02313,191.81868,-406.46637,339.17627,191.65154,-406.78735,281.83432,194.69513,-386.83057,273.49124,194.36087,-386.78018,265.51212,194.51942,-386.9924,362.25812,203.08786,-318.9175,265.52695,206.40329,-222.66087,317.38376,252.81125,-366.626,278.73676,254.19536,-339.28848,471.1994,344.11697,-233.2484,214.40782,341.68817,-114.178215,584.4979,501.1151,-192.61745,172.59375,508.27957,83.994705,576.0916,665.7292,-233.3271,155.45256,668.3278,126.78141,579.0938,713.04474,-241.55225,139.36884,718.6288,141.17206,566.17004,715.292,-269.5396,151.19617,710.6947,104.34965,551.9844,697.8208,-239.75008,164.09552,700.2232,115.27227,408.24548,676.2209,-16.823849,258.58984,663.9956,16.736753,406.52487,926.8734,-125.827446,257.14462,929.9103,-50.315002,411.9283,1064.0941,316.14117,286.51175,1058.324,353.67984,404.91083,1070.6996,351.5818,300.7189,1092.7683,386.66293,438.13318,1189.1699,195.02505,267.17026,1183.4575,225.78632
mid_114.jpg,biceps_mid,277.7566,226.2699,-526.9538,302.32858,192.55627,-527.45386,315.38947,192.54033,-527.60944,326.1219,193.32986,-527.9226,267.25647,192.95615,-509.01074,258.87347,192.52501,-508.99365,251.14328,192.32916,-509.1727,351.1554,206.89024,-437.51956,250.77916,205.79242,-349.3811,301.91922,254.43158,-485.30057,263.36743,254.97923,-460.20792,457.13867,350.6981,-334.50958,195.66882,345.22873,-209.60419,563.3841,513.74036,-245.86838,159.87753,514.0472,-14.767465,575.01044,692.1245,-236.55614,150.74069,661.4551,15.484297,590.648,748.1939,-242.47292,143.30705,706.95685,30.266006,581.6736,744.6892,-277.89178,150.09515,701.30853,-5.05821,563.52625,726.8541,-244.41791,161.80948,690.60913,4.7990284,401.0396,667.43274,-13.701901,249.7076,659.5861,13.605716,400.55093,917.0248,-115.19648,253.41583,929.64075,6.9889956,416.71976,1076.1449,337.19266,267.44632,1087.7299,355.25668,398.97177,1055.5364,372.87466,283.50128,1107.1798,380.88043,428.72977,1178.5579,214.68912,256.8583,1187.5328,192.35074
mid_115.jpg,biceps_mid,263.4918,226.88411,-404.36237,288.36163,196.2554,-404.38596,301.09946,196.10329,-404.61145,311.98312,196.75168,-404.93408,255.30292,196.15778,-383.7196,247.75926,194.9401,-383.61087,240.51186,194.0205,-383.80353,338.342,210.06902,-322.81122,243.9098,206.16483,-223.50635,286.95117,256.92075,-366.795,251.4536,254.05676,-338.52252,446.06766,348.89423,-266.59174,188.91322,341.05438,-86.22792,551.9837,516.7489,-185.48369,151.04536,505.17957,121.774086,559.77637,703.11896,-165.70206,138.76033,661.1956,153.96904,578.8946,763.31335,-172.04478,128.30334,711.03687,170.71751,547.49084,751.05945,-213.52371,135.21906,706.4719,127.70346,529.1263,731.3927,-174.89874,148.37051,694.38306,139.65526,385.28302,678.65875,-25.22569,241.30403,667.3109,25.157011,386.9429,942.6329,-116.02218,239.77625,932.7068,51.873238,404.5079,1114.5256,266.44604,267.16663,1064.1039,404.91147,404.76202,1130.6769,295.52658,278.69278,1109.3147,433.37823,407.29996,1219.0435,143.12534,239.72653,1187.5979,284.75262
mid_116.jpg,biceps_mid,252.6508,227.29024,-350.29767,276.93704,196.67215,-352.93542,289.83334,196.58676,-353.22342,300.8648,197.22055,-353.5973,244.5191,196.24397,-329.94974,237.22798,195.394,-329.88516,230.06926,195.06006,-330.11728,325.9927,210.479,-284.98,233.82973,209.50114,-174.26265,275.9467,256.13504,-317.45908,241.53197,254.65565,-285.9264,436.37988,348.4613,-235.40201,176.7853,349.92343,-49.50174,534.12775,512.54285,-161.60492,142.91261,512.7201,155.61806,561.6864,693.64154,-146.19792,132.499,673.02795,191.25446,581.8444,738.6113,-149.09218,121.56082,721.34686,207.98212,559.4271,743.8284,-195.43051,127.44046,717.5524,169.17987,542.7585,723.21027,-157.50235,140.0197,706.4742,177.80936,380.2926,688.3001,-25.093737,234.82248,678.4182,25.006584,383.5969,945.2964,-114.78579,231.69887,942.39734,63.54311,400.13373,1109.6477,332.44583,256.39276,1076.3776,431.18695,399.57782,1124.9314,369.127,267.42914,1124.9854,461.1698,403.962,1211.4034,215.14645,234.18706,1201.1505,300.07388
mid_117.jpg,biceps_mid,251.69377,231.6058,-398.35965,275.8552,199.61815,-395.04315,288.1863,200.41367,-395.28323,298.44565,201.73611,-395.63098,240.85472,197.75739,-376.81305,232.91373,196.81258,-376.78363,225.50275,196.25375,-376.9839,321.2168,215.77542,-306.21573,226.39896,212.62192,-218.8469,274.5651,261.3467,-359.22873,237.08884,260.0085,-334.49725,430.1892,358.9565,-242.96123,158.6504,368.8204,-99.17221,527.1128,525.9188,-149.87782,131.6807,537.6374,101.444565,544.22107,708.11743,-127.45363,129.19664,702.21875,144.23528,565.95593,765.5363,-130.0028,122.03369,745.09875,159.6428,541.36035,766.29486,-172.04529,131.88489,744.031,121.88713,527.6626,750.1502,-137.06001,142.89668,726.8078,132.35545,378.20636,699.8083,-15.311718,229.70451,699.05896,15.123429,385.90955,959.1745,-127.022484,223.00563,964.2365,-1.7081065,406.34296,1123.2141,326.0617,242.24895,1133.3936,373.6006,404.5122,1138.8851,363.5163,254.516,1151.7959,404.92242,418.9818,1223.5918,208.91599,235.1164,1230.3612,234.49797
mid_118.jpg,biceps_mid,242.80692,240.5927,-410.0568,265.67276,209.60591,-408.3527,277.66962,210.1705,-408.58426,288.3041,211.3482,-408.96448,233.09348,208.3875,-388.5265,225.52553,207.59059,-388.4857,218.52385,207.0842,-388.6759,312.38086,226.6086,-316.79352,220.3982,224.14268,-222.41183,265.9721,269.9297,-368.68964,230.58516,268.99194,-341.70682,425.66483,362.7945,-244.18797,155.19266,374.88907,-102.969345,521.31024,532.6544,-165.24156,125.11584,544.70746,54.407387,532.0687,715.0236,-173.7397,116.345505,704.93,21.700258,550.8831,768.5215,-187.23021,103.250244,745.44867,21.131557,524.20703,765.57227,-227.91823,111.733444,744.6672,-16.430977,505.43433,745.49554,-184.23232,125.246895,727.6381,7.2053576,381.20618,707.9679,-10.050478,225.65242,705.37225,9.924644,393.08167,972.06537,-132.60512,210.76749,976.2769,-8.215576,411.63504,1142.7703,329.90454,233.49782,1150.972,350.30365,406.0007,1160.2046,367.60968,246.69627,1170.9849,379.38693,434.76083,1241.4901,199.98553,227.3852,1250.3885,188.43242
mid_119.jpg,biceps_mid,246.65152,241.04402,-486.0414,269.40524,209.78004,-479.8862,280.81625,210.20744,-480.07724,290.42184,211.23648,-480.41687,236.15848,209.33728,-463.85886,227.87968,208.62683,-463.84787,221.28363,207.91557,-464.0408,313.0386,224.50308,-367.3995,221.25383,223.72787,-291.017,269.08368,269.5953,-436.83878,232.59778,270.17444,-415.0017,424.6511,366.03354,-283.1778,157.40694,381.4571,-160.60606,515.5922,539.4447,-197.99548,123.93399,556.76276,6.4806333,534.814,716.7225,-208.07944,105.33434,720.11786,12.473366,553.28827,765.5917,-219.55327,84.9185,768.1362,18.199606,527.437,764.252,-261.08826,92.08378,764.4157,-24.056015,510.95477,744.352,-219.08496,109.06183,746.1621,-2.945307,382.82547,712.7925,-8.127648,231.78802,712.1541,7.8608117,393.96814,982.9561,-122.379745,210.45277,982.3501,-21.352057,400.45227,1129.3136,419.17654,234.59758,1146.1632,393.69086,393.67618,1144.6292,466.52747,248.49115,1163.791,429.95325,426.3222,1227.1337,312.1732,228.59102,1246.1385,239.16724
mid_12.jpg,biceps_mid,384.95245,394.19025,-540.8809,406.97916,364.36603,-505.1945,416.1039,373.45447,-505.33762,418.37598,375.48657,-505.62253,387.6755,342.94022,-531.153,375.60892,330.19403,-531.21423,371.81958,326.60223,-531.40125,413.82623,374.0656,-271.46866,348.13736,316.9235,-383.0033,373.32516,419.13312,-447.26166,341.61392,391.38226,-480.11215,397.59222,490.12546,-76.66833,184.91756,372.35397,-297.90228,375.4771,680.07947,-346.53687,21.68904,498.51105,-401.4809,384.6383,637.06085,-860.2453,24.25216,690.60315,-574.82574,382.30972,629.97473,-972.8487,5.284016,738.92645,-636.2411,388.43164,595.49445,-949.7691,40.557137,747.5254,-670.83984,377.32483,600.50635,-863.8989,51.2897,736.6648,-586.7119,238.30423,682.3871,98.25419,117.488556,643.6417,-98.71348,451.73572,801.16144,-135.28882,251.37521,694.9855,-294.50586,441.07034,1069.3357,-46.54028,188.74568,870.1865,179.6218,407.2449,1097.4824,-42.370285,170.83351,894.63306,230.23848,495.39655,1191.0927,-235.46649,176.43831,934.88513,135.40489
mid_120.jpg,biceps_mid,250.81256,241.93246,-441.58566,272.48447,210.77563,-439.0608,283.62692,211.17291,-439.23724,293.04895,212.11743,-439.56647,239.21059,211.2023,-423.1908,230.70723,210.98825,-423.1607,224.3063,210.7381,-423.36014,316.2665,223.82437,-339.2728,223.27061,224.75433,-263.25668,274.224,270.09396,-397.3366,236.2723,270.24512,-375.47537,427.23297,359.9013,-265.34015,162.8876,373.9194,-153.31117,517.83344,533.86914,-193.13705,126.138336,542.7048,-18.986376,534.4999,708.83765,-211.62859,98.90157,704.93225,-44.37203,549.7769,760.83746,-225.77959,89.20825,752.9054,-45.277252,527.6601,761.2192,-268.41602,94.74348,750.4369,-93.34439,515.9433,741.50916,-223.97075,113.39357,734.94495,-63.9877,388.00827,693.4893,-6.8623934,234.5995,696.2492,6.633625,396.98474,941.82056,-112.638115,221.14215,966.7107,-25.697996,395.9643,1069.867,390.34656,243.13702,1086.5813,376.2678,388.4084,1068.5176,432.9154,254.44989,1126.0453,411.27234,422.2572,1201.1829,283.73138,237.31314,1219.3308,241.08401
mid_121.jpg,biceps_mid,260.48926,235.73991,-474.7787,281.0186,203.6564,-468.8264,291.98254,203.41008,-469.0244,300.97592,203.58492,-469.35748,248.03569,203.55515,-454.61734,239.64223,202.9755,-454.63763,232.71407,202.54747,-454.88388,323.4809,214.57848,-357.32806,230.22345,215.58777,-287.11847,281.9222,261.72208,-425.93033,244.99562,263.10373,-406.10587,433.23044,353.4669,-277.4913,164.8098,363.15137,-155.93524,524.0438,532.35815,-213.4809,126.65845,529.5878,19.3212,539.69,706.758,-249.55707,93.55794,685.71075,26.783821,558.78204,757.6342,-260.6949,77.98923,729.5648,35.59544,537.223,753.8438,-302.86383,86.626724,727.1905,-6.5270734,518.46326,731.4255,-261.5136,110.952354,704.8593,12.36253,390.57513,682.3511,-16.141958,236.59941,686.69025,15.779793,407.10822,944.6478,-146.79344,225.6386,956.67456,-48.791214,412.8835,1066.4799,356.63177,247.42749,1112.1351,370.01172,418.79715,1113.7957,399.45853,265.28934,1129.0294,406.2318,440.46643,1201.1593,244.85445,233.75638,1212.5399,235.6863
mid_122.jpg,biceps_mid,262.99088,232.93272,-458.79144,281.56317,202.38516,-451.73935,293.10486,202.25275,-451.9195,302.77634,202.41188,-452.17322,249.29166,203.46536,-438.97604,241.03835,203.9538,-439.01624,233.2093,204.53165,-439.2757,324.43146,212.10014,-347.36,229.70557,218.78847,-281.87164,285.74536,256.3976,-413.59882,248.08398,260.2519,-395.13428,430.0963,345.83743,-258.1257,169.34236,363.07455,-166.95685,526.8132,522.34393,-202.15314,128.84476,525.1069,-17.363401,545.1599,698.635,-255.77715,92.81276,675.9161,-41.92497,565.9217,741.53467,-267.6952,74.40306,722.0105,-39.97781,546.3693,738.3173,-310.51227,89.112785,725.1435,-84.04383,526.4153,716.1717,-269.21695,107.13676,707.1549,-57.668926,392.1674,671.0138,-17.507278,246.4942,672.0813,17.163958,410.8158,932.07294,-131.12683,235.01558,928.7714,-24.65631,419.8338,1069.2169,294.40842,255.40863,1070.0477,343.98105,402.87637,1068.3408,326.37262,278.90964,1109.2614,372.15414,437.7056,1190.338,161.147,236.30795,1187.0807,201.04749
mid_123.jpg,biceps_mid,263.55237,233.66481,-433.98648,285.4165,201.46304,-437.14752,297.32516,200.76852,-437.3032,307.4572,200.36578,-437.6073,252.5118,201.98427,-420.0231,244.60316,201.71835,-419.96527,237.42607,201.67303,-420.14398,330.12766,208.27629,-351.41498,238.88922,212.42651,-267.03726,286.76184,257.8675,-392.28207,249.81802,259.43896,-368.19437,438.40103,335.34747,-277.68716,181.87335,335.66098,-130.31422,535.47797,502.7056,-209.86491,140.82103,476.1453,60.516262,559.081,675.6956,-228.72682,89.626114,611.0723,70.21868,577.7531,718.35156,-238.0268,64.372955,651.5366,78.54207,558.28424,714.7536,-281.3588,72.852936,651.49335,29.364698,539.1564,693.7857,-241.31314,87.196884,639.3704,50.851963,399.3195,662.51886,-21.008734,248.4518,664.22766,20.891296,414.25818,905.3364,-100.45014,245.29648,914.9157,-10.437261,417.66336,1057.5732,317.24908,261.20087,1056.1702,325.69193,403.83835,1064.7551,349.7177,279.0779,1094.7732,351.98035,425.3165,1177.3044,200.35619,237.46637,1176.2925,196.52704
mid_124.jpg,biceps_mid,262.61185,230.32054,-339.73862,283.12988,197.7815,-350.5874,295.3255,196.98636,-350.80573,306.41406,196.58403,-351.16376,254.11589,199.30809,-327.45868,246.99841,199.41563,-327.38077,240.19954,199.74953,-327.59628,328.786,207.22108,-291.05432,243.68134,210.58635,-177.7249,287.0266,254.17569,-305.94763,252.4598,255.64653,-273.51346,437.9416,328.3691,-242.86455,190.18181,324.86646,-30.607298,537.691,494.63788,-213.67697,148.36229,459.35123,219.41675,556.4962,665.4722,-282.25082,88.907646,574.42413,292.7261,576.4088,708.20825,-297.71567,62.00674,611.65375,312.7698,561.45404,713.8272,-345.5937,72.87981,606.7272,264.5176,544.6471,697.39307,-297.6239,85.404366,595.8503,275.34305,399.04425,658.82996,-39.734943,255.54117,657.8598,39.68693,416.09552,931.1905,-143.88925,248.03687,921.1658,54.74291,423.81348,1063.6997,254.7981,269.99,1051.349,363.55978,418.16895,1060.7701,287.34985,295.07565,1099.4565,388.6071,431.9783,1188.9875,153.84038,244.935,1176.2946,251.27701
mid_125.jpg,biceps_mid,245.7028,237.0463,-362.9262,267.92944,203.6075,-383.41074,280.70306,202.10307,-383.53192,292.15524,201.02228,-383.80588,240.80437,204.52672,-354.7932,234.63895,203.66908,-354.6551,229.2558,202.79805,-354.75366,319.20477,208.23973,-349.48145,237.80505,209.03586,-213.04187,268.20267,259.61435,-337.19632,239.18036,258.5181,-297.69153,436.60864,325.44733,-270.51025,186.66785,323.4574,-68.32849,539.4734,481.21658,-223.82477,155.23555,442.70636,157.49283,552.8441,642.23016,-274.40762,93.0311,531.87244,155.70485,576.16235,692.1241,-294.5637,67.49867,563.7683,158.38014,547.8808,688.3092,-336.42728,76.22342,553.2637,108.72124,531.8848,670.6255,-287.60016,88.79547,545.3565,134.2512,392.56018,654.22974,-30.856434,250.07663,651.4485,31.13212,396.10068,906.33484,-49.63355,255.69635,918.9071,77.06664,414.2612,1056.0621,257.53058,269.4912,1055.935,327.18323,405.28256,1062.4785,278.27615,287.47894,1111.0646,343.52127,414.34048,1184.1907,133.15822,241.43794,1184.5619,190.8299
mid_126.jpg,biceps_mid,253.66393,232.60971,-336.93124,273.6379,200.10168,-337.9418,284.7573,198.22244,-338.1078,294.45587,197.08376,-338.40018,242.55241,203.3561,-323.9289,234.7278,202.92554,-323.78076,228.04512,202.64935,-323.89975,317.2554,202.97134,-247.23474,227.9867,209.03778,-178.09178,277.97073,254.54265,-294.58972,242.34364,257.38968,-274.61307,434.7564,319.86383,-180.20483,187.89067,330.24182,-63.961067,539.52435,478.6332,-121.920494,146.08194,472.3891,-131.7053,557.85864,637.911,-142.67067,81.57157,527.9205,-453.06293,581.4756,678.806,-154.38535,55.90161,529.54114,-496.94153,558.1602,676.06494,-196.9985,62.85647,506.00165,-527.6093,541.1609,660.84625,-154.59148,77.59286,503.4304,-474.58154,405.93073,655.7916,-20.163538,263.96664,653.22546,20.150015,411.3692,905.51825,-68.05206,255.42003,921.2579,55.028194,421.1898,1056.4697,236.39313,273.56638,1053.9073,316.519,414.72168,1062.4109,255.49475,290.7211,1104.6587,334.33386,436.6332,1179.5996,113.79514,239.38554,1184.5332,190.96762
mid_127.jpg,biceps_mid,231.31146,244.3425,-362.11496,251.0434,212.29845,-379.84384,263.7851,210.27211,-380.07462,275.34332,208.51791,-380.51675,224.03467,213.94373,-353.00677,217.65834,213.25206,-352.83182,211.76488,212.62056,-352.9542,301.09506,214.22629,-340.9534,219.22986,219.14725,-213.89995,255.54524,266.54037,-335.02194,225.54398,266.18115,-298.33588,419.66293,318.90445,-292.47147,186.2157,338.2268,-53.13488,538.6392,472.3497,-250.48944,163.45015,484.60187,99.104095,568.6939,643.73785,-236.12987,110.60625,527.2998,69.24112,588.95526,701.70306,-242.99663,78.40731,530.9178,75.005684,563.1513,703.0568,-288.5008,75.93986,499.84103,43.18609,543.0109,681.1774,-247.26419,94.41968,500.38803,53.73249,402.54932,651.5968,-43.049576,263.58423,652.3084,43.24934,401.19812,902.9682,-103.66847,249.91374,920.47845,90.488365,416.76132,1049.3582,267.9236,266.68198,1052.5098,394.12534,415.18805,1048.2573,296.77478,285.08804,1095.5143,416.5959,418.16415,1174.0333,153.47256,236.27711,1175.2297,268.88568
mid_128.jpg,biceps_mid,228.96329,241.10338,-364.0263,245.31442,207.62437,-378.36346,258.25732,205.92967,-378.5889,270.02362,204.14592,-379.028,217.58644,208.86894,-352.41782,210.46745,208.55978,-352.23218,203.69307,208.26747,-352.339,294.37424,208.41306,-329.73883,210.62502,213.87355,-205.3075,253.06592,262.7173,-333.6987,222.66841,265.24405,-297.85974,414.12067,315.98627,-285.2473,175.58047,331.00403,-41.4018,532.57947,467.74817,-232.17026,181.00476,487.76804,155.00757,559.42126,637.41956,-216.69131,135.61992,540.45215,169.61716,585.7819,693.5746,-224.69783,126.97025,563.5351,179.11203,559.4053,697.3604,-271.30594,114.45957,548.6515,142.7679,548.73364,680.5132,-228.7998,130.14442,543.0868,153.26572,394.23538,645.5236,-49.016876,256.46362,649.0963,49.19491,405.76273,903.79974,-122.67507,243.25685,908.5402,59.819855,414.1772,1042.21,265.10428,262.98056,1056.9601,367.50452,406.19644,1049.8271,296.22522,278.77933,1096.649,390.4898,410.60144,1170.7811,157.40001,218.53096,1177.1704,245.0659
mid_129.jpg,biceps_mid,218.04614,245.51518,-312.14404,235.48537,214.40283,-332.87244,248.72171,212.35696,-333.11295,261.22137,210.58696,-333.5429,208.82965,215.45346,-303.12317,202.1186,214.77635,-302.93954,196.05324,214.39288,-303.05365,288.45554,213.8159,-308.90527,204.9919,218.54668,-165.82207,242.80489,268.70187,-290.74625,213.51013,270.81763,-249.4391,412.206,314.0312,-270.91736,179.77669,334.72577,-19.200306,527.76996,461.21283,-198.56552,200.17511,481.15677,225.56084,565.0088,625.5172,-149.18681,177.8018,549.81274,313.96732,580.76373,667.21655,-153.18867,175.15587,580.28656,330.0448,558.41907,671.8366,-203.21013,165.26843,567.26385,287.99124,547.49133,652.6061,-162.73914,177.83025,558.20966,296.04858,392.73563,654.4851,-55.23863,259.7782,650.687,55.60662,406.64352,905.26953,-91.48095,242.37675,926.9853,119.357765,418.78647,1055.0272,231.86528,256.87473,1053.3473,413.013,412.79855,1053.6271,254.22011,275.3064,1096.6086,433.56906,411.96747,1184.5392,97.31976,210.79411,1177.2905,297.64432
mid_13.jpg,biceps_mid,384.99942,420.61853,-241.13295,409.6322,398.39478,-207.99448,411.44232,399.0396,-208.1089,417.06,401.62796,-208.25874,390.24533,384.2891,-242.50133,382.3691,389.34406,-242.55624,374.74615,383.32736,-242.71367,417.82794,408.9189,5.3312626,351.89844,367.5934,-149.06038,382.3311,440.42313,-154.46846,355.18924,426.9651,-199.95323,400.05542,503.1642,170.57332,200.78925,380.18256,-116.13328,364.34897,675.57886,-161.86035,28.082138,515.8697,-238.27234,384.56787,636.2345,-733.8911,26.354881,698.1023,-366.37775,390.19086,633.15955,-856.1181,1.622361,742.62805,-424.80673,393.26492,600.3284,-824.9929,41.556503,749.408,-455.1487,380.0176,601.8911,-737.415,50.612736,736.1454,-375.36926,251.94118,679.11896,115.963936,132.48647,635.4048,-116.23057,497.5462,783.0321,-234.68121,275.25888,677.9242,-612.95667,461.23016,1063.1356,-209.20825,163.26556,862.5507,-252.34052,414.62277,1096.5015,-214.21898,143.81865,880.93805,-212.73492,497.39578,1187.3241,-438.70328,126.65423,948.0933,-343.6048
mid_130.jpg,biceps_mid,217.75702,242.0046,-342.17682,235.28183,210.5671,-358.99847,248.11156,208.34836,-359.16946,260.6568,206.41408,-359.49866,208.90813,211.96289,-331.4455,202.16196,211.289,-331.31732,195.8115,210.92482,-331.40796,288.47342,210.35968,-319.91553,206.39449,215.33032,-186.74329,243.02481,264.37402,-315.67145,213.20938,266.8001,-277.0348,414.76892,313.1475,-271.78586,184.28197,335.06952,-32.72224,529.05383,460.3033,-236.40614,189.33514,476.2448,185.20456,561.3438,618.2147,-262.40533,132.50906,506.04715,228.2826,583.50256,664.66876,-271.43213,122.69428,523.5555,240.78525,561.22565,668.1868,-317.54065,87.84092,483.76044,202.41795,543.79846,651.95966,-276.0224,109.22521,482.97693,210.95743,397.4211,647.302,-55.23324,261.5217,650.2592,55.517384,404.33267,894.4318,-117.6757,234.44807,912.09735,51.163967,414.91602,1048.5339,222.29048,257.65186,1052.0134,353.14447,426.36584,1085.1718,246.25423,269.64206,1088.1257,374.8186,410.10574,1183.2772,87.60045,209.76892,1175.205,234.09209
mid_131.jpg,biceps_mid,220.71768,237.33707,-322.02527,237.72292,206.55685,-338.58206,250.53448,204.68884,-338.8356,263.27094,203.01492,-339.20706,212.25545,207.72098,-309.2457,205.7829,207.14413,-309.08475,199.80318,206.91055,-309.21033,291.16757,208.55563,-302.15112,208.64565,212.14622,-160.82364,245.1653,260.7083,-296.82303,216.17096,262.09418,-256.0742,415.16873,312.93604,-271.90402,180.55045,332.00833,-6.8451815,526.7093,460.22433,-207.84906,198.82393,487.5757,236.02614,556.53577,620.6607,-166.78223,178.79819,581.9886,314.98755,574.06555,669.05396,-170.8939,175.37068,619.84955,332.94745,549.45636,671.489,-218.32564,168.52182,608.6092,288.17957,544.77704,654.2656,-178.81038,181.62053,596.712,296.3878,389.63956,662.5988,-58.223476,257.55792,658.6457,58.61991,402.94208,916.3512,-96.77503,238.95483,920.7844,108.96111,412.20294,1068.6605,227.78584,258.38898,1058.2229,410.76074,424.71198,1105.559,249.77702,273.85245,1103.2646,432.49347,406.39072,1195.0984,86.53493,210.17018,1183.7686,297.90167
mid_132.jpg,biceps_mid,234.47943,232.62126,-320.4533,252.21869,199.20662,-332.61102,264.83746,197.87904,-332.83167,276.153,196.61633,-333.22498,224.24393,200.43826,-308.43762,217.03961,200.14813,-308.27737,210.30147,199.93669,-308.3951,301.32693,202.45584,-283.6258,216.18802,208.16151,-167.38364,258.40054,254.09697,-291.78967,226.69943,256.77185,-258.25653,419.83792,314.44037,-236.12073,178.74823,325.97018,-30.675528,532.1673,465.46445,-199.55208,180.82312,481.44662,81.69159,553.69165,616.37335,-222.60591,158.15393,525.1116,-0.8855622,570.17975,663.8328,-232.60786,157.37,547.3506,-3.0192716,541.844,655.6691,-272.5336,145.20978,528.3724,-30.77114,525.7169,648.78015,-232.85974,158.11772,523.08154,-14.985235,389.88428,635.44543,-36.026283,252.98785,637.7984,36.1233,395.0363,891.2814,-143.10841,239.87793,904.3765,1.5913345,422.7956,1061.7339,182.88159,263.9533,1054.8296,279.96973,425.17416,1074.8492,205.62285,273.17865,1094.3939,298.9297,420.79672,1173.4575,46.650703,231.37917,1182.2227,144.68927
mid_133.jpg,biceps_mid,252.13774,228.12236,-320.0452,271.5316,193.9682,-317.5093,283.49582,192.89876,-317.61432,294.07114,192.37814,-317.86282,239.80592,195.82198,-303.6305,232.24431,195.53587,-303.4729,224.97543,195.43474,-303.5429,318.7473,201.23456,-220.10056,227.02856,206.73857,-151.2095,277.0375,251.31345,-276.28226,240.24881,254.85905,-256.14468,432.36227,318.00955,-148.79027,181.51463,326.53775,-51.319763,530.3684,480.17282,-98.73038,146.21547,492.32965,-113.12253,549.81885,628.9924,-179.13362,97.04257,534.3862,-451.87305,562.0242,679.81006,-203.26538,65.902695,541.25867,-503.9069,534.2876,665.9869,-248.33887,71.952286,518.04315,-539.3983,521.9949,648.6622,-193.97287,88.036644,516.902,-474.94254,398.74066,647.4055,-18.634642,257.87872,647.7097,18.534367,409.58047,903.0686,-119.229965,245.73651,920.9983,-44.152466,415.91913,1056.5974,193.17882,265.14352,1040.5483,302.2441,407.65265,1063.0216,212.76804,276.31732,1075.2395,330.20572,426.35843,1192.6785,58.650455,229.4061,1164.1484,205.3139
mid_134.jpg,biceps_mid,258.61026,223.27513,-362.66888,279.83316,188.95348,-363.2836,292.02798,188.34962,-363.37234,302.3981,188.35728,-363.54184,247.11923,189.51021,-348.3639,239.25902,188.80966,-348.24744,231.8506,188.28087,-348.2988,327.28143,198.413,-270.4018,233.99294,200.04504,-198.62265,281.43582,246.5624,-319.23352,245.48015,249.92305,-298.3012,431.76984,314.5797,-202.89407,182.52689,324.73953,-73.770515,526.6234,466.7578,-160.67029,151.51292,454.194,-9.452534,546.02936,621.2669,-244.85165,94.687325,560.459,-207.2487,567.9262,666.13007,-267.17535,70.85959,585.6097,-236.92961,545.05994,663.2167,-309.77594,74.210266,566.8174,-283.14795,526.4866,649.8367,-258.66507,88.337364,563.05054,-231.5957,396.43283,640.5709,-23.732954,255.44926,641.3576,23.65752,409.23856,880.0621,-102.92997,244.99156,894.9373,-31.901623,415.98843,1034.9763,237.84808,264.86478,1035.1355,283.27097,419.51935,1073.1097,261.62985,279.2053,1071.2701,305.77792,423.5081,1172.2059,114.0055,240.5012,1160.9952,160.96011
mid_135.jpg,biceps_mid,263.49005,222.24774,-358.44684,284.32108,190.08879,-359.7619,295.38422,189.53212,-359.9302,304.43823,189.72296,-360.19012,251.99034,191.93433,-343.50693,244.11891,191.49933,-343.37714,237.21234,191.33257,-343.48492,326.35895,199.63034,-272.0032,236.54494,200.62729,-192.7019,286.0676,246.85185,-316.35492,249.9191,248.1027,-293.46777,433.00778,320.27795,-213.68253,183.06203,324.44608,-51.835712,531.41437,469.27808,-166.14656,144.69624,457.11267,157.23033,546.38116,638.97955,-235.1303,97.23593,579.1867,155.30206,560.5144,680.3116,-255.29083,73.38136,617.0036,157.36296,542.6392,679.31244,-300.4469,87.04187,612.22437,107.54044,517.6337,661.76324,-249.37639,99.79254,599.5343,135.9779,393.07175,650.7316,-29.228886,253.29568,651.7594,29.32653,406.9488,911.3395,-96.21248,246.54512,907.6513,56.720375,413.5129,1089.6403,218.17403,267.59,1049.2601,361.08337,411.69064,1107.8777,239.567,280.0941,1094.0325,383.50735,414.83273,1195.0658,88.98452,236.5636,1171.1193,240.9161
mid_136.jpg,biceps_mid,265.7276,221.60278,-333.24554,288.07733,189.09094,-333.19812,298.87662,189.00278,-333.4054,307.76498,189.64896,-333.69415,254.3625,190.76045,-320.95886,245.46718,190.3907,-320.82016,238.54797,189.85669,-320.9235,329.74643,199.77528,-246.35216,236.49962,200.12524,-186.42139,286.3758,247.3397,-292.53946,249.49297,247.90347,-275.33557,434.84125,322.46225,-184.85709,176.29759,331.90646,-71.03163,532.1699,476.37558,-106.62953,136.2925,478.4895,88.697815,547.73004,634.2196,-138.4973,101.31542,617.1689,51.523468,570.4503,683.49384,-152.24765,80.66206,653.6515,48.77018,541.8541,670.8733,-198.05261,97.18906,652.9596,-0.030293867,526.3175,653.87006,-152.59688,109.33337,639.13983,32.244686,389.95117,651.3911,-12.057085,245.5142,649.4111,12.073078,408.26828,905.3108,-80.74339,250.52159,915.18176,71.42104,416.77618,1088.4458,212.3976,260.2195,1054.482,361.52768,409.7918,1108.8005,230.59253,270.41354,1098.6473,381.7267,430.40155,1189.8397,78.4215,229.53583,1169.1235,234.3796
mid_137.jpg,biceps_mid,263.61392,223.00838,-341.50055,285.27124,190.27567,-338.76813,296.00818,190.17308,-338.99396,304.95233,190.73631,-339.29352,251.54195,192.10907,-328.68814,242.68558,192.06552,-328.5218,235.96843,191.7274,-328.64175,327.37112,200.70135,-244.38763,232.51248,202.29836,-193.58372,284.90027,247.89044,-298.41296,247.22142,250.04794,-283.8228,431.13345,324.5036,-184.76561,174.72975,333.77246,-88.73861,529.63226,478.57812,-133.14532,133.22621,487.80145,30.753891,549.1781,637.51904,-178.81659,101.113266,648.7114,-18.751925,569.52875,675.5477,-192.77635,88.36005,697.11273,-25.472431,544.59094,674.96906,-234.91908,95.291275,691.0416,-72.40076,528.1143,656.73145,-192.21986,114.840706,676.59784,-38.664597,387.87747,651.0716,-13.032284,242.4491,656.08514,13.055608,401.4835,906.52734,-93.07803,243.60997,917.89996,36.379658,412.0255,1056.348,239.92274,262.47485,1059.9923,347.29816,403.99527,1064.828,262.52008,268.91867,1097.623,369.83014,422.95126,1185.2446,109.92189,234.6757,1175.8563,220.21901
mid_138.jpg,biceps_mid,257.4022,227.02348,-345.26483,279.87354,195.19044,-341.1026,292.07333,194.2551,-341.2981,302.09375,194.13776,-341.54388,244.10562,195.79922,-332.0212,235.2372,194.54813,-331.93237,227.51355,193.37712,-332.05298,325.86176,201.43518,-235.19858,224.73901,201.95978,-187.75316,281.1836,253.85744,-298.1114,242.59975,253.52744,-284.44293,434.65994,324.83203,-165.44882,168.39923,338.55515,-96.42353,532.4486,481.5329,-120.232864,128.76678,501.48312,-42.036137,549.79736,634.7677,-195.79579,89.08165,649.12103,-191.52496,569.26117,670.0784,-216.03017,63.42802,682.3815,-214.22922,543.4644,671.6919,-257.30304,66.809685,673.7598,-268.12726,526.6588,653.6616,-210.49754,88.98248,660.7071,-217.22658,392.1532,670.147,-7.261636,243.15999,667.00555,7.223465,406.74252,914.47473,-74.73434,246.13837,915.8553,40.580402,405.7032,1052.0193,324.86145,258.95844,1045.7643,380.48944,395.6121,1050.6366,354.07285,268.09836,1077.8988,407.74838,416.40924,1179.4169,200.92583,246.5762,1164.074,259.76392
mid_139.jpg,biceps_mid,253.66005,224.55339,-371.66803,273.8193,192.71301,-369.0246,286.36523,191.18692,-369.2197,296.79022,190.41452,-369.48486,239.47336,194.1975,-357.34427,230.96228,193.44652,-357.27203,223.43181,192.99702,-357.42596,320.6273,198.65741,-264.06235,221.14459,202.85602,-203.02065,279.15192,252.19217,-324.29297,240.4235,251.87558,-306.6398,430.8132,327.0563,-188.654,166.00609,343.62494,-103.64911,535.60626,485.07254,-128.51445,126.49082,514.7053,7.184262,542.997,643.51154,-200.92416,91.33375,667.03186,-73.93534,558.3131,685.2354,-221.08612,68.91099,711.5404,-86.431076,540.61053,676.8687,-262.1817,71.918365,700.5784,-137.92686,523.2235,662.75146,-214.70381,88.46739,691.01184,-96.430435,389.60822,681.42017,-10.1413145,239.6907,679.3833,10.055415,406.02673,932.1991,-78.31415,248.08296,937.5211,34.67954,406.17108,1054.5435,331.8111,261.80414,1066.7175,361.37543,398.49658,1061.7117,363.67093,273.17993,1110.4613,388.68106,422.83908,1200.0676,213.52777,251.51471,1199.1135,232.8945
mid_14.jpg,biceps_mid,392.60223,388.86597,-615.6591,416.95905,372.26813,-583.0484,424.58902,362.6553,-583.1601,433.59167,366.32117,-583.3668,391.38275,355.3039,-614.1695,382.66806,349.50534,-614.268,373.9927,343.83136,-614.47015,417.71698,368.0678,-337.62018,352.9477,319.50253,-473.7353,384.00385,422.27832,-515.3493,352.4373,404.46826,-555.12933,408.206,485.4309,-91.79479,192.5675,372.05432,-373.97757,374.45306,678.5967,-357.0624,19.120266,505.09332,-453.1163,382.8483,643.13293,-899.35187,24.535582,697.2498,-562.8655,383.70773,641.5222,-1012.65924,5.6920123,746.4475,-623.0648,386.9983,605.9358,-996.45844,43.489765,753.67035,-651.72314,376.21982,607.6194,-905.98285,53.41673,741.18713,-570.824,256.72348,675.1123,126.64217,129.56595,641.88715,-126.92065,498.00867,790.37054,-243.16522,289.25574,705.94885,-553.9946,464.4188,1064.5115,-137.6191,214.1183,901.0892,-60.47972,417.96555,1099.4175,-133.49384,195.8678,917.69824,-7.8112197,502.1862,1195.9008,-358.8255,190.89914,990.58264,-132.60353
mid_140.jpg,biceps_mid,253.5929,224.1853,-367.52158,274.17688,192.64265,-366.89883,286.77982,191.36517,-367.09903,297.44916,190.79959,-367.38983,238.53653,193.73964,-353.4786,229.6216,192.97643,-353.38788,221.7238,192.53119,-353.5294,321.18732,199.59494,-269.75378,219.0179,202.78027,-202.10841,279.43347,252.40315,-322.67374,239.06456,252.7527,-303.29852,431.50446,329.73523,-191.42377,164.44942,342.91443,-94.68188,536.32776,478.88922,-98.607056,126.978424,514.52966,52.707916,543.5024,645.4789,-121.21182,109.8591,669.2,4.1120644,558.37244,685.6837,-133.80594,88.13165,714.4059,-2.5694323,526.7217,686.0133,-172.43085,94.42948,704.3893,-49.301006,510.94235,666.55505,-131.7882,110.98481,694.28656,-14.639394,396.0108,685.0028,-10.403506,241.87933,684.2699,10.367186,408.73868,944.5544,-94.0301,240.93826,939.9311,47.576305,418.0838,1113.225,301.03702,260.5867,1068.9982,372.40515,412.888,1130.024,330.8865,268.00388,1123.9381,398.5441,430.2915,1221.3087,177.9098,245.313,1208.0712,242.47557
mid_141.jpg,biceps_mid,257.1548,227.62485,-390.95825,277.80304,197.39536,-387.60788,290.44772,196.72789,-387.76593,301.04605,196.6678,-388.00317,240.85327,197.43687,-378.22357,231.83905,196.34073,-378.17932,224.40593,195.56381,-378.33716,325.84406,205.12004,-287.54434,219.78738,205.83875,-239.74301,281.9913,256.13406,-346.51328,241.64851,255.81554,-332.76108,435.52228,334.00528,-207.88123,163.30869,344.75903,-144.75623,536.2723,488.3704,-122.26826,129.90611,512.5036,9.987881,543.1672,655.9004,-161.87683,110.33737,672.4893,-24.434933,554.82,709.47626,-176.15746,89.45706,714.4574,-29.799942,535.5927,708.06616,-210.82736,96.34904,713.70166,-78.054245,516.25433,687.3025,-172.48088,112.53799,696.22516,-43.280712,396.78885,674.56775,-8.110543,242.51538,673.3746,8.058571,407.8952,913.8464,-84.47845,238.40555,924.1587,-10.709933,408.43124,1051.2167,310.90686,252.89516,1061.6715,307.61307,393.61078,1062.6454,340.0328,264.0021,1100.7286,331.83032,433.62802,1185.4017,200.13756,240.25636,1192.168,182.00754
mid_142.jpg,biceps_mid,272.09213,235.34897,-400.63113,292.05927,204.91325,-398.21176,303.51627,204.15143,-398.39392,313.30453,203.99461,-398.66663,255.39288,205.49454,-386.93637,245.38284,204.62556,-386.86414,237.3295,204.14543,-386.96698,336.8186,211.59421,-297.33267,230.74368,213.68803,-241.42525,295.89462,262.42923,-355.05356,254.12941,263.18283,-339.0493,436.0796,344.38763,-216.89735,175.47824,346.84912,-131.20538,541.3722,502.54208,-120.08237,138.00446,507.27075,41.224182,544.7014,679.85,-132.2027,126.71021,665.30817,33.225723,571.4851,730.337,-143.2352,111.76407,710.83264,35.759426,544.10474,734.9469,-184.42352,123.34803,711.5497,-10.45036,522.0521,715.0717,-143.93495,136.66756,693.4267,16.172136,384.47864,681.1791,-5.286226,234.68533,674.5316,5.307318,403.22104,930.9739,-76.58152,233.08853,925.4074,44.924637,398.50702,1057.4493,325.65726,254.19812,1057.8026,379.19052,386.9989,1065.6941,356.1097,265.7671,1093.123,405.7473,431.18903,1189.0889,209.23007,240.81068,1180.529,252.94048
mid_143.jpg,biceps_mid,279.6085,243.3142,-433.0194,301.65665,210.06473,-429.76428,312.78644,209.72867,-429.94846,321.8354,210.04108,-430.23468,263.53394,212.67995,-417.3778,254.50761,212.63051,-417.3082,245.88223,212.53627,-417.47287,343.24667,218.37831,-333.5616,238.67085,221.34279,-270.99945,303.49625,266.7131,-389.18173,261.2299,269.81702,-371.5846,442.3255,351.09174,-260.83923,179.44281,351.90536,-135.55951,541.7656,509.82263,-200.994,144.98154,509.19525,70.706314,563.0758,687.1101,-232.57565,127.60865,656.8789,107.97984,581.8937,742.2548,-241.83714,107.17039,699.7241,122.92314,571.6216,738.4671,-280.30353,119.14719,701.9404,80.674736,534.0126,722.9421,-243.0678,132.7642,685.0219,94.84146,379.2136,666.0836,-25.304285,236.27386,662.8767,25.222057,386.50143,909.5953,-133.15498,229.32576,912.3452,-0.35102057,407.08286,1072.6569,260.21936,250.01784,1056.1129,351.3542,406.46075,1087.6786,289.79593,269.12027,1088.3741,377.61154,410.5046,1177.3525,136.15352,234.08722,1171.9585,219.80408
mid_144.jpg,biceps_mid,291.3785,245.67981,-485.42633,312.6019,214.17862,-483.40506,324.36826,213.25209,-483.58035,333.6483,212.80751,-483.90573,276.4478,216.21901,-470.5336,267.8788,215.88457,-470.554,259.57892,215.6385,-470.7821,354.12653,219.12793,-395.8509,252.65193,224.53523,-331.55444,314.49033,269.72153,-445.6693,273.47092,271.29233,-427.62842,449.77258,359.3673,-331.26373,190.25528,355.52045,-194.29483,552.1743,533.19794,-280.5656,148.2265,516.4968,-0.37513956,573.0245,726.1091,-295.60245,120.021324,662.6983,41.328644,598.30725,763.7985,-303.1601,95.258354,706.3984,59.895935,573.6982,767.46857,-341.51105,109.200424,706.54785,15.009172,551.4553,749.0391,-305.52118,124.12646,690.1425,27.114712,381.1667,657.7099,-32.64673,243.42152,652.32465,32.282494,379.27676,904.3506,-127.50396,224.74678,889.2255,-35.45562,407.12366,1073.3301,216.18167,249.27002,1053.0775,266.18835,410.30807,1087.1953,240.69835,270.2285,1090.9707,286.76697,404.84454,1177.0067,86.358505,229.76715,1174.9098,128.01001
mid_145.jpg,biceps_mid,304.30444,242.65414,-419.1526,326.90826,210.02788,-413.75482,339.25464,209.15697,-414.0173,348.88434,208.99417,-414.35022,290.34998,212.02657,-403.45615,281.53943,211.66272,-403.43863,273.05527,211.53233,-403.63004,366.71622,217.51375,-309.03284,264.81866,221.21446,-254.95378,327.8323,266.7593,-372.30978,286.14716,267.7201,-357.32523,455.68533,360.3143,-241.8186,197.6624,350.4398,-119.324615,545.87506,523.24347,-206.05093,149.3712,511.28885,83.97679,580.63135,690.2927,-264.15002,124.86473,662.891,141.88077,605.1575,739.2228,-271.23938,103.919876,708.18866,162.18907,591.07153,740.3386,-316.21143,118.47449,709.14594,121.510025,571.4831,725.9276,-277.48492,126.17849,693.2544,130.22507,375.58115,675.95044,-28.900187,235.55502,669.5055,28.689785,377.29483,926.0767,-122.16512,223.00143,919.7721,9.080859,392.16156,1047.456,305.4165,245.31468,1061.9792,360.02258,389.87286,1054.2693,339.16107,263.20825,1095.0624,386.7639,394.30954,1172.4651,187.44814,224.55908,1172.7719,225.52351
mid_146.jpg,biceps_mid,310.74158,239.6272,-408.38034,333.15375,212.43327,-403.41974,344.69318,211.50827,-403.66647,354.04675,210.99509,-403.9474,295.74512,213.03197,-394.29993,286.83005,212.32486,-394.22403,278.90207,211.88577,-394.41434,373.43362,215.58513,-304.9536,273.0189,218.29614,-255.29456,333.15442,263.96738,-364.06537,292.80658,263.70627,-350.09656,463.02722,359.53143,-230.68974,211.39352,342.88324,-147.17863,552.5863,518.9718,-229.49098,152.98843,496.3016,-10.548882,582.07416,680.5108,-331.68036,123.38443,663.522,-18.693686,610.42676,722.1021,-348.72583,101.06012,704.3998,-10.78343,595.81274,720.97754,-386.91986,120.120926,699.70184,-54.933086,576.1689,706.8443,-344.32895,131.61014,690.3627,-33.48158,375.22263,669.7027,-20.08088,239.8682,650.5277,19.977427,378.309,907.4877,-111.760056,218.62102,885.8905,5.755249,386.21677,1083.6669,195.76224,240.3455,1057.5532,303.9559,384.89368,1100.4991,216.3532,260.82385,1076.4293,325.21396,389.0573,1184.2817,64.03741,222.85661,1155.841,180.30177
mid_147.jpg,biceps_mid,313.89258,238.99464,-341.5918,333.8499,210.7831,-340.71802,345.4859,210.40536,-341.01868,355.48483,210.35744,-341.329,300.09796,210.13573,-333.87506,291.36554,209.33351,-333.85025,283.6705,208.54,-334.0135,375.49564,214.82628,-241.51266,278.25958,213.65894,-202.0712,336.33594,263.04355,-294.87018,295.09393,263.02945,-283.7683,451.86462,340.0671,-173.24588,209.72958,330.29822,-98.323654,545.34674,478.1468,-149.03113,154.1627,481.67883,61.962746,569.8548,634.51953,-238.63342,118.08303,644.8281,63.939453,593.16064,668.4832,-251.67125,94.86656,688.40686,70.53315,587.5498,672.2146,-296.10696,103.6507,685.73444,19.71121,568.9755,659.699,-254.08673,121.1275,670.81866,45.808247,381.94278,672.73846,-17.939747,243.74426,656.84186,17.992514,384.8926,908.04047,-61.73058,232.98824,897.81085,80.27448,390.6153,1074.6967,246.37833,249.26877,1044.922,359.68817,388.9994,1091.8162,266.97076,255.48993,1054.055,381.07623,393.10056,1172.34,123.370224,217.64156,1151.058,252.18265
mid_148.jpg,biceps_mid,322.26678,239.24672,-361.5923,343.47903,210.839,-356.82257,353.54465,210.04007,-357.02634,362.30515,209.69826,-357.27457,307.31583,211.51428,-353.73782,296.917,210.67009,-353.705,288.6027,209.75632,-353.8699,380.8151,214.74577,-244.91656,279.71518,213.80412,-223.39423,342.56744,264.05103,-310.3706,302.63528,265.64398,-304.30203,462.11456,340.77136,-161.05394,212.04561,329.59723,-122.12748,547.21674,474.40668,-161.21117,152.83754,485.81265,3.098224,577.0412,603.9205,-293.678,108.756454,640.4948,-21.765602,589.75415,639.0034,-310.8183,86.2222,673.2129,-20.830547,580.5082,631.12775,-345.87622,96.190384,672.5203,-70.552185,563.447,621.2528,-307.75134,112.41736,659.12384,-39.689228,389.53976,654.5305,-18.996458,244.18555,648.4546,18.933819,377.69342,879.98773,-99.4866,227.50482,878.2126,-28.272364,387.2058,1043.2744,231.87318,252.3073,1033.1298,271.04993,385.16528,1060.8005,255.23915,265.66656,1057.2441,293.78934,388.97427,1138.9756,115.63797,226.00958,1139.483,159.44066
mid_149.jpg,biceps_mid,324.5574,242.14064,-277.26013,344.27673,212.33243,-278.01666,354.82266,210.61081,-278.26013,363.71976,209.38184,-278.57355,310.52997,214.70316,-272.41382,301.34262,213.8327,-272.26904,293.1886,213.05447,-272.47754,381.8203,212.44232,-176.9288,285.85135,217.99835,-141.09833,345.7946,264.74118,-228.4042,306.2102,265.0543,-218.60858,464.90085,330.47272,-76.70635,216.56259,325.04904,-64.07845,547.46765,450.95224,-202.8351,149.49338,487.91272,-12.499156,547.74805,499.51373,-486.708,116.02324,641.1341,-82.41967,565.58887,520.2871,-522.2615,100.9512,692.16174,-86.32651,549.9164,510.95135,-534.3979,100.191345,680.8332,-127.71887,536.7843,508.03784,-494.13654,119.00368,664.06134,-96.37007,394.0963,647.75476,4.9515915,241.54164,645.07983,-5.0574303,402.88177,911.12573,-134.18849,236.07187,895.68896,-46.551437,405.80157,1081.85,193.3674,255.44029,1055.5148,245.10587,377.9899,1065.1079,215.67155,268.87445,1079.0997,267.03363,418.12674,1184.0984,47.971275,247.7657,1160.1265,108.836876
mid_15.jpg,biceps_mid,397.64996,402.83847,-695.90985,416.4674,374.19824,-665.01935,424.03638,377.43134,-665.1245,425.96222,377.9779,-665.3377,400.83652,361.1185,-699.29663,387.09378,361.95236,-699.44904,379.04626,356.5334,-699.6792,422.0942,381.62198,-425.3118,355.07803,344.05585,-575.22546,386.68494,420.17792,-597.3405,368.8456,408.66644,-641.3591,400.09048,485.96167,-184.3564,207.7154,381.89093,-463.07108,369.70328,699.6882,-495.77747,20.071033,518.73846,-558.9913,383.19232,624.8839,-1081.449,25.815027,696.9837,-696.5116,374.75888,631.4825,-1210.887,0.24460673,744.06494,-768.41986,380.95874,575.71704,-1184.2644,40.069305,750.718,-800.8714,380.06232,577.10425,-1085.6998,50.00966,737.0377,-707.88306,250.427,677.8872,117.164734,124.676605,645.0161,-117.42212,495.3986,796.84766,-190.5444,259.7266,710.7335,-401.43567,461.6305,1067.6302,-50.193073,145.0378,862.02014,103.80313,424.43414,1105.1918,-42.971138,123.34482,877.3669,154.694,511.047,1201.0535,-264.41916,109.08104,937.176,28.17544
mid_150.jpg,biceps_mid,327.67987,246.41585,-289.87384,347.25076,218.79993,-286.81436,358.1165,217.5366,-287.0221,367.12338,216.58344,-287.30612,312.46744,218.90334,-286.50824,302.94797,217.83733,-286.39676,294.623,216.96124,-286.64935,383.696,220.29483,-165.82617,284.1596,222.22543,-153.56905,348.4323,271.76917,-233.89296,308.2369,270.03787,-231.04868,460.51553,333.9297,-53.996277,214.99055,327.86166,-86.30216,548.8229,452.39832,-271.23233,147.38611,494.86404,-59.57145,563.16986,461.4751,-631.2796,109.38303,651.4248,-112.04517,570.38214,467.06686,-670.3855,76.643036,692.06665,-108.979454,568.1553,451.1063,-671.1737,94.13755,691.7347,-149.83565,552.2582,454.37042,-636.8534,112.44686,676.7884,-124.06501,388.6241,659.13293,12.503282,246.71133,659.65753,-12.65048,408.72644,920.7338,-196.5079,239.67905,920.6887,-113.70521,404.61642,1100.251,171.60678,260.94397,1044.6935,274.64923,378.81635,1081.54,198.77296,279.9861,1072.7996,308.15335,419.1024,1211.8768,38.70938,252.73543,1157.8394,175.59741
mid_151.jpg,biceps_mid,330.64197,245.68744,-273.458,350.9289,216.55324,-271.2815,361.6944,216.09718,-271.48956,371.05487,215.66576,-271.8365,317.5009,215.9101,-266.66727,307.2637,214.58133,-266.508,299.52185,213.3628,-266.71857,388.51266,217.70822,-144.41348,290.78098,215.26736,-114.784424,350.72018,268.69125,-214.05255,309.20416,268.25275,-206.24452,462.68982,327.6065,-37.58153,213.13501,326.91434,-39.88298,524.3163,474.94766,-243.4365,143.56671,494.85895,-7.812255,525.96594,433.22623,-580.9925,109.12602,651.7796,-71.052765,539.8582,449.4186,-630.3127,81.84009,698.0665,-77.904495,537.9706,426.05804,-630.3906,96.71948,698.6464,-121.05062,524.3967,430.8326,-586.90076,116.39259,680.31586,-86.556854,392.9301,687.45844,11.331442,248.1339,677.08167,-11.228625,411.61877,966.07336,-132.1109,249.2165,938.1036,-36.80849,418.67285,1133.4213,232.81107,261.4674,1067.7982,335.97052,381.67706,1099.3026,261.5413,272.88596,1063.5056,371.34576,434.35553,1245.4742,98.309105,245.5276,1190.5237,235.61304
mid_152.jpg,biceps_mid,334.90393,248.6633,-280.39957,355.93018,218.8426,-278.0065,365.79755,217.9624,-278.2306,374.37762,217.52126,-278.57248,322.33682,219.09807,-275.4112,311.64523,217.4721,-275.2642,303.32114,215.89603,-275.48297,390.66516,219.18433,-161.56517,293.1101,216.30984,-143.23935,354.79803,271.8281,-226.73776,314.84244,272.11996,-222.08731,466.03003,343.1484,-59.74214,216.00874,327.5908,-60.730587,516.9058,514.35736,-196.30244,143.0454,498.0497,-14.506166,536.51917,497.95483,-488.41653,115.61092,653.6743,-87.62076,538.6662,497.49353,-527.8365,87.09246,694.8426,-89.57683,542.6036,470.51346,-529.8104,102.907,695.73584,-132.28064,528.7536,473.81952,-493.07074,121.37156,677.7145,-102.65687,393.61618,669.59454,8.5967045,245.38664,670.77673,-8.579657,412.53333,935.90845,-128.35382,243.6055,935.5252,-15.471094,408.61475,1082.6138,187.66649,266.35052,1067.0834,311.66968,386.79486,1087.7681,209.64403,281.47873,1070.5133,339.8552,417.94632,1232.9785,43.551933,253.58876,1180.5181,200.55843
mid_153.jpg,biceps_mid,329.24243,254.70372,-286.6236,350.63824,224.34296,-287.29852,361.47217,222.9843,-287.5003,370.75488,222.08266,-287.76855,315.8576,224.4314,-284.4803,306.48074,222.5471,-284.33847,298.38916,220.96132,-284.57132,389.23364,224.48544,-181.41312,291.64825,222.91278,-164.32858,349.52176,277.15622,-236.94577,310.849,276.56332,-232.48308,461.17038,350.3451,-75.120735,217.75385,326.71786,-88.44896,492.63736,506.26886,-223.23386,143.21284,493.40253,-50.914474,516.06445,482.86792,-513.4923,120.73,650.0674,-107.097595,521.7369,480.29932,-550.8424,93.364525,700.0831,-105.86071,527.4155,457.20166,-549.40076,112.65399,696.4912,-144.58192,511.98856,461.253,-517.3114,127.91052,684.3499,-120.197266,389.58203,654.8199,13.720691,244.36057,657.53186,-13.701564,401.82288,901.4856,-108.40753,238.87752,902.25256,-63.8073,404.72852,1056.5227,201.7426,265.10553,1036.694,247.43619,383.18024,1064.5793,222.91309,280.1164,1064.9705,273.26886,417.01227,1186.2734,78.04634,263.483,1150.6609,143.97784
mid_154.jpg,biceps_mid,327.97467,256.83334,-256.37546,349.97562,226.5414,-254.3242,360.82648,225.05238,-254.53973,370.0949,223.86229,-254.81335,316.1176,226.50453,-252.42273,307.0867,224.53688,-252.30467,299.03522,222.8609,-252.52235,386.82834,225.44969,-147.59425,292.05756,226.02328,-133.19093,347.91138,278.74942,-207.02875,310.07278,277.02777,-203.50087,457.63544,346.83273,-53.864998,218.24658,331.2459,-59.28472,517.73,483.2857,-235.41742,145.91827,495.71713,1.7486161,533.76416,469.39597,-557.1727,118.520004,648.97345,-45.214386,537.9494,470.22943,-593.33704,88.74959,692.0836,-40.516872,538.18146,449.51984,-590.5668,108.426254,695.56793,-79.83298,523.7469,453.05865,-559.9595,125.73473,679.3278,-57.435593,390.50897,662.6285,11.399903,241.80849,658.98047,-11.567966,400.5663,917.9562,-153.14243,227.55042,913.30493,-70.6261,407.82425,1075.3907,165.95306,254.60669,1058.1869,256.63312,396.38394,1121.0144,188.80821,268.08154,1076.0916,283.42886,422.45416,1210.9968,40.993614,249.00224,1156.3652,153.04851
mid_155.jpg,biceps_mid,331.67627,256.5953,-267.45416,355.20673,225.16554,-262.9455,365.9686,223.7566,-263.11792,374.62408,222.67363,-263.3488,317.20206,225.97649,-261.81445,308.0395,224.20993,-261.74606,299.87296,222.34488,-261.9466,391.12912,226.31544,-146.3865,291.53653,225.33246,-138.06575,351.81342,280.23386,-214.79166,311.2786,278.77603,-213.10785,457.01974,348.33054,-46.24926,218.05255,332.54987,-56.189392,514.75696,487.02417,-216.25337,148.12552,493.71762,1.4365139,517.4124,454.17346,-509.865,124.68857,641.7408,-55.800266,515.0592,448.35168,-542.73224,107.80484,687.66095,-52.704514,518.8675,427.71982,-529.82,128.98239,689.4024,-85.77877,506.48627,433.62912,-508.01456,139.48186,673.4127,-65.12442,388.3968,659.3425,7.9111094,245.25632,663.9748,-8.20686,399.29315,898.5632,-134.83429,232.196,901.8265,-96.31437,410.9318,1064.538,221.52563,263.31693,1062.4347,202.20016,401.178,1082.287,248.48764,277.86798,1081.7831,224.86964,429.11142,1165.2811,107.20028,254.46642,1162.4913,74.74926
mid_156.jpg,biceps_mid,331.0222,254.16144,-288.63626,353.74994,223.24765,-285.8603,364.06323,222.26277,-286.04483,372.96625,221.77054,-286.2592,317.53568,224.93062,-284.06592,306.92566,224.01279,-283.94598,298.60257,222.86125,-284.15527,392.64886,225.23976,-172.42682,291.47165,224.07227,-161.47345,351.43848,276.7718,-237.20338,311.9503,278.89328,-234.56207,454.7526,356.27478,-68.68499,219.26848,332.19937,-77.164246,506.29114,514.7851,-205.18796,149.41075,498.57507,-15.433078,502.0473,491.60904,-471.5795,129.10309,648.9446,-71.701256,496.9618,489.42816,-502.31476,102.32662,691.0058,-70.2207,502.3288,465.28348,-490.77173,118.79253,696.0168,-107.14867,490.52353,470.0496,-469.81628,135.16055,681.7568,-83.72732,388.1209,674.39734,10.337145,243.81738,671.3608,-10.422586,401.20807,918.69867,-118.55964,234.81572,918.4031,-93.43323,406.43582,1092.8313,215.65532,259.91757,1051.9686,241.59612,395.48685,1111.2676,240.36423,272.74658,1075.3298,270.3426,420.39108,1200.3235,109.11185,254.96312,1165.071,152.14685
mid_157.jpg,biceps_mid,325.50082,249.74069,-276.29474,347.8153,220.96292,-276.05466,359.24857,219.77176,-276.25916,368.93433,218.92851,-276.55328,314.93314,220.65651,-270.17792,306.4704,219.0484,-270.05637,298.60342,217.50786,-270.29797,385.83182,223.72362,-172.12894,291.95,222.49847,-140.30058,345.41232,276.04608,-227.95438,307.064,271.71796,-219.29807,456.85294,345.86148,-72.61529,218.77481,330.481,-64.01665,499.8998,515.95337,-192.17824,148.95428,503.8126,-17.332886,509.52896,492.92865,-450.8366,123.01096,663.19116,-90.47202,509.14917,491.21744,-490.5713,98.654655,703.2894,-97.166214,514.4839,465.20996,-489.09622,114.70062,705.8956,-138.09454,501.45853,468.1468,-454.2668,130.04317,689.09485,-105.93756,398.94836,667.4159,6.9617777,249.73026,666.0206,-6.9477797,410.93228,938.84265,-120.62604,238.38834,920.9802,-37.027565,409.40317,1086.102,171.62614,262.5602,1068.6726,244.47498,395.9385,1089.7935,190.15712,278.64188,1073.5217,266.28574,426.65894,1220.4829,24.523531,246.25162,1179.9481,116.13431
mid_158.jpg,biceps_mid,316.51257,244.73958,-276.6254,337.9709,216.0485,-276.2509,349.63394,215.49034,-276.44897,359.42532,215.45796,-276.74942,304.55936,215.23021,-267.29218,295.62448,213.85832,-267.17792,287.6467,212.86296,-267.4284,378.32095,220.1466,-175.58386,281.95914,217.05531,-127.650505,338.78656,270.58,-230.15215,300.6497,268.8223,-217.00008,465.33896,343.11066,-81.87269,212.94835,334.78937,-52.155235,521.81885,506.67773,-221.03706,149.98701,505.15875,8.703257,497.341,490.78995,-489.44928,135.06776,663.02405,-50.447994,487.0723,493.104,-525.9853,113.97463,712.4779,-53.606792,487.30664,466.1876,-514.52344,131.15875,715.48065,-88.355644,478.11722,468.6944,-486.46686,146.26875,696.71326,-62.186443,397.13858,677.2326,4.1447253,247.49385,672.77734,-4.1692457,404.74188,931.7668,-155.02666,238.86298,934.677,-64.87894,403.7159,1089.9958,165.76642,265.54456,1055.6437,313.28952,392.23135,1098.4015,188.35089,274.02292,1053.8643,346.74588,416.9871,1237.1229,27.659817,254.27887,1176.7838,226.10123
mid_159.jpg,biceps_mid,310.963,239.6417,-274.76627,332.2677,209.35907,-271.32782,343.9497,208.55464,-271.54126,353.51044,208.35634,-271.84842,296.92346,209.94226,-263.9214,287.99808,209.21548,-263.80322,280.04034,209.0346,-264.0508,372.62878,213.92952,-160.81912,274.21594,215.34431,-116.05473,333.5194,264.91983,-224.18027,293.86383,264.84937,-212.07014,459.91776,337.51837,-59.167557,209.90791,335.87036,-43.09413,561.2913,456.7373,-298.858,150.89513,504.90674,22.127136,569.7826,450.86197,-672.51825,130.39001,669.1247,-1.0066913,569.3679,467.04294,-710.80505,111.06557,714.68695,11.74015,566.15015,445.91208,-702.821,126.4692,712.8994,-21.74688,552.1614,449.88123,-672.7008,139.5873,702.21,-9.343995,391.35785,680.01056,8.659046,241.57446,667.94885,-8.826906,403.05496,939.80457,-172.31964,239.07251,939.8497,-67.71816,396.0781,1068.0425,273.9724,266.45865,1047.9215,348.26822,384.96545,1076.399,310.53323,279.5158,1080.6254,384.94083,416.66888,1213.9338,153.18375,267.36432,1169.8083,244.48094
mid_16.jpg,biceps_mid,401.32056,417.24127,-862.2066,419.71152,388.98175,-831.9519,425.9217,391.9339,-832.05084,427.6389,392.44675,-832.2891,407.9225,381.0935,-868.2048,397.9694,371.2985,-868.3938,386.9503,372.0845,-868.6541,423.67752,386.65845,-574.2666,360.9765,353.72565,-736.72516,389.52438,432.35754,-754.87146,363.5621,418.11694,-802.83075,403.11993,486.38077,-311.13098,209.62294,382.99106,-589.53064,385.87048,718.13635,-553.77844,14.194025,500.02667,-664.4589,373.76154,632.1933,-1039.2184,17.69479,699.1596,-784.2609,355.60272,618.3419,-1150.9531,-8.624374,743.4701,-855.358,366.68085,585.65137,-1121.6097,30.92221,748.49805,-886.9607,366.32654,585.9954,-1037.7855,40.94359,736.95074,-795.47644,253.45459,680.5728,109.25286,120.07537,651.49207,-109.745094,494.92264,803.86847,-167.0114,226.34317,693.7055,-433.0182,468.76138,1090.8448,-41.191177,138.42392,848.23737,126.11571,413.40283,1113.2616,-31.978502,122.95932,864.7647,185.522,527.93756,1221.4574,-233.47948,108.63971,923.51917,95.65382
mid_160.jpg,biceps_mid,308.65283,237.95139,-287.2473,329.453,208.38144,-282.1389,340.71466,206.93051,-282.35678,350.21973,205.98457,-282.6524,296.193,210.21208,-276.6603,287.53516,209.61995,-276.54346,279.70084,209.44823,-276.7963,367.2268,212.68787,-166.81068,272.87784,217.99423,-130.93413,331.32153,263.0449,-235.54683,292.1963,262.8846,-225.83318,456.52185,334.3148,-60.255337,208.43387,335.57407,-63.781525,561.34454,456.284,-276.93015,149.07472,507.2823,-11.803178,587.2574,449.30447,-640.0222,125.104256,673.2058,-57.82964,587.87134,467.45676,-682.04645,104.67287,719.47723,-52.506916,589.7688,444.0528,-683.7619,115.092445,716.33246,-93.39897,573.32666,448.2371,-645.0815,129.61394,699.5313,-69.91997,387.15012,670.11646,7.698275,240.45953,665.4612,-7.7948027,402.7691,924.12573,-176.9079,236.28749,928.1131,-88.64868,398.77078,1071.8972,187.88622,260.67062,1054.7144,291.5325,386.98737,1079.7476,214.6711,276.14282,1088.4507,323.474,427.4262,1205.7979,46.769485,250.94702,1172.158,177.73875
mid_161.jpg,biceps_mid,284.8705,240.46652,-312.53094,304.48206,209.08928,-315.16687,316.33685,206.54237,-315.3873,326.4194,204.46527,-315.68082,272.24402,212.30443,-299.4183,264.29492,211.77602,-299.27576,257.18597,211.40833,-299.43442,349.21823,208.88696,-229.65735,255.85143,218.10419,-148.23483,309.2405,263.4016,-270.6619,272.04767,265.45996,-247.28867,454.44162,337.5434,-142.10321,198.27193,339.76636,-56.853867,559.2659,458.8921,-193.40765,151.21326,500.88968,62.615334,572.5517,583.76294,-404.489,130.29391,660.2449,4.7886095,580.96313,623.05585,-436.66058,116.35791,703.12305,0.3192144,563.12634,606.11523,-468.2208,125.721634,696.0117,-40.453705,547.6102,598.15216,-416.35886,139.9948,678.8951,-9.585645,394.62665,659.5041,-4.948133,241.77693,654.2528,5.0482244,389.54367,901.9606,-112.93046,237.9164,902.0914,-38.063026,400.97974,1073.0365,241.72058,265.93628,1059.7448,286.85474,395.49756,1091.5704,267.74814,281.09512,1076.567,312.50583,412.13,1174.3682,114.10187,262.89603,1161.7579,161.32811
mid_162.jpg,biceps_mid,268.71832,238.00906,-356.7236,289.63266,205.8145,-355.92358,301.8566,203.82149,-356.15842,311.78156,202.6207,-356.50403,255.24458,208.93684,-341.09937,247.28629,208.50385,-340.99762,239.94934,208.36989,-341.21652,336.74265,209.3172,-263.72098,240.33266,216.31242,-188.15482,294.15765,262.9463,-314.16495,255.99931,264.01743,-292.61227,445.05093,339.2585,-174.31876,192.35431,341.384,-98.579155,553.5009,476.805,-161.80836,153.00679,502.95172,32.817493,557.863,624.81226,-251.361,135.90387,661.82916,16.009678,563.12244,667.241,-266.03223,127.204216,705.9351,18.762901,543.92633,661.5285,-293.227,132.9129,697.72424,-17.537628,529.10596,647.3894,-259.09656,145.21828,688.80145,3.4149816,385.19437,669.84607,-4.5808,240.11339,660.79346,4.6122227,388.44797,920.4447,-126.85082,237.60927,921.0632,-24.001661,397.4205,1088.2065,228.0428,249.66624,1083.2239,296.04492,392.1227,1106.9495,254.33997,266.09756,1103.2219,320.4366,413.4579,1186.4249,103.17437,237.6898,1182.8778,159.76813
mid_163.jpg,biceps_mid,252.42842,236.83798,-421.82385,273.05414,208.45544,-423.1746,285.7285,207.61685,-423.4095,296.63654,207.25636,-423.7515,240.26486,207.09647,-407.05075,232.5374,205.38745,-406.96048,225.1941,204.18738,-407.12225,323.47632,214.6704,-336.35672,229.27408,211.17958,-258.36194,277.52707,263.3127,-380.78586,240.5313,261.876,-358.75797,425.40866,346.58423,-268.1248,181.42632,341.98,-125.13226,549.955,491.80084,-194.14676,150.91379,501.26102,63.14698,541.523,658.7738,-168.2861,137.5214,664.12036,88.05404,556.49786,713.24744,-172.27516,125.10598,705.78595,100.4079,530.6417,719.1114,-208.00009,135.07843,704.84735,58.830193,508.44128,689.0303,-175.20541,146.37071,685.97614,73.434784,375.8795,679.01685,-19.895685,238.53485,669.4522,19.83229,380.39832,941.5686,-110.40579,241.45041,934.93243,52.13199,402.31226,1108.4802,239.23886,259.037,1100.2028,368.00766,400.91376,1125.5292,264.21558,279.3853,1121.4845,390.65775,419.34827,1208.6997,113.82244,234.92851,1199.037,235.34392
mid_164.jpg,biceps_mid,249.0107,242.40944,-470.1568,270.76736,209.07004,-471.0811,283.7035,207.02736,-471.2808,294.4202,205.92535,-471.61667,235.47916,212.91933,-457.7919,226.88919,212.59192,-457.7475,219.11684,212.62044,-457.91397,318.21393,213.54642,-377.16513,217.87758,221.18321,-311.23923,275.47577,266.3297,-425.5245,237.08759,268.91016,-406.93488,429.2708,347.2064,-296.88126,169.02502,349.5666,-173.96498,539.96564,514.3755,-203.18976,143.47314,514.69666,24.131413,542.33435,686.90326,-176.90407,134.15091,670.5036,78.64139,557.3369,740.0977,-181.29044,128.3477,712.43463,96.01674,543.8471,735.35266,-220.74937,133.09494,711.31744,53.068832,526.84753,717.7205,-186.05774,143.7475,691.8718,64.97978,383.44113,670.33606,-24.826603,239.32053,666.6483,24.715302,383.5768,935.903,-113.42208,240.159,935.68726,38.460136,412.27567,1097.5498,241.40292,257.90186,1097.3225,353.7016,413.15808,1113.4495,267.08487,278.07373,1118.4694,377.0607,426.63217,1196.8171,118.87325,230.95328,1194.2721,224.38765
mid_165.jpg,biceps_mid,235.98907,246.7934,-396.67352,257.71375,214.21622,-405.51532,271.18735,211.82307,-405.74072,283.1132,210.41109,-406.112,226.70671,217.61478,-385.42004,218.46384,217.1671,-385.3725,210.34824,216.81987,-385.57532,306.95544,219.68947,-339.39505,212.8755,223.71442,-241.74121,259.02307,270.26086,-361.6046,227.15497,271.83453,-333.6401,423.01144,346.8117,-247.0959,164.95998,346.11493,-127.42641,522.60596,510.38733,-170.96368,132.2207,512.23584,29.397442,548.55237,671.30164,-188.67249,125.064445,668.668,15.187844,567.47626,716.61206,-197.01341,114.608955,715.1006,20.665197,556.45844,707.43085,-238.02965,123.827156,710.852,-16.85687,537.3026,692.83356,-200.30305,136.73454,692.37006,1.3817242,377.6327,662.5107,-11.2126465,228.62068,664.8337,11.152974,385.88403,907.00885,-101.2911,233.07318,925.8719,24.36279,394.2274,1046.5421,302.92615,252.83882,1063.9487,337.2078,385.06543,1057.5741,334.66415,263.67117,1106.4564,361.43063,413.68857,1172.4674,185.36261,239.3689,1188.0435,195.43593
mid_166.jpg,biceps_mid,230.7981,247.74638,-441.6097,252.70694,212.08138,-451.6203,266.58127,210.50009,-451.80978,278.53122,209.42844,-452.14044,219.83733,215.07072,-427.8885,211.69803,215.18239,-427.84943,203.86737,215.41528,-428.03265,302.03073,217.45189,-389.35376,207.02626,224.269,-276.36658,256.90497,270.686,-408.01144,220.64763,272.84204,-375.45612,417.71884,350.146,-298.01093,157.54024,346.618,-147.30357,515.7267,514.49756,-216.0819,131.12108,516.87585,17.15146,540.7183,688.8836,-224.64752,126.77068,674.76215,-10.638867,557.28033,739.3724,-237.30376,118.806694,713.8542,-5.8135147,543.4894,733.29694,-278.0686,124.50123,714.4331,-45.879154,524.32416,716.95087,-235.61075,136.33817,697.0012,-26.181486,370.74225,664.9021,-14.077513,220.39182,662.5266,14.095552,373.57327,902.18494,-98.33681,220.97783,916.0119,29.102497,389.69653,1063.3954,329.1107,249.50568,1055.1254,372.42548,374.0188,1051.552,363.03574,267.795,1087.958,399.66077,404.2631,1162.1482,207.76773,243.07089,1174.6708,230.26727
mid_167.jpg,biceps_mid,227.9589,249.12637,-466.56094,249.14626,215.08505,-471.0829,260.86304,213.35558,-471.26526,271.01733,212.3277,-471.62518,214.13066,218.38835,-452.53687,205.53244,218.0701,-452.49435,197.26347,218.06682,-452.65753,293.5642,220.13268,-388.4662,197.66557,227.89943,-299.15765,254.52715,271.82996,-425.98932,215.41188,274.873,-400.4685,411.772,353.8226,-301.66153,142.32178,364.48984,-168.61485,508.3548,525.3755,-204.24698,126.006966,530.8147,16.611464,529.6949,701.31165,-182.52127,117.11679,685.0515,47.77857,553.36896,748.4076,-187.24956,121.92662,726.8208,59.779675,530.6729,758.41675,-230.80385,112.46315,723.79126,18.723038,509.80612,737.6219,-193.65489,124.85651,704.5851,33.27263,368.39465,678.91174,-17.85255,218.30128,681.89545,17.703333,374.58087,937.0526,-129.37299,218.42183,945.77313,-5.628627,385.08264,1076.1428,272.07788,244.35039,1111.6565,352.70255,398.6056,1123.1276,303.27365,262.27646,1129.2156,381.40628,412.8086,1204.4508,140.35104,232.5574,1212.4514,212.88266
mid_168.jpg,biceps_mid,219.81348,251.22612,-442.97623,240.2258,217.86519,-447.20502,252.60304,216.94794,-447.35553,263.3941,216.20673,-447.69412,207.18172,218.12279,-427.72482,199.46208,217.48529,-427.6604,191.9415,217.16663,-427.84894,288.7091,223.3248,-365.3932,195.1374,227.72102,-272.2841,244.33673,273.11838,-403.20917,207.7827,276.81982,-376.34183,405.82288,353.1665,-266.3235,137.49261,365.65674,-163.87994,499.14328,527.5443,-181.50569,112.29848,541.2943,-13.262555,518.29584,696.964,-208.97455,103.43524,706.46405,-44.55693,552.31995,744.9509,-225.15079,86.38517,750.1841,-49.144318,531.4619,752.3789,-268.14853,95.882904,745.4159,-94.33164,507.54355,731.56506,-222.4562,110.89106,725.7185,-62.271603,364.16208,675.2256,-8.755011,213.11853,678.4715,8.447008,379.61575,930.09155,-127.947624,213.18791,947.17596,-54.402927,400.34464,1093.779,307.06055,245.79163,1070.8605,312.7623,396.30115,1109.498,342.24368,262.92838,1111.7316,343.77994,424.30722,1191.9966,187.96196,241.54988,1202.514,177.99782
mid_169.jpg,biceps_mid,222.86627,247.62738,-433.0517,243.782,215.07443,-431.48477,255.10281,214.07198,-431.67102,264.80734,213.57512,-432.04202,210.34637,216.2566,-416.17862,202.26697,215.65141,-416.13092,195.21068,215.14795,-416.30856,287.94437,222.8227,-331.91937,195.77151,226.84247,-258.71017,245.84679,271.5754,-387.24738,208.5635,274.56934,-366.29858,404.75153,356.5012,-244.89993,135.3837,370.17987,-142.93166,500.8586,522.27435,-158.40747,111.02199,544.655,5.9706745,518.04645,696.07764,-182.1841,101.934906,703.3328,-17.080147,540.0104,740.3819,-197.36652,85.56585,752.5468,-19.918287,517.94666,746.47723,-238.9827,98.39908,740.7813,-61.632053,503.93887,726.3935,-194.31148,107.70204,730.7259,-32.81799,370.0273,691.17944,-6.417354,215.96494,690.4629,6.148584,381.9208,964.74255,-141.16922,212.19257,970.03156,-46.524166,409.4231,1123.3647,305.87775,232.61757,1134.029,306.12552,404.29214,1141.0703,342.4123,246.47304,1152.1826,335.06067,436.68768,1219.1926,180.44022,231.7009,1235.0032,149.63889
mid_17.jpg,biceps_mid,390.3281,395.31433,-737.77466,417.55334,369.72937,-700.5436,419.90338,371.45844,-700.6728,427.53717,377.29852,-700.97107,390.2198,341.76404,-726.2312,377.6383,327.7435,-726.33844,374.16525,324.40863,-726.5051,417.35117,371.2094,-432.9167,353.3281,316.03046,-544.4057,387.8512,424.74597,-629.93616,352.61203,402.40045,-662.98816,399.72974,501.84006,-190.35805,187.23503,377.1782,-397.6399,381.3855,716.3999,-465.32962,17.409403,520.19226,-493.00174,381.12097,652.00024,-1018.9542,26.524279,693.8967,-702.18146,367.83304,651.6173,-1143.2272,1.2534392,737.22034,-776.92456,381.7901,594.0573,-1117.9929,39.058693,746.6885,-812.49207,379.44666,598.6377,-1020.2304,49.85485,736.90894,-715.8897,246.38347,685.4874,94.91076,116.271286,651.441,-95.12214,494.1126,799.9073,-269.36957,191.80206,700.44763,-454.64285,460.26056,1079.0894,-111.743904,100.63796,860.301,76.633575,415.40414,1121.5145,-102.11465,83.239174,884.12775,130.52602,506.63925,1222.8514,-324.9869,65.12848,926.6696,-1.9934598
mid_170.jpg,biceps_mid,220.68376,256.90363,-469.46948,242.2067,224.01755,-468.94305,253.81369,223.81477,-469.10236,263.8008,224.13612,-469.4537,209.28374,224.2686,-454.1063,201.22649,223.69753,-454.085,194.49226,223.17146,-454.3001,288.40744,232.7043,-366.0105,194.4075,236.09618,-295.06952,244.01186,281.70105,-421.49832,206.9559,283.92166,-401.3315,404.3377,355.82114,-272.95154,135.60637,377.4644,-168.28708,502.6273,520.96094,-189.16594,111.296326,545.7754,-11.497852,511.8197,695.495,-206.90317,90.45609,703.48645,-25.806114,531.5592,741.80365,-218.97308,80.480995,747.99725,-25.46951,511.59262,744.67523,-258.19473,84.063805,743.35004,-69.36504,492.486,724.22614,-217.5401,95.45216,729.7053,-42.021664,372.15137,687.2481,-8.039477,218.93394,691.9805,7.652189,388.0286,950.7179,-142.29562,208.79506,971.80225,-75.23695,413.6772,1104.7837,337.35947,234.58966,1129.8604,303.66782,410.07745,1120.0363,378.27957,249.83632,1146.2786,335.8613,439.20917,1200.2561,229.6069,232.31006,1231.9104,160.2082
mid_171.jpg,biceps_mid,227.32152,256.15137,-470.41406,247.94931,223.06682,-470.7695,259.23828,221.90138,-470.94348,269.17175,221.31146,-471.29507,215.00038,224.7375,-456.7289,206.86995,224.09361,-456.7741,199.19885,223.81143,-457.01593,292.36874,230.14081,-367.92722,200.49579,234.92653,-299.30566,252.04466,278.99066,-422.17822,215.10649,282.27322,-402.74182,406.02643,353.56894,-274.7782,141.29742,374.35333,-174.9458,501.89288,523.06396,-192.76633,109.22789,546.19794,-47.146397,516.10834,693.91925,-211.6776,73.94989,703.6348,-87.98352,535.93115,746.30646,-222.42368,47.018032,745.7827,-91.84358,513.49365,748.7414,-267.06818,59.38761,736.40845,-138.21915,499.9344,726.7174,-224.7935,73.35378,723.7932,-106.64459,375.1053,685.55945,-7.749166,226.60829,693.42676,7.254753,395.4064,957.3121,-133.87811,222.6237,960.0727,-42.7549,414.80353,1114.6981,350.46844,235.62766,1136.7675,316.82446,410.5259,1129.5491,391.71045,250.25159,1156.1582,346.63025,432.47763,1214.9701,240.21745,227.86664,1236.0281,162.03111
mid_172.jpg,biceps_mid,235.48697,257.40796,-481.4108,255.3732,224.87178,-484.38907,266.99225,223.53401,-484.56647,277.04034,222.3425,-484.8697,222.54318,225.95023,-466.94397,214.28975,225.28241,-466.94293,206.61143,224.95325,-467.1798,300.2896,228.68707,-400.08893,208.1717,235.8455,-314.9422,259.8834,280.34518,-440.63806,223.06993,283.69183,-416.37357,411.0075,350.9822,-315.37424,150.07271,368.43594,-176.43726,513.11383,528.76587,-241.12567,113.41102,525.7954,-10.378952,529.1635,697.6978,-260.2717,76.77611,674.88226,-29.813856,546.2385,753.0788,-272.0748,61.005295,723.97394,-24.677677,529.26965,750.33484,-312.58215,72.819824,723.76,-68.69546,513.5384,732.74023,-271.30634,86.32737,703.6707,-46.27465,379.62692,670.21545,-20.67779,234.34486,676.3367,20.439068,397.16235,919.1118,-123.50392,222.4082,924.30475,-2.7443552,409.23947,1056.4667,314.2378,248.68452,1060.5337,367.5464,402.3779,1065.2853,348.94196,272.10742,1095.2512,397.846,422.58228,1182.7568,197.1942,236.04045,1176.7236,242.7471
mid_173.jpg,biceps_mid,239.25824,255.6432,-436.97858,258.45114,224.7252,-438.20593,270.21857,223.02257,-438.36508,280.76794,221.81364,-438.68637,227.51552,226.63383,-423.2715,219.67307,226.06223,-423.25058,212.471,225.83769,-423.4915,304.278,227.78717,-347.12363,213.11769,235.06483,-272.69397,263.57172,279.8945,-393.66916,228.02356,281.95212,-372.46524,413.91373,347.2011,-270.58884,159.5156,361.03717,-139.42159,510.86252,521.5227,-215.26974,119.59598,505.7999,28.0307,527.1107,690.7011,-260.42554,72.643326,644.96936,21.56818,546.23315,736.1022,-273.3932,51.759712,688.9072,27.533297,520.7566,735.44025,-318.46362,60.650726,689.62476,-19.875675,508.35742,715.4958,-274.2823,73.76146,674.75714,3.7681057,381.84192,669.1439,-19.848309,238.42366,672.2356,19.399673,399.34146,923.82117,-139.66243,225.89816,921.70874,-40.901543,413.94876,1050.5381,283.07568,243.92377,1068.6663,282.4212,422.60025,1089.5066,318.28653,262.4082,1111.3103,308.61118,438.87802,1183.7886,185.26143,215.76445,1191.0349,158.27664
mid_174.jpg,biceps_mid,237.32526,257.31628,-373.42145,258.81686,225.09457,-375.61014,271.3699,223.94423,-375.7717,282.9203,223.29918,-376.08087,227.75325,226.12161,-360.79306,219.57469,225.37138,-360.7064,212.37375,224.88037,-360.89996,308.8438,228.72221,-289.0371,213.61351,232.29858,-215.4784,263.02115,281.07016,-331.54688,224.84323,283.49158,-310.54144,418.05637,345.46265,-218.41368,165.6003,350.09094,-89.610504,517.8933,513.7736,-167.7944,124.95218,487.8308,50.974384,529.74243,676.7266,-215.63638,72.79685,607.9294,-2.8326855,552.94244,718.93616,-228.65259,45.90709,648.8002,-1.8958068,522.2162,719.0209,-270.99802,55.87322,647.8508,-46.34459,509.71988,698.2725,-228.48088,71.386185,635.6265,-21.006538,383.395,669.8942,-18.537947,240.03468,671.0165,18.296762,406.3349,922.0456,-148.10411,229.2477,926.7229,-42.151608,408.67935,1048.2351,254.44595,249.33264,1052.8451,285.175,415.08008,1088.5011,287.8225,267.95987,1094.7516,312.36047,431.30655,1187.4164,174.61736,221.51872,1174.6637,187.3866
mid_175.jpg,biceps_mid,226.12724,256.87842,-436.69595,244.36589,226.04292,-452.0125,257.18875,224.64185,-452.08276,269.4619,223.38708,-452.3543,219.41664,227.30794,-425.88724,213.11603,226.95544,-425.85864,207.0539,226.68523,-426.07288,298.80444,228.17363,-401.4268,218.95847,231.67381,-278.83218,250.29657,279.22345,-406.42136,221.2355,280.0349,-371.10114,416.67145,339.48807,-314.7266,171.63315,342.5979,-135.0691,522.7356,496.67334,-268.9839,127.11155,470.27734,-20.164356,538.76666,668.7868,-309.55383,71.25668,580.6628,-116.892654,564.7906,721.16376,-324.6661,42.102562,609.1975,-120.90068,547.23584,719.53784,-365.0052,53.074234,602.6593,-163.29706,510.1509,692.08905,-320.89273,69.40207,592.05457,-136.24152,394.6173,646.60004,-25.113308,253.92024,653.6321,24.809347,402.00143,901.322,-155.70334,227.30296,893.8807,-83.284325,427.46332,1059.4366,241.9137,258.4429,1043.6337,234.51746,426.6011,1070.2904,274.067,287.5996,1080.7515,259.52097,436.74567,1167.7202,134.98914,248.57027,1168.5146,110.58083
mid_176.jpg,biceps_mid,222.31262,263.2255,-365.8052,239.33945,230.97653,-379.1513,251.99428,229.45346,-379.32626,264.54044,227.84227,-379.68848,215.14377,232.57896,-357.00375,208.98445,232.34929,-356.89877,202.91666,232.08504,-357.07843,293.8032,231.75075,-320.76138,213.07518,237.20691,-214.6203,245.06738,284.00406,-332.44116,217.86722,285.1533,-301.9923,410.30737,339.05286,-256.04053,173.48328,346.72638,-79.92072,523.0708,494.17575,-238.06207,136.15631,470.9109,-51.14546,539.7057,657.0257,-287.97815,76.713326,552.90704,-248.57455,562.077,707.43976,-303.6683,41.150818,571.091,-267.4697,533.702,696.2201,-343.99368,48.517193,552.85046,-302.7505,517.2596,677.64087,-299.6969,67.08455,548.10724,-268.83,389.471,656.299,-32.1327,252.91724,659.91693,32.029556,405.4964,908.32166,-95.211,236.67317,906.7657,31.952986,410.65637,1050.2739,231.45337,257.575,1054.1946,280.38654,405.6034,1057.8452,254.24786,278.94437,1099.2676,297.78104,413.49542,1178.914,115.44967,226.44942,1174.2648,157.90977
mid_177.jpg,biceps_mid,214.89839,271.07974,-376.7481,232.16368,239.0247,-399.64276,244.15385,235.92317,-399.86847,256.2286,232.87663,-400.31366,208.3007,241.79178,-371.28088,202.1082,241.0484,-371.13602,196.16263,240.35374,-371.2771,283.7509,233.58856,-369.064,205.72614,242.34172,-233.49454,239.67119,290.92056,-350.97275,210.3043,290.54236,-311.81146,404.69006,339.60168,-314.4157,178.73279,351.52823,-70.951164,521.1474,498.41516,-303.8552,158.62405,492.15353,144.11201,540.6328,668.629,-348.5759,98.28146,546.3463,180.47736,560.92365,720.72015,-366.17847,65.57498,544.8169,191.4234,533.21094,713.5511,-413.88687,66.95281,531.0582,149.54758,515.6128,693.6824,-363.03186,85.2109,530.58386,162.15231,391.27393,662.2353,-48.319893,252.92026,666.14825,48.586407,401.13513,921.86554,-99.795815,240.85895,927.5838,72.00443,413.27448,1057.0458,228.42453,261.7594,1064.7584,339.27234,408.67953,1066.035,252.37204,284.8433,1127.1409,358.9419,416.26224,1200.3447,110.367065,218.88718,1199.2402,221.69423
mid_178.jpg,biceps_mid,209.41821,278.05212,-384.01477,224.6188,247.4551,-408.1642,235.1887,244.58926,-408.39545,246.44995,241.73184,-408.83643,202.27385,249.34563,-382.7561,196.26195,248.00081,-382.6141,190.53778,246.7177,-382.762,277.82547,239.80493,-385.86252,201.26254,245.15227,-263.03818,231.55602,296.8018,-361.4082,206.19803,296.21146,-325.73044,400.36337,333.974,-328.63092,178.08273,347.3139,-106.98003,520.3806,495.48758,-278.51355,188.20204,486.64862,166.59471,541.59155,661.2106,-283.22733,147.03421,550.7084,294.94345,563.75464,719.6021,-301.32434,139.46126,576.44995,314.31357,538.67285,710.45795,-349.92166,126.60398,565.3623,264.42117,519.0735,690.0791,-298.68478,141.2791,560.09955,275.61227,392.64847,658.7708,-48.74529,259.57425,660.64264,49.205803,392.03195,911.57104,-30.587557,243.96558,927.2131,103.09086,415.28452,1060.0784,216.90877,267.40454,1089.9213,270.19342,413.4916,1067.6099,232.5926,283.5386,1140.6168,279.1914,400.254,1197.7234,99.60266,221.96674,1209.2952,146.93845
mid_179.jpg,biceps_mid,205.11543,272.91623,-371.8239,221.74304,242.69386,-396.31653,232.61038,240.56299,-396.51288,244.22966,238.52675,-396.91678,198.81181,243.78609,-370.93045,192.78477,242.50934,-370.7522,187.07343,241.354,-370.83804,276.28705,237.99792,-373.4499,198.76413,240.99136,-250.62541,228.27158,293.0385,-348.62146,201.10313,292.55798,-312.9086,399.74173,333.44348,-323.29913,177.98871,343.41382,-87.40344,519.205,495.02057,-273.41986,168.21982,470.57837,183.8668,534.5386,664.3969,-268.85092,111.39216,503.4221,309.70834,558.1926,718.5474,-281.3145,100.35375,519.0724,327.5237,530.91095,709.5055,-333.38623,75.83103,489.71075,281.86243,513.94904,688.5382,-284.6318,93.25876,488.57697,291.17148,390.9039,660.3571,-56.849346,257.22052,661.9326,57.34294,394.1341,909.62134,-68.08916,241.24979,905.40955,109.35666,412.12744,1059.03,185.16138,263.9599,1066.1788,320.73703,430.94168,1112.3536,200.10622,281.4951,1114.3743,334.36295,393.08997,1202.9219,60.340214,212.24022,1186.0736,219.03113
mid_18.jpg,biceps_mid,404.58008,398.3865,-739.3643,417.3391,382.11624,-701.19147,425.47058,385.12772,-701.38354,427.40326,385.73492,-701.6,403.84485,371.8562,-732.37396,389.20032,357.03314,-732.47723,381.53412,350.79572,-732.6521,421.63342,382.57257,-453.55704,356.51505,336.7189,-593.78546,389.34186,420.6859,-641.5201,364.40005,399.14514,-682.40063,396.86102,482.08447,-251.0976,191.56459,372.84174,-490.6066,373.89453,652.89355,-486.59555,33.835175,509.96667,-598.5699,373.83792,703.12805,-953.24713,28.591877,692.8201,-748.8826,376.40662,727.74963,-1063.3365,5.292138,738.22754,-826.59784,373.19965,702.53296,-1074.6382,46.77117,746.9265,-857.503,362.10724,694.6327,-970.5396,61.492153,736.4845,-760.74854,249.32837,663.2061,90.72536,120.31799,631.24506,-91.04768,463.11462,771.3378,-330.3669,186.30965,676.00616,-608.21063,457.50967,1033.6962,-241.85406,108.12467,839.5944,-179.63998,421.79935,1068.1865,-239.81049,94.72077,862.0545,-137.33955,531.1886,1136.1658,-470.3071,83.74143,898.23126,-303.26675
mid_180.jpg,biceps_mid,208.0051,279.21017,-358.69046,223.08414,246.4594,-377.87585,235.19026,243.50719,-378.00208,247.5254,240.98518,-378.38068,198.66815,248.95891,-355.85062,192.59773,247.87793,-355.76453,186.54738,246.99126,-355.85278,275.1012,238.09152,-325.2101,195.34117,245.21945,-215.41719,235.4151,297.93433,-325.5338,203.98172,299.55222,-293.77502,398.69763,330.20062,-248.96161,168.73643,346.70993,-71.26575,514.48834,486.61722,-197.12912,147.67761,505.7068,-54.501022,535.2119,648.3115,-200.4783,93.07247,455.43698,-207.24472,555.4413,701.084,-206.95709,58.72218,435.29742,-235.93286,526.74915,689.5248,-254.17303,55.284508,417.56534,-242.09323,510.4148,669.4951,-214.28241,76.21066,430.1515,-217.9616,391.5682,656.23,-46.69145,255.14601,663.3347,46.8245,384.02042,910.83997,-114.21564,232.08887,916.2243,55.61467,409.01974,1052.5156,173.71178,260.90472,1056.5049,292.4305,407.95096,1062.4856,193.89186,286.8349,1118.06,309.52316,405.00616,1197.4141,69.190125,212.045,1192.1809,192.53932
mid_181.jpg,biceps_mid,210.26976,275.35977,-328.0928,225.84207,242.87575,-343.09534,238.39252,239.59598,-343.2401,250.30536,236.77557,-343.59512,200.18884,246.42567,-320.8121,193.8321,245.9197,-320.68732,187.71146,245.50706,-320.75702,275.57242,238.12036,-287.33112,193.7845,247.54576,-178.543,236.70752,295.28647,-295.3277,206.23691,297.8183,-263.79486,396.87613,334.92398,-230.27905,166.2437,353.66254,-44.065063,514.6828,489.74908,-191.24574,156.54845,523.4797,-80.289215,538.29156,654.9138,-212.4886,99.10736,479.16513,-335.0813,554.08636,708.57605,-219.39136,73.744156,474.03885,-368.40292,525.686,707.3873,-258.27725,57.231262,447.20578,-378.62756,511.84003,687.5765,-221.83875,82.68483,447.0447,-347.46362,396.22565,660.62335,-40.99852,253.4483,668.4494,41.045982,390.19052,929.4259,-152.52301,229.22998,931.81,12.934214,426.2768,1104.9719,165.20578,258.70053,1105.9403,289.0159,431.69586,1119.8044,188.57913,286.49698,1128.398,309.589,420.83344,1219.9541,59.900806,228.09048,1212.2999,183.83401
mid_182.jpg,biceps_mid,215.13077,275.08316,-376.16013,230.69533,243.11258,-394.05743,242.5081,240.02014,-394.2159,253.8728,237.1452,-394.60855,204.87943,246.39458,-369.3318,197.73279,245.85806,-369.17868,190.8664,245.35237,-369.28275,279.8434,237.89914,-348.80762,197.97304,246.98247,-229.0274,241.12462,295.04294,-345.9095,209.70651,298.28067,-311.28717,405.14914,338.30255,-298.41757,172.1828,354.9532,-66.51954,513.17303,496.9922,-266.9515,167.48984,507.3878,76.28601,534.62024,672.0383,-295.1017,100.650246,498.86746,47.657635,553.92566,719.95026,-306.70847,89.71251,523.2857,49.101185,526.182,717.1808,-350.3738,65.11478,482.4371,20.764801,510.0921,695.3652,-307.19815,86.48229,489.43198,33.360733,391.14474,660.4486,-51.002144,254.26715,666.51086,51.148335,386.71405,924.4042,-154.432,230.72371,929.44354,20.7195,411.9287,1066.2327,154.66539,262.359,1099.3433,304.18268,407.7273,1071.6556,177.4539,288.9693,1120.734,326.09006,407.9348,1213.9039,33.674126,232.48683,1206.9042,196.99939
mid_183.jpg,biceps_mid,210.98746,274.98785,-387.62115,228.14035,244.41562,-408.89893,240.27995,241.89574,-409.01572,251.92073,239.40544,-409.35165,203.77933,245.91998,-379.7162,197.60442,244.9438,-379.57034,191.84518,243.92964,-379.67728,282.19028,240.57079,-379.49936,203.6639,247.47212,-241.02136,234.73582,297.00098,-363.49875,207.1401,296.74875,-323.20065,405.8936,340.0353,-316.91528,170.74435,358.91962,-91.98074,515.3399,502.52603,-327.46878,172.64003,499.50897,61.06688,531.2886,669.2623,-413.34952,114.7118,521.2618,30.336084,553.8547,720.51404,-439.86404,115.557594,551.0205,29.423256,533.34033,722.72455,-477.72668,89.67647,517.35046,-3.0384884,514.3414,698.31396,-425.7357,108.48268,513.7086,14.928199,396.61417,658.55084,-42.490185,255.84692,662.06964,42.759327,380.1455,905.57324,-139.15437,229.88516,917.6101,-11.628801,406.53207,1055.6099,200.70238,261.66885,1086.4092,259.02274,402.45865,1056.9269,227.4109,286.8609,1107.2981,279.1576,404.86792,1189.6864,96.45705,242.21722,1195.5502,141.55844
mid_184.jpg,biceps_mid,223.94414,269.7412,-376.42365,241.44928,235.48065,-390.78806,254.55643,233.4155,-390.90314,266.47934,231.52216,-391.21625,214.54863,236.95409,-363.91388,207.72118,236.54654,-363.82092,201.45241,236.3241,-364.03928,296.27145,236.24518,-343.57062,213.37387,244.236,-216.76746,249.52951,290.7544,-348.67258,217.89792,294.11563,-311.95184,418.67694,344.45383,-268.07642,177.87242,363.5116,-100.67657,518.1382,509.17905,-244.39986,149.31273,537.89905,-172.83447,529.056,680.9947,-312.9203,107.19088,558.281,-474.01346,551.85596,732.4877,-333.56842,100.233475,568.92975,-512.13434,520.5813,719.11224,-370.85275,85.091034,534.958,-531.0234,511.61194,698.01935,-323.47906,105.666374,540.80597,-489.12894,401.61462,664.29736,-24.569273,256.78824,670.78644,24.35008,401.0137,916.5904,-166.82257,234.11726,921.9336,-77.69325,414.7751,1056.0618,210.77237,267.05573,1090.8152,212.83936,402.81296,1055.766,239.07262,290.78845,1107.8156,235.5628,433.51593,1185.3875,99.270584,254.77402,1200.4865,91.9607
mid_185.jpg,biceps_mid,237.95769,269.40768,-477.54004,259.67462,232.70073,-483.5449,271.406,230.27232,-483.556,281.4486,228.5646,-483.7429,227.01895,236.66689,-461.6113,219.36078,236.00876,-461.51227,212.4533,235.56572,-461.5952,305.8978,232.60281,-394.52917,217.25897,242.07318,-291.70963,262.78555,288.01224,-433.4172,228.24649,292.30298,-403.67,412.9077,343.5161,-326.2399,180.47546,350.62576,-109.87454,517.2042,501.75134,-323.26416,152.36014,469.0848,67.084236,529.18726,670.22906,-440.00012,104.8479,586.2855,3.8021514,549.4379,715.28345,-469.29358,73.75809,615.4056,-0.86839014,523.75287,718.5526,-510.126,82.19123,602.9085,-48.47079,508.98154,699.2067,-453.33194,98.44054,597.34973,-16.893038,392.76782,657.2464,-46.828594,257.67767,662.50757,46.715984,380.86707,902.6128,-199.0578,231.16267,912.3493,-120.67331,411.36868,1037.9407,200.08527,270.51364,1067.1466,228.5114,415.2307,1044.5889,233.90958,298.17026,1082.5735,256.68652,416.83163,1174.873,105.8894,255.68143,1178.5916,120.45279
mid_186.jpg,biceps_mid,246.78555,263.2745,-411.65152,265.90887,231.78737,-414.54724,277.3868,229.80159,-414.6954,287.26312,228.39508,-414.96915,233.94264,234.03766,-398.8579,225.73764,233.2724,-398.80316,218.71425,232.73929,-398.98297,308.96704,232.30658,-330.9875,219.59494,238.38538,-255.28287,270.878,286.15683,-370.68353,235.15367,288.17618,-349.02823,417.5552,345.75922,-269.82767,175.41753,358.18546,-107.597755,521.12115,505.5027,-211.77858,135.81297,488.62082,56.337513,536.9149,676.31104,-235.2604,96.51996,626.9955,35.358364,556.1145,724.2463,-246.87398,75.14879,665.1293,42.65689,535.3425,719.60754,-285.08005,87.62476,661.56366,-0.37557992,519.2637,704.2278,-245.26031,100.87361,647.1626,19.368713,395.22513,657.2007,-30.751257,254.75578,666.39246,30.595093,393.469,902.0655,-117.54553,239.67224,910.88495,6.270929,419.39572,1069.6478,223.50592,264.55276,1051.8291,305.40234,422.2369,1083.0543,250.36209,280.7781,1096.2175,328.97397,418.63464,1175.6766,120.831215,241.47824,1175.4742,195.08987
mid_187.jpg,biceps_mid,246.09245,264.09473,-387.88086,265.2396,229.37039,-395.12378,277.7069,228.05566,-395.29916,288.52197,226.88196,-395.62872,231.98053,230.80382,-376.51804,223.70728,230.53596,-376.39108,216.31169,230.4366,-376.57944,313.56567,231.39276,-324.79553,219.80203,237.78845,-234.83096,271.59222,284.9412,-351.25937,235.05096,288.4251,-325.43762,427.3832,351.2387,-243.03859,173.47263,356.35538,-114.65897,521.3103,505.0077,-172.11087,133.135,506.0911,28.254103,539.5063,672.0878,-196.83229,102.97069,662.2736,-16.815062,556.3081,708.5756,-209.67728,84.82149,705.9077,-17.259315,530.00714,705.52057,-247.74191,95.6632,695.8892,-59.764767,514.91565,687.75977,-207.36467,115.54676,686.5685,-33.68673,395.457,659.11017,-11.979727,248.5361,668.0736,11.829712,405.84085,911.4465,-109.102684,244.42577,922.0094,-20.366583,420.9618,1082.9333,264.526,265.83115,1074.0636,311.90063,417.3919,1099.7603,293.2557,285.1509,1092.3693,338.80957,428.42694,1184.4014,153.70404,252.65791,1170.3469,196.65927
mid_188.jpg,biceps_mid,252.54214,258.48883,-409.69412,272.96924,225.08383,-407.5267,284.15134,223.85005,-407.7164,293.64557,223.16512,-408.03,238.08119,227.48793,-396.52396,229.40504,227.17087,-396.40433,221.69514,227.00645,-396.59964,316.88586,229.761,-311.36667,221.08537,235.82701,-255.26903,275.38385,280.3231,-365.86365,238.6333,284.45364,-349.814,421.66614,346.83936,-239.99376,170.97818,362.28473,-144.0518,523.93756,500.63403,-198.66507,133.11479,526.05634,-33.26043,546.9931,658.13104,-247.51657,94.49785,662.9525,-78.25606,565.70306,693.6523,-259.08862,82.341446,718.1831,-81.272,540.74786,694.1365,-297.16797,87.799,711.3681,-123.13881,522.83154,678.66406,-258.5717,107.9773,698.6006,-94.72198,395.49484,662.25696,-18.412102,248.9884,671.0362,18.186298,409.7314,900.8556,-150.27396,244.99048,922.32355,-78.392,426.26257,1067.0089,235.02272,275.39578,1063.3739,298.518,423.6112,1080.8221,265.48682,297.57895,1079.0199,330.22604,433.64124,1176.9723,146.2611,258.43872,1163.8999,216.0328
mid_189.jpg,biceps_mid,253.63936,267.28543,-423.9616,272.50464,234.6389,-425.23877,283.99908,232.5787,-425.45496,294.13467,231.2467,-425.84964,239.14558,238.13545,-414.97906,230.2889,237.42268,-414.92584,223.00336,236.67635,-415.14105,317.24258,234.017,-316.94037,221.409,241.62782,-264.1438,279.07178,290.85367,-371.7587,241.02107,293.45175,-356.94528,424.74304,347.8554,-227.37282,168.1325,370.37683,-138.26392,527.1376,506.77316,-151.10898,135.16653,526.5452,-17.401697,540.9235,674.38153,-167.7508,91.18906,670.8036,-54.736946,558.876,728.2472,-173.23267,68.041435,710.0779,-54.03411,532.9755,727.87634,-217.62857,68.71009,704.82666,-102.34431,519.09375,707.5137,-180.31886,89.40279,692.71106,-74.2018,400.21082,686.2905,-8.529984,247.85974,694.105,8.140808,412.82684,949.831,-118.80972,242.99734,952.83856,-63.17925,413.68774,1063.6346,332.08896,254.40584,1112.8137,312.7649,400.41183,1069.7004,370.67673,270.8921,1129.6481,345.9747,441.63208,1204.8811,237.43747,240.00047,1212.6692,199.61134
mid_19.jpg,biceps_mid,407.882,398.07428,-976.164,438.25003,374.01764,-939.49756,440.71262,374.6588,-939.7016,440.38583,386.4183,-939.94403,408.06738,361.9269,-974.3627,400.29532,354.46533,-974.50867,392.57745,347.14117,-974.70074,431.11563,384.06305,-684.53827,366.11716,330.865,-842.3321,392.40796,421.1296,-874.8749,368.62607,398.57855,-920.74445,400.03616,467.995,-430.42987,192.49414,370.82257,-720.9059,379.43027,643.75494,-574.8329,45.83315,519.9203,-817.32117,373.9801,717.8619,-926.7137,22.839396,690.1936,-919.1509,376.96805,749.4331,-1016.97424,5.193883,737.87036,-998.30566,369.72134,729.15186,-1042.684,45.694027,743.0151,-1024.2603,358.97638,718.42865,-946.83496,53.947536,729.44116,-928.33984,250.10765,651.3559,114.41413,120.809784,621.824,-114.90064,446.14423,793.3123,-241.48212,205.913,717.384,-547.5163,449.47565,1041.5248,-68.79186,81.4531,852.1237,-96.275894,416.28928,1069.4908,-58.7732,59.06249,863.1664,-52.71363,514.60144,1156.2563,-264.77502,46.458447,923.3346,-218.21747
mid_190.jpg,biceps_mid,250.02539,265.3859,-431.25458,270.39832,232.1347,-433.04477,281.84714,230.0439,-433.2235,291.612,228.64246,-433.59113,236.46246,235.69759,-421.696,227.53584,235.13235,-421.6752,219.69939,234.6438,-421.8882,314.81158,233.06563,-329.9989,218.61206,240.62936,-272.32935,273.56082,286.95465,-381.73453,236.7888,290.15833,-365.34592,428.21072,348.63803,-233.39769,164.52689,372.1809,-156.12993,537.1281,512.2999,-146.39098,128.32755,539.6878,-35.42238,549.7577,682.6126,-173.36787,91.1798,695.2916,-89.75941,571.3749,730.8816,-182.86717,76.85727,732.5089,-93.71066,550.37256,728.5945,-221.76727,79.75207,725.2567,-137.56833,537.7231,703.5942,-184.57562,94.86569,710.51825,-107.26656,401.2849,692.0137,-8.117349,245.60344,695.6887,7.802258,418.0061,965.2908,-136.83934,242.7741,955.1385,-62.843494,425.61246,1105.3951,335.2925,261.1852,1119.3947,291.59113,398.54303,1075.3146,375.46844,277.68274,1135.3029,321.77515,440.52713,1207.4144,247.32497,257.07678,1224.1776,166.66132
mid_191.jpg,biceps_mid,253.70064,266.3982,-470.77325,273.377,233.66408,-475.2049,284.85013,231.43172,-475.38965,294.7839,229.86494,-475.80023,239.28494,236.55377,-465.02158,230.38931,235.55406,-465.0469,223.26265,234.49352,-465.28482,318.2787,231.81969,-375.88794,221.31374,239.60175,-323.27963,277.73297,288.4986,-421.599,240.02966,291.41452,-406.90918,427.2654,347.2888,-265.28546,163.1465,369.01297,-209.20787,536.41797,508.49435,-172.5157,130.38719,542.1149,-74.9829,551.44104,680.73047,-175.76587,104.77566,703.1875,-90.57172,573.8474,723.3747,-180.18031,81.26758,746.00507,-86.388596,550.17505,724.0218,-217.5378,88.00028,746.3057,-130.66714,541.2803,710.2529,-186.01239,103.99402,727.9066,-106.547455,397.5062,685.8347,-0.81734926,241.02269,689.974,0.42533848,405.99298,944.05194,-113.44616,236.75998,960.94183,-56.59401,422.97766,1112.2312,307.48822,253.1476,1127.8757,271.50266,395.46878,1085.9481,341.62772,267.92667,1144.6692,297.5068,442.08258,1213.8943,194.4246,252.49896,1230.9291,122.311264
mid_192.jpg,biceps_mid,253.01903,263.26913,-400.90298,273.37787,233.40474,-401.5607,285.04285,232.0578,-401.7627,295.14197,231.26132,-402.10635,238.46454,235.09592,-389.6853,228.96713,234.4345,-389.59006,221.81375,233.84647,-389.79834,322.16418,235.92676,-304.88574,220.41734,239.3164,-244.13629,279.10925,288.70428,-355.25592,239.24416,290.3999,-337.95953,432.03256,352.2863,-211.4263,167.62263,370.78848,-140.60773,541.4107,508.10825,-120.727135,131.27998,541.5975,-18.324356,559.2464,685.0414,-130.84111,113.31398,699.09503,-64.40172,584.86896,728.2488,-137.73918,90.58533,743.0187,-65.24542,572.484,732.5053,-178.41092,106.941826,742.7008,-109.5154,550.14233,709.5479,-142.57042,122.510765,724.6372,-81.714424,394.90244,695.5938,-0.35729966,240.50223,692.4374,0.22861911,410.5263,946.9074,-103.138016,239.06412,962.71686,-9.862422,409.76514,1081.7363,299.59793,261.74188,1080.9744,337.89877,398.61963,1088.1864,331.37546,268.68713,1130.9889,366.7298,440.9044,1220.1244,189.9032,244.56107,1215.0931,213.46924
mid_193.jpg,biceps_mid,265.71912,266.01065,-462.9356,286.34186,234.51698,-468.07507,297.9716,232.53761,-468.2629,307.41708,231.21368,-468.66626,249.72827,236.93074,-458.1786,240.45496,236.09892,-458.1394,232.52316,235.14561,-458.2912,328.8463,234.6163,-375.0546,229.23276,241.14421,-324.70187,289.9464,290.0544,-416.52884,250.36401,291.94754,-402.393,438.11673,356.69785,-266.8848,169.1515,367.97104,-207.28902,541.6744,513.9385,-145.54558,137.48569,538.44745,-49.602085,554.3042,701.4492,-111.89665,135.20213,703.41187,-42.482693,587.0768,743.02106,-115.49166,117.710304,751.3813,-36.301693,561.3465,752.54474,-153.63533,130.44275,750.20325,-79.232704,533.05457,731.1132,-121.13436,146.6269,731.0117,-56.631397,393.7881,683.5083,1.0796705,239.44705,685.45264,-1.3085314,405.01767,937.0372,-72.69473,244.26926,946.2752,30.789127,409.36987,1069.6484,299.55954,261.54178,1081.4294,335.71054,396.90054,1078.256,328.5251,264.29245,1128.6862,360.10443,438.49158,1206.9495,183.11432,255.1594,1212.7404,197.90582
mid_194.jpg,biceps_mid,275.35278,269.95206,-510.57715,295.9043,236.60057,-512.6459,307.4229,235.51,-512.811,317.0698,234.81764,-513.1881,259.6472,238.92168,-500.98166,251.18738,238.66112,-500.96927,243.15767,238.35545,-501.1776,339.351,239.31232,-416.08554,238.8935,244.78918,-356.57547,298.1226,291.83627,-463.81122,258.83304,296.13962,-447.21353,443.31677,369.0017,-323.15024,183.10458,371.73392,-218.18512,544.2269,541.6296,-240.21846,150.73898,536.3525,-46.461575,556.5624,721.7641,-230.95468,135.4852,687.4207,-13.739914,585.30725,774.95953,-235.76628,129.48735,738.55695,2.1231096,567.9069,781.3631,-271.52753,131.16016,736.0592,-37.117317,551.49426,760.498,-239.78365,145.36835,718.18616,-26.008389,394.35422,680.1073,-15.475149,244.40141,680.62317,15.209867,401.2544,922.9538,-108.19058,240.1152,928.7992,-7.8507977,409.84457,1066.6359,308.67938,258.08325,1065.4194,339.3742,402.77457,1064.4948,342.6318,276.2488,1108.7809,367.7804,426.224,1187.2134,197.58957,257.3216,1196.7152,209.0322
mid_195.jpg,biceps_mid,282.56665,268.2721,-535.32556,303.3118,239.24019,-539.0062,315.32837,237.85779,-539.22284,324.6844,237.02718,-539.6583,267.88647,241.26917,-524.8073,259.63358,240.83287,-524.8564,251.96866,240.58768,-525.11163,346.1043,242.0027,-455.8551,249.46274,248.0789,-385.85132,305.48654,293.67297,-494.2088,267.53537,293.94186,-474.7422,452.3868,378.81726,-374.01862,191.7112,372.26636,-233.76622,552.3347,554.87415,-292.65686,146.62337,535.77386,-41.398857,571.0875,754.7846,-248.51083,134.24222,680.4111,29.599146,596.65704,801.8874,-245.24225,122.48007,724.85443,56.87387,579.9556,807.67645,-283.64877,129.71866,727.723,23.111506,568.22845,783.61584,-256.46243,143.49812,712.3041,20.69263,398.114,687.22534,-21.652138,249.75436,680.25604,21.270214,406.63858,942.95416,-117.495415,237.08055,935.28467,-1.5338072,411.5511,1074.9832,315.5118,254.82837,1072.7677,339.03244,402.84134,1073.554,351.07242,268.54617,1123.0735,366.57,419.20566,1206.5985,204.7864,245.10762,1202.7843,206.66112
mid_196.jpg,biceps_mid,298.1904,264.84695,-508.64255,319.2009,235.94841,-513.93585,331.00455,234.85324,-514.1441,340.5412,234.26947,-514.522,282.69553,237.26384,-497.74936,273.7606,236.83351,-497.78406,265.93405,236.67863,-498.01636,361.73663,240.45642,-440.48203,261.00262,245.77808,-360.67947,321.271,291.12955,-471.41956,281.6709,291.20114,-449.00296,461.09952,379.25928,-363.96777,201.7379,366.62952,-208.50938,552.1621,555.9208,-291.18246,161.154,520.6569,21.04507,570.06995,750.627,-275.13428,135.35327,671.8841,104.13105,590.7136,787.54596,-280.16797,113.57069,721.60315,132.1262,564.0786,790.6595,-318.8213,125.64365,719.3905,89.14338,551.27045,777.4499,-284.40497,140.27917,708.2866,91.437935,391.25842,676.7301,-21.98906,246.36128,670.7439,21.832355,391.43735,930.16486,-76.8994,239.0704,912.4673,74.95168,407.11505,1099.3955,259.59012,257.54935,1069.9999,361.79257,394.06335,1074.4701,283.63077,268.2577,1111.6151,382.61896,397.8645,1200.0724,121.648445,242.39957,1187.502,215.18217
mid_197.jpg,biceps_mid,312.10184,264.5604,-523.1176,334.63995,233.02559,-521.9287,346.46786,231.88664,-522.135,356.27258,231.11972,-522.53674,298.29285,234.96817,-509.15683,289.62872,234.31221,-509.20282,281.42838,233.67673,-509.4394,375.90436,235.06032,-422.41373,275.34787,238.82611,-357.44955,335.05353,285.90656,-476.7126,293.65436,287.94742,-458.5801,469.3441,381.11166,-338.33197,211.07631,362.17905,-207.61984,559.40344,569.87714,-281.31735,155.94734,523.5783,-16.02009,588.3992,747.75903,-293.71793,128.36487,670.3548,38.985863,617.46295,792.5112,-300.53433,105.69587,715.21344,61.82477,601.1254,795.56976,-342.0808,122.27477,715.4845,19.675858,581.2421,778.5574,-305.462,136.13615,697.8348,26.596674,390.32343,677.182,-29.346123,247.30075,670.90125,28.963396,395.1765,926.1587,-131.26424,232.65182,928.3144,-22.660118,401.07428,1063.504,263.50723,251.20087,1064.8583,334.3448,411.53113,1104.7523,295.1391,266.95667,1109.3844,363.27197,404.74768,1192.8062,137.65164,231.91174,1188.7025,198.88971
mid_198.jpg,biceps_mid,319.31155,264.6416,-508.43723,341.05557,233.92268,-508.41803,352.56403,233.5746,-508.64035,362.07498,233.24017,-509.0497,305.07913,233.99861,-496.61896,296.47342,233.31041,-496.65643,288.14972,232.53838,-496.88763,379.48447,237.04678,-418.6629,280.53308,236.99146,-359.78732,341.20935,286.7824,-465.8205,300.5274,287.36407,-449.5431,469.60028,381.50952,-339.3564,216.28835,355.6798,-213.33046,560.0536,567.44104,-283.90427,158.50052,512.53,-20.064909,587.9436,737.4483,-274.7614,125.95602,671.2263,68.14807,620.4865,785.3122,-277.1415,105.08897,712.9058,94.679016,604.12964,789.7497,-320.20038,119.93935,713.21295,58.965595,584.58655,773.41864,-286.61005,133.03352,698.67615,59.027454,389.0193,670.0839,-28.799524,250.52289,662.05634,28.298336,388.5834,929.6822,-119.11055,224.15863,909.98834,-2.0772216,405.02832,1082.9225,244.76239,248.86937,1050.6704,335.27432,406.80972,1094.2145,273.82498,260.54602,1085.927,361.82224,403.83563,1185.5231,131.59448,218.12659,1156.7103,213.95885
mid_199.jpg,biceps_mid,327.17883,261.98505,-370.368,347.97168,231.80504,-371.44455,359.93027,230.12958,-371.6774,369.79755,228.8594,-372.01697,311.65277,234.09618,-364.24533,302.83334,233.7211,-364.10458,294.0494,233.25253,-364.21918,386.6039,230.03685,-273.28934,286.18222,237.3767,-233.719,351.19315,282.64575,-322.4348,309.26047,284.48996,-311.34772,465.29645,356.68164,-180.7324,220.0985,346.58432,-118.587006,544.50244,501.15,-147.67728,161.80983,506.9601,33.611057,571.3321,650.1983,-243.3569,127.89788,656.2108,38.093937,590.44415,687.9954,-259.33997,108.58953,705.8146,44.470505,573.7337,692.38654,-301.18063,123.47255,700.87555,0.391153,557.41736,673.9854,-257.5593,138.43646,690.25305,24.38454,390.61954,662.30743,-11.040897,248.19037,658.42426,10.940265,381.46677,909.07654,-150.57063,226.59041,906.31433,-65.277214,391.53543,1060.0333,192.66917,247.23277,1072.0242,246.66234,375.40112,1067.946,217.17924,265.00537,1092.4764,269.0788,398.33102,1183.0271,67.108376,233.44438,1166.2783,113.43046
mid_2.jpg,biceps_mid,372.87143,384.11078,-754.6682,402.8308,362.90195,-713.6302,412.89618,367.82806,-713.8317,422.92386,372.86557,-714.1416,373.066,346.6944,-731.26306,373.35464,324.62946,-731.2811,359.36426,313.70297,-731.26587,420.98407,378.2201,-477.14667,336.718,304.6126,-556.1298,368.40552,411.46884,-661.3185,332.93665,391.08395,-684.55835,393.4153,499.7962,-324.05673,166.67581,379.34277,-402.82166,390.84644,704.82245,-327.38992,18.87848,531.1764,-452.56857,380.73737,864.5885,-574.815,22.853933,704.3694,-646.8893,393.50293,921.6412,-669.9623,-3.7372935,752.3441,-726.54346,368.10477,910.21246,-716.5874,32.045887,756.43506,-770.37103,350.16068,883.77515,-599.67523,49.123734,749.1261,-666.386,245.35031,697.89087,21.973633,109.95409,674.169,-22.141758,448.49332,812.2763,-273.32602,69.19212,717.7454,175.59631,433.8958,1039.2341,-25.5934,42.096092,859.1798,768.3966,395.72162,1064.4858,-4.7798004,46.25094,891.7115,822.7595,509.09122,1136.9811,-199.87827,-5.0488186,910.22754,698.805
mid_20.jpg,biceps_mid,395.13828,401.5597,-897.6675,423.25006,381.96362,-864.4466,425.39346,383.39105,-864.6272,427.3194,384.81818,-864.94135,398.4243,362.93707,-902.1031,390.5165,355.57092,-902.3208,382.6556,348.31946,-902.5795,418.26828,378.35077,-647.19257,355.11646,328.26697,-814.0805,385.849,418.47406,-808.9047,361.85095,395.11658,-857.17444,391.98962,457.03528,-425.0564,199.44777,356.27875,-700.1511,373.5789,614.0073,-485.32883,29.311245,483.49335,-752.4073,371.49213,713.64594,-760.9406,9.385725,641.85547,-798.0841,375.45343,746.1103,-835.63995,-10.064678,663.77954,-854.216,368.98123,726.68097,-860.5421,23.852692,666.88794,-882.97437,357.48987,716.4386,-780.6224,33.71674,657.5916,-808.6916,224.58272,619.84656,99.547745,115.564705,586.92224,-99.77768,321.32822,736.7805,-2.5497375,190.55083,734.84186,-196.28279,204.66986,851.4309,410.85886,35.170303,829.02515,247.62596,173.7432,854.698,448.09818,-0.9652841,828.2854,288.75333,211.24052,939.6731,344.21588,19.829304,907.48914,168.43971
mid_21.jpg,biceps_mid,386.7482,387.47238,-782.711,408.5775,362.23926,-752.45154,418.51172,370.82318,-752.6537,421.0838,372.83014,-752.94885,380.16455,354.90784,-782.8354,375.2274,325.30563,-782.9968,370.69687,320.42297,-783.26483,400.76242,374.48697,-562.69366,342.39838,318.66614,-693.13965,377.83484,422.45773,-706.8658,345.60254,392.05154,-744.12665,380.93274,470.41382,-379.44495,173.49019,374.12674,-614.7408,368.3981,607.295,-536.4426,0.8671689,508.98108,-691.386,402.45605,700.9276,-930.48096,-7.5579715,678.6596,-761.8762,418.95425,723.1924,-1017.91547,-29.990917,728.4426,-814.4215,418.10645,707.0328,-1032.2565,7.930455,740.4898,-834.92126,398.68582,701.70764,-948.35785,22.226597,725.8579,-767.81384,201.33371,624.1084,79.945595,106.17945,586.34766,-80.18403,259.0993,726.3871,4.5619755,142.88513,709.1417,-80.68716,155.8181,806.8032,472.96484,59.225727,800.13257,422.09622,129.17209,806.55365,517.1077,34.448395,801.92993,469.00912,157.71245,886.9293,421.1928,64.01544,881.25604,364.02164
mid_22.jpg,biceps_mid,390.46902,388.5068,-688.3043,407.3235,364.10675,-656.3758,416.11615,371.82938,-656.5725,417.69943,373.19556,-656.81726,381.01187,359.1723,-689.042,374.0449,353.26904,-689.2579,367.09802,347.4498,-689.59784,391.89175,373.81073,-474.62027,339.47687,334.23383,-619.77515,380.03314,408.27307,-616.48987,349.38605,391.33896,-657.88556,373.5204,476.86194,-307.43494,185.48209,367.44568,-544.4186,353.51157,617.15314,-356.74426,31.802588,506.75995,-603.02966,378.48743,719.49585,-632.0767,-5.1717815,679.60864,-673.61707,391.79785,746.49036,-700.7338,-41.367752,724.3564,-722.2091,391.79126,732.16376,-734.0073,-4.7509537,735.2353,-749.37634,376.82986,724.21515,-655.14624,10.6829815,724.2046,-682.37463,194.41487,633.8898,56.051746,104.066666,580.7818,-56.174404,190.89436,775.55945,-224.93292,141.9265,690.125,-289.5231,86.67825,824.6884,198.25288,41.451286,817.4213,159.68033,71.68255,821.1313,236.04327,24.497183,824.0795,199.0095,60.37409,878.0313,110.57579,14.910089,896.776,75.12701
mid_23.jpg,biceps_mid,389.18896,386.20825,-734.32294,407.7258,362.15082,-701.5269,417.2936,370.28702,-701.7857,409.8412,378.59055,-702.0782,379.03827,359.22217,-731.21326,370.97388,353.24722,-731.3909,362.97086,347.41785,-731.6093,400.042,377.08386,-520.4275,335.15042,334.8758,-646.92377,370.82642,411.15765,-663.19305,346.6714,394.98236,-699.6189,380.47833,471.43817,-385.0688,183.15942,367.8562,-573.57745,373.37723,610.3871,-598.3164,36.353287,507.1866,-646.00684,379.18204,712.8949,-1087.2245,11.693873,681.36523,-755.7647,387.82922,760.33136,-1201.7859,-17.338453,716.3083,-824.99866,377.50568,739.16626,-1221.175,37.53684,734.68945,-846.6185,359.6725,724.6166,-1110.3296,47.735542,716.01074,-764.2001,191.30103,647.6127,43.22819,102.39846,594.25867,-43.28247,190.36226,793.0966,207.27032,95.286316,720.7807,174.94995,107.68464,849.99786,744.34656,11.565632,800.351,716.21564,92.3814,845.63354,790.34845,0.0068449974,805.3394,762.14886,86.49102,925.1492,671.821,-19.998583,877.5691,633.8461
mid_24.jpg,biceps_mid,400.6833,383.24243,-807.61743,414.38568,357.37158,-771.75616,422.00684,362.53638,-771.88043,429.5626,367.80237,-772.0587,391.76578,341.5464,-794.6133,382.28632,334.5725,-794.68933,372.89877,327.8038,-794.8672,420.735,375.47693,-573.83514,358.31866,303.27142,-674.4738,382.3446,414.6502,-731.18054,353.44073,383.30066,-759.98346,393.43237,494.4309,-448.03046,183.79376,371.14844,-569.3564,380.51215,630.8965,-676.1616,35.059315,498.91608,-728.7569,381.74408,741.9492,-1204.6884,18.270618,687.6291,-966.6821,387.661,797.0214,-1326.9355,-18.877388,727.42004,-1044.1676,374.02222,774.84717,-1354.1975,35.06501,741.46454,-1062.5986,353.78763,764.21313,-1229.8762,44.192345,725.00867,-974.245,208.99246,671.806,10.636877,106.74308,602.9199,-10.623241,199.80237,809.6959,-251.71129,48.519455,683.5309,-44.225533,137.91959,857.62866,246.20683,8.154581,801.32153,391.48587,127.486145,855.3254,289.07593,11.590147,821.10583,425.27454,107.59986,919.51196,131.02058,-47.869675,864.92175,261.3268
mid_25.jpg,biceps_mid,384.0535,380.58582,-166.50932,404.72354,362.5081,-124.73798,411.25818,366.72745,-124.964066,417.79788,370.96786,-125.24576,385.2498,349.85873,-144.60022,376.77774,344.07233,-144.57333,368.38687,338.41895,-144.73553,409.97482,376.66846,65.38716,340.84048,331.80212,-19.40656,380.7198,406.61053,-95.40934,353.65564,388.99286,-120.08796,395.7007,492.09976,140.4372,173.60089,372.29456,-8.634153,378.1791,652.1906,-13.462412,23.096245,520.27997,-107.82518,383.85986,791.6626,-364.5423,19.042192,698.7128,-295.19815,393.8611,833.713,-444.6298,-15.1655,748.13257,-351.8596,383.68073,814.59235,-492.1194,30.346073,753.4561,-392.88443,366.92453,800.45605,-391.7231,48.65658,740.67206,-309.4033,232.0782,666.164,37.455856,112.622505,609.64526,-37.720737,323.16162,759.18066,-395.2129,43.435337,673.9615,-484.8928,278.2553,856.86206,-486.8911,167.42798,821.7185,-545.9308,251.46915,880.13,-502.2575,177.29547,856.6318,-553.00134,322.57092,873.0248,-607.8386,214.20518,836.87744,-642.6687
mid_26.jpg,biceps_mid,361.40298,396.17517,-973.4545,383.9145,373.36026,-945.19476,392.06256,376.58066,-945.39844,400.1013,379.9381,-945.74036,359.68204,361.69305,-959.2492,350.5256,356.5536,-959.2866,341.4773,351.5889,-959.4205,401.80945,381.8857,-726.7699,318.89075,342.1121,-788.9958,360.91797,420.27054,-883.38135,331.1705,406.13123,-901.6378,400.1828,505.55847,-531.15204,166.17451,383.65106,-607.2697,395.83167,679.7224,-591.0625,22.688377,519.2329,-686.4198,384.75366,825.7321,-870.27496,22.902256,695.21985,-891.19867,394.51822,873.43994,-962.53394,-6.935238,753.8374,-972.97864,365.88193,859.5288,-1008.6269,35.217907,748.96185,-1012.5004,356.94226,835.8672,-893.12506,52.004417,738.17474,-908.19586,246.91313,675.243,21.701885,119.3898,626.6906,-21.845995,393.61264,789.3988,-504.3991,51.75271,640.17017,-568.27423,381.5636,1013.26,-151.01224,54.280743,833.04614,-69.284676,354.60666,1037.1987,-124.30428,60.69062,861.52045,-23.807194,427.40283,1120.4786,-353.19495,23.236105,901.3986,-208.09773
mid_27.jpg,biceps_mid,377.43253,387.5581,-981.7698,396.826,364.75266,-948.39526,403.8959,367.65662,-948.6452,410.89255,370.68518,-949.0137,374.60312,353.70386,-967.64557,366.01166,348.75366,-967.6309,357.50385,343.9467,-967.75305,407.90198,371.92947,-721.9927,332.6903,334.87732,-806.60925,374.26917,410.80798,-890.9488,347.07678,397.62466,-915.2634,400.44806,495.57825,-542.9707,177.52257,374.96902,-650.02747,403.1075,683.0704,-632.2027,35.260963,519.95575,-747.5052,386.50894,841.65765,-874.265,19.081118,693.7159,-915.4175,393.69315,896.3712,-964.06165,-7.109077,737.1953,-993.51263,369.0584,880.14307,-1006.3897,27.25603,746.00775,-1038.3284,358.10944,861.0786,-897.0475,45.389866,735.2786,-934.99316,248.25537,665.6941,35.23046,127.43884,621.6363,-35.501087,388.64368,784.79,-444.10806,116.715294,647.2987,-602.8065,396.7293,1012.3297,-143.51855,141.20607,842.9602,-85.080475,371.16693,1038.7402,-124.62948,146.07854,871.9486,-39.807526,456.47302,1114.5215,-363.5184,132.23071,905.4252,-229.9325
mid_28.jpg,biceps_mid,388.25906,412.35144,-825.23535,403.46646,391.43884,-791.7439,411.4795,394.46625,-791.9619,419.4464,397.6169,-792.2878,378.07855,379.0647,-814.0755,368.65973,373.57297,-814.0952,359.35315,368.25873,-814.1302,417.29712,395.2143,-576.60767,334.23935,337.94675,-676.1383,387.57275,433.82144,-737.49084,350.7421,422.8042,-766.53125,403.96475,502.92505,-413.2967,177.9915,387.16354,-538.69916,400.8039,685.12585,-460.9218,39.058083,534.643,-621.8485,384.48935,862.64246,-693.0321,29.448154,699.4947,-782.8982,389.11368,917.9109,-781.5423,9.148854,742.583,-860.20435,364.94122,904.74524,-816.57,47.736828,751.9595,-894.45044,359.52576,878.2091,-714.15845,59.472557,736.6018,-797.6518,256.96957,677.54443,38.5773,133.1404,638.92676,-39.006638,413.7967,799.8458,-215.78004,182.89458,688.1343,-174.25372,438.81393,1020.4703,67.86871,226.65012,881.0841,324.6829,415.58017,1042.6287,89.38852,233.16527,908.59344,368.545,499.86902,1131.044,-112.7526,223.64288,948.25854,203.79984
mid_29.jpg,biceps_mid,381.31567,408.1347,-953.45624,399.93015,384.07635,-922.1112,407.06583,386.71722,-922.2916,414.16827,389.5249,-922.5848,377.46063,372.96118,-945.4573,368.60934,367.6094,-945.4615,359.84766,362.37595,-945.5443,409.98798,387.31857,-693.2543,333.1212,349.29572,-800.9653,377.8086,429.23944,-861.16986,349.88663,415.63422,-892.43823,397.7263,503.6349,-521.6704,176.49126,378.23666,-643.26483,396.41367,706.3897,-590.9769,43.134106,547.68896,-725.2929,383.30176,873.855,-811.19073,29.294346,706.7179,-894.31036,392.0492,945.8109,-900.2417,11.174855,759.58765,-977.2694,364.16998,937.3547,-944.19055,42.890335,762.97363,-1023.5416,358.6693,911.7316,-834.7021,55.763607,747.4051,-914.18225,264.78864,682.124,43.393894,130.81468,643.8756,-43.689957,488.49185,765.8666,-428.78247,110.31931,623.7658,-685.9115,458.09323,1055.8206,-173.61665,92.56589,855.6933,-181.12009,418.645,1085.0391,-157.66856,90.14583,894.3739,-134.08691,526.1803,1182.0789,-386.76923,70.47573,924.74854,-320.65567
mid_3.jpg,biceps_mid,373.6371,391.7152,-779.1667,397.78693,369.84265,-745.27594,406.7987,374.24683,-745.4545,415.7641,378.74316,-745.7427,371.2347,355.22433,-767.7575,361.08395,348.86743,-767.8263,369.48846,324.54724,-767.93445,407.01294,377.3656,-514.5397,335.73825,312.3676,-613.75775,371.27896,418.05322,-685.1055,339.4933,400.50903,-713.9617,398.04034,501.6363,-334.3721,166.18257,376.78882,-494.7581,391.40652,680.9119,-449.92935,21.38374,535.5729,-588.0046,376.3706,802.4812,-852.7715,13.077797,709.02496,-802.1376,383.2798,863.6993,-967.9898,-22.725134,770.05,-893.4658,364.15485,844.39087,-1011.7322,30.039066,760.59076,-930.2936,347.02115,829.09094,-879.09106,47.889706,753.339,-817.8348,247.9712,692.277,65.86129,105.80643,657.9032,-66.09731,425.0227,831.43445,-413.83163,96.40192,759.8376,-154.28607,402.71097,1057.5596,-113.78564,134.76468,878.2593,571.3648,365.03467,1082.1233,-87.48619,139.36427,898.92883,641.5751,466.32523,1177.1625,-283.28534,121.52352,932.9606,556.2208
mid_30.jpg,biceps_mid,383.2609,409.20364,-1058.36,401.96768,385.58313,-1025.383,411.79495,391.55746,-1025.5942,420.3722,395.68344,-1025.9526,378.30045,369.35663,-1046.1023,369.0766,363.26645,-1046.1143,359.95547,357.34564,-1046.1942,410.56668,388.43628,-778.8772,335.14377,342.93182,-874.3718,383.4216,430.30685,-958.4206,348.17157,413.45984,-986.0671,402.6377,502.45428,-575.61487,185.77357,384.7705,-691.51544,398.20746,711.7172,-644.71063,28.881887,521.9709,-774.62756,385.94138,892.50946,-869.3828,22.239965,699.6804,-951.3263,393.54245,944.7295,-961.44885,1.6409433,745.78546,-1036.3217,372.39883,949.5116,-1003.9115,36.24351,758.9093,-1082.2472,366.82303,929.34607,-893.5466,45.96389,734.2976,-971.3473,262.91885,678.34955,41.15453,130.24542,633.40247,-41.333244,478.60977,773.7995,-477.91202,141.20898,623.8241,-728.214,442.55972,1054.868,-162.3923,118.29484,876.67834,-193.12625,405.50464,1079.9609,-141.44641,112.11211,914.16565,-143.63322,496.11194,1183.9692,-388.13806,104.10537,960.58105,-354.30423
mid_31.jpg,biceps_mid,384.81122,407.09628,-937.1539,405.38113,383.9953,-906.03546,414.60553,388.6001,-906.23175,416.19434,390.02258,-906.56195,380.56955,359.66956,-922.6433,371.56384,353.21008,-922.65796,362.65344,346.93048,-922.7812,413.42133,384.7248,-683.1366,339.47287,335.93024,-759.3381,375.0931,423.85666,-847.6221,347.6825,401.2589,-869.62384,397.3936,500.10544,-496.8158,182.13718,379.10364,-626.135,390.6,699.6451,-615.1182,24.601715,524.9586,-730.7294,387.82095,842.377,-901.3539,21.458445,700.9055,-899.25085,396.7812,887.8911,-998.94366,0.73718905,749.4306,-979.1123,379.17422,869.4964,-1034.7911,32.119022,754.7689,-1017.91547,362.22653,852.30554,-925.264,47.529354,743.3582,-916.285,257.94345,680.5484,54.584965,125.935616,638.563,-54.71034,450.5373,777.6755,-439.67654,184.22104,655.08105,-631.66003,425.9063,1038.771,-156.56673,162.3151,900.1294,-154.36821,388.47632,1064.3257,-137.69762,153.70547,934.7122,-109.647224,483.87204,1166.3789,-361.25772,152.5545,984.2109,-301.46075
mid_32.jpg,biceps_mid,371.6185,382.83484,-985.4159,405.53,363.99918,-953.6707,417.06458,372.57275,-953.8415,418.5831,374.5029,-954.18646,370.5013,347.2278,-965.85095,360.75153,340.43576,-965.9044,362.91147,318.3266,-965.9964,420.653,375.521,-737.0305,343.99768,311.72195,-793.21735,367.9595,421.63934,-900.0439,335.11823,394.09326,-916.5281,398.6274,508.67743,-555.72253,175.04825,376.21545,-665.92175,400.07513,720.8416,-660.9383,16.836655,515.3255,-782.54114,404.97327,915.2477,-875.7783,23.549215,699.6954,-950.57855,417.50278,968.45856,-961.0242,5.047928,753.67566,-1028.1288,396.3444,955.33923,-995.74646,37.030697,758.9832,-1060.8871,376.61932,933.3746,-897.6948,49.15827,743.13464,-965.6972,251.83145,688.4126,42.13582,115.23417,643.81616,-42.283005,459.10056,788.4065,-452.63785,128.77744,672.6726,-620.26074,427.21307,1043.7474,-113.852425,80.891075,886.51416,-104.93321,388.0729,1067.3027,-90.17606,72.89831,917.93335,-57.399803,471.26215,1134.2695,-302.81635,49.598904,969.807,-238.6184
mid_33.jpg,biceps_mid,381.08148,401.65744,-1036.9451,410.16904,380.8887,-1002.5823,419.15662,386.63937,-1002.7205,428.05145,392.49527,-1003.07245,385.1932,362.36475,-1019.1087,375.87463,354.34387,-1019.1772,366.6305,346.52283,-1019.2671,428.25882,397.51215,-775.75366,354.2725,316.12512,-854.1145,377.65198,429.65552,-948.0056,344.89536,405.67685,-970.9024,393.41525,519.0233,-592.6387,173.92082,375.5987,-721.7803,392.37448,741.03296,-692.8878,10.474606,509.86572,-827.31683,386.4331,915.51056,-874.7029,13.337692,703.4083,-952.6813,394.88916,967.18396,-953.94775,-14.361212,770.2505,-1025.0887,375.50696,952.42676,-985.3101,24.590353,773.2472,-1053.9781,357.49716,931.3015,-894.89996,39.330185,750.5114,-965.09985,246.56079,686.0115,52.33629,107.82616,640.7809,-52.46823,470.0196,775.45685,-496.14377,150.16676,674.33295,-718.82526,429.7182,1026.9312,-171.16817,95.44066,892.8901,-205.23431,387.98813,1049.6321,-147.90231,86.21779,922.31433,-157.01402,473.6133,1132.22,-357.37997,61.444775,979.76245,-344.0511
mid_34.jpg,biceps_mid,379.192,380.6749,-925.1828,405.69583,360.67023,-895.4998,414.44772,365.92566,-895.6671,423.13388,371.2652,-896.0093,381.15805,344.78696,-905.84094,371.94977,338.08652,-905.8745,365.5105,310.30807,-905.98145,424.62964,380.7901,-690.34015,358.21115,309.8609,-740.30945,383.64868,415.989,-844.6756,345.77008,389.29825,-859.1165,399.51846,519.09125,-531.81366,173.76926,381.41595,-636.1952,391.51312,723.143,-668.4962,24.904825,512.5625,-793.39685,406.43173,895.23627,-912.6112,23.178545,697.2913,-1014.879,417.98676,941.7882,-1001.0149,4.676324,750.5559,-1098.0172,404.70544,926.43176,-1032.8069,37.499374,754.2283,-1124.2335,385.99744,907.2028,-934.67334,47.35958,743.2268,-1029.0542,250.96635,688.7424,37.375618,119.51228,641.0192,-37.491444,458.30405,765.2363,-439.06165,145.10493,642.7886,-702.72473,403.46817,1003.95825,-147.4345,158.1429,905.5285,-223.16602,362.36682,1025.7216,-127.65561,156.35327,939.4868,-176.08344,448.11542,1103.6907,-342.40338,153.27544,992.3583,-354.66855
mid_35.jpg,biceps_mid,378.02286,399.51288,-840.78174,401.67792,380.12054,-813.677,409.72678,384.66434,-813.8235,417.73718,389.31305,-814.1565,378.68372,365.6699,-828.26965,369.8261,359.29346,-828.321,361.02002,353.08447,-828.45703,417.6513,395.16046,-627.26404,338.93152,345.35385,-694.98987,376.3124,425.31604,-766.6684,345.8867,406.32117,-786.1565,398.0302,518.9477,-479.27527,178.97067,381.99976,-612.8693,386.31128,724.635,-608.3503,20.40484,524.33624,-735.3897,401.87717,885.67676,-863.00226,24.166157,703.2831,-897.3506,415.08224,930.51996,-949.4019,8.008486,750.7227,-969.9893,402.3562,915.77216,-978.7417,39.91231,758.88824,-996.4506,383.31586,897.2458,-884.97363,50.48557,744.58563,-909.752,254.90878,678.33344,50.72212,126.47348,634.7706,-50.87544,441.9332,773.9973,-402.46594,186.94943,679.14496,-654.2466,399.00082,994.7042,-92.29908,207.07687,931.89087,-185.18935,363.63953,1011.76483,-68.95959,202.84135,956.4332,-136.99309,444.287,1110.3949,-259.99792,212.44753,1026.2372,-288.72708
mid_36.jpg,biceps_mid,390.05954,397.47217,-878.73065,414.5,376.87656,-845.7172,422.5603,381.7257,-845.8786,430.592,386.69113,-846.2058,391.12985,361.35623,-863.72784,382.02487,354.4937,-863.7863,372.9737,347.79657,-863.91724,427.63858,392.4861,-643.6628,358.89716,322.0,-727.97473,386.2646,424.8201,-800.5349,355.2947,404.29538,-824.84125,398.60275,522.4077,-488.61206,175.84917,385.44916,-646.7624,391.93365,745.40027,-590.97406,14.583364,520.0585,-755.02826,405.39044,926.8722,-796.2609,22.56154,713.6721,-879.2589,419.3077,977.4464,-878.0663,-1.238172,760.96643,-950.2791,401.49905,964.13354,-908.2865,32.862587,763.17773,-981.5359,381.52832,943.40344,-817.8332,48.364243,751.74347,-893.33167,248.08835,687.31134,60.208454,115.80099,646.99426,-60.43006,471.5063,766.9037,-390.98325,195.9899,688.04175,-666.6524,415.36917,1006.52026,-89.96777,191.4293,930.52216,-169.45786,376.0557,1027.1727,-68.085205,183.91298,955.16974,-119.69068,472.27457,1131.2795,-261.27365,189.63211,1024.6428,-271.50378
mid_37.jpg,biceps_mid,390.0588,393.96817,-716.30524,413.75693,375.91006,-687.01794,421.64627,380.86703,-687.1748,429.50925,385.90866,-687.44904,391.19272,360.6084,-703.3161,382.3578,353.87012,-703.3848,373.57864,347.30737,-703.52875,426.15186,392.52728,-498.24918,357.2177,328.4189,-573.4972,385.83728,420.59546,-642.79895,355.30566,399.86505,-664.57117,399.93048,519.5233,-351.78107,180.36954,384.2315,-514.03357,390.54865,710.0537,-479.47513,17.859564,517.228,-601.7324,417.0918,854.2099,-764.869,19.00211,705.0251,-726.1084,432.4655,895.5557,-849.67737,0.1931727,758.36237,-792.5298,421.2473,877.9886,-878.4787,33.45997,764.1128,-824.5004,400.91312,861.3693,-786.74615,44.493515,746.6291,-739.0338,243.43993,682.2098,62.99538,114.895424,648.8211,-63.0983,452.3803,742.63586,-330.03458,224.01672,676.4279,-638.53815,413.43646,995.6172,-101.784164,258.13757,958.6913,-225.66664,376.10635,1018.3135,-84.705475,250.10329,985.28326,-179.49431,448.81064,1102.0842,-260.89218,282.5799,1063.3702,-307.81287
mid_38.jpg,biceps_mid,387.9324,403.46063,-766.07837,413.77988,385.5542,-741.51697,422.2404,390.72372,-741.665,430.6531,395.99716,-741.95306,389.66614,368.8521,-757.7002,380.5689,361.60822,-757.78687,371.55264,354.55237,-757.92737,430.08948,400.01538,-565.3829,348.3937,343.1811,-638.4623,384.271,428.5426,-694.9573,353.34598,406.97574,-716.2773,402.4367,520.70776,-409.67798,180.10664,383.68436,-550.79254,397.10657,700.8235,-531.4517,14.451035,518.91077,-631.8731,404.3521,815.2703,-815.05115,17.212605,702.2783,-758.119,414.66238,848.0679,-899.8151,-1.5046227,747.16296,-819.80505,405.86008,825.50024,-915.6539,31.380999,750.83704,-847.8455,388.30597,812.7267,-830.9366,41.556805,737.6448,-769.1555,247.18391,682.61224,57.68823,112.4326,643.0803,-57.914745,467.55646,760.59686,-319.27863,207.79266,694.12994,-501.55502,419.52542,1001.47754,-68.42884,209.2174,940.29877,-97.733734,385.32944,1019.901,-48.605553,202.70377,962.6868,-56.20069,464.03632,1129.9539,-216.15454,209.52888,1041.4517,-189.10544
mid_39.jpg,biceps_mid,378.6494,354.94205,-831.96313,405.03912,353.25385,-801.53064,413.70856,358.56653,-801.71497,422.3278,363.97342,-802.078,382.215,313.01132,-805.83044,372.94852,304.8949,-805.8973,371.89767,303.4864,-806.03687,426.4032,379.82068,-632.04083,358.86353,317.32013,-652.7445,374.87878,405.69006,-768.37964,344.34735,385.9287,-774.5507,396.16013,531.64636,-505.35388,180.41293,387.0737,-588.6169,391.52295,747.1582,-628.7123,20.826334,520.0424,-710.1482,408.10132,948.1041,-835.68945,22.69961,704.4742,-865.0803,415.97363,979.5667,-916.9864,-1.8183017,751.302,-937.8056,401.24182,966.26355,-942.6175,30.173992,759.69965,-960.01404,396.1087,984.1559,-854.5278,41.281494,742.95544,-876.95636,244.58377,686.6674,31.170187,113.66003,640.7702,-31.532095,430.02783,784.1929,-442.7819,98.481705,688.3827,-586.8587,423.82083,1007.51685,-29.972328,48.12232,863.67316,-29.408903,395.4634,1029.2418,4.092595,42.606377,884.3058,25.323584,480.03156,1126.7217,-178.02048,23.488169,942.9611,-134.7271
mid_4.jpg,biceps_mid,380.3453,357.2015,-733.821,396.5141,346.71643,-702.70355,404.69797,351.8446,-702.9001,412.84033,357.04666,-703.171,373.3956,331.52817,-723.01514,363.75397,324.7666,-723.0309,366.28485,301.5714,-723.2247,407.81183,364.50702,-512.85187,347.53253,292.5528,-598.8731,373.0079,405.5014,-659.1632,336.45822,374.76642,-683.8359,389.65936,490.22568,-384.03555,172.92657,366.81183,-517.6362,373.34222,629.58655,-626.7445,17.620312,504.0689,-656.7191,367.22107,746.92236,-1138.8925,6.065301,691.0759,-834.3778,379.81763,799.05096,-1258.7115,-35.32173,744.8035,-907.8571,367.53845,774.3295,-1286.5277,26.571959,749.5044,-928.6913,349.09424,764.2494,-1163.7726,36.95352,735.78925,-843.04565,212.2892,682.03503,40.377014,101.6801,623.89124,-40.572124,269.1132,837.07336,-128.49174,105.73797,730.6298,-57.010925,202.53445,915.77246,395.95413,48.2893,839.1444,432.2874,181.92186,913.0996,440.80954,43.123257,855.1012,475.21667,192.71579,1004.8108,312.34216,-2.8180146,907.6847,360.8409
mid_40.jpg,biceps_mid,400.8717,393.48358,-591.4379,417.51044,375.8655,-560.312,423.31705,379.26904,-560.45636,429.11655,382.78418,-560.7202,399.15115,364.1477,-585.91785,391.43112,358.6399,-585.95746,383.73975,353.26816,-586.1174,419.55707,385.70184,-369.96313,357.42548,345.85474,-486.1585,393.28824,415.66205,-517.3562,368.64066,400.03754,-550.65564,394.72873,513.51294,-245.40219,201.30507,396.4414,-444.1636,382.6084,687.28674,-451.82275,48.186646,555.87976,-575.97375,405.62836,758.50964,-849.01337,27.863773,698.9973,-737.11694,411.67093,805.94543,-954.90466,6.737087,745.9185,-810.4393,402.0486,784.4757,-960.4176,38.571484,751.5643,-843.048,385.89783,775.1874,-865.7057,53.22423,739.3259,-751.2901,249.22751,676.2881,72.64934,140.62135,644.90027,-72.80449,435.61865,766.0156,-290.2133,267.99878,689.37024,-595.2674,425.86176,1008.5975,-51.26688,321.57907,969.77106,-148.57964,398.35275,1032.6936,-34.17574,315.46753,994.8185,-99.35681,468.34598,1112.9904,-232.76137,357.3988,1075.9026,-234.10533
mid_41.jpg,biceps_mid,380.2314,403.70468,-880.01404,399.72415,386.11832,-854.05975,406.6174,390.15393,-854.18494,413.5083,394.3203,-854.4817,378.94095,373.0452,-873.60065,370.69254,367.30237,-873.6406,362.4681,361.72336,-873.77246,409.31317,399.38806,-661.4893,338.59866,354.82785,-751.19867,375.75748,427.85294,-802.64764,348.67255,411.09286,-828.32904,392.75232,513.31946,-502.4544,163.02193,395.24246,-655.1706,391.58157,700.93494,-680.52704,16.615427,520.6121,-801.21796,400.50308,833.58594,-1014.49506,22.74598,696.62146,-961.94476,410.64517,872.4832,-1114.116,9.258192,744.07715,-1038.4071,395.5616,854.49805,-1135.8557,40.59575,746.65967,-1064.401,379.32297,841.0974,-1035.2561,49.89973,732.9938,-973.59827,251.44795,680.0955,64.11554,127.73806,645.9252,-64.25352,427.5012,779.28766,-343.68478,228.87534,688.62915,-651.461,429.62402,1022.6291,-94.74036,243.46825,957.6431,-185.4621,399.1319,1047.3998,-80.394196,233.44464,985.2166,-139.56969,486.0307,1130.7626,-294.7661,263.45297,1053.9556,-303.44287
mid_42.jpg,biceps_mid,316.13953,251.42442,-472.51096,338.26785,219.76807,-469.59827,350.3191,218.88863,-469.77435,360.15332,218.66066,-470.18707,303.17688,221.87126,-456.09827,294.70578,221.6239,-456.11774,286.5598,221.56834,-456.353,380.17035,228.78009,-372.00067,280.88116,232.53355,-303.7679,339.75983,276.55698,-428.6719,299.94482,277.08694,-409.72034,476.61563,367.69992,-303.61877,218.68575,361.86642,-180.45363,574.0774,546.6472,-244.30847,174.57379,530.51587,-14.455107,580.11847,739.0024,-242.08556,160.91808,687.98456,21.415068,598.6155,792.65106,-246.0172,144.18987,733.6726,39.10371,576.2383,795.68646,-282.3716,155.73917,730.881,0.6230796,568.9348,778.1348,-250.73572,170.05814,721.02167,9.998689,408.69507,681.4592,-25.143387,260.65192,676.2782,24.559288,408.3839,940.1811,-204.99623,245.97862,938.29517,-98.39656,416.96622,1058.6279,287.2599,266.63272,1071.2433,273.5747,429.265,1094.3873,330.72003,291.93176,1113.6086,305.55145,435.44385,1193.9154,207.61407,261.95966,1204.8326,161.21223
mid_43.jpg,biceps_mid,324.66147,256.2652,-498.1254,345.17056,227.7349,-495.26285,357.09207,226.53444,-495.43665,367.15576,226.00133,-495.84525,311.083,229.21332,-481.53836,302.59232,228.47339,-481.5627,294.73114,228.22922,-481.77594,386.29562,233.64772,-387.99854,288.39813,237.88304,-319.10855,348.04315,281.33154,-449.3253,308.18097,280.8423,-430.0578,482.74124,381.48776,-294.6027,223.72562,362.6104,-182.0451,580.7824,551.28815,-229.06589,177.46895,525.9826,22.363077,614.5495,732.3536,-246.59402,162.18852,683.55457,89.97448,631.31793,779.2658,-249.98926,149.4284,721.8477,112.54139,615.18066,780.8414,-288.56506,160.78584,722.3542,77.42133,596.1799,763.55963,-257.07837,169.55908,707.26227,81.20393,409.2689,696.9886,-22.625908,260.32248,684.86163,22.20093,417.8747,959.70667,-179.93338,244.95354,947.4489,-90.06082,429.51822,1107.691,297.98825,265.9687,1097.9028,288.71802,428.551,1119.7607,338.98135,279.76337,1138.393,320.58804,435.19608,1212.7323,193.4147,249.7363,1227.4016,154.09932
mid_44.jpg,biceps_mid,334.63333,259.89453,-490.84204,355.23273,231.95082,-490.14505,366.7945,230.92136,-490.3291,376.61398,230.25626,-490.7284,321.73874,232.42499,-477.10583,313.31708,231.68271,-477.0969,305.46732,231.18268,-477.29114,393.80685,237.04324,-384.41068,299.27188,239.26166,-316.20667,355.94675,285.78214,-441.54105,317.83313,284.02783,-422.40216,482.97626,387.12897,-277.80557,231.1314,361.11887,-188.05696,585.5182,545.66046,-251.37633,177.71657,527.43524,-27.010914,635.55994,685.11365,-335.6318,158.00641,687.4397,-4.2846556,654.2384,721.9607,-343.07422,145.06012,729.0342,10.980036,645.0246,721.1101,-378.83804,157.03308,723.9371,-24.247547,624.8582,708.86255,-346.6282,169.59906,708.3643,-13.673332,406.36777,694.2393,-22.201025,258.15738,677.5635,21.758709,403.94128,942.94055,-157.52904,245.68193,943.3638,-99.69536,406.50574,1068.1448,310.677,265.0246,1106.8727,305.3633,415.11432,1115.2926,349.62268,279.38342,1120.4896,340.61395,412.40192,1204.33,192.10219,257.2975,1211.3191,180.95229
mid_45.jpg,biceps_mid,339.61377,263.15097,-458.3062,359.84302,235.26584,-456.84888,370.79404,234.4162,-457.05704,379.97125,234.0178,-457.43317,327.24,235.66997,-446.45496,318.70398,234.78136,-446.4209,310.93634,234.2583,-446.60587,397.05814,239.8029,-354.28143,304.27036,240.38812,-298.12158,359.70627,288.069,-410.62296,322.4231,285.99796,-394.90656,484.54974,384.22177,-252.56842,232.73628,359.32224,-180.656,580.2886,537.4225,-215.94905,176.65279,519.77234,-21.964706,644.56213,686.56805,-294.84518,155.64551,686.0276,-3.4079075,667.0444,724.0829,-303.29987,141.27797,724.9954,10.079709,658.37744,723.97144,-344.2736,154.05959,726.4772,-29.569,636.1466,711.7239,-308.35275,167.59003,710.4586,-14.69558,404.99564,688.6876,-19.12685,259.1091,674.1892,18.892643,390.69757,937.142,-142.14728,243.59128,933.9775,-41.246086,404.10864,1074.4404,264.3225,267.465,1070.8619,325.69272,406.43536,1111.6545,295.2385,280.53665,1108.9435,355.5256,402.41275,1197.0363,128.94012,256.84235,1193.5854,193.08145
mid_46.jpg,biceps_mid,340.9151,259.92636,-467.86356,362.19904,231.99371,-467.91504,373.93362,231.07672,-468.0952,383.84607,230.54497,-468.4772,328.56537,232.43462,-454.305,320.04263,231.65535,-454.27545,312.26294,231.09175,-454.48566,401.649,236.24365,-361.32153,306.9363,237.7523,-291.7932,363.27606,285.1987,-417.93512,324.11884,283.26657,-398.10016,498.22742,378.40506,-249.55609,239.32169,357.97144,-178.92465,585.43835,538.02826,-211.18936,174.44398,526.15955,-36.569542,586.23737,697.0422,-302.79276,156.8164,690.30133,-37.804066,602.97595,741.3784,-320.38632,141.87952,730.9828,-31.704395,601.3949,742.4764,-354.19565,155.28467,732.2442,-70.64542,583.3248,726.8763,-314.50003,169.94365,715.9103,-49.843597,412.0884,687.9223,-10.862826,259.0824,670.0975,10.664792,395.5507,935.58057,-135.6535,249.37231,939.258,-64.999344,400.2778,1065.7108,271.41946,272.16458,1100.4238,287.98596,390.8988,1074.0072,303.55612,285.16995,1115.5281,317.30316,413.7795,1197.7051,140.98294,267.13263,1205.1342,141.5637
mid_47.jpg,biceps_mid,344.89175,258.00107,-304.83066,365.77014,227.83713,-302.5576,376.9956,226.57906,-302.77997,385.9797,225.77133,-303.07883,329.61328,229.82558,-292.0714,321.11783,229.72592,-291.92328,313.0639,230.06778,-292.09973,405.26633,232.1755,-204.50253,306.8039,240.1604,-148.08025,368.5475,281.6964,-259.66547,326.99377,282.48383,-243.65146,488.08304,358.9895,-120.3842,243.4206,352.337,-59.451763,574.01465,491.88562,-207.73558,181.2533,510.79416,2.9055607,602.75323,604.10175,-461.3277,156.38208,664.2068,-93.298706,619.97314,637.3158,-495.29126,135.74577,708.34393,-99.75648,606.5471,625.43756,-525.76105,155.54309,701.3515,-135.78801,588.26227,616.76587,-473.78,169.22627,691.2991,-105.74648,415.67957,661.1187,-1.2962617,267.6008,660.6819,1.226309,412.00305,902.7157,-159.43849,256.70505,913.9848,-109.4086,414.7839,1051.8981,221.83138,282.60815,1072.858,233.58525,409.26672,1087.9362,250.4006,299.28107,1089.9677,260.0342,417.77997,1176.3502,98.53569,277.55338,1174.2142,104.68311
mid_48.jpg,biceps_mid,351.92017,263.46237,-228.99161,371.2262,235.34543,-224.52264,381.43314,234.8497,-224.75525,390.3264,234.77946,-225.08757,338.77594,236.18861,-221.71689,328.47476,235.76369,-221.62195,320.40652,235.32352,-221.93517,407.96808,238.9782,-111.964195,311.04602,237.60556,-90.04968,373.13412,287.79086,-177.1565,332.90576,287.9743,-171.63321,488.60486,349.65002,-20.574293,243.04605,347.27057,-19.838037,561.38354,476.50613,-192.7366,176.39226,515.9923,39.287685,589.06067,483.39313,-509.2518,156.13863,680.1111,-5.235693,596.1199,484.7387,-547.8494,136.42259,722.08185,0.005481618,594.36304,462.04205,-550.24396,150.61342,719.2188,-38.752075,579.8953,465.7975,-515.2321,165.87599,707.7561,-16.486065,425.46735,674.66846,-7.50718,273.6649,673.87396,7.439107,414.66608,909.1974,-169.15862,268.3417,939.6139,-42.23042,414.4716,1067.3264,134.65991,283.99368,1106.2219,216.24606,412.28784,1123.4337,155.9019,297.86108,1129.4327,236.21869,406.34354,1211.4984,-3.1093175,269.983,1202.4592,84.599144
mid_49.jpg,biceps_mid,355.58963,266.87115,-260.5261,376.17792,238.28339,-259.78293,386.26517,237.226,-259.9769,394.70538,236.69533,-260.31033,341.7207,239.415,-255.75397,331.3508,238.1546,-255.60915,323.27426,237.34203,-255.88829,411.82812,240.05751,-147.48834,313.74777,242.81795,-118.93998,375.06946,291.18304,-206.71571,336.55106,291.0841,-199.19974,491.16315,351.08627,-56.576546,242.9631,352.67197,-32.53031,561.5859,473.3062,-213.68767,177.82867,517.77606,-10.813246,550.7803,498.31534,-515.6567,156.61185,671.1583,-111.43187,549.5662,509.17508,-556.1871,131.90616,709.35254,-117.416245,544.64325,485.51837,-554.4162,150.34178,708.4661,-153.61806,534.18524,485.83963,-518.8009,166.60405,691.49146,-123.281204,426.9756,672.55347,-13.142566,281.3459,673.9454,12.9101715,430.3518,923.85156,-239.2922,264.45334,935.5056,-166.05005,421.48254,1072.5353,134.7803,286.75845,1071.996,183.56374,425.77975,1125.8156,163.63199,304.26978,1120.5171,214.19836,415.35892,1223.0864,5.8645487,273.9314,1206.9773,79.92547
mid_5.jpg,biceps_mid,384.2746,401.66052,-702.0717,410.95593,377.96463,-663.635,419.35608,383.0957,-663.8937,421.53265,384.8645,-664.18274,394.42258,359.61157,-698.13196,377.3247,351.8656,-698.29913,369.1398,344.2577,-698.59015,413.54507,379.3603,-432.86725,346.44498,315.98242,-584.6558,369.13147,422.3742,-610.9418,337.50467,398.7552,-654.7988,380.7481,488.41827,-223.8872,168.23459,368.71524,-508.54803,361.01172,636.8006,-317.58865,12.965273,517.2974,-567.6552,380.9968,744.8937,-677.26135,18.90083,695.07996,-660.86475,390.31952,781.70264,-761.42334,-4.565356,748.6103,-722.43964,385.59137,763.87805,-802.006,33.963913,756.63196,-755.36145,370.62515,752.39087,-704.70074,46.522507,741.48285,-670.67993,205.08333,672.3566,92.54779,81.972946,629.63513,-92.80602,318.50906,811.5048,-242.08505,106.38223,763.9563,-380.00333,307.86023,972.5769,47.359962,-2.6366222,842.71045,61.364105,284.4143,988.43353,72.02708,-25.0724,846.00256,104.17297,347.03824,1059.719,-67.78753,-37.261078,901.1127,-0.47529268
mid_50.jpg,biceps_mid,357.76614,271.31195,-279.83,377.90076,241.86768,-277.0338,388.35776,241.28358,-277.25134,397.22137,241.0127,-277.5855,343.9286,243.12363,-272.9027,333.36304,242.68805,-272.8496,324.8459,242.12723,-273.1089,413.63007,244.43236,-167.6322,315.39172,243.4529,-145.14252,378.43393,295.83698,-229.97397,338.65848,296.1249,-224.35078,489.09454,361.83603,-77.68882,245.14944,352.98334,-48.64646,545.8809,536.6539,-229.26604,171.2939,522.13904,41.492455,540.64105,440.4146,-468.1898,155.9658,676.7551,11.323854,530.3994,446.17957,-498.66663,136.27242,724.3864,24.179976,538.77374,419.38956,-473.7132,148.20377,720.39545,-12.538934,526.8152,428.99652,-460.18298,164.03484,707.891,-0.5731769,422.24106,693.93335,2.2308369,275.09497,692.51227,-2.273524,438.05768,941.2831,-102.466995,270.5463,951.5824,-4.809695,430.98172,1084.1793,228.67502,292.80942,1077.1168,304.59332,418.90692,1088.8304,253.69125,299.95337,1118.1199,330.79785,452.11496,1223.7615,109.34047,278.56516,1199.2404,192.96626
mid_51.jpg,biceps_mid,359.973,272.39517,-322.05646,380.94083,244.77237,-323.53696,391.54605,243.64067,-323.74728,400.21503,242.784,-324.0667,347.02963,245.27203,-316.58194,336.87073,244.1082,-316.57822,328.89655,243.07753,-316.8458,417.2252,244.57314,-220.86057,318.87723,245.40987,-186.63191,378.8223,296.9314,-273.22128,341.32584,296.53378,-264.34644,491.6969,364.83893,-117.6814,242.78316,351.60526,-83.66148,517.7276,543.9995,-270.53928,171.06474,522.54736,8.167587,520.7796,473.0602,-507.9841,147.3628,676.90216,-10.223302,515.533,452.8402,-533.9641,126.23819,717.77765,8.3826065,529.559,428.9176,-513.62537,139.3713,719.88824,-27.105413,516.43585,437.42792,-501.71667,156.29124,702.3841,-20.890806,422.8603,673.98035,7.1348634,278.44217,680.0352,-7.3450856,441.21658,929.8904,-98.47119,276.7009,937.3766,-40.388817,429.26834,1073.6681,271.04813,291.74002,1065.6042,252.14842,417.36063,1077.3254,300.1448,303.521,1100.6654,276.0669,453.43256,1194.9686,161.47864,283.84222,1182.733,128.08221
mid_52.jpg,biceps_mid,355.21222,275.93158,-266.964,377.9218,247.46832,-267.64655,388.58945,246.41447,-267.81873,397.50302,245.85133,-268.0576,342.28253,248.06612,-264.31342,332.08084,246.4464,-264.23962,323.93796,244.79906,-264.47797,414.5811,248.1907,-166.27847,315.6002,245.93045,-146.32104,376.40024,298.60953,-219.51228,336.0809,298.2297,-214.44852,484.5477,363.2694,-68.473114,241.25294,351.6889,-73.376335,542.869,488.5766,-208.58932,172.27931,521.4956,-15.922904,539.4028,468.98108,-457.0143,156.03731,676.27124,-57.024433,538.2611,467.22134,-486.66833,136.47404,724.2602,-54.32724,536.2743,449.19974,-475.5505,156.13264,718.88306,-87.586815,523.44073,453.61078,-455.894,170.20322,707.0953,-66.216606,422.8103,679.1535,10.08472,274.84375,682.5981,-10.057805,433.25357,929.9251,-134.43283,275.2544,926.2071,-32.652256,430.32935,1071.8124,184.93822,287.44995,1056.1808,248.23975,411.75513,1076.8052,206.3539,296.49042,1097.3557,269.0593,454.3968,1201.5237,61.86787,276.14474,1174.6262,121.69068
mid_53.jpg,biceps_mid,352.2306,282.4231,-241.38376,374.85815,254.23878,-242.77512,386.25064,252.75856,-243.0114,395.80795,251.60303,-243.34682,340.70642,254.52563,-242.97404,331.6783,252.9381,-242.86443,323.7329,251.50244,-243.17728,411.37784,252.96507,-142.07063,315.4774,252.37663,-138.87325,373.28613,306.5518,-193.51596,334.8595,303.4687,-193.20442,476.52344,360.46713,-50.32863,241.60654,352.4821,-75.087296,516.0198,501.64197,-209.38417,172.88069,518.23737,-56.765995,504.11115,485.87613,-499.2148,157.2016,669.2309,-118.976585,497.91714,487.78763,-541.48425,138.53033,716.4593,-123.27553,500.1973,464.5967,-528.5462,159.30598,710.4926,-154.73616,489.7666,467.24878,-499.5336,173.31345,692.66876,-129.27771,422.52567,663.03864,11.247922,275.818,669.51733,-11.473549,438.93552,907.66656,-148.8359,267.99796,928.6903,-130.3682,429.93427,1060.1372,138.45752,292.83838,1059.7747,166.69882,425.0871,1100.3522,159.07854,304.07892,1074.3535,192.65837,449.1755,1193.8135,36.869804,285.875,1159.1841,84.11782
mid_54.jpg,biceps_mid,350.70355,280.7981,-242.76216,373.12128,252.84917,-241.4516,384.01587,251.67654,-241.61589,392.8945,250.66968,-241.8634,340.05197,251.93645,-243.88882,331.38196,249.98224,-243.76227,323.3322,248.06934,-243.99692,407.9875,253.56107,-136.68108,315.42703,251.58199,-145.72261,369.64197,304.1907,-194.05138,332.84824,301.33148,-197.17218,464.20544,356.26413,-41.573524,240.72714,355.28192,-79.65485,525.22565,468.86,-196.51927,172.60596,517.9298,-45.537193,530.1609,446.8067,-474.12973,151.92897,672.27094,-96.955475,531.37,446.10718,-509.9856,132.81609,717.4258,-99.61384,530.2343,428.71503,-500.50443,154.42715,713.7648,-130.02528,517.3384,433.11215,-475.36703,165.83124,696.2899,-105.56166,415.83453,661.0076,8.688593,273.02603,668.4066,-8.981729,424.13776,907.6954,-154.63359,259.53683,911.20557,-156.4535,430.47363,1082.2264,147.66345,288.11813,1048.9401,169.41508,420.06274,1100.7382,169.26555,304.24896,1064.3981,197.1071,445.06842,1188.2831,53.78676,275.9237,1145.9335,96.530396
mid_55.jpg,biceps_mid,348.55618,277.78635,-268.7234,371.1565,248.01099,-266.54022,382.75522,246.3987,-266.7255,392.3663,245.14748,-266.9717,337.17487,248.38048,-264.73712,328.79904,246.97322,-264.64432,320.9908,245.70015,-264.90436,409.2433,248.34238,-158.20857,315.40082,249.2612,-146.95903,368.96408,300.7948,-218.8306,331.19205,298.05896,-216.29149,472.94263,361.2165,-60.065926,242.54308,352.15417,-77.597435,526.1135,487.45782,-252.51399,175.8532,522.75073,-41.684025,522.8101,441.75748,-551.83636,152.73836,681.12305,-83.22721,520.7566,433.6413,-591.20056,131.24033,729.33777,-80.03459,521.86,413.99106,-574.19073,150.24872,730.50415,-111.888985,509.52567,421.13678,-549.8267,165.86047,712.9245,-92.05456,414.01523,673.79156,12.75162,268.9958,676.17676,-12.914007,426.09714,922.2511,-132.57803,261.64975,929.4699,-85.36655,436.99344,1091.5542,208.70804,277.36285,1066.9346,208.28673,427.662,1109.9371,233.76688,286.94,1096.4967,231.28313,454.6704,1194.5504,96.14013,264.51294,1173.8209,83.161835
mid_56.jpg,biceps_mid,342.1456,273.8321,-292.60806,364.34393,243.4433,-298.26282,375.8816,242.31248,-298.40524,385.76,241.53058,-298.65573,331.03442,244.09337,-286.67413,322.18933,242.9454,-286.55835,314.80215,241.6367,-286.85675,405.69165,243.84644,-208.56577,311.63992,242.78142,-149.93042,364.7179,296.70737,-248.34616,326.95654,296.4271,-232.17914,488.54565,361.71982,-98.19888,244.6746,350.55975,-73.13574,527.7168,504.0715,-274.51114,172.39235,522.4469,-32.233654,498.06577,457.6412,-541.4832,154.08315,689.6315,-72.68309,489.72916,449.181,-576.1265,135.56557,736.7876,-69.89387,490.92422,428.30243,-552.8044,154.31618,734.8324,-98.86398,480.77072,434.72412,-535.1036,167.50392,722.0824,-81.061195,424.1798,684.41797,9.427775,271.6459,681.6503,-9.6164665,429.53482,949.7543,-136.43042,265.51837,943.9989,-87.86349,429.82608,1084.4448,177.8941,282.6092,1076.6251,221.61157,420.36096,1090.8528,199.38838,285.8402,1118.3842,246.46683,453.78317,1230.4882,46.32847,260.92383,1200.077,98.11793
mid_57.jpg,biceps_mid,331.5042,255.9024,-262.11548,354.86218,225.12593,-261.1725,367.06894,225.01671,-261.37585,377.57828,225.18715,-261.70688,322.37366,224.50917,-250.6572,313.98746,223.55371,-250.54353,306.2983,223.11732,-250.82103,395.9625,235.11955,-166.81679,301.77548,233.68828,-113.17771,352.9995,283.446,-218.74481,315.63605,280.85587,-204.01997,485.15576,359.7272,-76.64081,237.03482,352.3619,-27.98331,537.0515,524.7353,-188.01971,176.93643,520.5127,72.641685,498.39203,503.16666,-411.84894,157.2681,672.5526,32.899605,481.65402,501.97653,-440.03223,140.31276,711.9916,39.39319,485.26456,473.0758,-420.1773,151.13588,712.173,9.021727,479.01773,475.19836,-403.9677,167.10843,695.03564,23.69505,412.59515,669.4549,-2.0585046,265.14206,670.0232,1.707535,426.24802,925.83386,-174.35905,255.26773,933.72253,-166.33784,429.0854,1057.963,201.89569,283.20166,1053.5399,249.89261,414.49982,1062.6273,233.5397,298.64758,1063.6108,289.6444,444.36584,1192.4623,113.06459,276.71164,1153.4343,196.39325
mid_58.jpg,biceps_mid,330.18784,255.16196,-254.66512,351.8292,226.59305,-249.43552,362.96313,225.53021,-249.62482,372.5549,224.932,-249.92735,320.03568,228.32475,-242.24153,311.9472,228.01157,-242.12785,304.36676,227.98814,-242.36223,389.54376,233.42972,-140.6518,298.9137,238.62012,-98.43995,351.8932,280.2506,-206.02034,314.7317,280.61337,-194.72768,470.7927,351.03604,-49.233772,234.6016,352.0094,-30.841225,559.9093,484.65503,-271.7266,173.46758,515.5413,25.09084,565.7015,462.09195,-615.99133,157.2475,680.0921,-15.24352,558.3047,466.52527,-656.5842,143.23291,720.1531,-8.115165,534.3297,437.18625,-646.05225,159.51094,722.1462,-41.970314,532.1932,437.93768,-614.55817,175.48131,705.13855,-24.42365,410.42484,671.30286,6.455271,265.71167,674.28204,-6.630013,422.5538,931.81104,-184.45987,262.1596,933.0475,-80.105354,428.06146,1057.919,227.45775,287.2236,1064.8246,291.99033,428.08817,1094.4191,261.70276,300.60416,1080.4568,325.4569,454.0477,1186.2123,124.43907,281.52722,1163.2865,199.77722
mid_59.jpg,biceps_mid,323.66553,259.6055,-304.15775,344.9893,229.03268,-303.67145,356.60117,228.2876,-303.94373,366.70578,227.66116,-304.3385,314.08362,229.99174,-292.8793,306.3027,229.69754,-292.8375,298.9777,229.6882,-293.13086,385.13535,235.40993,-206.8123,295.82922,239.03712,-146.02765,344.5756,285.02185,-258.6886,309.09988,284.264,-241.8446,478.74637,360.1045,-99.8501,230.33072,353.64383,-67.42698,577.96857,490.70554,-222.12755,174.32303,519.9516,17.003904,588.1951,503.63834,-472.3666,153.82799,673.8652,-21.038994,602.5099,524.64026,-494.95206,137.88562,717.19525,-9.703358,603.8039,505.16342,-501.04474,149.9513,710.12494,-41.378834,589.44385,505.8813,-475.7148,164.76167,701.10767,-29.54798,414.65298,669.5547,-0.82135355,264.3673,668.0541,0.6106746,416.9725,913.1062,-172.13667,260.63168,929.4,-108.98614,436.27252,1064.559,291.09055,292.60632,1050.9177,302.47708,430.8979,1077.566,330.70932,306.9427,1062.9435,339.9163,447.43976,1170.1863,197.15697,286.46906,1153.2233,214.34158
mid_6.jpg,biceps_mid,389.9477,407.03406,-923.64813,413.53937,381.8687,-888.4154,421.48795,386.4148,-888.6726,427.60138,389.83994,-888.9746,397.59598,367.20166,-920.3308,386.4858,355.03058,-920.45294,366.86002,342.897,-920.57214,417.54904,387.639,-641.44,338.56546,323.6278,-782.79675,378.90463,425.74713,-824.6067,347.2241,408.54984,-865.6559,391.4361,472.9851,-397.73108,171.32274,370.36383,-660.33417,390.6643,644.94324,-553.74005,4.5482435,512.4176,-723.7,401.55237,717.6621,-951.7744,24.885536,691.605,-834.68274,407.65646,746.7514,-1044.0115,13.078494,740.65564,-905.71875,403.8357,727.41077,-1065.9668,50.34926,746.8053,-936.2513,387.93018,718.11597,-971.4981,58.451904,736.9024,-844.61017,244.36292,635.0414,101.448784,97.17865,617.71716,-101.69439,409.4666,778.3682,-183.52269,184.53033,745.41925,-455.6758,433.00513,1023.92017,-75.83233,54.076103,859.76044,-39.202465,402.1484,1054.9938,-71.631546,25.941565,867.74506,1.4489058,506.8755,1131.9995,-250.39993,32.452507,933.05066,-137.57523
mid_60.jpg,biceps_mid,315.33926,260.9647,-311.97083,336.8482,229.62428,-312.25278,349.03595,229.14479,-312.47144,359.404,229.00204,-312.76706,306.21146,230.45659,-299.7796,298.62607,230.33853,-299.6162,291.64664,230.46805,-299.79504,379.8813,236.32619,-226.92487,290.1368,240.76431,-160.6862,336.7424,285.9158,-271.65344,302.33688,286.65582,-252.57956,474.02667,364.1569,-125.355286,227.01602,360.7038,-90.21976,574.4482,482.36343,-204.7039,176.56705,519.31195,-23.228716,595.32886,571.2477,-448.2303,151.81473,675.9081,-93.56331,607.231,611.0575,-482.34576,134.4668,718.5789,-102.25074,610.6347,607.06195,-512.0753,145.12881,711.0456,-139.08925,591.9613,599.9217,-460.95984,161.18265,695.4754,-106.474174,408.1931,656.2173,5.18487,261.383,655.60785,-5.157179,408.578,893.34436,-125.20357,255.41498,888.45966,-52.396957,419.1106,1051.4338,247.31429,272.9473,1044.0769,272.52524,412.48154,1068.0037,275.30255,288.05154,1061.615,297.42056,432.8319,1150.6655,134.24129,265.14517,1144.9088,147.55415
mid_61.jpg,biceps_mid,306.1253,265.29184,-377.87048,328.08807,233.02182,-381.35678,340.87756,232.04149,-381.5504,351.4221,231.57559,-381.86557,296.3894,234.16827,-364.12265,288.57724,233.3678,-364.0282,281.46613,232.59956,-364.23184,373.79367,238.3973,-302.67212,280.6517,240.60097,-215.18488,328.84143,289.21527,-339.83282,293.38388,290.65765,-314.8647,473.95898,370.5651,-199.37125,221.38576,361.56198,-121.9176,573.3826,502.49615,-243.99821,170.17894,518.8489,2.233586,581.0556,623.7392,-424.44113,152.23578,675.2954,-16.389584,595.00134,658.8974,-446.0413,144.1332,717.2256,-9.640976,584.2182,643.9617,-474.4531,151.65083,707.2578,-40.09269,567.7991,633.43164,-433.90256,163.37047,693.60986,-24.682796,408.53732,669.09467,-2.0519717,259.45584,660.296,1.8388911,403.83188,904.5782,-172.35632,255.45177,918.18115,-102.93347,422.5645,1060.7588,242.73889,285.65887,1054.1042,291.65247,417.5202,1074.9684,275.96924,304.59085,1070.0321,323.12598,438.67114,1165.9264,143.59958,274.1161,1151.5732,181.38737
mid_62.jpg,biceps_mid,300.29755,260.41388,-403.03705,323.337,228.25008,-402.17728,335.93808,226.92209,-402.3966,346.19562,226.26944,-402.68887,290.23843,231.57114,-385.77695,282.16043,231.68515,-385.7473,275.06195,231.85107,-385.96152,367.0772,235.37546,-321.3284,273.03305,241.08203,-239.37999,323.89316,285.24353,-366.96347,287.60605,287.7364,-343.6396,470.07544,373.59958,-237.74509,213.01622,365.95135,-141.38661,577.47815,518.04083,-215.8646,170.35316,526.7034,1.0249001,576.85205,667.56024,-287.00745,156.89711,675.63965,-9.067234,585.02637,706.8865,-299.98743,144.0236,716.4373,0.9881125,565.4385,705.49066,-326.7943,154.27089,713.55884,-33.39925,558.7984,697.68524,-293.463,167.70198,704.73236,-19.93649,404.64844,672.1127,-12.184239,258.90793,666.5425,12.106416,398.6227,901.6058,-144.43674,255.68668,916.1189,-38.683754,416.27365,1029.6606,265.82913,281.0058,1053.4822,328.86688,408.93146,1033.6095,298.6814,298.23575,1069.4521,358.378,438.53214,1153.1448,173.4009,267.96542,1152.5077,222.07304
mid_63.jpg,biceps_mid,292.0931,260.303,-409.10474,314.89233,229.99011,-407.49365,327.72797,228.36575,-407.72763,338.36258,227.62842,-408.099,281.91196,232.40918,-395.19467,273.72653,231.8382,-395.15012,266.17184,231.63391,-395.35007,359.03806,235.06815,-308.58545,264.0833,239.80371,-244.5369,314.74582,285.72107,-363.79965,278.97665,286.1534,-345.8091,458.94907,369.24277,-221.07486,202.43924,362.76266,-131.86185,568.20685,519.92694,-162.67612,158.71138,528.8075,45.81699,582.96936,681.73694,-194.49449,145.93367,682.3971,84.77126,600.3519,717.9237,-198.8908,140.28212,727.40924,99.18215,589.2598,722.73016,-235.10732,143.01915,722.9482,61.741756,571.339,707.98126,-204.43633,155.72057,706.72327,73.62391,400.39404,689.01636,-16.130089,250.65306,679.8853,15.970925,404.0565,930.21106,-135.98004,256.12448,944.64075,-19.542528,416.34064,1056.1096,270.30823,272.39154,1063.3416,343.46222,411.93106,1062.3307,302.87192,285.36252,1100.1465,374.03464,429.877,1191.3383,158.64714,259.5557,1184.474,228.8579
mid_64.jpg,biceps_mid,281.6062,259.3836,-382.63956,303.50638,231.36168,-385.3554,316.5861,229.86562,-385.61362,328.37866,228.88695,-385.99286,273.03912,231.37097,-366.95416,265.7879,230.32211,-366.8675,258.42667,229.55959,-367.0883,352.76334,236.47437,-305.66763,261.15778,236.97844,-214.75874,305.11282,284.96188,-344.45508,270.06348,284.70398,-318.80527,455.49976,370.00537,-231.8191,206.46533,358.40488,-98.003586,569.7557,522.38434,-163.6594,157.3283,520.89435,68.43837,566.7155,687.6047,-161.02731,146.42017,679.5013,78.20545,573.2748,733.5383,-165.0056,133.20955,720.1155,90.02391,558.82745,740.9059,-200.15147,143.59247,720.6008,53.89903,544.3505,723.52423,-168.42744,157.73087,703.87476,66.60001,393.5471,698.1389,-16.703552,246.08313,683.20435,16.552588,402.9183,959.8502,-142.20328,247.7436,950.9857,-1.4742254,419.09167,1117.699,249.91573,264.25247,1095.8672,361.33777,420.22693,1131.2018,281.40634,279.3243,1114.0004,392.738,425.57632,1223.2081,147.06984,246.35345,1190.6431,261.53076
mid_65.jpg,biceps_mid,278.74106,258.12805,-465.63605,299.856,229.59045,-466.92026,312.29117,228.54842,-467.11768,323.15802,227.98238,-467.4883,267.81036,229.67126,-452.87555,259.6384,228.43199,-452.8581,251.85611,227.64758,-453.08313,346.63126,236.04291,-374.19937,250.66777,236.04305,-303.21744,301.13,284.51657,-421.54266,266.03186,283.35226,-401.68637,454.06543,372.52643,-282.23386,191.93765,361.6651,-175.79326,561.7315,531.76117,-204.11691,146.92262,523.50354,2.8453062,567.20844,710.5702,-199.60397,138.05548,680.8986,51.12892,574.9345,756.20026,-201.4761,127.02659,719.1794,68.80356,568.18866,759.44916,-237.35744,136.84525,719.83923,34.748478,551.7343,741.9286,-207.95593,150.93608,704.11615,41.94235,393.3808,693.2334,-17.225197,243.22748,683.23254,16.856125,409.8442,948.8626,-133.48409,237.64778,946.66547,-20.145979,427.15106,1096.7411,285.243,259.50616,1075.8723,336.0339,430.01938,1105.9429,320.42007,275.08817,1114.4115,366.49448,432.95773,1205.0662,193.0728,244.13234,1199.7219,231.62402
mid_66.jpg,biceps_mid,265.94748,256.43402,-500.54517,289.3198,225.6901,-499.60812,301.49005,224.63779,-499.79242,311.30518,224.40562,-500.16846,254.37488,227.08308,-484.5087,246.32254,226.13588,-484.49503,238.61461,225.58432,-484.71506,334.35196,233.65242,-392.73602,239.09558,235.30971,-317.76318,289.1238,281.61008,-450.59763,252.16751,282.9406,-429.4884,442.62747,367.4485,-282.72473,179.7705,368.6042,-183.14523,545.6083,533.2799,-202.1247,136.97151,538.7622,-6.48226,556.8728,702.0106,-219.04599,125.41046,692.8811,23.237684,576.95,753.79663,-224.05606,107.981125,736.41034,35.990227,575.0609,751.7528,-264.94418,125.06887,731.35583,0.9162326,556.3988,735.6977,-229.89598,132.50282,721.89703,13.24612,385.3692,701.4507,-12.609964,234.9355,695.7682,12.270358,406.12817,971.8402,-149.6677,227.22958,962.7152,-51.927025,406.9648,1095.6606,302.3198,253.66322,1092.9276,336.15082,413.40912,1147.7604,339.99365,263.06985,1146.6667,368.83948,432.62875,1229.5244,185.9796,232.9217,1224.3691,198.13431
mid_67.jpg,biceps_mid,258.33188,255.73497,-477.5195,280.9925,224.57521,-470.95102,292.66208,224.58133,-471.13013,302.14612,225.23839,-471.43988,246.27122,224.81216,-458.4489,238.27275,224.0844,-458.4943,230.94336,223.60402,-458.71774,324.48438,236.9332,-356.47696,229.75276,237.60193,-294.14142,280.73505,282.68912,-427.2588,243.73677,283.00464,-409.74857,430.15097,370.95538,-256.51718,163.95076,382.91028,-165.90387,533.12836,536.44556,-182.97348,130.04254,548.82623,27.120432,552.3712,704.06757,-224.4148,118.6939,697.06213,65.03693,570.3908,752.63855,-231.71332,101.19404,740.55817,78.50702,551.1718,745.2363,-271.85626,119.27412,731.5068,44.741196,533.85455,733.8151,-235.60982,127.74997,722.13806,56.02184,386.6918,702.1814,-11.744181,235.8588,705.65344,11.371967,407.20407,966.3665,-132.33736,221.77835,964.62317,-71.16063,417.6617,1112.0363,370.5792,252.55527,1075.6226,344.4331,412.05292,1127.4493,414.05136,271.91675,1129.3452,380.3316,441.39893,1210.6589,275.043,237.33823,1211.2288,219.94223
mid_68.jpg,biceps_mid,255.21751,259.11142,-466.8614,276.8277,228.56638,-463.13895,287.76898,228.44977,-463.35016,296.93097,228.87148,-463.754,242.1408,229.05885,-448.5641,233.24161,228.4395,-448.5631,226.52354,227.95216,-448.7744,319.82172,239.85498,-352.77408,223.648,240.65637,-280.91782,277.97128,287.15848,-416.52872,239.65956,286.7282,-396.42798,425.31128,373.01474,-265.62155,166.37148,385.29544,-147.13779,525.08325,533.7436,-183.68742,124.026474,549.6714,25.438442,539.49524,710.2979,-184.74951,123.038666,711.21625,49.527008,559.0787,763.9864,-188.66667,110.37248,753.8873,62.399807,534.3239,762.9633,-230.74397,122.099686,748.9341,26.95379,514.5359,741.6835,-195.33493,135.58101,738.8362,38.77389,388.87912,715.4103,-11.402193,236.08337,716.7964,11.021037,409.4153,993.6497,-162.06207,216.9062,986.37476,-34.591057,417.26926,1138.0563,372.6832,236.1037,1134.6654,366.83105,409.74194,1152.3623,420.37488,252.51709,1152.7128,402.5768,444.62146,1235.4346,288.20154,223.69629,1229.7882,242.31813
mid_69.jpg,biceps_mid,254.37454,260.2241,-431.1873,274.53812,227.41777,-428.95004,285.52112,226.48549,-429.16083,294.65952,226.2771,-429.56363,241.05151,229.65376,-411.50302,232.37624,229.20528,-411.46097,225.36137,228.84499,-411.66534,315.92426,236.89775,-325.89157,222.56433,240.97581,-240.01477,276.9875,286.2051,-383.53812,239.31335,287.61758,-359.11307,426.6021,373.0063,-250.22986,164.03613,386.71097,-111.61997,523.39264,538.1445,-189.78014,124.690346,549.3726,64.74102,536.9313,723.5634,-228.12758,109.18667,699.8107,72.57087,556.93115,770.23413,-239.85396,106.02029,742.5113,81.832466,532.9492,765.20374,-280.70978,108.08722,735.0803,42.088757,513.30676,744.42236,-239.4549,117.75696,725.094,58.563133,391.1983,713.82,-19.2062,235.32979,715.1226,18.92755,405.23123,1005.5862,-195.86893,214.08116,985.3449,-104.94379,418.44525,1142.4554,328.9015,238.0443,1142.2318,299.28992,412.5331,1157.1823,375.82593,256.35352,1157.7064,336.50943,443.58823,1236.9066,242.45229,228.04762,1244.289,185.84193
mid_7.jpg,biceps_mid,385.4167,388.21457,-647.0749,410.65967,374.70026,-606.1395,413.06448,376.58932,-606.32916,420.75388,380.97,-606.59296,382.8545,355.5365,-635.37695,374.18332,349.0871,-635.4289,365.59647,342.76212,-635.5707,414.39542,379.27527,-340.57843,340.70694,331.48178,-469.7866,377.0256,419.59192,-541.8373,345.6659,401.59662,-579.71625,395.13156,479.77524,-127.225876,197.10612,375.68567,-353.31406,381.62872,661.64154,-342.37183,25.3393,507.81763,-452.98392,380.61038,699.15497,-827.9601,27.746058,695.5976,-636.9061,381.83514,723.9075,-941.42316,-3.8028467,745.7056,-715.9717,377.18124,694.60535,-956.6014,42.126335,751.11633,-757.5217,365.5396,687.0537,-845.6261,51.45712,738.54584,-653.08356,253.30507,660.1346,95.34943,122.55524,638.095,-95.51812,493.51624,778.5346,-348.55368,183.77707,684.256,-533.6512,455.04865,1053.8801,-231.01062,87.93537,840.36414,-48.702118,415.6255,1084.4946,-224.5597,72.7444,861.5838,0.81693363,507.15155,1179.3977,-449.54025,47.824944,910.7087,-145.5297
mid_70.jpg,biceps_mid,257.5022,259.55627,-447.0737,276.88168,229.89323,-444.11246,287.7556,229.22046,-444.32065,296.98923,229.1259,-444.69977,244.29688,230.14162,-430.31787,235.5,229.32874,-430.31702,228.67018,228.73088,-430.5031,319.67163,237.92644,-335.33786,225.78435,240.2696,-268.10196,280.04083,286.4749,-397.11923,242.42659,286.89914,-378.24432,429.93097,370.4381,-256.92017,164.77103,381.3212,-135.56575,525.5243,542.8163,-186.11783,130.03212,541.8933,34.357693,540.8424,716.72095,-211.08719,108.79438,690.02405,33.588737,553.15186,763.66364,-220.79353,91.47939,727.64716,43.48188,536.2197,763.082,-262.0249,98.3813,725.6067,3.339033,520.0818,743.1363,-222.10716,112.85809,709.0182,19.66737,390.1775,706.2346,-9.609526,236.49678,707.93,9.37506,401.2732,982.52924,-145.04805,229.14264,980.1429,-39.850346,414.39825,1133.2809,345.6141,233.66875,1141.5546,337.15588,408.53036,1148.4899,388.16544,245.64377,1159.5205,369.70004,439.84924,1228.5951,243.82225,229.22537,1237.8882,197.614
mid_71.jpg,biceps_mid,261.0499,256.956,-439.24283,282.2028,224.60541,-437.61575,293.04776,223.75494,-437.82672,301.77896,223.52983,-438.15683,248.53957,226.18596,-424.8238,240.22644,225.76306,-424.8661,233.1179,225.6468,-425.0979,322.22845,232.79485,-336.19098,230.38306,237.17462,-273.86356,282.6852,280.95648,-392.7248,246.22137,282.32495,-375.1848,434.05887,362.4923,-260.2024,170.17421,376.5007,-143.20926,523.05585,533.08356,-184.15721,133.90689,530.54987,16.757715,541.13,711.71674,-209.8952,100.97147,676.2408,4.574614,559.6147,757.7247,-220.4407,83.77744,719.65283,10.926488,536.4144,756.1892,-263.9953,95.58594,715.99005,-31.76386,519.3341,734.7698,-222.37518,109.66092,695.5301,-10.422245,398.27765,687.2748,-13.297788,250.97458,693.4195,13.046453,413.18744,943.962,-101.1685,243.74269,946.1936,8.457278,416.97058,1081.46,328.17838,248.15216,1124.26,340.98584,423.2303,1130.5878,362.64532,261.0642,1144.6697,367.5346,443.8122,1209.0775,206.90913,235.66174,1218.7803,190.78789
mid_72.jpg,biceps_mid,259.91568,257.39676,-424.5851,281.15924,226.61742,-422.76804,292.92886,225.78178,-422.9231,302.93088,225.6204,-423.2262,247.99347,226.48146,-410.4587,239.7437,225.22072,-410.42545,232.58484,224.34502,-410.62305,325.68033,233.44437,-325.05838,232.20746,232.62788,-264.72375,283.9226,283.69385,-379.92984,246.34052,281.4897,-362.79022,436.22455,359.8408,-254.17342,175.54292,363.19467,-134.75322,534.98615,530.5365,-184.29173,137.6605,497.68533,67.77398,548.17755,693.4853,-211.00845,101.15675,633.6177,101.48274,565.8862,750.85565,-220.1513,85.39255,673.4616,115.53467,549.2378,742.142,-258.5206,95.232315,673.4864,72.28949,531.7409,725.14307,-221.53671,105.41345,663.3847,87.13536,402.3717,676.753,-17.35825,254.03061,677.682,17.162746,413.0128,920.19196,-96.657974,245.1832,924.9083,-11.73769,419.7559,1052.1128,292.30276,265.8507,1064.3251,307.98132,426.83188,1097.5281,323.41895,276.5501,1110.8201,334.06226,432.761,1183.7838,187.10411,248.35,1193.6559,187.95772
mid_73.jpg,biceps_mid,262.67587,252.9118,-428.15384,285.28024,221.29483,-428.57767,296.80847,219.89629,-428.73077,306.78787,219.27722,-429.03287,251.5109,223.47379,-413.2399,243.16467,222.9093,-413.1835,236.26205,222.51144,-413.36914,330.58478,225.93924,-326.71222,236.65468,229.99751,-252.1199,286.3986,277.06027,-379.80957,248.66992,278.57144,-358.49457,436.44662,348.2128,-252.13557,186.47464,349.92438,-92.831985,536.1519,511.82263,-181.31323,148.38216,486.68695,126.990555,546.2389,677.77783,-221.84296,98.1639,605.34265,151.70634,569.33344,726.6426,-234.31595,75.57531,642.328,163.16177,551.0832,726.3838,-279.05786,85.365555,641.07855,114.56549,525.84766,696.18866,-234.8982,99.423134,629.27124,134.08475,400.9171,676.53546,-27.3808,260.8543,673.7822,27.229666,413.4386,942.3136,-141.98532,245.9389,939.682,-63.84784,427.09512,1107.7399,241.95341,269.81064,1107.6398,288.65765,427.46637,1122.4667,272.8799,291.88147,1125.4646,317.15775,434.4543,1214.6091,131.13503,252.23926,1209.7614,167.33365
mid_74.jpg,biceps_mid,265.35074,248.69916,-405.9039,287.67377,217.18465,-409.91504,298.5926,216.29997,-410.00427,307.9993,216.10936,-410.18732,253.78755,219.03116,-393.7626,245.02704,218.4545,-393.6708,238.18877,218.01149,-393.74442,331.18423,222.85023,-323.66736,236.56996,225.26172,-245.75638,288.26434,272.8672,-363.10898,250.75372,274.22986,-340.37363,436.2388,346.21167,-246.09404,187.9542,344.08157,-97.57051,534.51355,506.2111,-187.71704,153.9157,471.32138,119.39526,551.2931,657.8999,-255.3319,99.333786,590.5765,118.18737,572.6457,701.80817,-274.65958,74.01254,625.2692,119.05972,544.1291,704.30725,-318.18054,81.17349,620.624,66.04173,532.8484,684.83496,-269.83154,95.84623,612.9904,96.23096,399.7423,669.8297,-25.646036,256.03857,668.24884,25.709476,406.93045,908.0716,-71.93098,249.53114,917.62305,-3.9655118,416.36365,1035.4498,310.67722,270.3977,1038.829,356.7017,409.3083,1044.7393,341.16876,293.81393,1078.1742,385.7775,424.5792,1169.1713,216.87802,253.3005,1166.7648,256.81366
mid_75.jpg,biceps_mid,252.84703,250.95984,-435.17996,275.80704,219.1608,-440.87393,288.0049,217.9958,-440.96396,298.36835,217.5532,-441.20386,243.5299,219.7081,-419.16547,236.09218,218.60284,-419.06262,229.77101,217.70996,-419.15,321.52585,224.36545,-357.31567,234.84744,225.04124,-255.1561,277.67545,276.12933,-393.73117,242.60248,276.41556,-364.22684,432.96436,346.723,-284.7598,192.35645,345.40524,-96.54322,542.76056,518.6876,-232.23781,156.89227,468.53885,38.571194,550.3023,679.6069,-272.3448,92.85985,553.8479,-73.74493,565.7632,736.1855,-291.76602,67.49693,588.39404,-84.99153,547.184,735.17413,-334.202,76.26721,575.2519,-130.06122,525.1668,704.6841,-284.2548,92.34706,566.72186,-95.48333,399.77112,679.4926,-33.680447,259.9052,672.2984,33.64975,411.27917,939.89777,-116.62531,249.09091,936.98517,-19.755667,416.59998,1066.8558,267.6646,277.03897,1053.4913,369.84378,417.16852,1109.8939,297.31122,303.64774,1097.6826,402.43915,424.1429,1207.563,158.66194,255.94846,1185.1802,274.2974
mid_76.jpg,biceps_mid,233.8498,264.89026,-384.16113,253.18567,232.9624,-392.61118,266.54266,231.23975,-392.7421,279.5544,229.90565,-393.0501,226.79,234.02362,-368.74643,220.44295,233.14207,-368.6076,214.31245,232.44092,-368.7145,308.16827,233.47005,-317.48978,222.94946,235.32033,-203.2525,258.93024,287.28122,-345.83786,228.2508,287.77634,-312.94354,427.6506,345.44757,-247.92119,186.56793,346.96436,-53.850002,542.29224,507.0135,-206.19188,150.1701,484.04523,-49.15822,553.18164,684.6472,-236.90825,98.20797,531.03955,-290.1568,568.5488,736.89545,-249.1582,68.75575,543.8095,-314.9103,541.7241,734.6223,-287.2039,76.19821,520.3464,-335.192,526.1291,711.8294,-245.59665,90.63186,515.3569,-304.56357,399.3866,684.9907,-33.07386,259.45242,684.91833,33.01755,411.96588,955.8911,-142.99191,244.6931,950.6891,-25.389938,432.7527,1114.2798,230.90073,269.85645,1111.0497,322.04333,433.7387,1125.193,258.78568,293.5916,1127.8188,350.53464,436.44556,1231.6788,112.88794,249.61464,1219.6992,214.86804
mid_77.jpg,biceps_mid,229.3937,270.2483,-394.57144,248.07437,240.60892,-407.60544,260.7523,238.53018,-407.73724,273.39914,236.86592,-408.10126,223.01636,241.83696,-381.92047,216.38705,240.84041,-381.7589,210.12277,240.0807,-381.84546,302.02524,239.3785,-340.22052,218.76486,241.77539,-217.9341,253.23691,292.24554,-357.4941,223.64407,292.8088,-322.40222,422.6489,343.78033,-289.04044,185.0592,354.8454,-50.31474,535.7345,493.08954,-252.00954,163.7718,493.27426,-52.423805,554.09247,675.6181,-229.4205,114.605385,503.75348,-254.04037,572.42804,732.50195,-228.42706,83.51615,522.56055,-269.74173,538.6216,730.53973,-264.4701,83.717316,498.85495,-278.00626,522.6081,708.1848,-234.87512,98.767746,494.56644,-263.65216,406.44623,679.61743,-46.3458,264.2017,684.76324,46.331676,410.11176,939.6156,-173.97455,242.22739,951.21954,-40.472122,437.19284,1107.689,221.06418,267.67624,1118.7124,293.82352,441.67682,1119.1344,253.0729,293.35303,1138.3928,321.05756,431.10794,1226.5502,118.02072,241.38536,1227.7212,186.69861
mid_78.jpg,biceps_mid,222.78629,276.85538,-406.68713,239.2084,245.66681,-424.876,251.362,242.96588,-424.98392,263.36963,240.49042,-425.33316,214.88727,247.97533,-398.09433,208.24121,247.4298,-397.94238,201.90599,247.02051,-398.02817,291.2871,241.3522,-382.58426,210.06885,248.86734,-255.22778,245.74088,297.779,-377.96484,218.6829,299.05228,-341.25375,415.7353,338.11255,-332.29922,179.71497,354.7132,-91.32395,534.59656,490.41354,-279.7075,196.9783,499.02234,91.3897,546.03864,660.2547,-266.50006,176.92781,561.9285,105.85741,560.2718,711.02625,-275.71884,175.17532,589.0767,115.4906,526.7098,712.3834,-310.59924,163.91162,575.99146,84.35651,517.99805,689.5281,-273.35632,176.66669,568.85345,92.52434,411.0625,663.3804,-50.767746,270.43808,667.07135,50.872093,396.2896,915.17755,-159.69083,241.29752,920.3415,-41.169212,423.64056,1060.1333,188.48187,272.56134,1102.5015,236.7927,448.17807,1091.3011,215.96082,297.37592,1120.9619,257.5949,424.78394,1198.1904,77.9594,256.57608,1216.4069,119.65921
mid_79.jpg,biceps_mid,215.78697,278.0976,-347.3477,232.27454,248.03455,-363.40784,245.2135,245.9109,-363.55798,258.00125,243.94395,-363.90436,207.25423,248.52676,-336.3174,201.03885,247.29944,-336.15298,195.29279,246.26225,-336.22604,287.0091,246.01265,-317.70734,204.83792,248.04941,-189.54448,241.33192,299.64612,-318.48502,212.74641,300.4207,-281.29126,414.26956,339.09155,-266.924,173.43687,362.5543,-48.87065,524.9055,496.188,-241.48053,171.49548,510.52603,5.322142,544.2401,664.1668,-266.4241,132.42323,531.9771,-144.01988,561.09174,707.7803,-281.6494,126.21854,546.2649,-159.6259,529.6513,709.1882,-319.35635,96.087494,507.59595,-183.39928,521.0391,688.5928,-275.74948,116.76222,505.05048,-159.49533,404.92383,663.1713,-39.62982,264.9788,667.48267,39.805138,404.0314,914.8148,-135.87285,237.90407,923.81555,-22.314674,415.7352,1048.5635,248.59126,268.4172,1060.3475,327.4602,408.2179,1054.3892,278.96204,294.3777,1100.0807,356.21375,431.7198,1192.4409,138.9045,254.86838,1195.4818,223.90936
mid_8.jpg,biceps_mid,387.24472,408.64285,-448.5823,403.30707,387.85754,-406.18176,410.9644,393.1966,-406.3562,413.21967,395.1329,-406.66812,389.67734,362.8496,-442.31055,377.89502,350.00818,-442.40314,373.20325,344.9325,-442.5467,406.0152,392.04718,-142.57523,341.73343,329.05536,-301.65903,375.66418,430.20392,-343.80884,341.55585,412.69913,-390.57715,384.9603,489.21387,65.97803,176.12445,373.01642,-219.2998,371.23257,699.9093,-241.0121,11.168053,513.28424,-316.01,380.21,654.93317,-837.91705,19.977833,691.27686,-509.66873,373.26154,657.91437,-965.46686,1.1107564,740.2262,-577.0022,377.62436,599.59863,-939.4507,36.174694,746.8738,-617.5512,375.52335,603.32513,-842.23285,47.441147,735.95996,-523.52356,235.28612,675.9033,124.67612,105.748215,646.7637,-124.823685,487.09885,774.9146,-187.71332,264.61667,717.3029,-454.02536,439.37888,1076.6698,-120.52633,152.55112,861.80286,62.113235,399.25964,1106.3752,-118.5059,127.71897,873.59717,119.53786,486.6808,1202.0227,-319.71744,131.11328,943.49316,31.622526
mid_80.jpg,biceps_mid,216.31247,282.80762,-394.88974,232.01422,253.52501,-410.6672,244.07199,250.88887,-410.69064,256.15466,248.2937,-410.9298,208.49576,254.48897,-383.77274,202.04247,253.37274,-383.70398,195.95319,252.4123,-383.81128,285.15594,248.06007,-359.12698,203.89688,252.64671,-230.1126,239.62503,303.89545,-364.02725,211.85861,304.29562,-326.81488,412.22122,337.3987,-301.59467,170.36906,360.61765,-80.28229,524.176,492.64716,-273.912,166.89426,522.6608,-100.60899,538.04016,657.6322,-296.52533,118.264175,523.62524,-341.6224,555.5069,706.21326,-305.1664,106.525925,529.0951,-367.98022,519.66455,698.50085,-337.79858,79.482376,501.62717,-380.71698,512.27704,679.06885,-302.94513,107.30505,497.57544,-353.4801,409.96497,651.2569,-43.69801,268.64542,660.6327,43.539036,401.1843,901.1031,-212.14424,236.00797,904.1061,-91.89779,426.62915,1035.2407,151.08882,269.38577,1066.8839,181.39671,446.6177,1065.256,180.56355,293.5733,1097.1643,201.49072,435.2939,1178.4723,56.645992,254.76398,1199.2201,71.415825
mid_81.jpg,biceps_mid,220.00996,273.52872,-353.4534,237.62663,241.41339,-365.17114,250.5769,238.95856,-365.2616,263.68655,236.61983,-365.51614,212.27107,242.51746,-340.74268,206.1743,241.43286,-340.59744,200.31595,240.52913,-340.6616,293.52182,239.36906,-304.07098,208.0418,244.05353,-188.07108,244.77086,295.1232,-319.82486,215.1441,296.2735,-286.03653,417.81235,340.92807,-249.71901,175.22693,358.90677,-46.92188,525.2535,495.16006,-227.55429,172.46199,517.2504,-27.719988,543.2676,662.0177,-279.16672,118.88958,523.7592,-243.03156,556.06537,706.8483,-294.8518,109.30666,532.16235,-267.24738,529.32996,705.01276,-330.3423,88.615234,505.82214,-286.8651,512.76605,684.1049,-288.48087,107.00019,503.50455,-257.82715,408.6721,665.6323,-38.886738,264.2205,672.4224,39.034615,401.72653,921.3633,-164.35828,237.55315,941.65674,-64.39533,418.0959,1048.1058,209.82542,270.0801,1095.5807,236.22162,410.69836,1055.8636,239.80696,297.25146,1113.1802,259.54376,436.58646,1186.5398,131.67896,251.84254,1208.0789,140.41687
mid_82.jpg,biceps_mid,235.63043,268.11508,-345.6468,253.93814,234.61812,-350.41574,266.05356,231.9718,-350.5205,277.2553,229.8883,-350.75525,224.75179,236.7281,-331.9654,217.3936,235.5307,-331.9049,210.22556,234.74547,-332.08844,301.1896,231.93106,-272.1005,213.76239,238.04948,-181.3282,261.06512,289.85492,-307.7482,226.68607,291.99258,-281.37952,426.65027,339.70743,-199.11375,175.87498,360.11856,-71.101364,527.22034,504.53336,-158.27379,153.73784,541.3106,-141.32703,540.73645,668.4179,-232.68585,117.098595,544.1106,-452.8152,551.1673,717.1449,-248.80182,93.757904,550.66547,-495.51,525.704,711.2303,-283.6819,89.85474,524.4762,-510.071,507.99603,690.361,-243.077,105.875565,524.58167,-466.18997,413.0382,672.3778,-27.193335,267.71695,678.83844,27.083603,410.56714,920.50867,-135.93626,249.40706,927.1218,-44.718517,425.58563,1064.8853,181.97035,278.94727,1073.3583,212.48189,418.22397,1061.8646,203.28584,298.9178,1130.3853,230.8845,440.20114,1201.846,69.49922,251.38432,1219.2415,94.420555
mid_83.jpg,biceps_mid,247.14545,256.06564,-303.7137,264.49933,224.18298,-304.2721,276.24142,221.61763,-304.33633,286.2565,219.44034,-304.52094,233.07681,227.02473,-287.08926,225.59854,226.48326,-286.97977,218.22446,226.37193,-287.08572,308.82492,223.98262,-219.43849,220.0101,235.23613,-135.26714,272.82007,279.24054,-264.4238,236.45464,282.72705,-239.98076,427.149,336.7662,-164.93764,177.48834,357.45447,-33.13027,535.2405,496.7014,-131.92061,153.04486,484.17993,-12.325491,545.27075,647.68396,-241.57079,111.2324,579.0254,-281.24426,562.57227,698.28754,-270.25198,83.99524,593.1062,-320.66385,530.8502,684.6874,-309.87427,90.28243,576.1351,-363.5633,517.16125,676.28595,-254.95674,104.60644,572.093,-305.20126,413.81842,659.7992,-29.525146,264.55075,670.868,29.505074,405.20685,904.45953,-197.19952,255.80824,926.24963,-89.37097,424.3108,1042.4156,148.30983,284.31934,1056.9801,204.57811,441.28415,1079.8152,174.1925,309.94733,1103.3176,227.36885,439.46924,1185.2743,60.32846,275.4579,1198.495,112.99985
mid_84.jpg,biceps_mid,250.49998,258.03683,-322.7962,267.43503,226.50151,-328.72366,279.20642,224.2865,-328.8567,289.41586,222.39235,-329.10852,236.9048,228.55779,-308.40372,229.58788,227.91234,-308.33362,222.2461,227.67848,-308.49814,311.85992,225.79063,-262.02512,223.98311,235.48846,-162.89377,274.72287,280.87363,-288.36075,239.91922,283.857,-259.7728,429.7306,337.76498,-214.22923,179.45543,351.79608,-35.63261,534.2924,491.23682,-213.92244,149.47504,471.40768,148.18793,545.2578,647.232,-326.60715,104.00063,578.77814,124.42007,561.48975,689.8273,-353.1485,82.25828,612.58093,127.38396,531.75385,689.0442,-390.58328,93.48836,603.26776,80.09933,522.9693,669.3384,-339.25137,105.00311,593.141,104.88007,403.685,655.2766,-33.062836,261.97134,661.9252,33.136864,410.3725,900.5659,-114.61339,258.14114,917.7775,-14.599381,424.206,1046.635,244.71,281.09152,1075.0398,265.83823,419.96,1053.3237,272.31076,302.9895,1095.0626,286.48755,434.22452,1169.2284,142.90726,257.9017,1179.918,148.38356
mid_85.jpg,biceps_mid,257.92856,248.5294,-377.00192,276.72192,218.9875,-377.49045,287.95248,217.77414,-377.6291,297.59518,217.02516,-377.8766,245.56789,219.84898,-362.53305,237.384,219.00325,-362.49448,230.91628,218.35243,-362.6629,322.65836,222.97148,-283.0012,233.05342,224.93663,-210.28355,282.93817,273.19412,-332.6939,246.98586,275.56833,-311.86487,437.31952,339.706,-219.80327,182.44164,356.05948,-82.60265,543.7624,505.2917,-170.01074,146.71199,490.57474,85.06412,548.56305,657.9777,-219.35098,105.77114,628.4421,67.77861,566.37634,700.7125,-233.3305,88.84642,665.6842,71.80107,543.2629,700.94476,-269.0047,96.94049,659.1862,28.407372,520.7079,678.6,-229.4733,108.17885,651.73315,50.434685,409.1998,668.4255,-24.114693,265.1481,673.2787,24.011501,407.51666,912.6673,-92.96309,265.1511,934.6551,-12.9954405,426.42322,1041.3322,324.7179,289.20047,1059.5912,318.9963,421.42117,1041.2205,359.53143,310.35974,1095.4135,346.27963,444.5382,1162.4891,235.58124,282.23355,1187.1964,206.91881
mid_86.jpg,biceps_mid,263.46384,243.92503,-444.47003,283.7034,214.51721,-442.52405,294.8517,213.16316,-442.6968,304.38437,212.40302,-442.97116,250.00597,216.38548,-430.78384,241.21721,215.74562,-430.8193,234.61754,215.22823,-431.05972,330.2665,219.29872,-336.9759,235.24368,221.99971,-277.95966,288.30203,269.8253,-396.34286,251.19836,272.43298,-379.6957,439.86072,342.6524,-263.8071,185.17343,357.33072,-149.39618,548.4795,509.37286,-195.49274,143.56137,508.7503,-9.524279,551.43494,677.7118,-207.56694,99.28329,653.2627,-42.059032,564.82465,736.5284,-213.83398,75.19318,698.99146,-37.72968,539.0831,733.7948,-253.31079,78.32939,693.0477,-82.38647,523.1645,712.8754,-217.6693,101.70744,684.38293,-59.76604,414.6767,678.463,-14.400499,270.7323,679.6048,14.123389,416.0983,921.22546,-79.05437,269.94693,938.14526,15.935558,426.26205,1046.4291,383.7727,294.22015,1096.0642,351.9782,415.63712,1056.0486,422.17654,311.26236,1113.0603,379.0035,438.1551,1175.1824,288.76898,282.27167,1198.8622,218.48029
mid_87.jpg,biceps_mid,269.69772,245.53304,-367.95325,290.89343,215.45085,-364.67267,302.3656,214.69167,-364.8998,312.4948,214.60674,-365.20285,255.84305,216.77266,-353.49753,246.17044,216.2129,-353.39056,238.83823,215.66476,-353.56473,338.70425,223.08997,-261.71555,235.89044,224.38992,-204.23392,294.08353,272.7443,-321.6702,255.66531,274.37238,-305.31097,441.9912,344.99173,-206.75902,184.12924,359.6414,-90.473465,550.91754,502.6038,-167.18558,144.35869,516.89996,10.968328,556.809,661.4861,-219.96158,103.81793,664.1477,-78.84565,574.85944,714.4621,-234.42485,84.28655,697.6286,-85.05979,553.17316,704.9874,-273.87405,86.12743,689.5669,-134.17389,536.2522,690.22015,-231.4458,103.556305,680.6479,-100.627106,410.48145,683.7167,-15.61531,260.5754,686.5604,15.608567,422.04782,930.8587,-114.98378,267.68033,945.88965,6.585775,425.13138,1062.7836,283.89188,285.71634,1058.5315,361.00485,417.53012,1068.2634,313.87537,299.92267,1107.2914,390.45386,436.2742,1206.5321,167.26141,267.28128,1192.2604,252.73108
mid_88.jpg,biceps_mid,272.21063,243.82812,-371.86148,292.80078,212.60164,-367.13104,304.3753,211.64566,-367.35956,313.73813,211.41425,-367.71738,258.59048,214.4365,-356.26062,249.9876,214.1642,-356.2077,242.95547,214.02103,-356.39072,336.41016,220.34453,-256.3773,240.08652,225.43437,-200.92299,295.6159,271.20328,-322.452,258.39975,271.905,-306.70392,446.74805,346.16623,-190.0615,184.3838,364.601,-90.03963,555.5676,501.82498,-141.11536,144.68745,532.1376,18.386574,563.53625,673.248,-193.50153,104.68747,675.6675,-64.88583,585.4908,714.0174,-207.592,89.95871,709.8548,-72.49065,558.48,715.793,-245.2684,91.652565,701.48816,-116.7124,539.64233,696.5493,-204.28734,104.319145,691.5418,-84.03288,410.2967,691.6672,-9.745914,256.85107,695.7257,9.580318,419.81635,950.6351,-117.64831,260.34552,954.52783,-26.820717,433.8123,1099.237,360.90298,280.7377,1084.754,332.80658,412.3756,1064.9116,401.37878,295.00833,1130.2343,363.26825,444.69397,1204.4664,262.38516,278.1116,1217.4054,201.31818
mid_89.jpg,biceps_mid,271.80304,247.91565,-428.2853,294.40024,215.62437,-424.32404,305.54337,215.42421,-424.5253,315.178,215.82396,-424.87592,258.80768,217.20432,-413.4394,249.74864,216.9174,-413.37097,242.59895,216.59084,-413.53802,340.11926,225.29555,-315.6597,240.0637,226.5999,-259.57474,294.5762,274.9362,-379.40186,255.80252,275.1116,-363.4969,444.84863,352.68158,-244.1157,182.71729,366.44568,-137.9982,555.277,513.12305,-190.8254,148.98819,536.8,13.985425,559.70245,687.14404,-230.97629,118.78894,686.4364,-8.525467,578.9115,726.2796,-241.5806,103.01871,727.62036,-6.279941,565.99133,725.07324,-280.4305,105.23534,721.8224,-50.49648,547.7532,709.70483,-241.75778,116.07229,707.0312,-25.781118,405.11505,692.149,-17.292929,249.54227,689.9411,17.049358,416.12524,934.08746,-141.45952,246.40645,945.65875,-54.992546,415.17365,1063.1702,316.48126,273.89462,1063.2059,346.91815,421.35748,1108.3997,354.77356,297.62488,1102.347,381.854,432.48553,1205.1929,219.66483,269.37112,1197.0192,245.99709
mid_9.jpg,biceps_mid,375.11975,399.359,-894.63086,408.43832,378.3249,-859.84314,410.2107,379.8511,-859.9806,416.73935,383.1642,-860.3108,374.78568,360.08313,-887.23175,366.34778,352.80148,-887.3129,357.95367,345.68176,-887.4517,406.9074,384.6751,-585.20953,335.49173,333.0766,-706.046,360.14386,416.33008,-781.7554,327.646,397.98706,-817.3021,388.5822,487.3084,-336.4875,179.07086,374.17496,-548.6592,366.7679,696.79865,-675.7535,10.835287,512.3388,-656.7075,373.8434,628.18616,-1283.1967,19.659433,703.3612,-876.0405,360.82407,610.1492,-1415.8749,-5.5875673,751.4747,-957.79724,367.5529,574.402,-1386.596,37.508324,755.9856,-985.9876,364.51794,580.14124,-1285.7546,48.378906,746.04095,-887.521,243.12865,678.6451,99.39114,116.17508,646.9272,-99.86068,495.75174,792.02673,-197.84306,251.10995,643.9641,-434.14175,441.73584,1081.5106,-56.26669,224.52875,795.159,223.14726,401.50183,1107.8444,-45.872463,213.06714,813.4624,293.48477,495.89542,1209.8677,-250.79396,223.04077,862.0132,225.88286
mid_90.jpg,biceps_mid,279.66498,246.43137,-488.07938,302.7668,214.66502,-487.85223,314.3187,214.7769,-488.03656,323.83182,215.49089,-488.4386,266.2317,215.58968,-471.83167,257.55063,215.32172,-471.7909,249.78806,215.09805,-472.00284,346.7293,226.69756,-394.67593,246.48373,226.49977,-315.9995,301.16803,272.91974,-444.3361,262.5261,273.47028,-422.24,450.64407,354.93762,-318.5214,189.85878,361.53375,-164.94255,562.25446,525.1534,-246.13075,151.4315,522.2738,44.726616,567.7749,708.4521,-235.02484,133.6577,674.51886,108.43856,585.81494,757.2221,-238.10815,126.07577,717.9293,130.92117,563.16675,759.0518,-276.59915,128.96695,714.56915,95.691086,541.6172,740.1208,-243.45674,142.50018,696.6615,98.773544,400.5356,679.2341,-23.658674,250.3872,677.72253,23.235643,410.731,935.2287,-156.27103,243.18022,933.0481,-45.50018,425.2734,1059.0199,325.1546,270.70532,1066.4696,361.03607,431.3868,1101.1423,367.81772,287.88705,1101.6566,396.88257,437.00754,1204.3057,239.2121,258.83224,1189.5696,257.51953
mid_91.jpg,biceps_mid,288.75146,244.2962,-456.8052,309.8952,211.33385,-457.7548,322.3382,211.59149,-457.96912,332.73178,212.11447,-458.39658,275.43475,211.55861,-437.7253,267.02673,211.78767,-437.63007,259.06427,212.17009,-437.82285,355.77182,224.01784,-371.61353,257.83417,225.79858,-273.4771,312.09464,269.31232,-415.70508,272.91354,271.89883,-387.88712,460.1205,358.41702,-296.95386,199.79181,359.14203,-129.78232,566.9073,525.90576,-223.17055,162.46526,525.2283,92.41887,564.9461,711.7674,-221.38005,144.24074,684.99725,156.49957,591.76263,766.2527,-227.89516,125.739716,729.34656,178.11787,570.44934,768.14246,-265.96066,133.39912,728.30975,138.0047,544.9902,744.6811,-229.9789,147.25562,710.30646,144.08565,398.107,683.4154,-24.892075,244.55945,679.98285,24.68586,414.26337,938.6176,-147.48405,246.24469,948.02655,-51.364574,425.118,1102.9364,340.3933,273.54272,1068.0681,374.02347,422.6484,1116.8235,382.701,292.49405,1103.0116,412.5778,431.57013,1206.17,236.89388,268.6016,1192.1991,266.9127
mid_92.jpg,biceps_mid,305.03983,248.02454,-496.95248,326.12128,214.92664,-496.34863,338.0154,214.86682,-496.5652,347.61823,215.31091,-496.9587,291.2525,216.94978,-479.65845,282.76746,217.52234,-479.62845,274.318,218.27129,-479.85965,368.69693,227.61414,-404.6262,269.37045,232.04857,-321.74115,328.50876,273.6692,-454.10776,287.97006,276.03516,-430.7877,467.39282,369.0137,-326.22815,209.80836,365.80823,-176.46265,572.02826,542.19525,-242.31421,171.3967,532.304,28.564163,571.38556,728.9741,-205.02197,150.78484,684.1356,88.711494,593.3693,782.48883,-203.54462,141.20901,736.89014,112.247665,571.0877,783.28357,-241.3013,143.58942,731.024,73.368675,547.3381,762.8558,-212.38477,153.1539,719.6509,76.88845,402.16202,690.1459,-19.12969,252.88794,683.81604,19.0434,408.52573,944.81006,-127.09386,251.9793,955.5594,23.844828,411.19293,1081.2964,336.33618,266.5216,1091.2349,403.1524,400.79495,1077.4868,374.63425,273.74393,1135.6587,433.7792,413.8317,1214.5574,218.93033,246.17183,1211.5901,259.65747
mid_93.jpg,biceps_mid,305.45016,248.10818,-417.31128,326.22116,216.9278,-421.138,338.30762,217.37442,-421.37866,348.65442,218.02728,-421.7558,293.34045,216.31535,-400.5969,285.2892,216.07214,-400.45728,277.4857,215.92577,-400.66852,372.43683,229.75621,-348.51566,277.09875,227.86243,-247.609,327.32553,273.2008,-381.65887,289.19034,274.78308,-352.99826,470.11026,370.01917,-279.88058,215.63855,358.88547,-121.33152,570.8853,534.5417,-243.67372,175.09683,522.92334,60.477272,579.1178,699.9243,-270.30954,151.93741,682.61035,89.31859,604.738,757.22784,-278.0557,138.37132,733.476,105.211075,586.0089,757.25336,-316.31223,141.40738,727.4837,64.90152,568.2694,740.462,-280.03275,156.791,709.9714,75.57217,398.30838,688.5096,-24.584671,254.27873,680.04205,24.572058,402.90823,942.5274,-135.89133,250.29984,949.4513,13.363145,413.41034,1107.8547,261.18408,273.044,1071.9766,368.41397,413.5177,1123.2391,291.60876,285.39417,1120.5304,396.51654,413.31937,1212.1371,138.12943,247.53745,1197.4423,241.6145
mid_94.jpg,biceps_mid,323.83875,247.18402,-514.8496,346.08957,215.95882,-509.97058,358.28827,216.27846,-510.18668,368.40204,217.01776,-510.54584,311.4551,216.0746,-493.70306,303.30807,216.09558,-493.64227,295.33597,216.412,-493.85522,387.7939,228.60603,-391.53708,291.20905,228.76062,-310.6518,346.02078,272.54843,-462.63342,306.13287,272.9423,-439.68353,482.31445,373.56546,-289.30676,226.59804,355.15353,-163.70135,575.3785,534.0793,-266.3955,178.99298,521.7835,32.75858,584.76904,703.2109,-373.04138,149.41432,677.98816,48.74647,607.91425,753.22534,-395.37296,131.26622,723.2988,59.844624,589.4267,749.63794,-432.7344,137.34343,722.1474,14.175055,572.0889,733.03735,-385.1246,152.95593,704.2272,34.51182,405.6117,689.8048,-24.135944,260.06854,676.955,24.178951,392.87943,936.1818,-111.08804,252.32632,938.73944,10.311049,401.8578,1104.13,319.7818,270.0852,1084.1842,384.98837,389.92053,1078.6031,352.76212,283.11816,1132.0264,414.07654,408.3565,1199.216,176.24065,252.84813,1210.5765,220.93855
mid_95.jpg,biceps_mid,344.03064,244.1395,-473.0522,366.84235,213.85475,-467.14975,378.27216,213.28589,-467.3634,387.2029,213.34566,-467.7184,331.2627,214.686,-456.12347,323.0588,214.20006,-456.05524,315.02264,214.10928,-456.24545,405.57278,222.97304,-346.5762,308.56815,225.18338,-289.8124,366.02356,268.38416,-419.52823,324.9424,269.02158,-403.42822,493.4251,364.2931,-247.38713,240.59283,351.94217,-159.06915,576.3205,517.3067,-215.29149,181.0013,510.24643,-13.508102,576.2151,685.19775,-315.3074,155.94766,664.32227,-42.15245,592.7678,739.49615,-338.5561,146.8411,723.9885,-41.30775,573.58887,736.7718,-374.2669,148.42146,708.09937,-87.7216,557.15894,720.007,-327.18622,164.639,696.52637,-57.62671,409.46017,678.6246,-16.783636,265.24655,667.92426,16.718012,400.14124,921.8431,-167.43674,247.5155,929.9198,-46.85726,404.58868,1111.2534,204.55829,269.1975,1104.2032,304.83417,399.47598,1130.8843,231.50468,284.49667,1124.1742,331.88748,410.70285,1207.0459,57.426533,260.81888,1202.1179,149.80536
mid_96.jpg,biceps_mid,347.44315,240.98164,-342.6208,370.19485,211.78036,-336.8186,381.58475,212.60161,-337.04962,390.90863,213.5842,-337.287,334.17242,210.3042,-328.77533,325.73068,209.58461,-328.61862,317.42294,208.96048,-328.76202,411.5318,223.61505,-230.99461,310.67087,218.48679,-187.89542,370.23547,266.42798,-295.52502,327.16074,266.63507,-283.33118,486.22064,356.28754,-149.4442,244.15099,343.08124,-83.05452,569.26324,486.54953,-210.97878,186.59717,503.48633,-2.0281985,614.1432,608.1585,-409.9789,147.88449,659.21094,-64.77217,633.9599,641.18646,-435.27167,134.26451,720.9099,-68.4181,623.41516,633.2427,-473.00928,137.35573,702.9986,-107.816765,604.21515,625.4501,-424.61404,152.94771,686.86694,-78.68889,406.57193,674.69714,-10.050195,263.59897,664.3973,10.131396,386.6835,915.44714,-110.98639,247.73004,905.7252,-7.65818,401.3426,1078.74,251.63693,264.5526,1049.5061,319.80667,398.2718,1097.0249,277.19876,272.735,1089.7964,342.2495,400.85532,1179.4552,126.88038,234.00711,1164.0807,182.933
mid_97.jpg,biceps_mid,350.94376,247.56392,-276.20227,372.24872,221.10172,-273.48148,381.9226,220.96028,-273.7166,390.80777,221.11664,-274.01044,336.6058,220.13515,-269.5745,326.60046,218.79062,-269.4178,319.2444,217.91647,-269.6641,412.32394,226.64565,-170.20988,311.99954,224.10742,-144.65608,370.821,272.3362,-228.50627,331.1123,271.8903,-221.34633,482.75946,343.70676,-79.8324,246.51895,337.7425,-68.08032,563.1331,459.7112,-240.38493,180.95857,492.38733,-36.46251,586.64545,512.9022,-559.0974,146.08849,649.14154,-98.57558,603.8297,537.55817,-597.984,120.78913,683.03156,-98.33887,603.6457,519.9699,-613.0381,132.19725,684.6725,-138.25043,587.2855,519.357,-568.68695,148.05724,671.80786,-111.21991,415.55347,650.66583,0.4566164,274.92737,648.21484,-0.5302983,413.1107,880.2569,-124.8495,255.86838,879.60535,-67.811035,417.9157,1053.319,186.4328,278.56076,1053.119,199.83926,411.44724,1073.3181,209.02371,294.02795,1075.3179,219.15677,425.68344,1149.4452,76.45841,262.86124,1146.0251,74.610435
mid_98.jpg,biceps_mid,359.2076,248.83418,-260.84366,379.6305,222.23172,-255.12813,388.6173,222.08925,-255.3241,397.12595,222.19894,-255.61382,347.00107,221.04425,-255.80109,336.20816,219.35846,-255.72012,327.88306,217.95622,-255.9631,414.84222,226.31602,-143.41193,316.76285,223.85446,-143.19267,375.54932,273.24258,-211.22273,338.16406,272.6866,-212.0456,483.089,340.2243,-60.932243,243.09503,338.07242,-57.395428,568.4287,469.86707,-246.24026,179.84267,495.12808,50.878284,543.56354,402.52048,-490.34512,149.83823,650.5039,78.30552,534.1057,397.81766,-513.51245,128.60515,690.51154,104.60556,538.0995,375.91483,-482.6291,135.3353,688.357,66.9877,523.5908,369.88464,-480.3563,152.13889,672.4593,68.75356,405.7423,660.58734,-2.314166,265.2029,658.8654,2.1459727,420.14804,880.1339,-113.27452,262.59668,912.55817,-61.72215,420.28287,1046.8691,203.05228,286.444,1053.0005,243.44096,410.97543,1052.9009,227.02388,300.06253,1069.9634,268.9714,432.45908,1159.8131,101.244675,274.74664,1150.0172,152.01584
mid_99.jpg,biceps_mid,358.7922,251.18921,-251.8337,379.7632,224.22876,-247.61002,389.2577,224.04816,-247.81943,397.69418,224.38332,-248.16214,346.75616,223.43056,-244.31645,336.12314,222.23106,-244.22888,327.9411,221.22972,-244.5126,416.7403,229.3625,-134.22438,318.65457,224.39172,-111.18369,377.4312,275.993,-200.12726,339.01862,275.8706,-194.44473,487.5576,342.501,-45.850254,246.88484,335.0513,-31.8935,560.3025,480.26358,-248.06693,174.01437,500.23413,16.66657,559.6596,431.00174,-557.44275,150.2228,643.1045,-28.90923,553.93774,437.16357,-590.67426,133.68962,686.24384,-17.999943,561.46704,426.43478,-576.4764,144.55959,680.08606,-50.25931,550.1178,431.7009,-555.323,159.99156,671.01404,-38.150726,414.1171,663.632,5.4972982,268.87207,664.01587,-5.8967075,435.56415,922.1415,-223.11626,262.63657,936.78143,-170.50525,425.81488,1055.6359,226.60405,293.5951,1063.2998,222.43033,406.32376,1060.8224,265.92484,308.0528,1076.3473,259.20795,443.05966,1192.1743,150.97244,287.47003,1165.296,149.0592
up_0.jpg,biceps_up,330.8379,255.90517,-311.78986,350.88486,228.61655,-312.36237,362.06924,227.35693,-312.54675,371.127,226.38412,-312.80807,315.63455,230.02261,-309.7021,306.86038,229.4011,-309.56686,298.3497,229.0521,-309.71353,388.0573,229.79341,-222.26254,288.38733,236.19899,-203.04553,353.1384,280.48712,-269.20322,311.80075,280.03113,-263.47678,464.64984,348.4862,-135.71431,222.97516,344.66885,-141.09189,543.12714,471.04248,-181.52948,159.0088,505.83133,-96.81451,567.3031,567.6389,-406.1541,127.71755,658.31665,-188.11314,583.5062,609.1754,-446.613,102.09099,705.28125,-209.6878,556.8418,607.2444,-477.7331,120.93887,703.8462,-255.80493,538.16895,590.7643,-421.24866,136.98557,688.1009,-206.19864,398.01105,643.95123,0.16437484,252.5314,643.5596,-0.2343969,395.39273,859.48785,-134.25943,220.32169,862.6198,-90.99055,398.81793,1043.0673,134.49034,257.42908,1043.0209,131.47179,389.72665,1063.3315,150.98045,275.7175,1062.4138,144.56516,409.6134,1143.1997,28.73394,248.01529,1143.7545,9.143715
up_1.jpg,biceps_up,328.89822,259.1575,-295.4012,348.23877,227.73254,-299.5241,359.96875,226.3972,-299.74017,369.7676,225.43521,-300.0128,314.54935,230.0285,-296.6672,305.743,229.62888,-296.49924,297.30634,229.10388,-296.66437,387.09888,227.18396,-211.22592,289.04236,231.1446,-188.91864,352.92606,281.28027,-251.5487,312.70825,283.0878,-245.12347,467.26364,331.3556,-110.86758,226.44388,331.4368,-129.98512,534.08093,444.14603,-226.17844,161.85786,494.23514,-104.57185,555.0002,498.81497,-519.3328,124.8914,648.47925,-180.45958,567.1063,529.1009,-564.3638,99.01838,696.4762,-195.24062,539.8273,524.09393,-583.7607,120.492615,692.2256,-242.12979,531.9348,510.51175,-531.336,135.81526,676.753,-197.76028,401.99033,628.37476,6.9745517,261.47635,626.1891,-6.949409,407.73807,846.32446,-109.07492,247.15123,847.4051,-54.056427,402.30197,1032.7523,145.50436,273.45874,1022.4052,163.24664,390.42773,1053.8439,160.07303,288.7499,1043.3271,176.6106,415.43207,1131.9988,27.335907,261.2432,1119.0538,44.406384
up_10.jpg,biceps_up,344.96896,270.36127,-281.30612,369.5257,238.7704,-284.7659,381.45526,236.89998,-284.94632,391.50024,235.53297,-285.24142,334.1236,239.88843,-275.29288,325.48755,237.97556,-275.15262,317.61798,235.82591,-275.36328,410.9632,237.83363,-182.26373,312.9848,237.85846,-132.07765,367.28625,293.57123,-230.55899,327.01785,289.7384,-216.64899,485.0853,357.2897,-79.1481,239.42744,336.27057,-38.256485,531.7324,507.97308,-173.31396,168.20131,490.9118,47.180107,503.65735,523.2281,-420.54617,141.47627,648.74084,-19.337517,494.6106,533.75116,-458.84256,130.61578,697.39465,-29.417185,492.50217,508.85156,-457.82767,143.0515,694.36414,-66.36108,484.27045,507.33984,-422.9932,154.07423,675.2797,-33.003563,413.2274,673.9794,3.362638,261.47137,672.5771,-3.413317,423.835,936.0359,-109.82835,258.29108,921.4127,-67.54488,419.85913,1076.6335,233.67574,267.14136,1098.8577,190.05836,400.9688,1083.5121,259.3218,278.1303,1121.2303,209.45573,437.49997,1208.014,101.20115,256.2659,1195.5101,37.198025
up_100.jpg,biceps_up,315.2366,149.35925,-139.79018,301.6625,130.18848,-121.62048,299.53772,129.63356,-121.62245,297.15897,129.00119,-121.64938,300.21967,130.52585,-181.90048,297.29172,130.18237,-181.83092,293.999,129.85924,-181.89801,273.07614,136.5406,-9.424179,272.30716,138.28098,-279.933,308.2845,164.86778,-89.7184,305.7499,164.40155,-167.2401,249.22267,239.82092,174.51137,248.58026,238.23343,-394.91403,250.68826,370.026,224.60152,242.59033,387.19165,-365.03027,293.3345,424.93896,86.1866,331.01062,437.19568,-129.56857,309.41913,453.73874,59.470436,350.09586,454.55127,-145.7218,311.8548,444.6675,33.973995,362.36847,440.98383,-146.05046,307.71246,438.32016,64.96474,351.7689,435.906,-121.11043,262.42563,499.99802,169.20201,268.23593,505.6757,-169.11278,254.01752,680.77856,303.23795,265.69284,702.729,-66.112175,233.74533,842.98047,470.60992,222.20985,885.0632,129.76573,215.81027,873.3538,478.56522,199.39716,919.68475,143.822,289.33295,868.5759,402.09662,278.23773,911.6324,23.501524
up_101.jpg,biceps_up,316.90854,788.1825,-112.37785,303.86386,773.49176,-94.52088,301.46933,772.7577,-94.61725,298.90488,772.08655,-94.76074,302.46536,774.272,-146.84488,299.30447,774.0494,-146.86641,295.86993,773.90436,-147.00648,275.29257,779.4957,-5.5190153,272.53238,781.01086,-241.98935,309.6247,803.64984,-72.456375,307.14633,803.7429,-140.40099,248.11243,883.4446,131.50647,243.45012,883.5718,-330.54626,242.01068,1023.51294,211.35953,252.78293,1042.2666,-347.06628,309.75723,1090.5668,179.49065,364.6221,1087.1232,-260.9729,326.661,1107.0275,172.04865,389.6267,1108.2788,-291.05783,330.51688,1097.7688,146.5421,402.35196,1091.0441,-282.9553,324.4016,1092.5876,164.48285,392.7151,1083.071,-254.37901,258.03076,1130.8318,130.93752,268.86865,1138.7869,-130.85048,263.83884,1293.3204,258.77075,267.65768,1301.0552,-22.365547,248.76651,1447.4724,458.9396,251.44788,1464.2877,174.62236,232.74957,1476.4594,472.1745,231.60548,1493.136,191.15472,297.79483,1471.0349,415.3172,309.67413,1484.3125,96.49434
up_102.jpg,biceps_up,316.4245,785.5377,-151.33757,302.25336,769.85565,-134.57413,300.21445,769.277,-134.64075,298.02866,768.7346,-134.73044,300.3896,770.65137,-185.59041,297.3079,770.607,-185.61955,293.90985,770.67206,-185.75331,275.83054,777.7411,-41.286484,271.30862,780.1706,-271.50076,310.0525,801.2811,-110.040955,307.1386,801.5044,-176.08902,257.5247,883.33044,108.81341,241.63783,889.1991,-348.72733,259.88785,1009.537,201.32181,256.15436,1043.4514,-330.429,330.7972,1067.6248,150.48875,373.5529,1059.4131,-201.20833,348.54636,1081.93,137.07896,396.84564,1071.529,-223.37396,353.29785,1070.4296,110.42834,401.2789,1056.3938,-220.61444,345.4465,1065.6284,133.82257,393.43268,1051.661,-194.5871,267.3474,1127.212,124.27222,266.70993,1136.9253,-124.0575,275.95804,1289.3562,275.56824,268.71622,1298.3624,-5.8596935,260.82135,1438.7627,487.03763,252.737,1458.2794,207.59703,246.39445,1466.2311,500.35657,234.70773,1486.1628,225.26521,307.0875,1465.3931,430.248,307.1149,1483.0867,116.45415
up_103.jpg,biceps_up,316.89127,790.298,-154.72424,304.1386,774.32446,-139.00752,302.15247,773.6293,-139.07498,299.9586,772.9436,-139.1744,302.38055,775.08997,-188.81973,299.31683,774.90265,-188.8425,296.02487,774.79254,-188.95212,276.06842,780.81616,-47.254116,271.8563,783.37537,-272.27325,310.17783,805.1606,-113.76847,306.89783,805.0897,-178.29164,256.742,885.20966,98.30983,241.48007,892.0423,-338.2322,258.29282,1019.4822,193.1126,255.54204,1046.9935,-305.06055,334.28574,1039.2197,140.14178,374.81168,1041.0654,-169.83002,353.16336,1054.4846,125.56066,396.84836,1050.1372,-189.56789,356.33234,1037.5934,96.997345,401.821,1035.5659,-185.2429,354.29315,1033.7037,122.87712,392.92908,1031.1333,-162.70009,268.98703,1126.0305,119.10473,263.6339,1136.3749,-118.833466,272.87045,1287.9575,256.80566,287.9652,1310.574,-16.989124,255.3414,1437.6178,458.67816,244.48622,1458.0676,179.93053,240.8362,1464.0272,471.54703,225.09596,1484.064,196.55771,297.47583,1465.5883,406.98865,289.98175,1484.5815,96.92076
up_104.jpg,biceps_up,315.81305,788.8325,-149.38799,303.83887,772.1437,-133.04945,301.98758,771.7938,-133.14427,299.89566,771.3867,-133.26375,302.21283,772.6773,-181.46399,299.37488,772.6306,-181.49034,296.24725,772.5343,-181.5806,275.81912,780.3537,-39.364326,273.867,781.43555,-257.7826,309.93488,804.3811,-107.84404,307.12415,804.0835,-170.41962,250.77777,886.9685,92.16093,243.9164,889.1863,-318.53107,249.21155,1015.5957,150.41743,253.82538,1039.7008,-267.71594,330.36063,1030.727,58.039764,368.8591,1029.7091,-98.373566,347.2955,1042.8743,36.175697,395.42126,1036.2334,-112.62903,360.114,1025.4199,9.553072,397.4875,1019.61743,-105.68337,347.744,1024.2,40.198925,386.89725,1016.9835,-89.69989,261.89597,1128.4994,114.417145,263.92712,1135.1969,-114.2466,264.347,1289.2255,252.93634,267.81042,1300.0669,-2.8355703,246.28647,1437.6124,445.76392,242.15135,1451.601,199.04564,231.1318,1463.3118,458.60654,225.01315,1478.0096,216.7515,287.02783,1463.7946,398.79947,286.79922,1473.4949,129.52802
up_105.jpg,biceps_up,315.94522,788.3939,-149.8985,303.07803,771.93634,-134.8213,301.18704,771.55273,-134.88867,299.21082,771.1621,-134.98079,301.38016,772.7473,-182.94672,298.60516,772.9369,-182.9707,295.49527,773.1283,-183.09276,276.11835,780.3839,-43.496685,272.4353,782.2776,-260.0844,310.29825,803.9017,-109.31692,307.0541,803.7387,-171.46715,260.2705,885.6111,93.32543,241.71036,888.9865,-319.55582,263.9813,1007.96625,164.83867,252.5855,1035.679,-263.5984,335.3989,1023.30383,69.90643,362.146,1017.62213,-93.75577,356.47137,1025.8872,46.851303,389.90985,1020.819,-107.10313,368.72845,1007.90216,20.690563,389.06125,1003.9208,-102.63515,356.98248,1006.0626,51.977413,379.73187,1001.0584,-85.43855,268.2259,1120.8519,114.41279,263.03494,1130.6991,-114.27366,267.5806,1283.9019,251.86765,263.3173,1289.9326,-2.0581288,248.1201,1429.4391,451.1155,242.47186,1441.7883,207.17694,233.62665,1454.6609,463.92947,224.91946,1467.822,225.09485,288.85516,1457.1082,396.27728,286.81668,1467.0503,129.44054
up_106.jpg,biceps_up,315.80014,790.829,-169.29593,303.3843,774.5237,-156.17981,301.57806,774.0502,-156.2457,299.47668,773.50433,-156.32994,301.32004,775.1755,-202.69934,298.34283,775.0963,-202.74805,295.02905,774.961,-202.89932,276.89557,781.59863,-66.601494,271.17038,783.0942,-275.74664,309.2633,806.369,-129.07648,305.7229,805.8297,-189.0353,265.24808,885.71484,64.81075,235.98415,891.4587,-319.41852,273.02344,1008.63165,129.67793,252.84607,1040.9578,-249.6661,334.49713,1019.64954,16.543581,361.5108,1007.61255,-70.41494,353.80215,1030.3995,-9.305302,388.18973,1007.6831,-79.714264,359.63385,1015.93567,-31.97718,384.8927,990.62616,-75.56342,351.11325,1002.84326,-0.13675626,375.28473,989.36707,-61.556675,275.37286,1124.5293,102.293365,258.91553,1131.7496,-102.110664,272.0592,1282.517,247.8488,260.0019,1287.9587,17.487612,251.1494,1420.1284,455.08707,242.25752,1433.7598,232.64383,237.17766,1443.8503,468.96127,226.77942,1459.0518,251.41785,288.36908,1449.6758,399.86243,285.94196,1461.1489,154.26108
up_107.jpg,biceps_up,315.0698,788.0496,-167.23389,301.9912,772.9123,-152.89586,300.0818,772.223,-152.90762,298.03296,771.5768,-152.952,299.8274,773.43677,-201.85165,296.61688,773.0944,-201.89581,293.21216,772.8308,-202.01878,275.68658,778.3816,-56.605457,270.24326,779.619,-276.14603,308.83673,803.06006,-124.49712,305.4488,802.37885,-187.53941,264.7224,882.0054,84.46472,236.01787,890.40454,-325.0689,286.155,1022.868,109.67786,253.65854,1044.2767,-240.93372,339.56152,1006.9897,-68.66629,358.3361,997.25586,-17.266361,354.63785,1018.105,-98.61445,383.77493,992.8457,-17.402761,363.0446,991.7431,-112.23224,380.14545,977.44934,-15.578452,350.90082,991.3042,-83.44211,370.06497,976.8312,-7.3149076,269.7714,1127.2643,110.591705,260.80887,1133.9985,-110.51103,269.62424,1292.0876,248.35934,263.04517,1297.2203,3.9588025,248.9668,1435.0226,446.51154,241.7829,1448.2383,209.99463,234.57193,1460.2383,459.36313,225.2035,1475.2659,227.99292,289.54355,1462.7542,390.67667,286.82935,1475.6671,131.05641
up_108.jpg,biceps_up,316.92322,791.2616,-154.16656,304.30066,775.63074,-139.40709,301.904,774.60565,-139.40741,299.25577,773.5582,-139.44742,302.34564,776.2615,-188.8591,298.96478,775.6886,-188.89296,295.3952,775.09,-188.99327,274.90134,778.97046,-42.192425,271.38242,780.11383,-263.73608,309.3926,806.93604,-111.27601,306.21912,806.3965,-174.90584,263.65576,881.46454,100.63236,234.19153,891.5764,-318.2301,289.5655,1022.0542,114.71672,252.62418,1044.78,-228.88043,336.05865,1014.7184,-76.27218,358.5867,996.9278,9.370221,348.55157,1013.8486,-106.15122,384.65054,992.72363,13.502461,361.55066,990.9773,-114.07174,380.7983,976.2897,11.300034,348.95212,990.6412,-89.1397,370.3282,975.6393,18.475834,271.90485,1127.9446,112.15773,260.70886,1135.8333,-112.07736,272.53183,1295.7751,239.93192,262.77298,1299.4114,0.5640038,250.39813,1441.809,421.39447,242.07971,1453.0796,193.85834,234.90588,1467.7549,433.02664,224.83997,1480.7452,211.01257,294.53696,1469.0614,366.40503,291.66113,1480.0677,115.68921
up_109.jpg,biceps_up,314.8782,791.21045,-159.52034,302.39648,775.5097,-144.0771,300.15833,774.49817,-144.04973,297.7432,773.46265,-144.06161,300.18576,776.1305,-193.6015,296.73694,775.55164,-193.63864,293.25055,774.9464,-193.73851,273.8415,779.0576,-42.83074,269.8479,780.19196,-264.3163,308.12604,807.0343,-115.40213,304.74472,806.8055,-179.10426,262.5853,882.8782,101.645294,235.38869,892.9679,-321.55185,276.21448,1019.0724,77.40652,254.76176,1045.4498,-226.58769,334.92032,1013.3192,-160.44913,359.45993,991.3437,29.616684,349.25894,1008.29395,-195.4802,381.70084,987.2235,37.298447,353.81427,996.1606,-196.51189,375.08447,966.14514,32.207653,343.74222,998.32886,-171.71158,364.70734,970.5655,38.57383,273.20862,1127.7866,114.723816,264.72992,1136.0117,-114.72412,275.1054,1278.2129,247.07533,264.59872,1299.1484,0.17012379,252.87813,1437.8644,436.62543,245.74442,1450.8452,198.60335,237.6347,1464.2382,448.9634,228.11406,1479.4391,216.11012,298.15292,1464.391,383.2771,296.91763,1477.9308,119.59053
up_11.jpg,biceps_up,335.1676,267.21243,-282.37018,357.90808,236.47289,-289.81042,370.12894,235.42593,-290.01004,380.4079,234.83318,-290.35107,324.86682,236.51637,-273.44998,316.072,234.99475,-273.32144,308.52386,233.68541,-273.6073,401.44604,238.12236,-203.66104,306.88666,236.88365,-121.199715,359.3304,293.0546,-238.3581,321.08698,288.9528,-215.30943,495.1778,359.95117,-104.09164,238.36424,337.33026,-26.908747,549.26056,523.68195,-251.85965,167.11987,509.21722,57.219837,521.8055,500.88547,-525.5182,147.74524,668.83655,3.8193405,510.8288,497.67917,-560.8741,128.57909,716.4803,8.731602,512.77997,470.3934,-543.3354,142.29427,712.84076,-24.224447,503.46622,474.0489,-519.85815,156.49962,694.92487,-6.8914547,416.57755,682.58875,-4.271381,261.0737,678.51263,4.1581483,419.73813,945.57355,-134.78728,257.03125,949.3588,-69.37575,415.6189,1083.3325,248.7594,275.33713,1089.6124,252.68846,396.74023,1090.7659,279.014,281.0912,1128.1858,280.0315,424.60568,1229.3132,120.79406,262.44342,1213.6869,120.7336
up_110.jpg,biceps_up,314.98657,792.151,-158.63525,302.8879,776.14246,-143.271,300.68304,775.10754,-143.25117,298.24072,774.0487,-143.25475,300.5792,776.8087,-192.69402,297.06964,776.255,-192.73831,293.52145,775.7004,-192.86497,274.89465,779.5825,-41.943745,269.91248,780.8583,-263.07184,307.75946,808.2132,-114.60145,304.28497,808.071,-178.24419,263.68335,883.55524,102.818695,234.64648,893.082,-317.95883,296.70395,1028.9902,65.48366,255.37572,1043.8514,-226.79076,334.6068,997.8523,-191.93353,358.3213,987.9186,20.771809,351.3942,996.2189,-229.24438,380.99487,983.77496,27.427334,360.99335,979.967,-228.64117,378.093,964.01807,24.663435,350.6706,979.5578,-202.91505,368.56497,964.6442,30.77544,272.96503,1128.8481,113.74546,262.97275,1136.0674,-113.7366,275.2499,1284.767,235.26852,265.46188,1298.6868,-2.9248772,253.26564,1441.2043,424.47073,245.28368,1452.8271,202.20772,238.31686,1467.2544,436.1566,227.96092,1480.9655,219.55148,296.24622,1468.8019,361.78516,294.01917,1481.9305,117.1333
up_111.jpg,biceps_up,314.3123,792.6397,-160.01187,302.4501,776.50085,-144.77705,300.28662,775.45874,-144.75807,297.90427,774.381,-144.76347,300.09427,777.15393,-194.48546,296.6004,776.59045,-194.5298,293.06577,776.02344,-194.6544,274.77454,779.6852,-44.053314,269.48563,781.05237,-266.6051,307.02356,808.71704,-116.113045,303.50833,808.57935,-180.15033,263.11887,883.5381,101.29766,234.62646,892.97375,-321.52457,276.8891,1019.3433,72.227104,255.51082,1043.4934,-230.14008,334.31003,998.15247,-176.27896,358.553,987.88885,15.801707,350.83786,996.34656,-212.4161,381.4752,983.4295,21.80158,360.8681,979.8853,-213.79579,378.34683,963.8769,19.376913,350.6994,979.6319,-187.83437,368.7239,964.56165,25.793146,272.47986,1128.5598,114.16482,263.06418,1135.7251,-114.14956,275.26105,1280.2312,237.19304,265.44995,1298.5187,-2.054283,252.77762,1440.126,425.63474,245.3802,1452.009,203.24199,237.77165,1466.1176,437.32083,228.17912,1480.0275,220.70863,295.8946,1467.6956,363.9123,294.42798,1480.8757,118.96707
up_112.jpg,biceps_up,313.63168,792.6996,-156.89444,301.77176,776.72534,-141.92783,299.73215,775.74426,-141.9101,297.49127,774.7378,-141.91852,299.3414,777.2992,-190.99062,295.91766,776.738,-191.03477,292.37543,776.18665,-191.16365,274.71744,780.2285,-43.094418,268.93423,781.56244,-262.62747,306.83478,808.7686,-113.79023,303.29257,808.5486,-176.94412,263.53372,883.4319,101.620186,234.67522,893.0194,-318.17358,277.94223,1018.0083,76.33248,256.4027,1043.5581,-226.86806,334.22266,998.0036,-166.53096,360.08792,989.8391,14.616757,350.04562,1000.3921,-201.69754,384.89935,984.1663,20.1877,359.849,979.32623,-203.45467,378.80884,964.5631,17.98931,350.08148,979.35724,-177.98955,369.5256,967.721,24.570017,270.4906,1128.679,113.26344,261.1647,1135.8279,-113.23909,271.4167,1279.2063,234.2527,263.0872,1296.1465,-1.3146312,252.44983,1437.9224,419.8125,246.26552,1450.8516,202.36128,237.65245,1463.7185,431.35303,229.29782,1478.7334,219.73935,295.74316,1465.6139,359.41574,296.42224,1480.1572,118.92518
up_113.jpg,biceps_up,314.6279,792.6664,-154.11423,302.87372,776.81213,-138.54051,300.6822,775.80493,-138.51532,298.28882,774.7509,-138.52174,300.67838,777.3505,-187.98305,297.30484,776.7395,-188.02869,293.88364,776.1032,-188.13231,275.26157,779.7245,-37.240967,270.64383,780.92926,-258.356,307.45004,808.8116,-110.04863,304.16556,808.4796,-173.64113,263.4781,882.60406,108.088135,233.9361,893.05884,-315.93338,277.6758,1018.53,80.33343,253.90424,1044.9678,-223.79173,335.83868,1005.8058,-161.36588,360.05396,991.1557,25.71283,353.93164,998.7147,-196.12762,383.3287,987.90564,33.328007,363.3573,982.3572,-197.64551,380.61218,967.7335,31.070974,352.82306,981.7779,-172.86913,371.31155,970.34576,35.839962,274.47247,1129.8002,114.41785,263.1855,1137.8787,-114.378105,276.45746,1296.4976,238.87944,265.19742,1299.9807,-1.825556,255.07199,1442.34,426.74625,245.43959,1455.5032,196.64163,239.8785,1468.7654,438.56323,227.91367,1484.5336,213.59087,300.01758,1469.4241,367.6255,296.05896,1482.9174,111.97867
up_114.jpg,biceps_up,315.5175,792.96027,-148.16423,303.07083,777.13245,-133.29478,300.8423,776.10846,-133.2976,298.42007,775.0482,-133.32642,300.8405,777.6404,-183.48004,297.42535,776.994,-183.50981,293.96478,776.3577,-183.60521,274.6556,780.182,-35.338017,270.39392,781.3373,-260.12488,308.03812,808.6769,-104.854385,304.56226,808.2415,-169.41164,262.05652,882.5671,106.26516,232.76279,893.1625,-317.30826,274.9792,1012.467,114.67487,253.0519,1044.0183,-231.6162,331.122,1006.12036,-86.15433,358.86404,995.98114,2.2103503,346.56656,1016.45544,-116.744995,385.03983,991.2918,5.2380795,360.28912,989.6353,-126.36142,381.56384,974.74695,3.8314068,348.4391,989.36523,-99.91327,371.10812,974.11194,11.628348,268.6201,1129.6677,114.24302,260.3513,1137.4089,-114.146416,270.56226,1297.7203,239.98567,262.84012,1300.1715,-6.2115145,247.58755,1444.8972,421.07364,240.37857,1455.0476,184.26888,232.0206,1470.9803,432.44943,222.70158,1482.2734,201.06577,290.71194,1472.4575,366.28394,287.6445,1482.7656,107.35427
up_115.jpg,biceps_up,316.2639,788.3099,-162.82787,303.4855,772.6501,-147.95477,301.62976,772.088,-148.01746,299.60327,771.48816,-148.09401,301.42838,773.5276,-195.64886,298.20123,773.5155,-195.69174,294.838,773.5184,-195.81895,276.68512,779.94415,-55.92182,271.26233,782.3865,-270.69742,309.87128,804.133,-121.98709,306.47797,803.6803,-183.59247,263.4844,882.52124,78.96298,239.11876,888.2779,-321.47208,263.078,1016.96564,141.47147,251.85258,1040.7461,-257.22635,337.29932,1020.2212,28.336348,360.0864,1006.5586,-78.80633,356.4111,1024.2048,2.411739,387.52457,1008.307,-89.569565,366.48138,1005.5487,-21.535852,385.94662,989.3795,-84.27177,355.8303,1003.80133,10.878162,376.1465,987.4456,-69.64432,269.79715,1124.9373,110.63948,260.89255,1132.5417,-110.483025,269.65106,1285.4747,268.08206,262.13058,1291.3031,21.203575,248.96307,1427.4084,482.26135,242.54585,1442.0762,243.96234,234.06674,1452.0806,496.67764,226.04369,1468.2887,263.4519,290.45874,1455.3855,427.90927,289.74268,1468.2362,164.78766
up_116.jpg,biceps_up,315.53806,790.40845,-163.73573,302.88092,774.2908,-148.46933,301.07053,773.84827,-148.54045,299.09546,773.3739,-148.62457,301.211,775.1509,-196.99864,298.28802,775.2375,-197.03804,295.11374,775.3033,-197.17062,276.39276,782.42163,-54.823704,271.3263,784.3822,-273.44818,309.71005,805.877,-122.17325,306.33356,805.5871,-184.93788,263.61713,886.78467,87.624405,237.63274,891.2932,-330.26746,265.6382,1011.5549,169.11868,251.80547,1041.5178,-281.099,340.25052,1016.12006,73.84458,363.30795,1014.55444,-128.678,366.89642,1024.561,52.007133,393.24756,1017.4874,-145.80228,369.48044,1006.5778,24.306797,390.41895,999.5099,-139.38492,364.40518,998.2035,55.54059,380.05563,994.70776,-119.87549,270.85385,1125.3721,114.5804,262.01575,1133.5531,-114.41431,269.57452,1285.3135,264.57797,262.75516,1290.8289,8.8038645,249.20209,1430.0206,475.33588,243.68047,1444.6462,228.48631,234.36261,1455.0543,489.26724,226.35944,1470.6741,247.2365,291.31415,1458.6033,418.93924,290.81647,1470.9509,146.67157
up_117.jpg,biceps_up,316.7726,790.4349,-156.63107,304.57797,774.4695,-140.46193,302.58954,773.90625,-140.53801,300.24414,773.3042,-140.6351,303.1184,775.0134,-189.70221,300.2759,774.76245,-189.74672,297.2044,774.48193,-189.86119,276.9087,780.67786,-45.450836,273.94293,781.8847,-267.467,310.10495,805.3578,-114.63721,307.31134,804.9356,-178.27592,257.76584,886.64923,93.80219,241.50262,888.5856,-328.7639,263.29507,1013.9023,151.64413,252.50835,1037.4644,-273.05078,338.0652,1029.4152,43.22582,369.88168,1026.0753,-96.8374,357.78354,1040.3801,17.67107,396.51007,1032.4255,-109.80454,369.8222,1022.8096,-9.970792,396.85544,1015.6009,-105.550934,357.7294,1020.84564,24.161684,387.91965,1012.69055,-88.60439,267.59424,1126.6954,117.31341,262.3781,1133.8909,-117.15241,269.343,1289.0886,254.36804,263.94293,1296.7927,-7.6204386,250.69281,1436.9468,456.31778,238.78471,1450.2024,201.10152,235.99823,1462.1056,469.28006,220.79018,1476.1864,218.8875,291.8086,1465.3696,401.51505,281.62604,1475.8303,122.34716
up_118.jpg,biceps_up,314.6388,788.4085,-155.79816,300.95184,771.80286,-139.65393,299.20148,771.4265,-139.71771,297.18466,771.03265,-139.8202,299.18985,772.5638,-189.4052,296.4302,772.70325,-189.43167,293.32452,772.89075,-189.52542,274.10928,780.3516,-47.03296,270.2133,782.79565,-271.0772,309.26685,803.7228,-114.584595,306.19196,803.7495,-178.83603,256.6701,886.2471,99.03544,242.41428,892.2522,-339.51517,269.16675,1010.63074,185.46167,256.88632,1039.4926,-295.03772,331.48138,1040.3615,122.79516,373.00568,1039.8228,-137.27185,351.2272,1048.9132,105.780464,395.3629,1048.7147,-154.88383,353.15845,1033.5104,78.79869,399.70795,1032.9899,-150.82658,350.89816,1030.0056,105.70031,390.22205,1029.1763,-129.85948,265.4942,1124.4028,120.003716,263.1293,1133.4785,-119.80166,270.3168,1287.152,268.1096,280.9243,1306.1359,-1.7201353,255.30197,1436.4639,481.95868,242.96599,1454.596,213.04375,240.99303,1462.7261,496.15216,225.12556,1481.5753,231.31502,298.85532,1462.7601,428.5563,288.8332,1478.0292,128.92482
up_119.jpg,biceps_up,317.3593,789.0984,-153.81555,304.6365,773.0289,-136.9748,302.732,772.5536,-137.05873,300.51926,772.0598,-137.1771,302.9301,773.68115,-188.17482,299.98517,773.5776,-188.21179,296.81293,773.4811,-188.32532,277.6351,780.07904,-41.708225,273.03445,782.2185,-272.8249,311.19174,804.7294,-111.42834,308.0452,804.3491,-177.7194,255.85373,885.7559,102.00677,243.00374,887.6304,-342.93823,260.89966,1021.33496,179.9679,253.27167,1040.4154,-313.58194,327.52307,1054.2965,116.32395,373.3453,1046.2975,-164.46162,344.52484,1067.4757,100.68769,397.61087,1054.7592,-183.48863,346.93692,1053.2048,73.04357,401.20044,1039.308,-177.74825,345.2235,1049.9618,99.004425,392.68707,1035.2554,-156.6841,264.46133,1129.7178,123.1786,264.5219,1135.7411,-122.95634,265.35123,1290.0476,262.3159,266.271,1293.2737,-17.270824,247.50339,1440.3252,465.2678,241.1582,1460.1372,183.61311,232.58058,1466.725,478.49966,222.78894,1486.6669,200.68683,289.52127,1468.5823,415.32443,288.7453,1485.0378,101.71465
up_12.jpg,biceps_up,330.88702,266.0366,-281.02795,352.45615,235.26248,-282.41092,364.58514,233.93295,-282.60907,374.60468,233.16534,-282.93475,318.69794,236.49127,-274.93796,309.91898,235.45403,-274.84225,302.52136,234.51054,-275.15482,394.32254,235.90112,-180.29515,297.95944,237.2914,-137.64445,354.66397,290.23685,-232.54376,315.63773,288.6506,-220.93727,479.80753,343.87833,-60.830666,233.78143,343.60504,-62.53567,585.93665,458.01614,-248.95679,164.95811,515.90967,-4.4505434,569.5827,446.2143,-539.00146,152.68146,672.7058,-36.542477,564.8399,441.40753,-569.68823,138.7441,712.48285,-23.733694,561.49194,421.01715,-547.9029,156.39911,708.4453,-54.129677,550.3666,427.03296,-533.5682,168.19582,698.9081,-43.2817,402.46497,673.9014,6.4235935,257.29364,671.0006,-6.61571,417.49472,913.4183,-172.90846,252.67134,929.8133,-138.67351,407.711,1084.6066,201.85847,269.5252,1073.8534,214.68417,384.5765,1071.4178,231.66675,282.31366,1090.1671,245.57436,420.3822,1194.5056,97.130615,260.14682,1175.122,113.168274
up_120.jpg,biceps_up,314.99448,788.11084,-141.1012,301.45172,771.35986,-125.099365,299.72488,770.9813,-125.18687,297.8642,770.6312,-125.308365,299.28397,772.1587,-174.30954,296.1193,772.2501,-174.35388,292.6339,772.4231,-174.49193,274.85306,779.6239,-36.073624,268.6922,782.22955,-258.15875,309.4283,803.90125,-101.09534,305.99332,803.6693,-164.78235,254.79512,886.3065,100.64802,241.1608,886.9738,-329.33618,259.8428,1022.2867,176.05325,250.67712,1046.3594,-313.67148,323.42236,1065.5652,119.80366,368.8222,1071.755,-192.9868,343.1682,1098.8865,104.41802,390.29938,1086.061,-213.52864,346.19348,1088.9965,80.49111,398.38083,1073.0916,-211.28363,338.31796,1083.7559,104.328705,389.92905,1066.8558,-187.08734,263.24796,1130.2703,117.70409,263.83157,1137.7015,-117.55263,267.54538,1292.665,249.63693,266.23538,1299.4543,-9.665386,250.46579,1442.4513,444.97452,242.09818,1461.5403,186.03513,234.94763,1469.7688,457.46054,223.2172,1489.8969,202.43251,297.08188,1470.028,395.92307,296.66043,1484.6437,103.34074
up_121.jpg,biceps_up,316.20602,150.58246,-170.92668,304.07712,132.07141,-152.80875,301.9264,131.30577,-152.82034,299.5295,130.54782,-152.83249,302.31305,132.40329,-211.46664,299.2591,131.85745,-211.42514,295.904,131.35742,-211.50188,274.75754,137.20715,-38.80483,273.3856,138.70407,-302.60944,308.95618,166.03867,-120.089806,306.2166,165.47607,-195.76396,247.90659,239.17697,134.38876,246.5656,239.24225,-403.01465,253.55984,364.85223,190.11594,242.58907,385.09384,-369.7868,299.8846,432.4121,57.27387,333.98624,426.8106,-144.9925,312.9232,450.72586,30.418453,355.41394,443.58914,-161.90804,312.84616,428.08017,6.495264,362.64832,430.60684,-162.9504,310.80872,435.85983,37.402115,353.20587,425.47003,-137.50357,262.32272,494.47424,163.54419,267.06763,499.7096,-163.57188,261.2198,664.54865,336.04498,260.48566,686.4934,-11.046109,242.00201,822.52734,539.3046,226.62646,861.65576,227.51323,223.39389,852.6832,552.01794,204.84781,894.68506,246.34573,300.8105,847.7646,479.86688,288.17914,888.4077,134.59659
up_122.jpg,biceps_up,317.7688,145.14148,-118.042175,304.17194,127.30461,-96.42954,301.82254,126.83636,-96.4749,299.41214,126.348495,-96.513885,302.62482,127.982254,-157.94379,299.50107,127.9657,-157.96945,296.306,127.969246,-158.0557,276.6196,134.97525,19.358232,274.38242,137.49779,-255.9982,311.51303,161.55159,-67.90925,309.12247,161.37108,-146.8339,245.89981,239.43169,206.6435,252.87985,238.00418,-383.56143,252.5967,374.22836,244.07442,247.19435,393.1058,-366.52347,298.77478,438.8878,110.333534,332.61798,447.58508,-154.86247,311.30618,453.5973,88.54971,350.36453,465.43494,-174.23517,313.00525,449.76425,59.378025,364.04538,453.12195,-169.5453,311.96167,439.45285,87.79626,353.64072,445.66022,-145.06609,259.27298,500.61478,175.34329,266.64893,504.0465,-175.2277,255.93983,691.7752,245.49765,268.63724,713.2577,-133.98018,237.40318,861.86395,360.5813,229.17722,910.52576,1.834595,220.20288,893.1908,362.27023,204.78279,948.41736,7.297399,296.83466,884.49347,280.57544,295.24948,935.0439,-129.83545
up_123.jpg,biceps_up,316.5404,141.16829,-117.358444,302.95386,124.38885,-95.69362,300.817,123.999825,-95.72571,298.55344,123.55194,-95.76515,300.94724,125.03742,-159.83847,297.77637,125.09003,-159.82333,294.54214,125.16228,-159.9347,275.62228,132.24747,20.771278,273.59653,135.20561,-266.63937,310.80795,157.73724,-66.59247,308.15753,157.75047,-149.00948,244.54697,237.97736,215.49356,252.1328,237.11816,-402.72485,242.80586,376.3775,248.39485,247.46747,389.74963,-397.82242,300.10236,446.02594,108.00176,327.89972,457.67197,-193.49918,311.73428,479.03152,84.82439,344.36783,479.64563,-217.50343,304.4922,464.2981,54.64602,358.94867,467.379,-212.35341,305.43536,451.6983,84.44147,348.80557,459.4733,-183.804,259.85886,500.37543,184.59012,267.05252,506.4124,-184.4389,267.03583,698.5095,246.39845,279.79147,718.43225,-149.39604,258.16837,868.9586,363.35498,236.38115,912.4655,-8.181076,241.97125,900.5234,364.097,211.18343,947.7881,-2.1122162,318.28513,891.6426,271.71704,299.8505,940.94604,-143.4296
up_124.jpg,biceps_up,315.1705,141.53343,-97.59279,302.32565,123.30433,-78.11647,300.6007,123.23387,-78.18321,298.5934,123.02986,-78.25702,300.0531,123.86524,-134.64372,296.99332,124.14963,-134.60498,293.50766,124.3198,-134.61159,274.47403,132.26234,29.27603,271.05185,134.49475,-223.44177,309.572,158.99033,-50.389706,306.2607,159.1943,-122.8996,250.31795,237.32098,200.22368,249.19798,236.27914,-345.46036,251.3317,374.65363,230.7832,245.06366,389.6182,-356.3943,283.5589,458.30768,112.08405,317.25186,483.95157,-199.1309,295.4456,485.5478,93.283936,329.75995,508.44974,-222.40897,298.77075,482.11566,64.216125,341.171,497.56305,-215.38318,295.77875,469.62866,90.76645,337.09967,492.2421,-189.95978,262.90985,494.90076,158.28458,263.08313,498.8341,-158.13405,255.61162,684.0069,208.49083,264.35925,697.7821,-128.52557,238.39856,848.177,304.851,218.36652,889.8274,-13.010721,221.42305,878.36475,306.16324,193.18878,925.5172,-7.8518834,295.2023,871.17944,233.48376,279.85873,918.2746,-131.22618
up_125.jpg,biceps_up,316.51953,141.12175,-106.04815,302.99292,124.10999,-85.62412,300.6291,124.16309,-85.64973,298.28848,124.20803,-85.67221,301.53818,124.868546,-147.29694,298.47052,125.384674,-147.26978,295.38498,125.905685,-147.38141,275.6748,135.14316,24.795065,272.3427,138.60089,-252.61504,311.21323,159.81915,-57.527718,309.12814,159.55765,-136.91704,247.13065,239.17215,211.27,252.57504,236.8325,-380.1634,246.28116,380.59363,262.74054,251.4235,386.60913,-411.6015,288.3404,470.84406,133.467,316.7105,487.73126,-291.79166,298.60532,492.30133,115.97299,328.84964,515.1006,-327.1982,302.84454,488.85413,80.70993,341.17493,505.91925,-322.75754,301.6236,478.04257,109.306305,336.84094,496.14264,-284.67728,264.03836,489.24405,170.60089,274.24554,492.9303,-170.62717,260.70734,682.6293,195.30943,279.93567,685.244,-160.07361,250.62503,857.17114,277.97208,242.06384,887.3634,-47.166733,235.33023,888.2797,276.69043,219.79369,923.9064,-43.4191,305.1632,881.0386,181.64963,300.9336,917.7997,-178.24007
up_126.jpg,biceps_up,314.1298,137.66975,-84.743996,299.35022,119.93343,-63.835423,297.3664,120.1997,-63.879402,295.21677,120.409164,-63.88883,297.8726,120.51739,-121.79465,295.21185,121.174736,-121.79175,292.29346,121.77868,-121.82774,273.48697,132.16652,48.14995,271.04126,134.9303,-213.1694,309.97922,157.15091,-36.385612,307.88535,156.82935,-111.34342,246.58344,238.35849,234.7759,253.15701,233.64606,-349.87216,246.43973,379.72754,287.16156,250.86353,382.0736,-398.60736,286.42853,481.52838,159.54112,311.1462,497.15915,-316.417,290.99805,498.72003,144.59222,319.2572,526.10345,-357.6797,296.60986,498.03876,104.6359,333.09,518.569,-348.83902,294.27884,491.37192,134.10533,328.68826,508.30704,-308.67014,258.40182,489.6787,167.6716,269.15985,488.27457,-167.72232,262.8568,693.13403,133.02594,282.3693,683.4148,-197.32698,266.64627,872.0361,171.1565,250.70045,899.3829,-124.5708,252.31688,904.0808,165.80354,226.65889,935.70056,-124.33544,329.5169,896.34894,67.19837,319.7995,937.9559,-255.45148
up_127.jpg,biceps_up,313.15137,140.31075,-80.19186,298.4519,122.41352,-59.28684,296.26575,122.494545,-59.30082,294.1233,122.53689,-59.292557,297.4243,122.987595,-122.92758,294.6804,123.41835,-122.91995,291.92694,123.78979,-123.05004,271.95914,133.65822,50.616566,270.51843,135.69817,-236.30946,308.01782,158.07529,-32.285976,306.44928,158.05305,-114.36716,243.07611,244.0632,243.5042,252.27017,237.1859,-377.45407,236.69595,392.36847,305.12344,251.25458,387.4164,-421.8036,277.49203,485.8632,179.18811,304.06235,501.77606,-330.7672,280.47278,511.67676,164.59955,313.21,532.8565,-373.96625,285.32364,509.55264,123.523415,325.13715,526.9489,-368.1888,280.9294,500.9518,152.82074,323.6571,516.0862,-323.91812,258.37463,499.90643,171.37276,267.10455,499.06525,-171.46361,254.86938,707.65,140.40689,276.38162,702.4167,-195.80334,246.65274,897.15015,178.94263,232.33151,918.407,-117.25986,232.4256,930.47723,173.1057,209.11197,954.1522,-117.83821,299.7733,923.9177,62.07487,289.14493,960.2847,-263.54486
up_128.jpg,biceps_up,316.89798,137.78366,-82.04221,302.1705,120.611916,-61.59263,300.01938,120.84896,-61.63219,297.5787,121.00197,-61.61959,300.88715,121.37592,-123.245865,298.03336,122.085724,-123.24001,294.90033,122.711334,-123.3152,274.33313,131.98352,49.430008,271.66895,135.4408,-228.4447,311.51755,157.82635,-33.357624,309.6887,157.14401,-112.9977,241.597,242.81862,244.56738,252.97911,234.03302,-371.1992,243.70967,387.96066,307.61636,252.48196,382.1373,-419.31516,269.8235,494.50305,182.35408,297.50348,504.98624,-341.85684,274.76938,514.62317,166.25595,302.58362,537.04944,-386.93857,278.48373,514.249,124.85144,315.56705,533.4396,-381.98822,274.42557,505.623,155.77324,314.74594,521.1634,-335.80417,253.36934,498.35815,174.62758,268.15616,496.89557,-174.72339,240.70328,710.0176,122.1877,273.44543,710.8478,-205.3473,238.96277,900.4369,158.60985,230.32596,927.27594,-142.83955,223.34282,934.4823,151.83443,205.44226,962.437,-145.00853,300.33005,928.5586,31.962002,291.76193,971.2471,-299.5838
up_129.jpg,biceps_up,315.734,137.1405,-66.36665,300.56784,119.232864,-44.45269,298.47275,119.56421,-44.555626,296.1739,119.781494,-44.585606,299.51352,119.849014,-103.229965,296.86386,120.57819,-103.25512,293.9724,121.18294,-103.335205,271.68564,131.19202,63.84178,270.41843,133.77586,-199.82979,310.10782,157.95734,-19.498644,308.52347,157.0813,-95.26685,237.6455,243.14395,245.99841,253.51497,233.11035,-346.10855,240.92014,390.05206,286.78958,252.82146,380.37216,-400.32022,266.416,498.08273,173.31868,292.62717,507.91,-323.7906,270.27234,520.4418,160.83708,295.35254,542.2082,-367.80905,273.49872,520.93085,122.223305,306.67773,534.68823,-356.12756,269.5073,512.16785,148.86642,306.59637,525.2152,-315.70676,247.91714,493.8579,173.77469,262.40372,493.59076,-173.82787,241.85007,692.1083,145.84116,283.60565,681.22034,-200.86926,241.13068,859.74915,221.52151,228.65132,878.4535,-99.858574,225.52142,889.534,219.71564,198.62906,908.82385,-96.170654,300.85004,887.28015,124.571625,292.5701,921.64294,-218.47374
up_13.jpg,biceps_up,318.80246,261.21124,-374.18134,339.6938,231.42911,-379.18344,350.93372,229.82132,-379.3543,360.6651,228.66064,-379.69962,307.44208,233.01683,-366.122,299.42062,232.31732,-365.93942,291.9795,231.96568,-366.09732,381.97067,234.07828,-287.52493,289.35138,240.04836,-217.79184,340.86554,284.4841,-329.48126,304.22717,284.3893,-309.3463,476.90482,352.50928,-157.3986,231.04086,344.85425,-124.71458,585.55853,465.8338,-196.49745,173.5685,506.0511,-53.02058,644.753,561.9496,-405.34335,147.6362,657.1455,-117.518974,668.7101,584.5814,-425.4172,125.5597,698.1063,-113.46687,661.709,573.80255,-459.47375,143.28278,696.5127,-152.08624,640.6567,570.1705,-419.4236,158.55763,680.9498,-129.44925,409.7045,659.18713,4.113795,257.18423,659.50696,-4.223624,413.8289,878.4888,-321.85913,249.65176,916.5139,-114.97756,409.6889,1072.2197,15.497608,274.4149,1079.8301,218.23257,399.62952,1092.9044,40.567024,291.0466,1097.0415,243.86752,413.98624,1180.7465,-122.04712,276.75433,1185.8995,96.034164
up_130.jpg,biceps_up,314.6559,137.04572,-52.34122,299.66278,119.284096,-30.328354,297.53622,119.64924,-30.431448,295.2275,119.92832,-30.457157,298.65442,119.96502,-90.00118,295.97485,120.727844,-90.02721,293.06018,121.381035,-90.13541,271.0897,131.69792,79.12481,269.91025,134.10263,-189.15082,309.09988,158.08578,-5.212447,306.77237,157.26753,-82.22098,237.53815,241.19916,265.34723,256.4674,230.5156,-344.26202,240.67188,388.51425,307.0627,249.86427,378.70782,-398.3395,263.02426,500.23828,190.08,283.76782,506.68225,-317.3435,267.5656,523.954,176.453,286.25806,540.29877,-360.86832,270.09628,524.5469,137.26283,298.69708,537.2755,-351.434,266.438,515.44147,164.9267,299.28937,527.71985,-310.01614,258.25876,503.0669,180.32816,266.69232,500.78952,-180.4101,236.73299,712.5736,156.4662,278.43768,703.03284,-200.23903,239.44028,886.65704,220.78938,227.18387,904.40845,-103.46647,223.76796,917.25525,217.17516,197.10464,934.0873,-100.21747,301.6865,917.414,113.76652,290.85043,953.5432,-229.1307
up_131.jpg,biceps_up,318.34293,138.71361,-56.385403,303.4321,120.02533,-34.767612,301.2093,120.15839,-34.87412,298.80112,120.267296,-34.909077,302.4362,120.68901,-91.28072,299.65002,121.21754,-91.326225,296.59976,121.71581,-91.41188,274.4352,130.36766,71.60137,271.86215,133.121,-181.85428,312.0615,158.8815,-10.71316,310.66602,158.16837,-83.597145,240.11948,242.1875,251.11084,257.0005,231.61438,-333.45706,237.91379,387.74847,285.47168,248.16147,377.18585,-374.73413,255.00085,500.31433,181.66037,281.8203,505.27112,-274.36105,254.49527,520.7209,169.44843,281.67267,538.44073,-312.74524,258.70688,521.01074,134.51178,294.2745,534.09796,-303.28876,255.39243,511.75256,158.80984,292.98615,521.6783,-266.42282,253.32338,505.84897,171.72939,253.53783,501.36206,-171.80147,247.92181,708.66644,143.88802,284.44214,681.01025,-202.65001,252.14499,875.0691,235.50087,231.79933,881.20325,-71.94923,237.35414,904.2223,235.90953,199.58919,913.1044,-64.220634,316.0369,904.31366,150.58546,302.90356,925.28125,-174.7331
up_132.jpg,biceps_up,319.28458,140.28618,-59.620335,304.61536,121.10458,-37.35945,302.3959,121.17668,-37.452534,299.9414,121.209984,-37.461784,303.27386,121.68125,-94.90249,300.25153,122.07485,-94.93587,296.95917,122.43652,-95.02614,275.1563,130.96985,72.9209,272.09357,133.46265,-185.9848,312.841,160.20169,-12.79787,311.102,159.26048,-87.126144,239.14404,244.22076,257.98657,257.0108,233.22205,-340.85135,236.57942,391.96167,294.2026,248.86801,380.98566,-385.75925,253.8692,505.63126,183.44525,280.42145,509.85858,-283.98483,256.81686,525.81366,169.28256,279.83987,543.9563,-323.0265,265.45908,526.4178,133.35416,291.38492,538.76825,-315.8235,256.86298,516.4877,159.68951,290.81906,529.7929,-276.94354,253.10829,510.90366,179.24312,265.16672,512.1112,-179.37013,242.44633,727.1838,141.12584,280.08957,714.00824,-210.4251,247.92418,913.2074,183.54378,228.37589,927.09937,-124.663956,231.5565,946.34753,177.55176,195.81516,960.6662,-122.74544,317.76883,945.34595,76.02152,301.3335,975.71747,-248.44849
up_133.jpg,biceps_up,319.1319,141.61316,-59.55135,304.57083,121.6898,-41.870056,302.19257,121.74301,-41.972565,299.60294,121.8367,-42.0067,303.85007,122.352104,-95.32332,301.0467,122.731514,-95.406296,297.97034,123.11844,-95.445786,275.69705,132.40005,56.12405,274.08658,134.02722,-183.38504,312.74695,161.03783,-15.807996,310.94595,160.39001,-84.800316,239.62778,242.91298,228.13968,258.43515,232.67041,-327.19104,236.46053,388.49963,268.42633,240.06741,378.29346,-344.54276,254.74512,498.8178,179.18747,272.678,506.8352,-205.03033,259.40576,521.22485,165.15399,272.09274,538.92773,-237.7826,263.4762,520.82166,133.18568,284.92343,535.09406,-226.9855,260.373,512.0126,157.94841,285.3363,522.86847,-195.85846,253.09155,509.40515,161.24365,252.95012,501.0891,-161.32793,285.27515,696.5178,119.30719,314.14075,636.5369,-198.58829,290.63367,827.69006,243.3733,267.7645,814.5294,-24.45387,278.7914,851.58966,249.94202,234.56487,845.9781,-10.139034,349.0178,846.21204,199.64748,346.36807,846.8198,-77.476875
up_134.jpg,biceps_up,318.5854,140.172,-53.4358,303.60916,120.57045,-33.20196,301.23453,120.665436,-33.302666,298.66144,120.79502,-33.335373,302.89633,121.36757,-87.529816,300.1255,121.85024,-87.58885,297.10803,122.32517,-87.62449,275.1768,131.1459,71.03754,274.56973,133.2322,-172.12683,312.53217,160.08614,-8.231486,311.41153,159.49585,-78.20688,239.81621,242.31842,242.80325,257.867,230.25093,-315.98315,235.72583,384.81033,287.4934,239.29637,377.76282,-344.84158,254.8842,498.00906,202.6334,272.86957,506.39478,-230.24316,260.18713,519.18524,191.58488,273.11487,540.8772,-264.15552,263.8191,519.71625,158.4518,286.56808,536.7709,-254.37973,260.5974,511.04364,181.18698,287.0143,524.11444,-221.83704,255.12775,507.41595,163.25888,256.89984,499.35025,-163.3546,274.67303,707.56384,105.13234,308.19754,651.5496,-222.16644,274.82355,857.41516,172.9859,252.17863,851.4625,-100.50675,261.7868,883.3178,173.01439,218.1102,885.087,-92.172935,331.85968,881.16095,103.607285,325.18472,890.4418,-177.9142
up_135.jpg,biceps_up,637.9016,122.09484,-1049.1101,655.8712,96.20345,-1010.01825,665.36957,96.28384,-1009.9857,675.47473,96.051834,-1010.2381,619.2713,98.98222,-1011.2989,609.38715,100.9105,-1011.4771,599.5038,102.70131,-1011.73486,692.685,112.083374,-717.63824,588.74866,119.0839,-712.7221,660.7832,153.1023,-937.7579,617.5463,152.13597,-936.3766,797.6453,328.82376,-528.14355,495.8533,318.65854,-507.01657,835.0068,561.1578,-401.0138,450.8402,547.9082,-408.40552,834.7852,767.2777,-568.18805,444.99237,752.10254,-654.91425,851.9542,842.4395,-630.82556,432.4756,819.6848,-715.221,832.56604,849.72473,-688.0206,442.46017,826.1653,-803.3802,818.8508,821.13617,-594.3473,458.10593,798.8452,-693.7885,727.3677,711.13715,-42.09137,547.8391,703.6339,43.37565,705.34033,1017.01404,140.54037,525.5419,1014.9352,337.14984,696.4426,1258.5032,831.5174,514.2269,1263.3203,939.52954,698.8483,1304.093,882.4773,509.70828,1311.5039,988.17444,672.54816,1355.9568,527.2906,531.09686,1358.7053,601.237
up_136.jpg,biceps_up,635.60834,120.984024,-1041.5642,654.8185,96.44953,-999.88275,664.8944,96.88045,-999.8529,675.36285,97.48306,-1000.0895,618.2637,98.60908,-997.75665,608.16394,100.339554,-997.911,597.69116,102.08346,-998.1782,693.63574,113.810036,-707.51,588.0406,117.16425,-688.63947,658.9954,152.07344,-930.4788,614.03516,150.12337,-925.3833,796.9215,328.31244,-526.00256,489.83655,319.36523,-461.57166,836.90015,560.95996,-422.1383,448.42902,552.63635,-362.52292,838.1704,777.90704,-581.3366,442.64526,752.95514,-621.7946,848.58484,844.9114,-647.5869,431.10437,823.38617,-686.96014,823.3583,857.81226,-700.2374,448.76593,825.8289,-774.0365,810.36285,829.6197,-606.13275,459.02786,802.2933,-661.5482,725.116,706.1967,-59.87471,543.80774,699.1683,61.447063,698.95435,1018.5592,69.07212,524.031,1011.0136,284.12015,685.6225,1255.2008,785.54816,509.3497,1257.2406,876.96704,686.25183,1298.2029,838.1947,504.75568,1303.6335,922.95593,662.8812,1351.4862,473.70715,524.8313,1350.5953,525.99084
up_137.jpg,biceps_up,633.55585,117.39127,-1070.8457,653.31714,92.20516,-1029.1306,663.79126,92.42,-1029.1337,674.60443,93.23543,-1029.3892,616.58203,94.08708,-1029.2317,606.30835,95.93352,-1029.4307,596.0671,97.58224,-1029.7189,693.7246,109.51283,-730.6234,585.6876,113.30462,-720.9381,657.4092,147.5306,-957.58325,612.5543,145.05327,-955.30707,798.00134,327.55978,-538.3569,491.1037,321.26877,-503.8559,841.5923,567.9724,-422.7612,448.6937,551.4199,-414.0422,831.3806,775.88007,-589.1536,440.5697,749.3062,-674.6643,847.7686,849.40985,-654.3882,435.47522,819.6916,-740.6955,825.8672,861.82477,-710.9168,451.471,821.93536,-828.1432,812.7334,832.2279,-614.84045,461.13165,797.84894,-714.23267,727.93384,708.0395,-42.614063,545.07623,705.83246,44.00605,708.06494,1021.73,83.07959,529.1633,1017.7848,302.26956,701.31165,1263.8079,781.553,522.0427,1268.6504,907.4719,703.2545,1308.4053,832.6026,517.62524,1316.3083,955.02203,680.2344,1362.0692,468.6156,542.1543,1364.0304,562.4818
up_138.jpg,biceps_up,633.4528,118.04033,-1035.3574,652.87854,93.546524,-997.1492,663.2504,93.994774,-997.1075,673.7296,95.20443,-997.32794,616.47144,94.75227,-996.6975,605.998,96.52412,-996.81177,595.52893,98.097694,-997.05994,692.50726,112.03544,-708.8122,584.735,113.44641,-696.2646,656.86475,149.46835,-925.4007,612.10657,146.31763,-922.19446,793.0273,325.1706,-532.2964,489.10468,321.12787,-483.2616,836.6186,561.6635,-404.60544,444.12463,557.39966,-379.02847,826.3685,764.5445,-537.23364,442.5447,746.082,-600.16345,835.1923,833.9772,-594.1071,443.54102,819.4421,-654.3529,817.1515,855.3292,-646.2258,459.28452,820.34406,-732.026,805.2823,826.05273,-560.2179,466.62012,796.23517,-634.4049,730.68835,710.0391,-46.488777,547.08215,709.58636,47.83615,715.50226,1017.2492,97.88826,539.3967,1018.9228,332.9148,711.5443,1263.2744,736.7717,531.4059,1270.9767,913.6993,714.3676,1307.9358,781.9958,526.7767,1318.4584,959.9334,689.466,1361.891,418.33588,548.5151,1364.3054,573.6623
up_139.jpg,biceps_up,632.53357,116.60022,-1027.9847,652.0055,92.66457,-986.6785,662.2864,93.12801,-986.6663,672.63745,94.06069,-986.8702,615.3733,94.407234,-987.65283,605.1891,96.226204,-987.7819,594.9016,97.91617,-988.0553,691.0869,110.4677,-693.0167,584.4653,113.91127,-684.4141,656.4485,148.27779,-917.3145,611.40063,145.73291,-915.1966,794.948,328.62698,-512.7915,488.3075,323.04593,-490.23636,833.5582,563.7237,-383.86935,448.91937,559.1665,-390.93903,829.238,765.88947,-539.09924,448.93723,759.3126,-640.9069,843.6467,837.67944,-599.2548,437.6631,831.9581,-701.89667,821.47266,855.1277,-652.6191,455.01868,833.9969,-786.33923,809.21313,825.5503,-563.5305,464.198,809.2034,-678.56506,731.0587,712.1467,-43.491585,547.12537,709.1223,44.96033,717.246,1026.0891,134.8599,535.4712,1030.1813,351.02277,713.56506,1275.0989,822.0584,530.7689,1283.5541,962.91266,716.66534,1322.3613,872.11847,526.53284,1332.8795,1012.7546,691.60156,1375.2032,507.18372,552.58765,1379.7235,618.9718
up_14.jpg,biceps_up,305.9572,262.7042,-346.3862,327.4229,231.50049,-351.15475,338.90866,229.85645,-351.36255,348.41702,228.8051,-351.6943,294.31558,233.48135,-331.67883,286.0201,232.65344,-331.50043,278.66904,232.08414,-331.66605,369.97412,231.89539,-265.59457,278.83606,235.87846,-166.78409,329.2282,285.1871,-303.1524,292.04233,286.42667,-274.72064,472.90695,352.5597,-156.64468,225.25235,347.3365,-55.022617,580.939,479.80936,-209.0821,174.19989,500.823,46.0006,606.20886,606.5999,-415.7842,156.32657,662.16754,-48.912647,623.8688,645.098,-447.72214,135.54932,701.4042,-55.062252,587.86945,620.9477,-481.2408,149.55179,698.4292,-93.57231,571.5648,606.26215,-428.71686,163.59322,682.867,-63.370274,410.1956,671.8463,-1.3827193,261.22964,661.1817,1.6006235,397.84973,926.57166,-124.67378,246.55118,923.55597,-40.651196,403.85898,1071.343,231.50508,256.18027,1100.1348,250.7591,398.5601,1124.0548,256.88168,272.63516,1124.4172,269.62738,414.50284,1205.9211,86.961655,247.59274,1199.0232,74.92045
up_140.jpg,biceps_up,631.6543,118.4303,-1010.06067,652.10144,93.18964,-971.4576,661.91724,93.47593,-971.3989,672.63556,93.573944,-971.6393,614.75836,96.44194,-971.2451,604.1247,98.50329,-971.3202,593.76965,100.43984,-971.55164,690.5083,109.9804,-684.9387,582.58417,115.82843,-671.6985,655.56366,149.36436,-900.9684,609.9663,148.31946,-897.50916,795.35767,328.7274,-510.18497,485.60138,322.3751,-477.14993,833.4221,566.463,-393.61456,446.48615,560.6863,-375.93338,828.35254,770.2325,-551.29816,441.8847,749.67065,-609.41547,851.3462,850.74634,-612.64655,428.18573,822.3009,-669.8468,823.6419,861.28094,-666.4051,443.65228,823.3664,-750.92596,810.8185,831.949,-576.4261,452.9277,799.8119,-646.2824,730.0541,713.8855,-41.786457,543.60754,715.3786,43.224987,715.98267,1028.8718,132.41298,535.341,1032.773,325.0113,712.5736,1278.0685,825.04565,530.90027,1287.193,925.57733,715.78394,1324.2974,876.2987,526.30066,1335.7179,974.2542,690.13617,1378.5356,514.18976,551.31726,1383.6449,579.1625
up_141.jpg,biceps_up,629.3179,116.97886,-829.25745,649.59766,92.76718,-794.9071,659.95935,93.32281,-794.89923,670.2258,94.481476,-795.05646,612.0743,94.190125,-793.3142,601.4035,96.10346,-793.29285,590.4489,97.802185,-793.51404,689.2282,111.5623,-542.89984,580.1138,113.08978,-521.287,653.07306,149.0401,-734.14514,606.68463,146.24304,-728.2123,794.57324,328.51575,-424.83575,484.00262,323.6115,-361.83252,829.6078,566.14844,-350.1435,442.8601,558.8496,-276.75888,825.41266,770.26074,-509.2477,435.7584,746.55963,-506.23993,849.4044,842.3091,-573.9523,410.46585,811.9752,-560.2973,821.62256,848.92456,-621.77905,428.09265,811.19476,-638.32227,808.2549,821.14624,-533.0203,439.68277,788.24615,-542.75134,732.50366,715.26245,-52.557682,548.4244,719.1034,54.226536,724.6123,1025.3058,62.496532,548.10754,1032.7253,301.93677,723.421,1279.088,652.89886,546.7529,1286.8966,826.0299,728.663,1323.9586,694.44824,542.8643,1334.6187,868.8435,696.2934,1377.661,353.19354,560.7964,1378.666,506.05804
up_142.jpg,biceps_up,627.70544,119.143166,-954.77106,647.30255,96.0045,-911.84424,657.67957,96.27388,-911.86896,668.2035,96.03424,-912.0659,609.6638,97.98801,-913.9056,598.9627,99.43129,-913.9634,588.65216,101.15962,-914.21564,685.84863,111.68912,-627.4325,578.4325,117.44574,-622.68286,651.9558,149.84038,-848.4064,605.6795,149.50482,-847.5611,795.18805,329.01666,-472.43768,480.7393,325.3054,-444.37708,830.82,566.35223,-376.12573,444.85437,566.76385,-360.82092,827.2467,766.98816,-544.17944,437.6126,748.89044,-609.62634,842.75415,836.89264,-609.03375,430.82556,824.32404,-671.78076,819.92487,849.7287,-658.61115,448.85553,823.0268,-749.9944,808.1509,820.6869,-567.81433,457.23688,798.89966,-645.917,728.746,709.06866,-42.682243,546.6103,712.11847,44.382545,718.47034,1023.6464,105.76454,538.68115,1032.2843,346.6431,717.1582,1271.0032,776.16675,539.2928,1281.1471,950.1316,721.0243,1317.5142,825.6919,535.15674,1329.7084,1000.0495,694.93744,1371.6707,473.6206,563.46204,1376.8341,621.37384
up_143.jpg,biceps_up,622.1821,117.06053,-895.80963,642.15247,92.346825,-856.50415,652.7096,92.39154,-856.53015,663.072,92.644104,-856.77545,604.6331,95.42398,-857.5701,594.34283,97.44538,-857.564,583.8854,99.65587,-857.8231,682.4877,108.57968,-581.55194,574.56146,116.38315,-573.434,648.4982,147.49896,-792.45856,601.74243,146.50491,-790.5472,792.4378,326.19388,-449.545,481.3407,322.31302,-389.32266,831.4419,559.1524,-385.9285,440.79053,556.2497,-318.77094,822.7972,758.79034,-575.2289,436.08792,744.2299,-573.5322,835.1952,826.40643,-654.96027,421.88495,815.7044,-637.6856,809.60376,831.51294,-702.46,435.25244,819.0527,-718.60864,797.4995,803.5736,-600.00745,451.4594,788.2735,-612.17365,729.8456,709.4941,-55.40502,551.0552,714.1462,57.262253,711.3041,1021.0028,-12.601042,529.5707,1023.6841,267.0536,705.6988,1270.0526,589.4472,526.69025,1272.6871,801.50323,710.82635,1314.3501,630.1045,523.3263,1319.2671,843.433,679.58496,1367.3905,273.16782,542.07245,1367.1445,464.33356
up_144.jpg,biceps_up,620.5816,115.04556,-842.4852,640.01917,90.8705,-804.26514,651.32666,90.92298,-804.3812,660.08844,91.809654,-804.66583,602.90924,93.511765,-803.859,591.7913,95.609375,-803.9239,581.902,98.0638,-804.2256,678.07983,107.36372,-551.10315,573.46747,115.281685,-538.046,647.2782,146.38008,-748.22217,598.8227,145.71506,-744.98895,786.90094,324.99683,-443.95862,483.44803,321.29675,-361.47028,830.8371,560.95734,-388.03662,441.1653,563.1636,-301.06097,823.11206,761.15894,-531.02637,433.86014,726.78845,-529.24615,832.7851,833.40845,-599.2843,429.57648,804.5276,-587.21063,807.48596,843.356,-644.1907,446.24222,799.79047,-657.409,795.0147,814.76385,-552.91974,455.4303,776.34045,-563.7469,727.322,706.41833,-57.342125,552.2802,712.50806,58.991333,714.9234,1012.767,-51.283432,538.9056,1013.6326,264.37686,713.2972,1262.8453,481.51294,537.77545,1260.7831,761.1988,719.713,1307.9224,515.65717,533.94305,1307.2295,799.57715,686.6675,1356.3278,180.19746,550.4253,1352.2804,453.11438
up_145.jpg,biceps_up,620.01154,114.85721,-980.37036,637.9871,89.72058,-934.5134,647.9456,89.75011,-934.7546,656.9428,89.9673,-935.0915,601.6297,93.12257,-934.33057,591.5043,95.419174,-934.5215,581.11707,97.86536,-934.8923,675.03503,105.34043,-640.94934,571.4766,114.70109,-627.85693,644.6692,145.43848,-870.4416,599.27686,145.89835,-867.5692,786.2796,325.93152,-490.0693,478.7799,322.91757,-403.60785,825.5182,557.1777,-428.18756,440.6203,558.42065,-340.88397,817.99475,752.9044,-630.6617,431.75165,720.4596,-631.66156,831.6726,825.02295,-715.8257,433.63266,797.65454,-703.2476,803.75867,834.7086,-766.3038,447.10913,790.5813,-787.02203,790.9214,805.99005,-655.9011,454.72653,767.21014,-671.8579,722.503,702.3267,-65.37335,543.3668,705.4742,66.88151,705.2099,1008.7523,-95.63347,534.2694,1011.43585,306.6168,704.8621,1253.9431,533.5733,531.58014,1257.8318,918.9192,709.5944,1299.2444,576.1559,529.2187,1305.8857,966.916,682.3513,1348.9728,205.98068,544.44916,1347.8103,590.34796
up_146.jpg,biceps_up,615.3564,115.006775,-940.85913,634.7912,88.89729,-900.16534,645.27216,88.90956,-900.30524,654.6581,90.005066,-900.6088,597.9736,91.91025,-896.85254,588.0576,94.2318,-896.968,577.80164,96.1323,-897.3121,673.3225,105.81426,-627.1062,569.4259,112.01806,-599.44495,640.7325,145.45065,-838.8301,595.73285,144.50305,-831.74994,785.1089,324.68765,-484.64688,477.60376,322.0208,-381.2077,822.6788,564.0749,-417.75955,438.26492,552.30444,-302.42892,824.536,773.47424,-593.0164,425.2135,728.6819,-576.2289,840.0582,841.0626,-668.2441,421.8673,796.0395,-641.1288,812.3593,848.2246,-720.6152,434.39636,791.7076,-724.578,798.53546,819.22284,-618.77924,443.82544,768.55914,-616.4694,725.8471,701.55817,-59.239956,546.61896,704.39935,61.036476,717.0134,1005.07324,-83.96536,538.88385,1004.818,288.58783,711.9931,1245.9797,529.9764,535.6705,1252.4335,861.2629,714.8465,1289.1138,571.3493,532.0344,1300.502,904.0897,690.60004,1342.7921,203.5128,551.8957,1341.903,529.9568
up_147.jpg,biceps_up,610.13696,115.52197,-875.7834,629.6191,89.23795,-838.56604,641.1481,88.97299,-838.578,650.27106,89.64286,-838.8724,592.8782,92.76259,-833.5224,582.62384,95.00993,-833.4516,572.68427,96.697495,-833.6782,670.20074,104.74099,-573.65045,566.04004,112.40752,-535.972,636.57574,145.59572,-776.1059,590.605,144.95494,-765.828,784.38464,325.16464,-440.08545,477.74023,321.18433,-338.06635,820.2371,560.48694,-375.6233,435.93735,547.4082,-240.88428,805.6518,763.52954,-549.17456,427.47083,719.25616,-495.67105,827.9272,840.37164,-626.4019,414.7489,788.42163,-560.0298,796.1891,847.0273,-676.05194,429.7843,786.5201,-641.60065,783.5241,816.7983,-575.3429,439.82446,763.17285,-536.016,724.0062,702.87036,-62.338253,539.05676,704.7933,64.52877,706.5862,1018.7069,-27.648926,522.9319,1014.1725,280.01746,701.70215,1269.7394,529.3611,520.2613,1267.3538,803.9643,706.798,1315.945,563.9252,516.482,1315.1718,842.98987,675.1562,1361.9716,180.46791,537.2662,1360.3715,450.66754
up_148.jpg,biceps_up,608.1774,112.98121,-923.51746,627.46783,86.11668,-886.3758,639.59894,85.90781,-886.377,647.7689,86.51884,-886.6284,591.2173,90.52533,-883.9706,580.5834,93.07222,-884.08234,570.84973,95.10838,-884.3619,668.0377,102.57518,-623.4228,564.2612,113.10742,-599.9113,635.7255,143.7047,-823.4413,588.53723,143.68533,-817.25806,784.8064,322.35315,-471.77826,476.44717,318.31345,-419.46973,820.3653,560.39453,-381.67157,432.75696,554.76263,-331.4807,815.35315,765.1935,-540.5462,423.85617,723.35364,-560.0654,835.3292,846.26337,-606.0522,410.60956,798.57196,-622.0401,806.0645,854.4287,-659.5926,424.9968,798.47174,-697.8816,793.063,823.9983,-566.1222,435.30884,774.7925,-596.8108,723.8996,705.17255,-34.730072,540.6229,705.89594,36.243977,714.98926,1018.4956,56.220573,531.2544,1018.8549,243.71524,711.7905,1264.8771,726.8366,530.1194,1271.1918,800.8515,715.59296,1310.3922,776.5945,527.1786,1320.0199,844.66125,689.42236,1364.9304,432.73883,548.751,1366.7837,473.85617
up_149.jpg,biceps_up,610.7685,116.97173,-925.9143,628.5625,91.09125,-881.3356,639.0158,90.71866,-881.576,648.2966,91.07143,-881.8637,592.6924,95.129585,-879.3015,582.3652,97.73729,-879.4471,571.85767,99.77513,-879.8423,667.3809,106.02897,-602.8167,563.3322,114.818756,-579.95526,635.96,147.6657,-822.29126,591.2291,147.2283,-816.71277,782.2721,327.10712,-460.48114,470.9206,325.52927,-372.70352,818.812,560.865,-407.6444,431.83536,561.3239,-316.33887,807.8766,758.1519,-613.77246,422.04584,722.6277,-620.36053,828.86487,842.5664,-697.4982,411.24664,793.33734,-696.0542,797.7124,846.8562,-752.60504,425.00656,787.13684,-778.04456,784.6146,816.2656,-641.8238,434.7978,763.436,-661.4599,722.4083,702.288,-57.550446,542.48,705.9737,59.455334,711.4043,1008.4991,-143.0302,526.9894,1010.35266,266.91867,712.7035,1255.5061,434.07443,530.51263,1257.6586,821.19196,716.4088,1301.9022,471.38455,528.19385,1306.1954,862.1127,693.2345,1348.7389,89.991234,551.6822,1346.6077,486.18015
up_15.jpg,biceps_up,293.55725,265.76227,-443.61826,314.85114,231.94398,-451.84622,327.51437,229.80875,-452.01804,337.73703,228.26137,-452.31006,281.52432,236.34377,-434.57108,273.52786,236.11392,-434.43015,266.0214,235.75378,-434.57092,360.87045,231.1982,-388.7152,265.59393,239.43727,-303.45697,319.2196,288.06744,-409.8639,282.21167,289.97052,-385.30624,463.4071,358.33908,-295.85052,218.4577,349.05524,-179.53738,574.84625,493.64743,-292.60132,174.5378,506.74954,6.398323,585.25616,639.7451,-378.6037,156.66322,662.51,79.35656,597.1332,691.4953,-396.63077,138.28838,699.5368,99.31978,574.63043,675.52057,-423.81876,146.38448,700.8709,62.465122,563.875,665.7702,-385.81992,160.62161,686.44214,69.093445,403.9875,659.6199,-10.756127,261.18616,644.65875,10.823496,394.14157,892.3282,-75.25822,248.66364,883.5228,-10.648497,409.3238,1055.5061,225.25826,262.77344,1044.6394,264.0439,405.80075,1071.78,245.99776,280.85037,1063.3853,282.40503,416.62064,1156.8718,109.90062,251.62033,1143.5511,135.37704
up_150.jpg,biceps_up,605.10736,116.408905,-836.9061,624.7646,89.69371,-795.7388,635.90985,89.4094,-796.0653,645.343,89.94867,-796.3848,587.8826,93.89032,-791.5082,578.0251,96.226715,-791.66534,568.11926,98.18181,-792.07916,664.1467,105.74143,-540.443,560.5073,115.13976,-509.588,633.74445,146.42183,-742.2075,586.5436,147.37108,-734.2657,780.5261,324.5464,-413.0261,472.7721,322.87775,-324.10614,820.51825,562.0125,-374.88864,432.16873,559.5865,-283.23016,807.2949,759.36725,-563.68463,430.53094,725.8863,-549.4241,823.3978,840.04126,-641.3744,432.0324,790.43036,-616.053,794.79285,843.7677,-692.0172,442.39966,783.66364,-689.02856,780.27893,813.96106,-588.89465,451.8666,760.2277,-586.1784,725.3661,701.675,-46.6764,539.57,707.0257,48.24354,714.76306,1000.1926,-297.42825,531.4574,1013.8991,173.26616,711.4277,1250.649,228.61864,531.7584,1257.2201,682.6541,714.2847,1294.784,262.57758,528.85913,1303.1427,719.6491,693.75684,1346.2584,-99.439766,550.9997,1346.3252,370.7757
up_151.jpg,biceps_up,609.36145,116.02846,-844.18225,628.43146,89.97533,-798.9984,638.96783,89.75882,-799.31366,648.9169,90.54348,-799.62573,591.84827,93.28946,-796.5156,581.6855,95.492004,-796.62244,571.7547,97.15115,-797.03296,667.30334,105.76242,-531.4546,562.2141,112.47476,-508.5449,635.46405,146.55705,-745.59814,589.5182,145.85548,-739.7974,778.38104,321.98422,-409.77203,469.89532,322.45093,-310.61273,819.6557,561.35547,-387.58286,428.6584,562.57684,-283.62677,815.60046,770.40546,-621.0551,417.88904,702.8932,-592.3502,832.53064,840.43634,-711.782,403.84186,762.3472,-666.9697,801.7634,842.39545,-768.9654,412.2268,750.1726,-745.1618,786.618,812.65155,-650.31824,422.65042,729.3177,-631.81055,723.8867,698.57007,-45.132782,539.7957,703.75653,47.119682,724.9286,990.405,-382.41595,534.463,1006.9167,148.86986,712.7485,1234.1611,176.39545,531.6126,1245.4175,655.93567,714.3133,1275.8092,214.35529,527.1162,1290.8936,692.75385,692.11334,1333.7285,-146.84126,551.8096,1334.8622,342.18994
up_152.jpg,biceps_up,609.7785,113.2284,-773.6644,628.7804,86.842636,-738.88464,639.16534,86.91065,-739.00696,649.3218,87.948906,-739.2911,592.29193,90.11179,-738.15375,581.85626,92.6541,-738.1506,572.15063,94.68846,-738.45404,668.78186,104.899605,-493.226,561.97986,111.59036,-477.00122,635.4797,144.78659,-681.0753,590.2016,143.9006,-676.77545,776.8674,321.98944,-380.4854,473.82797,318.16345,-315.5999,819.64343,553.8531,-321.04236,432.94824,551.2475,-244.18306,813.2913,741.95337,-500.5328,424.851,724.6101,-489.17752,825.2477,813.2063,-573.7606,397.1115,791.54675,-550.3102,808.1171,815.1031,-623.3866,411.5334,789.379,-632.3646,793.0486,787.83826,-526.50555,424.82925,765.9176,-529.7964,717.4273,703.52673,-50.023262,538.87476,708.92596,51.826267,700.55066,1008.4574,-16.12006,521.3423,1006.797,241.07385,698.10376,1261.2549,487.9977,521.8025,1255.7583,708.8677,704.1277,1306.3306,519.29803,518.9387,1301.5994,744.1565,671.3546,1351.6115,181.31807,535.0718,1344.88,393.84738
up_153.jpg,biceps_up,609.2704,118.94889,-871.18896,629.9787,90.81333,-830.4878,640.9551,90.56228,-830.7415,650.7754,91.228455,-831.0291,592.25397,94.61563,-828.54584,581.7469,96.74728,-828.72034,571.2149,98.518394,-829.16797,669.02905,106.91371,-563.5739,561.7569,113.956894,-542.5725,636.44275,150.77383,-770.95984,588.4046,150.34738,-765.7031,779.3916,320.9287,-419.37363,470.92236,321.58292,-350.95508,820.10895,558.1859,-367.8977,431.33032,553.7168,-318.92664,814.7448,765.4589,-602.61194,417.6715,711.969,-628.1863,825.33716,838.75836,-689.92255,398.36145,776.99176,-706.08923,805.6873,839.407,-752.1904,408.1987,769.33923,-793.37683,789.368,809.53674,-633.75977,420.74426,746.9858,-671.074,720.5179,704.0201,-35.667675,537.75867,708.54156,37.369896,724.9586,995.1253,-223.51602,524.10803,1002.6659,175.62508,710.06903,1237.6666,364.47076,522.9912,1246.755,695.8949,709.44104,1278.6028,405.33615,518.40875,1293.0566,734.51227,692.0863,1339.4016,58.373154,545.4226,1337.3375,385.104
up_154.jpg,biceps_up,611.74756,119.74308,-887.345,630.68304,91.96694,-840.4937,641.3294,91.625336,-840.7991,651.66016,92.15461,-841.0523,594.5484,95.49621,-839.70496,584.14844,97.58902,-839.87427,574.50867,99.0911,-840.25055,670.1979,107.83519,-557.29663,564.04694,114.33682,-545.1569,637.872,151.94208,-781.6366,591.7263,150.65604,-779.028,781.39716,320.5927,-418.2386,470.87772,321.57288,-334.27505,821.9245,562.6904,-380.5321,431.9171,560.0945,-314.02167,809.93933,763.86163,-622.25903,434.49036,676.92487,-662.47076,824.4182,836.9735,-714.08484,433.00146,745.266,-748.9415,795.4087,849.1286,-773.10803,441.34018,731.6836,-823.6878,780.85693,818.4785,-652.08997,450.40268,711.59814,-702.17725,725.83777,702.156,-48.142464,554.5199,708.9133,49.683727,725.0952,1004.498,-150.03726,544.7395,1008.8637,167.26526,726.05707,1246.9739,478.6208,557.81714,1250.8961,668.73663,729.9744,1289.5862,522.309,558.193,1294.9001,705.5924,706.42725,1342.1233,163.8401,576.23315,1341.838,345.06747
up_155.jpg,biceps_up,615.48334,117.73927,-877.88574,634.3129,93.335464,-830.7765,644.3074,93.61154,-831.0199,654.1924,93.77805,-831.31226,598.12866,95.54046,-832.15955,587.8003,97.131546,-832.2684,577.409,98.81421,-832.60443,672.6244,110.05168,-547.45,567.3331,115.53433,-541.14764,639.2272,149.69945,-773.1791,593.9386,148.05836,-772.19574,775.20703,322.15524,-421.85165,471.65726,321.04346,-343.91888,818.8281,555.8176,-379.06415,432.1499,561.43384,-296.24365,811.0061,744.88763,-599.4365,435.62775,702.60706,-602.94476,821.48895,815.4584,-688.604,432.55164,766.8559,-684.2938,794.8811,819.3545,-742.38525,443.80945,753.5843,-758.92096,782.39813,791.1986,-627.80707,451.45038,732.71075,-641.7704,723.7897,702.001,-53.131985,553.0992,709.67365,55.04585,719.7364,1002.3993,-92.782486,541.317,1008.07416,253.56027,724.47943,1244.2311,531.5519,551.35596,1245.929,810.61957,729.57983,1288.8088,574.4029,549.2911,1290.259,854.0771,705.2526,1336.352,216.07526,572.9528,1336.7992,492.18958
up_156.jpg,biceps_up,618.12634,123.15322,-822.7761,637.7727,98.00135,-777.89905,647.8677,98.52629,-778.10724,657.9944,98.878494,-778.3602,600.5164,99.92319,-779.22754,589.93695,101.13945,-779.23267,579.75757,102.59424,-779.55536,675.0565,114.13456,-502.1245,569.74493,117.97433,-494.52686,640.62006,154.1889,-721.18866,595.20966,152.72017,-719.6618,780.25037,323.3173,-384.47086,473.13342,319.7728,-308.40665,822.17377,554.8842,-340.73315,433.60132,558.62646,-257.69452,814.6644,744.3216,-567.8033,427.73788,699.77136,-570.5054,822.5255,812.8633,-657.18274,417.37735,753.12,-649.55133,802.57935,810.3993,-712.5209,428.16846,740.1553,-730.46375,790.07227,782.5017,-597.50415,437.16702,719.6784,-611.9907,722.7294,701.7395,-55.377686,551.6054,710.07776,57.625385,710.9032,1000.10596,-66.11064,530.0221,1003.0267,267.07812,708.9465,1245.1611,487.79922,533.2418,1241.7338,776.9894,715.27655,1291.2579,522.60657,530.16486,1286.2471,815.68475,683.5159,1332.3853,162.1704,552.5835,1332.3741,452.32654
up_157.jpg,biceps_up,620.2078,123.73816,-866.79376,641.49084,97.05451,-820.53986,651.27234,97.59769,-820.7211,660.9701,99.15977,-820.8977,603.25354,98.31567,-819.2215,592.3363,99.50605,-819.27216,581.2632,100.716866,-819.5458,678.0158,115.17337,-538.1233,571.39026,115.10075,-521.824,643.03345,155.03821,-763.32263,596.7689,152.5807,-759.31915,782.3392,323.69092,-433.1217,477.291,319.61826,-316.31403,825.173,560.1347,-402.4685,434.95435,563.40717,-334.01923,816.61926,759.63556,-636.14014,428.92667,662.9654,-753.29395,827.3816,831.73285,-733.2228,424.63568,706.3863,-846.9658,802.6599,840.085,-786.39923,432.16537,684.3312,-919.8266,789.5299,810.59406,-663.84656,439.82568,668.40875,-794.0787,726.933,702.1226,-66.44389,563.22253,707.8307,68.3487,727.9066,998.8768,-0.419236,558.2799,1003.91846,323.39352,729.6744,1238.3037,647.13306,563.8413,1238.7252,909.98193,737.11554,1282.091,691.33276,562.2143,1282.0499,957.8787,702.8281,1328.6072,338.6581,576.8732,1329.314,599.0638
up_158.jpg,biceps_up,621.14417,120.51139,-831.2906,640.42395,94.333336,-784.3042,650.9617,94.54491,-784.51056,660.7363,95.67534,-784.6351,604.09595,95.96017,-783.7672,593.8871,97.518814,-783.8504,583.6521,98.62208,-784.10864,678.6897,111.53917,-499.94598,573.35095,113.67786,-487.75204,644.9662,151.25827,-726.98114,599.8687,149.18974,-724.1665,785.4318,319.73755,-388.7895,477.25067,322.57962,-287.17084,829.1,553.0219,-366.31412,440.6256,564.27277,-320.26385,822.91003,738.614,-619.73315,440.4077,646.3979,-767.7549,837.43787,808.97784,-717.21765,438.99658,685.94684,-866.2158,806.8489,803.0928,-769.98096,443.01328,659.09686,-932.8417,793.48944,775.8146,-647.85657,450.17255,644.1646,-807.40234,731.8183,700.2305,-57.467785,566.9508,709.84625,59.4322,737.2633,994.1879,-67.366295,563.9747,1000.80237,248.39865,742.66547,1234.0082,553.88556,576.858,1235.3082,782.35596,749.2942,1275.6208,596.3891,575.7467,1277.005,824.8137,720.2994,1326.4646,243.44647,596.55365,1324.8503,467.30402
up_159.jpg,biceps_up,620.8288,120.2006,-956.91034,641.3848,94.13747,-906.684,651.97424,94.28758,-907.0196,662.6373,95.161125,-907.2653,604.0939,95.94403,-904.2379,593.4077,97.417786,-904.3412,582.9474,98.79279,-904.7042,682.72424,110.45422,-606.19324,573.8197,113.220245,-583.80396,645.56024,150.7959,-846.06696,599.4047,148.19891,-840.76624,791.2019,323.0623,-481.4756,482.25824,321.31924,-341.11697,828.2148,559.0515,-430.83594,439.2064,553.4486,-286.02045,818.223,754.5204,-653.1797,440.61404,706.9693,-626.2104,829.98413,829.9584,-751.2676,438.26324,760.757,-706.07477,803.0746,833.51245,-801.0504,445.54877,745.8214,-795.82574,790.1172,805.9426,-678.8817,453.13812,726.2569,-670.6592,732.0715,699.8362,-90.81604,564.7924,706.553,92.44137,732.5367,1003.39404,-115.361465,573.34064,1012.94305,365.27893,739.0491,1246.3967,555.78394,579.4874,1253.4572,1020.9724,747.426,1289.3041,601.01184,579.60846,1297.8165,1074.8489,713.4,1338.7794,223.91858,586.6118,1340.738,701.0562
up_16.jpg,biceps_up,281.71335,270.65988,-398.17477,303.60873,238.18402,-403.06238,315.87878,235.83406,-403.29288,325.73697,234.08546,-403.65707,269.98077,241.03796,-387.16095,261.56866,239.97021,-387.08804,253.91423,238.95673,-387.27878,347.86554,236.74117,-323.97678,254.39462,241.65501,-245.16418,305.54214,292.88193,-358.82712,268.00275,295.57977,-336.5008,453.10605,362.99042,-227.64806,204.46364,353.2873,-137.90492,561.9684,511.76907,-204.99614,162.74821,510.60425,18.03597,573.2534,670.57526,-272.53674,143.15242,671.199,33.569622,591.39526,709.6821,-284.4871,127.78961,709.6991,47.587757,586.5049,711.5668,-318.17844,137.74408,711.2536,10.103768,568.64185,696.3315,-282.14072,149.41037,695.0461,21.780922,392.89917,675.80835,-2.5710068,250.34293,665.05145,2.4759595,402.6713,930.96436,-119.6702,246.87073,924.56573,-36.91696,406.12677,1048.7036,272.92377,262.56543,1070.555,316.0231,391.81027,1058.936,305.4517,278.6479,1086.537,344.89313,425.63696,1180.5396,184.97136,250.63258,1168.8235,206.74243
up_160.jpg,biceps_up,625.14075,121.28254,-870.5716,645.00494,96.6278,-818.7951,655.5118,96.94113,-819.1706,665.99677,97.67996,-819.30365,608.30774,98.94197,-814.4571,597.76263,100.61189,-814.6221,587.29095,102.25143,-814.9716,685.0481,113.50718,-515.1162,577.4421,117.17996,-487.81244,649.18005,152.5249,-759.4961,603.5157,150.39133,-752.9481,789.5679,324.0748,-403.9227,486.0181,320.37915,-252.26483,830.8274,554.9707,-402.56213,442.02588,557.7495,-372.33545,822.18896,749.32544,-683.7592,433.30722,615.294,-957.9249,837.14185,821.7685,-792.9536,442.52283,668.797,-1072.082,807.4989,812.5624,-845.0819,447.92993,638.35333,-1140.5781,794.40643,784.9865,-711.364,454.51202,624.31775,-1001.32025,736.97455,700.77484,-87.67203,575.9293,710.8537,89.49302,744.5858,986.564,-212.65083,582.73425,998.4059,302.91614,756.0947,1231.9296,410.17056,591.4585,1234.564,902.75824,766.08984,1274.6511,450.61734,591.07965,1278.0627,951.28265,727.7418,1323.1227,71.18325,601.6141,1319.7655,585.1201
up_161.jpg,biceps_up,630.1616,121.10079,-957.06433,649.7871,96.844955,-909.14526,660.14276,97.32316,-909.32776,670.53406,97.74781,-909.5737,612.2182,98.82382,-909.6972,601.5186,100.22729,-909.77606,591.3908,101.92201,-910.06177,687.5571,113.61459,-610.7813,580.9614,117.74949,-601.2163,653.8595,152.33746,-846.45605,607.36017,151.45122,-844.6096,792.56354,325.19647,-477.3166,486.8604,320.68814,-378.66815,831.1604,566.199,-419.14487,443.28424,564.0258,-330.26428,817.1437,755.52075,-634.15344,456.6239,687.5218,-667.60693,834.0817,831.4041,-726.14844,455.91965,734.0295,-751.7213,801.9067,830.3644,-779.1566,463.47382,715.87964,-826.6309,791.4631,800.6789,-661.18036,468.5395,697.77893,-706.518,737.50116,703.01215,-63.55094,571.85944,712.7164,65.484184,743.3282,999.6693,-7.417727,575.28894,1008.1695,348.4629,748.94336,1238.312,665.26685,584.0238,1246.2334,979.6183,755.57056,1281.9395,712.3609,582.0098,1291.6937,1031.5151,724.4968,1333.3307,347.6715,599.4838,1336.3046,660.11743
up_162.jpg,biceps_up,633.7176,119.15917,-889.11694,651.8509,96.491714,-839.12225,661.7096,96.33653,-839.44403,671.9836,96.27139,-839.74884,615.8363,98.216484,-837.64856,604.966,100.02782,-837.80066,594.76855,101.464836,-838.1615,689.5502,112.83482,-545.4503,584.4541,117.760735,-528.8644,656.9636,151.16463,-780.2523,611.36285,151.93881,-776.6267,796.2914,328.68555,-420.29373,486.07703,317.61703,-300.67493,830.4365,559.8738,-375.12997,450.20447,545.51385,-276.97873,824.67834,748.73096,-601.5549,446.75296,672.80695,-646.38794,842.68365,824.91626,-695.31244,443.3783,721.22327,-730.09424,811.27716,824.24274,-746.323,453.7704,706.7166,-808.5956,798.803,794.84357,-627.50793,460.64233,687.94977,-687.29034,731.18494,693.17163,-77.0614,563.46594,702.9016,78.73363,729.30164,977.164,-128.01755,569.273,981.93536,322.68054,729.23694,1208.0967,527.145,568.76685,1211.6572,953.7023,735.1439,1251.3383,573.35,567.3328,1257.6279,1004.3686,703.2453,1299.1805,212.93623,576.37854,1296.299,645.9009
up_163.jpg,biceps_up,634.7459,122.51211,-893.8952,652.2901,99.77221,-845.8108,662.56396,99.64196,-846.0502,672.8146,99.046555,-846.319,616.47095,101.89854,-846.626,606.0339,103.34873,-846.6517,596.20404,104.64881,-846.94305,690.07684,113.84656,-553.6121,586.42053,119.999245,-545.41565,658.2367,152.49402,-785.852,613.0879,153.60265,-784.39307,797.828,327.49548,-433.3714,491.14227,318.6686,-332.5319,834.49084,558.8101,-382.02548,453.47717,551.1632,-271.54736,823.87054,749.1947,-593.96735,472.41165,687.47424,-578.3444,838.5785,819.73425,-685.69995,471.38953,737.3778,-656.9675,811.85876,821.9178,-735.94507,480.37384,723.6876,-736.7701,800.5281,792.85077,-620.28876,485.84958,704.27997,-618.8343,738.58954,696.4059,-71.71021,577.04114,704.2852,73.54113,738.0484,985.31036,12.854486,578.12427,991.39404,351.67178,745.9302,1222.9048,643.7479,587.98584,1226.0935,949.4862,753.7621,1267.5856,685.89124,587.41815,1271.0961,997.897,720.2551,1311.3259,322.63593,600.2919,1312.5569,632.26526
up_164.jpg,biceps_up,634.5267,119.64742,-951.5506,653.4366,97.1969,-900.1224,663.8922,97.43487,-900.319,673.1845,96.991554,-900.5481,617.7865,99.771355,-899.8871,607.08014,101.1267,-899.9413,596.84174,102.891685,-900.23157,690.7712,111.7116,-594.3563,588.62573,117.955315,-582.9713,658.83246,149.9929,-839.07666,613.3402,150.2131,-836.71576,797.25916,327.75122,-454.7342,492.30377,318.53244,-357.27582,833.852,565.1145,-395.89572,456.2838,552.0332,-300.89996,824.3377,775.2081,-624.36206,480.99945,686.8804,-649.9283,835.81635,847.36194,-721.05743,482.1904,736.14764,-737.764,801.53687,849.32495,-772.90704,490.9754,721.2949,-819.6366,789.9348,818.7384,-651.4492,495.71182,702.46313,-691.4194,745.57275,695.79285,-60.975105,581.49646,712.1383,62.74913,749.2766,995.18024,41.51619,584.8553,1001.0941,311.8112,757.72815,1225.9578,776.8412,597.3334,1236.5452,955.3325,762.0853,1267.665,829.2231,596.78613,1280.3966,1007.2122,740.33167,1320.9712,453.0901,619.08496,1325.841,616.1853
up_165.jpg,biceps_up,639.6137,118.46206,-958.68805,657.2843,93.99199,-907.42426,667.511,93.764145,-907.5548,678.1461,93.03381,-907.76056,620.835,97.81411,-908.53973,610.1939,99.890915,-908.6123,600.4804,102.0178,-908.90894,695.30426,107.968056,-602.2857,590.0448,118.522484,-596.3392,663.76025,148.34642,-847.2374,619.0368,149.5535,-845.94415,804.6887,326.56625,-453.49274,495.34622,319.77887,-385.31284,838.25903,564.7686,-390.19067,455.7692,560.2191,-345.71844,829.1216,764.07654,-623.51495,477.58325,695.9367,-696.33044,839.7564,838.2188,-717.7058,478.5939,744.19183,-786.4676,806.3451,837.18024,-772.1373,485.66818,725.7429,-865.9147,795.70703,807.68396,-651.6854,491.06934,707.54034,-736.90155,744.4496,698.9458,-45.025867,582.04425,711.75,46.95163,746.7309,997.5434,85.114716,575.3173,1001.4349,316.8064,749.4549,1234.8046,739.8689,581.17676,1242.5123,917.41815,753.1498,1277.5786,784.039,578.7389,1287.8042,964.3883,730.3495,1330.2338,408.34375,602.9943,1333.1001,574.31067
up_166.jpg,biceps_up,639.14954,118.20641,-916.8297,658.9338,95.67504,-863.92175,669.0469,95.94318,-864.1503,679.5523,95.967766,-864.41296,623.16205,96.384514,-863.9386,612.84296,97.78995,-864.02844,603.0595,98.933,-864.3634,697.7924,112.42133,-553.8303,593.4258,116.13021,-542.8995,662.4951,149.90283,-803.7918,617.5608,150.58441,-801.63586,802.6965,327.6326,-416.0902,498.56442,315.81995,-325.3732,837.0318,559.2154,-355.08783,458.5974,544.93134,-299.94025,835.36096,755.9715,-586.5806,475.67725,669.5052,-685.02454,845.2366,824.595,-680.8519,475.9015,717.7704,-776.7108,813.6328,824.2938,-734.24963,484.9762,702.0843,-857.28827,803.1109,794.17426,-614.6891,489.23007,683.6196,-727.3491,740.8658,695.51666,-66.506226,576.74976,701.4121,68.4343,738.26526,984.8724,40.33831,575.02106,986.44904,364.62692,739.6671,1221.806,684.6679,577.9863,1223.9736,998.4869,745.121,1267.4825,727.0312,575.9354,1271.2361,1048.644,714.2483,1310.9564,344.51288,592.0013,1309.5669,661.68463
up_167.jpg,biceps_up,642.06,119.472885,-953.736,661.45496,97.061935,-903.8839,671.15,97.27231,-904.12103,680.98315,96.95649,-904.4502,625.69324,98.90906,-904.2264,615.4032,100.31196,-904.37427,605.533,101.65061,-904.76416,699.959,113.1906,-604.2943,596.0393,117.8927,-597.7004,665.67676,150.8171,-843.0874,620.8732,151.69617,-842.14594,806.2615,332.12634,-456.06018,499.15857,317.8612,-368.2041,836.06635,570.86804,-391.3242,458.6235,547.5191,-304.87247,824.83307,772.18335,-596.63403,482.7634,705.4138,-594.97174,832.1691,839.6785,-681.6541,488.8012,760.3921,-667.89343,803.7489,839.73364,-730.91986,498.50226,748.59863,-741.4576,793.63007,810.0524,-621.16284,501.46356,727.59064,-630.83093,744.85547,697.11194,-48.611786,575.67786,707.4241,50.227074,741.4469,985.13184,-113.45561,572.3572,991.7372,281.16208,734.4442,1221.0848,527.4926,569.03,1230.0935,902.968,735.90576,1264.0333,571.7065,565.2187,1276.2269,950.9631,717.1707,1315.4601,195.79863,585.52686,1317.3602,572.164
up_168.jpg,biceps_up,647.001,114.57131,-910.50543,666.7673,93.155266,-858.07837,676.2109,94.06236,-858.32574,686.9604,94.787125,-858.55963,629.6002,92.32425,-858.47864,619.2561,93.215775,-858.5513,609.37506,94.233,-858.8934,704.9656,112.9386,-552.70166,599.0676,113.04022,-546.6451,670.98395,148.19861,-798.56055,624.7999,147.67926,-798.0149,808.59265,331.69238,-428.6815,500.76196,315.21637,-316.17365,840.17883,568.54224,-386.23807,460.87234,544.12445,-297.52383,825.857,765.7359,-628.58704,462.73096,634.66016,-686.45215,833.86975,833.4583,-727.7572,467.9442,708.77356,-777.93915,802.86584,830.3213,-777.6389,476.77466,690.25055,-853.4433,791.9978,801.2031,-655.23047,482.20337,672.678,-727.3943,747.56177,693.8739,-69.17522,579.55444,703.3261,71.05447,748.29254,985.0131,-74.34065,582.91235,987.9846,293.0634,750.14496,1217.9443,610.507,585.7046,1219.6237,909.0321,755.5004,1260.9799,657.5901,583.8739,1264.589,957.92944,725.33997,1308.584,283.00012,597.1202,1304.5376,582.50757
up_169.jpg,biceps_up,646.1233,113.68056,-908.8109,665.78796,92.7601,-855.4149,675.2741,93.186935,-855.66223,685.24725,93.35572,-855.936,629.88086,92.53621,-857.63477,619.70844,93.58463,-857.7375,609.9784,94.632454,-858.09595,703.61273,110.92042,-553.69073,600.2879,112.817444,-555.6993,669.83344,146.80927,-798.7354,624.4452,145.98907,-800.18036,805.9088,329.94122,-420.1614,502.51813,315.67352,-338.88324,840.37476,565.6507,-363.80588,461.35443,547.15576,-280.4028,827.8345,767.1079,-587.7675,475.3743,685.2054,-594.008,836.3431,835.15845,-678.50354,476.942,735.8146,-675.2613,804.856,834.65314,-728.73444,485.1792,722.14886,-752.48755,793.6878,804.87024,-614.1967,490.3081,702.6778,-633.143,741.09265,696.12494,-58.750435,571.1821,701.5021,60.466446,729.2737,982.51746,-51.782036,563.4293,979.69275,262.16592,721.95264,1215.4099,598.05597,560.80225,1211.7458,841.02167,725.18256,1258.184,641.9372,558.0744,1255.9043,885.5991,698.4761,1304.2562,274.0708,571.9375,1297.8179,514.09033
up_17.jpg,biceps_up,276.05957,273.25595,-475.7631,297.11288,240.66335,-484.7386,309.56717,238.25168,-484.92178,319.9222,236.46284,-485.2472,264.11865,243.25887,-467.90088,256.12485,242.32913,-467.873,248.6329,241.57503,-468.07986,343.3561,238.51544,-415.58133,249.6185,243.38803,-333.11368,300.6337,296.04285,-438.9994,264.1038,297.50024,-415.60065,451.19867,367.3537,-299.8303,199.24785,356.2866,-214.1603,559.0036,517.2519,-247.07753,159.00081,512.90607,-19.66436,569.3196,684.6784,-283.69757,142.12482,674.3784,46.015278,586.2695,725.26447,-291.7273,125.75044,712.89813,67.713234,566.3815,725.666,-323.20605,136.25449,713.5937,30.681068,556.5052,712.51874,-291.79437,148.35564,697.40344,36.019657,395.17697,675.008,-0.2474153,251.14781,667.8289,0.16422373,388.8659,922.6417,-107.34217,245.4253,921.84674,-27.486753,408.386,1074.3816,284.76654,263.38394,1056.1711,306.17398,389.19217,1057.9595,315.7928,271.3557,1092.4137,331.95374,426.33026,1175.3743,183.83972,244.81674,1169.0032,176.48343
up_170.jpg,biceps_up,649.87067,111.1486,-847.16766,668.5647,91.68211,-795.5185,678.42004,92.655304,-795.8332,687.7848,93.06038,-796.1917,634.158,91.27343,-798.46796,623.87256,92.213356,-798.5984,614.07904,93.07025,-798.9651,705.31616,109.44619,-505.01315,603.5546,111.2873,-511.04156,672.7706,144.02437,-740.80444,628.5403,142.554,-743.3596,805.2881,330.1344,-384.18292,502.96146,316.31638,-310.72073,838.9393,560.7822,-339.40784,462.8363,540.6405,-256.71457,825.0447,753.24457,-563.26935,482.45325,696.3684,-547.33923,829.72253,831.7941,-655.32294,481.47827,749.50604,-625.0579,797.9211,831.29083,-703.91077,491.59088,740.6291,-701.727,786.9473,801.72144,-588.95105,498.8231,719.66284,-586.01135,743.7341,696.91614,-49.266872,574.569,702.727,50.627472,734.3717,981.5439,-109.77111,566.0458,981.0964,198.96483,726.43005,1213.3849,556.4376,563.98596,1212.2822,763.3358,728.02136,1253.8186,604.3218,561.42413,1255.8026,807.54425,707.2399,1305.3749,260.6094,575.2253,1296.5769,454.29977
up_171.jpg,biceps_up,650.2672,108.38712,-792.92834,670.33264,86.45652,-743.4862,680.4855,87.85475,-743.83936,690.1562,88.86257,-744.2133,634.4111,85.51591,-744.00244,624.1694,86.49141,-744.1473,614.3214,87.40126,-744.5307,708.7336,107.61949,-472.88647,604.71155,108.39626,-468.716,673.34625,142.1209,-694.41113,627.6952,140.94879,-694.251,805.68207,328.06223,-367.90695,504.8133,314.4057,-275.8186,841.2011,562.79706,-324.42926,463.44293,542.0035,-217.10474,824.44446,765.56647,-522.5111,490.90103,692.0662,-476.9675,833.1684,833.21747,-606.4196,491.47906,743.7341,-546.0639,803.4478,835.0605,-650.84717,501.52063,735.1561,-614.8003,791.6151,805.525,-545.2679,508.36758,714.6316,-511.87943,748.0636,695.4247,-38.714718,579.4093,705.93066,39.753075,775.1867,965.91583,-171.25641,586.0294,984.64606,154.39699,754.79834,1194.9666,570.88617,590.6754,1214.2719,737.65845,749.8022,1230.7253,628.956,587.88586,1257.2086,784.4905,744.3617,1300.5378,301.693,610.56964,1301.1705,441.80023
up_172.jpg,biceps_up,652.0604,110.471695,-835.9746,671.6124,89.86443,-783.57227,681.089,90.5897,-783.7981,690.816,91.052795,-784.1004,635.39484,88.92377,-785.9997,625.12213,89.77641,-786.06146,615.11005,90.65866,-786.3537,708.5751,109.26766,-489.64175,605.1647,110.89402,-494.37595,674.6667,144.94662,-729.07153,629.72034,143.69606,-731.22473,805.7624,329.88824,-373.4764,505.41614,315.7794,-289.50485,840.93536,559.9604,-314.99872,466.76456,536.88837,-228.14285,831.8519,751.44476,-542.0487,471.3119,649.54803,-542.3768,841.49915,823.65173,-634.8721,469.73383,692.949,-626.1284,808.20917,826.45074,-685.1908,474.35214,676.94855,-701.33124,795.6837,797.5161,-569.2953,481.02576,660.84375,-582.045,746.011,696.9289,-49.129776,583.6283,703.75,50.53637,737.792,983.8502,55.47757,573.86346,979.5398,222.27203,735.8296,1212.8666,775.3434,573.9019,1210.2406,803.66016,738.6079,1254.1709,827.40265,571.58936,1252.2449,849.28357,717.46,1300.5386,483.41937,586.4769,1295.7991,479.12662
up_173.jpg,biceps_up,654.0817,118.33456,-885.2249,675.4513,96.115135,-836.95074,684.93774,97.26192,-837.2724,695.59814,98.09293,-837.64465,638.7553,93.74295,-835.6128,628.1213,94.1673,-835.69305,618.1906,94.620224,-836.0428,714.5035,117.17691,-544.71844,607.76825,112.742775,-531.7954,675.532,153.42043,-776.39594,629.9683,150.60582,-773.9344,807.85767,331.51517,-422.69046,503.47156,313.0663,-281.9145,839.0866,561.4838,-359.49994,460.36615,538.3935,-188.89748,832.4999,754.84143,-554.59235,482.1686,685.88495,-474.04572,839.9655,820.35944,-640.6699,487.00427,737.8175,-539.2872,811.759,831.49225,-683.5123,494.81625,725.6721,-615.965,800.0082,803.33496,-576.7205,499.23233,706.09424,-511.32074,743.45886,692.6701,-82.03578,577.88074,699.7356,83.416306,740.238,984.2236,-99.47594,577.4623,985.8513,300.5353,736.8605,1213.7518,616.9849,573.39026,1220.7047,940.62006,738.98914,1253.3201,668.959,571.5618,1264.8344,992.04785,717.3136,1309.1835,312.58722,578.0286,1305.2864,626.2908
up_174.jpg,biceps_up,659.18396,124.24211,-889.45074,680.64014,101.391495,-841.03174,690.3805,102.2416,-841.27234,701.3375,102.67144,-841.62976,643.2831,100.32612,-844.3723,631.84424,100.93835,-844.4555,621.5737,101.34982,-844.7724,718.54175,119.05395,-545.70917,610.5832,116.660774,-550.98975,680.536,157.37039,-779.23126,634.4759,154.06364,-781.90234,806.3571,331.64944,-413.68167,502.1383,312.19635,-328.03006,840.8602,560.30164,-350.93155,468.15048,543.7048,-248.31618,834.2679,768.1431,-555.44434,483.69046,688.86536,-525.454,845.6648,835.5657,-640.0721,484.80585,741.4916,-595.33325,816.42346,839.4499,-686.74866,494.1065,732.44543,-672.31134,804.40735,809.6298,-580.16144,498.757,711.9683,-563.10474,743.89734,690.7146,-60.182198,576.0396,698.54175,61.6997,732.8919,978.02216,30.417046,569.4259,976.85046,312.63147,729.90076,1210.433,685.89294,563.76825,1212.1652,920.3836,731.27515,1253.8372,731.6401,559.7851,1258.3855,968.2637,712.76416,1301.0778,369.83295,577.7884,1296.033,595.35266
up_175.jpg,biceps_up,659.7269,126.65438,-874.0524,681.1856,103.632614,-829.3589,691.4869,104.40269,-829.4818,701.3811,105.1407,-829.7336,644.014,103.68236,-831.8801,633.35297,104.23532,-831.75586,623.03766,105.16234,-831.9595,718.18243,120.42968,-536.4525,613.4773,118.77787,-536.1167,681.9032,157.89182,-764.59686,636.3271,153.92339,-765.18915,807.3877,329.813,-408.45706,505.41528,313.49173,-328.7088,840.41455,560.68384,-338.53854,466.77017,541.1824,-255.78137,826.38666,750.34186,-550.3625,500.44574,690.49164,-541.2198,840.57996,824.4618,-640.7438,504.4444,745.03345,-615.0215,811.93884,824.3744,-689.7202,516.79443,729.96564,-691.2664,800.5652,797.3793,-577.3056,520.1114,709.97314,-578.99786,742.0987,698.2367,-65.68713,572.7532,706.35516,67.715485,727.4139,991.6483,57.230835,563.9393,990.8106,321.48096,723.3622,1230.4957,666.8871,558.8412,1226.6708,877.3314,727.2383,1273.5671,706.2964,554.90515,1269.699,921.4778,698.6073,1316.746,334.13586,568.6901,1313.0017,537.0408
up_176.jpg,biceps_up,660.49445,126.67181,-912.3011,682.30066,103.24968,-867.00006,692.9003,104.008896,-867.1261,702.3313,105.16405,-867.35315,645.48224,102.81684,-870.9618,634.528,103.456535,-870.85645,624.11505,104.34844,-871.051,719.4235,120.22952,-561.59674,615.06696,117.32828,-568.0512,682.6587,157.77736,-797.99225,637.0547,153.67972,-800.3673,805.8292,326.66357,-415.68832,508.93677,310.3339,-347.99347,837.94995,556.0577,-327.8396,468.63223,536.9647,-262.0161,828.9696,743.5063,-566.33624,496.97394,674.44104,-569.0799,840.20087,809.04987,-662.2423,500.4282,726.5719,-646.8879,813.5861,806.66516,-716.6214,508.8645,709.8077,-732.146,801.9866,780.42737,-596.02734,512.5187,690.79724,-610.5431,740.5265,699.2925,-62.924675,572.5847,703.577,64.88423,723.9271,989.71704,76.50274,559.2622,990.2047,331.9843,716.974,1229.1587,715.5964,551.437,1227.9132,915.28174,720.3042,1271.1718,757.2425,548.04816,1270.1995,961.81573,690.91064,1317.1394,375.0258,559.3866,1315.5574,561.21594
up_177.jpg,biceps_up,660.7727,125.852036,-872.9846,683.145,102.93233,-830.1859,693.6545,103.79329,-830.2849,703.415,104.80228,-830.55566,646.12427,102.19234,-833.2565,635.40814,102.599556,-833.11206,625.1032,103.32311,-833.29224,721.2339,120.20206,-538.1327,616.1899,117.0283,-540.30383,683.23145,156.56964,-763.3566,637.3914,152.76463,-764.40436,808.2724,327.80627,-405.45654,509.0481,309.74695,-333.26727,837.8687,557.79425,-326.4077,468.6471,538.5289,-248.62994,826.65564,744.72015,-545.1037,501.20786,684.0082,-528.4648,838.02356,811.9606,-635.7008,504.34537,738.12665,-601.42645,809.99316,810.7018,-686.44745,515.45404,723.087,-678.912,798.863,784.312,-572.7549,519.15186,703.1712,-566.5062,741.07983,698.6347,-60.679585,572.2553,702.6036,62.6426,722.20325,990.32806,85.39222,555.9572,986.9103,323.97363,715.1218,1228.9553,698.92035,547.53815,1223.1395,881.0053,718.52625,1271.5804,739.01355,543.60315,1265.807,925.3423,688.5033,1315.7776,366.69214,555.3271,1310.6062,537.04816
up_178.jpg,biceps_up,660.61475,125.451935,-988.8553,683.4673,102.40249,-943.37006,693.8598,103.27307,-943.3887,703.6368,104.21961,-943.6373,645.9918,101.69563,-947.82196,635.27026,101.950676,-947.8301,625.0446,102.52227,-948.03925,720.8849,120.13305,-638.9472,615.9084,116.401474,-649.89294,682.4352,157.27748,-874.7354,636.6776,152.86351,-878.2446,808.7272,329.48196,-474.86874,506.63937,314.39163,-438.9408,837.30286,562.3376,-376.05026,466.91492,545.9259,-358.17584,828.0029,754.6287,-577.05176,478.0384,705.9725,-621.2043,837.33594,828.1223,-659.355,497.38226,772.5294,-694.2728,810.2371,829.85364,-715.27673,509.95578,762.9861,-770.1034,799.7069,802.546,-605.47144,514.17737,741.73364,-657.626,741.66656,702.8952,-37.260826,569.0511,705.1688,39.02485,724.2962,997.6101,108.0096,554.9082,994.3602,290.48364,714.24927,1236.1665,768.2838,545.32263,1236.1929,875.1318,714.8349,1278.2817,814.0143,539.9254,1280.055,921.1482,692.8818,1330.1196,438.79816,560.2898,1328.338,521.1905
up_179.jpg,biceps_up,659.7241,128.32954,-900.7403,682.9962,106.27839,-858.5034,692.77527,107.63018,-858.5276,702.8588,108.73517,-858.7999,645.7704,103.898224,-860.43164,634.71356,104.149574,-860.34784,625.151,104.04306,-860.53046,721.52374,125.23603,-577.89575,616.0435,117.58186,-576.0742,680.9222,160.25378,-795.61755,635.084,155.71777,-795.6147,808.8742,333.60327,-447.23172,504.38657,314.36215,-379.0097,839.98413,559.75836,-368.73016,465.45285,543.5657,-295.573,832.70044,760.9337,-545.6111,454.2447,705.5896,-551.1854,850.73303,833.2205,-623.17816,468.29828,754.08386,-620.6396,819.1535,837.7485,-673.55054,482.70493,746.7931,-695.556,808.77655,809.0556,-571.5624,489.84088,726.6669,-588.38904,739.9208,701.0011,-49.90114,569.3848,707.5763,51.88559,721.81696,993.5774,107.64151,553.76746,990.85675,313.04163,711.3614,1228.316,766.26843,541.9768,1227.1445,884.3745,713.05554,1271.6948,812.83765,535.80145,1271.9915,929.9856,685.95557,1319.3827,453.1108,556.2468,1317.602,547.83026
up_18.jpg,biceps_up,258.3922,275.28394,-479.92014,279.95743,241.5655,-491.9318,292.25427,239.5673,-492.1086,303.0955,237.95511,-492.46228,247.65813,243.55737,-470.7084,239.40349,242.46387,-470.66183,231.99306,241.45856,-470.84787,328.37762,238.40643,-424.60507,236.46097,241.3292,-322.69464,284.71198,295.66714,-442.9777,247.07886,299.20044,-413.9474,442.93265,364.36624,-324.8551,186.64656,354.36127,-190.84756,544.6187,535.6081,-220.90562,149.90271,514.73193,-6.9736395,558.82764,718.9652,-172.60722,146.56088,667.977,25.494692,581.5685,765.9787,-172.44745,137.31949,710.7555,43.71835,566.341,763.8406,-212.35811,143.96875,712.6028,3.2332377,547.9279,745.9272,-181.65282,158.51144,693.4678,11.318932,390.35306,688.18976,-10.214792,246.4146,674.882,10.23637,389.0468,935.5148,-110.68106,239.17783,939.0979,17.132057,399.02557,1064.3999,277.77496,257.00293,1071.5275,359.4657,384.0935,1074.1088,307.94672,275.7599,1113.745,387.12793,416.71777,1201.9688,161.79419,242.06927,1198.5258,235.59871
up_180.jpg,biceps_up,659.86145,132.17244,-939.40845,682.62305,107.91531,-893.21277,692.0299,108.87134,-893.29565,703.20984,109.53421,-893.53613,644.60547,106.74557,-897.3501,633.05914,107.09872,-897.29614,622.91595,107.45783,-897.48535,720.26514,126.19506,-594.757,611.5773,121.70075,-602.78754,679.98706,163.87378,-828.81104,634.81934,160.54471,-831.4756,805.3924,331.73505,-466.82965,505.82635,313.8873,-388.85785,840.4752,559.5085,-394.062,462.7643,549.5629,-319.49756,831.087,749.26886,-594.9446,472.12894,686.6572,-603.8594,841.0111,820.22516,-682.5668,482.193,750.32056,-674.93506,817.6704,819.29065,-731.59265,494.61536,736.0409,-752.9733,807.39996,793.08887,-620.90765,499.06357,717.4032,-641.1221,744.4705,701.1846,-67.5794,579.6748,705.52686,69.3672,727.203,989.17755,76.99552,567.55914,994.67487,351.89026,720.85876,1226.8733,723.2113,560.07336,1228.4095,933.7219,725.09656,1269.5145,766.94324,555.6994,1270.5414,981.44727,694.19934,1315.158,403.1645,568.66144,1317.2446,599.8866
up_181.jpg,biceps_up,661.00433,132.71613,-949.6211,682.21094,108.0538,-900.66675,692.2247,108.60402,-900.8283,702.9898,109.13364,-901.0863,646.4846,107.5253,-905.7288,633.6764,108.04015,-905.7651,623.6781,108.47724,-906.001,718.73914,125.191826,-599.7889,610.14594,121.68521,-614.1423,680.3185,163.92345,-838.32556,635.7408,160.72697,-843.0698,804.5053,331.24435,-467.04224,504.3955,313.28802,-394.30637,840.848,562.7936,-402.12256,462.11887,550.1422,-322.403,832.468,757.50336,-612.6644,479.11188,691.23694,-607.8032,847.7825,829.22485,-701.3419,480.51233,741.7089,-680.9166,816.188,830.1555,-750.53955,490.33563,728.79333,-758.6609,805.631,801.4507,-638.24274,495.3821,709.68854,-645.2636,740.6957,698.42755,-63.376144,581.4256,706.78094,64.9536,723.8901,981.93286,69.445076,568.6133,985.6837,323.09058,715.37994,1217.2665,719.6769,561.0007,1218.4597,903.27216,719.16187,1260.3696,763.41223,557.8089,1260.9591,949.42615,690.23834,1304.741,403.85632,569.1182,1307.3472,573.4947
up_182.jpg,biceps_up,654.0093,130.17516,-953.08887,674.97064,105.7071,-905.9231,685.5228,106.11179,-906.1536,696.1481,106.68669,-906.47974,640.6076,105.25087,-908.12366,628.2145,105.8516,-908.216,619.2644,106.00674,-908.5033,713.25494,122.80354,-606.77026,606.20996,120.10705,-609.0807,673.58374,161.13673,-841.032,631.7321,157.28001,-842.5536,803.1552,332.10834,-472.76532,502.43604,316.88626,-366.71942,840.2407,559.55945,-408.46057,463.4465,548.8922,-284.12067,827.0792,757.4991,-612.01074,476.43286,679.33606,-575.6127,833.9041,821.81805,-700.488,478.55536,726.2728,-648.7561,807.44684,827.2927,-746.57935,483.62808,710.3252,-724.78455,795.882,799.8646,-635.7498,489.28003,693.24304,-612.7068,740.30054,693.35516,-68.16794,582.00165,703.46045,69.48182,731.7474,981.7446,27.871035,576.5329,981.5614,292.0583,730.21173,1208.0546,738.76953,577.4057,1208.1691,901.925,734.5526,1248.1522,789.7303,576.06555,1248.6056,951.3832,707.76117,1297.4536,440.6709,586.32605,1295.7407,584.1888
up_183.jpg,biceps_up,653.4236,125.286194,-997.66614,673.5849,102.51459,-949.6384,683.31573,103.055275,-949.8347,694.4888,103.283676,-950.17847,637.5208,102.03432,-952.5164,626.00916,102.76611,-952.67236,616.30286,103.30024,-952.9767,710.3998,119.281265,-644.6815,604.19324,118.54059,-650.54083,673.8311,157.88258,-883.2349,630.23627,155.41757,-885.6689,801.2189,331.2646,-495.4342,499.83954,317.88828,-408.42273,839.50494,562.0992,-435.0021,459.83658,547.89777,-331.03796,833.2124,767.6939,-638.61914,480.82047,714.52704,-605.2506,843.7293,832.56995,-723.1864,483.87802,767.6931,-675.1493,816.4308,836.4053,-769.64594,494.44073,758.3136,-749.4794,804.6298,809.47833,-662.2903,499.0155,738.4161,-640.6614,745.51306,694.06396,-58.342453,579.68536,704.2218,59.609215,738.0332,992.0511,21.21166,576.46,993.3663,298.08282,736.0168,1222.6714,748.9907,575.54047,1227.665,940.1439,738.00757,1262.9626,802.47266,572.67847,1270.469,992.42004,718.0178,1319.1803,444.84348,590.7635,1317.48,615.64526
up_184.jpg,biceps_up,647.41077,118.467804,-940.17615,666.95325,96.74681,-893.96857,676.83655,97.423584,-894.16907,687.9267,97.76622,-894.469,631.3355,96.76719,-894.02826,620.1918,97.82308,-894.152,610.2311,98.614525,-894.51196,705.17645,114.293686,-605.80963,598.86755,115.04801,-598.4745,669.66235,151.90633,-833.3849,624.66437,149.45479,-832.2193,800.6023,329.20544,-473.97296,500.06628,318.6269,-364.49673,839.125,562.9124,-414.58896,457.5431,551.4941,-294.14343,831.00946,763.2997,-594.8229,463.44028,704.2413,-561.1541,842.4478,836.3262,-673.6769,482.58295,779.6428,-626.5976,815.0145,841.6452,-718.653,494.52625,769.3525,-697.08374,803.53265,813.8957,-616.92224,499.0601,748.7289,-594.67535,750.22186,696.1722,-61.69083,584.01715,709.5618,63.132614,752.0503,991.65845,-36.49696,587.2405,997.6619,312.72644,753.24335,1223.4131,632.6874,589.8594,1235.8428,931.7707,755.7223,1263.0475,680.4061,586.8155,1280.0734,981.0033,735.3464,1322.2096,324.2558,606.63116,1323.8732,614.3249
up_185.jpg,biceps_up,646.88513,117.937935,-936.52734,664.3898,95.76903,-887.69714,674.0117,95.62869,-887.8665,684.0925,95.43085,-888.12854,630.1791,97.519455,-888.96783,618.56195,99.071014,-889.0011,608.18933,100.38959,-889.27313,699.62,111.88918,-586.79816,596.19934,116.73991,-582.9878,668.4073,149.75352,-825.1526,624.18536,149.96304,-824.7159,800.6723,328.68503,-451.43658,499.11942,318.7581,-352.59015,841.0672,560.8104,-395.8462,456.68396,547.54315,-295.77,833.95544,759.62805,-618.02576,466.19727,682.32227,-627.78436,844.93335,832.36774,-712.57336,466.264,730.2771,-710.93823,812.09924,833.37213,-763.1577,476.43903,713.91205,-789.2848,800.83154,805.442,-644.9322,481.784,696.44904,-667.4088,742.5241,698.5574,-65.62672,579.55804,710.29254,67.45652,734.01086,989.02704,27.555056,566.11755,990.2341,309.57086,730.83374,1219.7128,728.01465,564.1018,1222.5042,925.402,734.91284,1261.0051,777.09906,561.77356,1265.4376,975.0167,706.8718,1311.3723,409.72552,580.02576,1311.38,589.5853
up_186.jpg,biceps_up,640.5535,117.66748,-916.63403,657.96655,96.13539,-869.26886,667.7295,95.94292,-869.3163,678.2252,95.467545,-869.56323,623.7739,98.701904,-869.7382,612.68286,100.446495,-869.6421,602.79443,102.02574,-869.8292,695.8522,111.92335,-571.61255,591.761,119.566315,-563.57666,664.2888,147.9025,-807.23444,619.6304,148.89513,-805.27637,802.0478,328.05597,-441.99997,499.35196,316.15833,-346.98383,842.42554,563.21625,-367.91992,456.30334,542.7406,-268.88968,833.5379,753.8489,-583.79443,465.96918,674.0211,-566.0277,843.67993,827.3839,-676.14264,466.15616,722.807,-642.2173,813.69574,824.88135,-725.0849,475.0724,707.61847,-724.1993,803.0353,797.3465,-610.6145,479.7038,690.2699,-607.1843,744.51416,700.37177,-65.018524,580.886,705.4643,66.86931,731.95856,993.3197,100.11158,569.05096,995.3786,325.3413,727.09235,1231.0739,790.2792,562.779,1233.3066,919.6372,732.51184,1273.967,836.9638,560.52313,1276.6234,966.98517,699.4407,1319.5348,455.51602,570.83093,1324.2609,560.75146
up_187.jpg,biceps_up,640.7499,115.92563,-904.4703,656.50305,92.644485,-855.61584,666.06824,92.35305,-855.7683,676.13367,91.768326,-856.07324,621.94836,96.28345,-856.4,611.6947,98.41948,-856.3447,602.0362,100.38427,-856.5554,694.6536,108.794945,-557.7952,591.3417,118.17504,-549.7902,665.37573,145.81895,-795.20746,620.9096,147.03093,-793.328,802.8995,327.72293,-444.53406,498.67938,318.83362,-334.8857,844.80164,562.1322,-393.4087,457.18652,547.2504,-264.45877,831.7228,758.59766,-613.04767,464.1574,689.1128,-577.77966,845.6792,828.86633,-710.8187,460.87387,738.877,-658.5698,812.37964,829.0642,-761.91095,470.50595,724.79504,-745.2515,801.73584,801.3618,-640.59686,477.03668,706.42596,-621.6006,744.20435,702.8877,-71.31631,581.3956,712.1561,73.15718,731.5716,995.66534,85.76725,570.3363,999.08057,323.2287,728.7433,1234.4872,771.473,568.3283,1236.4686,902.3315,734.6373,1278.2104,818.11804,566.9003,1280.2688,948.2696,701.7862,1322.0085,446.55124,577.3205,1325.6818,556.9271
up_188.jpg,biceps_up,633.97504,110.336296,-880.5027,651.8912,87.1342,-829.108,662.35974,87.49057,-829.27545,671.8621,87.923325,-829.5044,616.2158,90.04365,-830.1761,605.9882,92.33327,-830.2355,596.2261,94.03314,-830.53625,691.1106,105.68809,-535.535,587.4299,113.6979,-530.77686,659.58563,142.57297,-774.39954,613.1736,144.01918,-773.46204,802.40533,328.50275,-408.30103,495.7339,316.7951,-341.36844,841.0281,566.17615,-370.88373,453.9415,549.58075,-341.7425,833.0826,772.4737,-615.47723,450.8982,675.6398,-732.60406,846.2078,843.29114,-710.65063,444.0113,721.99023,-826.47766,811.0226,843.8996,-764.1547,452.3684,706.97894,-907.03125,798.7558,814.4144,-644.0625,461.3519,689.8543,-775.7989,741.8751,697.29944,-42.83001,576.915,704.547,44.642883,734.0502,993.2166,73.53003,564.50104,992.10583,255.27478,730.01215,1226.6887,759.7283,562.8673,1228.2317,833.13654,733.18365,1269.004,807.3023,560.06445,1272.6688,878.1744,708.3042,1319.5784,445.44226,583.2215,1318.1422,494.22675
up_189.jpg,biceps_up,632.0981,114.61268,-946.57684,649.678,92.78456,-898.0547,660.2777,92.903564,-898.18915,669.17834,92.9491,-898.4291,614.71735,95.86494,-897.7386,604.7103,97.43701,-897.7371,594.6626,99.59386,-897.9755,689.02234,109.547035,-601.1047,587.15405,116.60511,-588.5886,657.7994,145.92282,-837.78815,612.49603,146.26794,-834.6307,800.6739,325.22372,-471.1353,497.3888,319.53357,-368.96252,844.2207,562.42737,-416.7594,453.92776,548.3215,-307.71887,834.6083,763.05475,-637.5748,458.41663,690.77673,-628.5674,849.9494,837.6186,-734.1088,455.77866,739.6556,-710.9705,817.599,836.03925,-786.54974,463.36697,724.3134,-796.58636,805.7595,808.4496,-665.28265,470.2988,706.7029,-671.7412,747.20953,697.1727,-62.38015,586.3355,708.33276,64.164536,743.6188,996.22437,55.92813,574.719,1001.7987,313.06555,744.81006,1234.3469,741.0674,577.443,1240.6389,908.34467,750.08057,1276.929,787.57605,576.6057,1284.0391,955.5651,723.67834,1325.0123,413.13654,593.2981,1330.6139,565.10077
up_19.jpg,biceps_up,247.9898,268.57495,-527.0625,270.68967,234.86987,-537.48206,282.8337,232.26184,-537.66315,292.69635,230.41902,-538.0786,235.48866,238.70242,-516.6987,227.08862,237.67914,-516.69885,219.6663,237.02087,-516.921,315.76035,233.45161,-466.64532,221.5592,241.63174,-365.81952,273.30612,290.29163,-488.06226,235.60068,293.23447,-459.61893,431.73993,361.20758,-378.45154,169.53763,358.67334,-198.07288,534.072,533.44476,-285.6023,143.18674,515.8413,43.965824,557.8199,717.4933,-245.34836,140.08206,667.5741,145.39474,579.1567,763.2411,-245.32764,131.3424,706.6443,179.68379,555.59576,762.4225,-281.94687,133.13913,705.8425,142.50827,543.742,750.57074,-252.3943,144.69113,687.6029,135.79187,385.87646,674.11694,-25.99271,237.55238,672.0494,25.839054,388.40695,933.3102,-134.26788,236.54239,933.51776,15.992176,410.59866,1100.863,285.0044,259.13672,1074.7211,383.59824,411.71,1114.6194,319.18546,272.28192,1124.5214,413.8244,410.76657,1205.9662,159.00075,246.74843,1207.1423,246.36154
up_190.jpg,biceps_up,632.0026,113.60648,-936.7544,648.7825,91.42492,-886.9272,659.2124,91.7446,-887.10046,667.9226,91.84703,-887.3192,614.4756,94.468605,-886.2178,604.3782,96.27869,-886.2551,594.14453,98.713745,-886.54175,686.5231,107.74472,-589.7041,586.09375,115.72282,-574.6776,657.2549,144.39326,-828.1271,612.2025,145.34457,-824.3208,797.4553,326.2149,-462.9117,495.9761,320.82562,-354.35062,840.79895,562.24725,-407.8569,453.77588,558.60736,-317.82056,831.269,761.8351,-627.4425,470.8877,693.65076,-671.68976,845.982,834.3041,-724.05225,471.1948,741.0425,-759.0067,813.21625,835.3195,-775.509,478.90274,722.1007,-840.90393,801.08405,807.4053,-654.27185,484.44397,704.5884,-713.54395,746.0719,701.21796,-66.48151,582.52466,710.8724,68.29808,744.422,997.94946,50.87378,578.36847,1006.05975,350.16705,750.056,1234.035,750.1554,585.4941,1244.602,982.91943,755.4758,1276.0186,798.8122,584.13745,1288.869,1034.4789,728.3357,1329.1475,426.22815,604.2339,1334.842,649.9968
up_191.jpg,biceps_up,629.7488,112.42975,-894.1678,648.22076,91.08022,-844.3737,658.5444,91.60224,-844.41504,667.9206,91.64344,-844.5508,613.0934,93.446915,-842.2741,602.8532,94.98689,-842.1931,592.64496,97.1339,-842.3823,687.2376,107.57598,-547.5371,584.2501,114.54792,-526.66797,654.782,144.10371,-787.32336,609.6331,144.52425,-781.50476,797.8476,327.30392,-436.87592,495.4242,321.73856,-321.90063,841.6511,562.74786,-404.50446,453.40985,558.06885,-322.532,832.59534,757.07153,-663.8213,463.33154,666.9079,-742.66455,848.6,821.4072,-769.9667,462.83658,710.1781,-839.7074,819.1135,826.6786,-820.54047,471.70526,687.0359,-918.7546,807.1101,799.27374,-692.1283,476.72058,671.6276,-785.6909,743.29224,703.91223,-68.52029,580.8605,712.3308,70.656,741.0327,998.26874,106.8959,573.0508,1005.77826,344.4966,743.7537,1237.5929,811.5357,576.87506,1243.4431,946.61194,750.6373,1280.2557,859.91284,574.55585,1286.5654,995.40796,717.14655,1329.6243,481.28268,593.60895,1335.5314,596.30206
up_192.jpg,biceps_up,630.1733,114.40068,-973.77905,647.65857,93.01364,-922.91235,657.8699,93.07291,-923.0314,667.45264,92.52231,-923.2398,612.67065,95.97841,-923.62946,602.6607,97.60344,-923.6901,592.9072,99.450386,-923.9582,685.7553,107.95707,-618.07904,583.9977,117.003105,-610.5121,655.3611,144.2835,-861.9241,610.75696,145.44925,-860.32874,795.5359,325.39975,-482.58154,493.68625,322.12274,-384.8661,838.651,556.39325,-414.06396,454.1831,559.21063,-319.64157,826.5201,754.3699,-618.85645,465.41415,708.45544,-628.9548,844.75415,826.9399,-708.7818,479.6197,768.5737,-707.532,813.1218,831.2752,-760.1824,490.73645,756.4075,-789.75104,801.62476,802.7958,-645.17334,495.27234,735.822,-669.15857,748.31555,700.2702,-67.96698,588.5513,715.1596,69.685036,748.51416,996.0224,39.57334,585.776,1005.5283,331.6021,754.6366,1229.6934,753.7078,593.91,1243.8331,964.5083,759.1937,1271.0558,804.13074,592.63086,1288.0804,1015.2942,736.104,1324.7333,429.08075,611.6108,1332.7736,625.8583
up_193.jpg,biceps_up,626.99725,114.97394,-870.41754,645.31714,93.97053,-820.2845,655.6765,94.23377,-820.47754,665.0902,94.09159,-820.7117,610.7918,96.29508,-818.4335,600.799,97.81535,-818.4014,591.52295,99.202896,-818.65546,684.05,110.481865,-529.63446,583.98694,116.53344,-509.31085,651.9357,145.54855,-765.61597,607.29364,146.00385,-760.33057,794.0968,327.5995,-429.29596,492.932,318.5171,-300.2827,834.64966,558.73596,-391.83072,452.1225,553.78345,-256.1282,821.81244,752.3871,-614.6992,461.36694,681.41406,-613.9294,835.87024,829.85254,-713.382,457.17664,730.8705,-699.1975,804.58136,828.48474,-763.8528,468.35007,715.8918,-785.0812,793.7283,799.9969,-641.72174,474.6375,697.4011,-658.25446,739.1655,701.06573,-78.80684,581.6392,709.131,80.83556,732.74365,993.13983,57.36424,574.7839,995.93304,332.6632,731.37134,1230.5715,717.03986,575.81903,1231.8094,901.7125,738.1497,1274.2407,760.788,573.96313,1276.176,946.4016,702.29095,1317.6694,391.908,586.71564,1318.6504,565.3569
up_194.jpg,biceps_up,631.1089,116.1975,-875.3336,649.0011,93.71879,-824.8429,658.817,93.712776,-825.08026,668.53,93.282166,-825.3486,613.90173,97.00001,-825.83307,603.68567,98.736404,-825.90784,593.85815,100.83402,-826.22955,686.0346,109.062355,-531.8622,584.3732,117.92265,-523.4746,655.44324,146.6743,-768.40826,611.2759,147.09131,-766.68524,794.6273,326.1728,-415.60886,491.16266,320.8066,-316.72543,833.25494,559.10443,-382.57977,448.96448,561.95215,-305.6184,821.54755,747.13934,-624.3913,457.10324,689.4944,-688.063,838.0873,819.0593,-722.5841,454.12842,736.7296,-777.9352,810.12854,826.7635,-773.714,464.64752,720.0216,-856.25464,798.5603,797.4105,-652.29626,470.8429,701.4553,-729.30994,741.25366,700.7402,-69.56525,572.345,712.37213,71.52476,733.3715,990.6837,11.975261,569.58466,996.2338,361.59003,734.0765,1227.3837,647.98,574.00006,1230.2384,976.68695,740.51184,1272.1918,690.447,571.6881,1275.9205,1026.5587,707.3407,1316.9462,323.69766,591.4865,1318.2279,657.3081
up_195.jpg,biceps_up,629.7783,115.08668,-837.323,647.86835,92.40785,-790.2398,658.0185,92.86233,-790.4823,667.42786,92.839836,-790.6177,613.41,94.70254,-782.3504,603.3651,96.17453,-782.39355,593.62286,98.07332,-782.6391,685.6061,109.4055,-504.3593,584.37225,115.81895,-461.38004,653.3263,145.97762,-734.02356,609.7837,146.64302,-722.8187,793.2962,325.3712,-426.62518,493.185,318.62643,-218.81534,836.60754,559.85693,-432.28656,450.12405,557.4205,-398.77963,824.5806,756.01465,-674.32184,439.17395,543.3924,-1048.8759,840.4242,822.3602,-774.08014,436.46164,562.04346,-1165.0942,814.5111,826.9562,-820.8634,435.11108,527.8555,-1213.6611,801.3486,799.7092,-698.22174,442.5121,525.4169,-1085.8864,739.02295,695.469,-96.98897,584.7961,704.759,98.806496,740.24854,979.0771,-41.434093,582.0248,984.9368,362.9065,749.5055,1213.459,593.6025,597.576,1210.3203,946.7312,760.3729,1256.1443,634.14996,598.1753,1251.4279,994.1732,718.1095,1296.0884,267.1183,605.6139,1292.4722,633.39374
up_196.jpg,biceps_up,625.78345,116.43731,-870.78577,646.10925,95.36442,-821.27075,656.96326,96.1923,-821.57715,666.1071,96.70526,-821.7871,610.9276,95.40738,-815.02454,601.3103,96.472664,-815.0654,592.73145,97.15686,-815.387,686.0499,113.895996,-528.2861,584.9905,114.58749,-490.82944,649.23914,148.49692,-764.4079,605.3217,147.3764,-754.70184,788.56177,325.03113,-428.41113,493.52045,315.57095,-251.45895,831.65674,558.5549,-412.61368,449.93213,550.63684,-309.86575,820.42957,745.8476,-650.8483,443.9477,639.95654,-819.46924,836.2677,819.4586,-753.4463,440.6244,681.8564,-919.8657,810.5586,821.2244,-804.28595,445.90833,657.79114,-997.56415,798.072,793.5741,-677.46344,453.20276,643.2778,-864.56885,735.4302,694.5766,-94.525536,575.8767,705.9854,96.48837,731.7762,975.99286,-119.53002,575.28143,983.7139,362.21167,736.9494,1213.792,474.0069,580.0698,1214.0865,961.4422,746.34344,1257.7671,510.43777,579.4,1257.6278,1009.002,706.45215,1297.3179,130.53705,586.36346,1295.9366,641.4637
up_197.jpg,biceps_up,629.2744,117.61997,-854.0386,650.7975,97.20549,-804.1784,661.70215,98.45548,-804.448,671.9658,99.04278,-804.64526,614.8727,95.368454,-801.1132,604.8424,95.82413,-801.13416,595.5854,95.99343,-801.42084,691.6723,115.56995,-509.44412,587.1828,113.65283,-485.8393,652.60284,151.61455,-747.1673,607.2445,148.70857,-741.4928,788.6808,322.71576,-422.1701,490.50818,316.12885,-253.32486,830.03174,552.8415,-406.7671,450.25208,549.9528,-290.6911,820.67847,740.78973,-639.9409,448.13055,630.15216,-762.95374,835.9496,811.26697,-741.04944,448.0223,671.18854,-858.4404,806.3968,807.245,-788.0195,454.53284,645.5044,-930.8881,795.7605,779.86487,-664.9075,459.35672,631.20667,-804.5939,731.78613,695.8267,-99.32948,574.81506,704.9457,101.27938,726.2334,977.1126,-56.35251,567.4893,985.01117,394.55066,730.5213,1217.8441,529.2767,574.20465,1216.4431,974.9887,740.79047,1262.8278,565.4198,574.0209,1259.631,1021.7609,697.083,1300.3604,197.04408,578.9494,1299.2258,662.6118
up_198.jpg,biceps_up,630.165,117.97273,-821.13776,651.6024,96.48631,-772.7829,662.0289,97.65695,-773.0496,672.14844,98.20743,-773.3618,615.2519,95.20477,-772.30865,605.0177,95.79945,-772.33215,595.9646,96.11428,-772.6401,692.93176,114.45565,-494.1843,588.2129,113.62103,-479.34265,653.1733,150.9458,-719.7269,608.39465,148.47194,-716.48975,790.3567,323.1101,-409.0581,492.3864,316.29514,-271.59027,829.7208,553.805,-384.578,452.15295,552.3487,-215.92328,819.03064,740.5284,-576.8306,472.92874,694.42816,-504.97437,833.8123,809.5868,-664.89624,474.04065,747.8833,-573.709,803.625,810.7353,-704.619,486.16748,734.5454,-646.5272,793.4928,783.4877,-598.19037,490.1085,714.35706,-541.65894,733.81055,694.1195,-91.7894,575.9075,704.5911,93.64914,725.28864,977.2858,-46.426346,568.0795,982.52026,395.05316,727.11,1221.0568,473.09076,570.9585,1218.4241,943.7866,736.0528,1268.2552,504.15622,569.2549,1264.3688,987.53357,697.0612,1303.064,147.51842,576.24866,1301.2579,643.43634
up_199.jpg,biceps_up,632.16113,119.18986,-918.09326,653.66034,97.924835,-868.8015,663.75024,98.70392,-869.0821,674.3379,98.79091,-869.40985,617.1042,97.52671,-868.7224,606.7932,98.355446,-868.88257,597.5295,99.00338,-869.2184,693.90393,114.63393,-580.6048,589.2679,115.09998,-570.6436,655.17505,151.66223,-812.2482,610.4121,149.65443,-810.3234,790.2137,325.5328,-470.22516,492.7031,315.3218,-343.84076,829.84076,556.80164,-428.82596,454.89923,554.5723,-280.19794,821.96924,749.2027,-618.58844,472.44403,698.3046,-564.9423,838.9927,815.50525,-704.5238,472.54614,749.4841,-634.022,804.9256,827.1191,-749.22705,483.0315,739.47754,-709.9502,793.3127,799.09033,-641.1237,487.8913,719.65985,-602.235,732.5998,689.07623,-79.21257,576.7542,699.78394,80.65329,728.8131,975.6814,-17.38043,577.1471,977.50726,353.0774,732.94794,1209.6084,605.21783,583.0462,1209.8204,947.9341,738.98975,1253.2786,647.8112,581.6786,1254.9398,995.82764,708.57294,1297.9531,295.78714,591.0411,1293.0151,645.35944
up_2.jpg,biceps_up,334.2766,256.9041,-278.01865,353.26923,228.80081,-274.3277,364.16556,227.51555,-274.5521,373.39655,226.7082,-274.8718,319.64258,230.19942,-274.20438,310.13034,229.56702,-274.14886,301.92105,228.71199,-274.40985,389.68552,229.54189,-151.95673,292.8786,230.3392,-140.7658,354.80023,280.48196,-221.15536,316.75922,280.69226,-218.57796,465.17627,336.48245,-48.18461,223.23561,334.26212,-71.85451,541.26843,452.74948,-216.00545,155.56015,500.329,-48.21121,552.47485,479.25742,-526.5924,128.27847,648.7691,-117.0804,558.2373,488.1816,-565.69434,103.36392,698.3869,-119.14912,556.3113,468.86542,-572.03625,116.867935,688.33887,-160.25952,542.6983,470.23782,-533.84247,133.05595,679.84454,-130.5416,392.27618,659.53986,10.030766,252.61612,657.9732,-10.242727,413.57144,898.6666,-169.30244,250.13126,911.3147,-128.3273,417.08908,1063.9867,244.71167,275.4211,1071.7253,208.69629,407.51123,1078.8859,278.21732,288.17343,1090.0336,237.23146,429.32648,1170.9834,132.27428,267.27298,1174.3749,81.375656
up_20.jpg,biceps_up,236.04619,270.91873,-516.0198,257.08423,239.73637,-528.80743,269.5441,237.15721,-528.9953,280.68018,234.96643,-529.4231,225.12288,242.91306,-508.0405,216.92557,242.234,-508.0005,209.18253,241.73602,-508.2174,304.54822,238.51268,-462.39517,211.23131,247.55925,-362.8881,261.5537,293.544,-478.15063,225.17497,295.66266,-449.94922,422.1133,366.03683,-361.7898,156.87308,366.7022,-212.76947,524.7906,534.6009,-240.48027,130.25246,533.7079,-15.233422,534.3183,720.8345,-175.98447,134.49272,698.4317,26.908802,545.4239,778.0434,-178.07562,130.17043,739.69586,45.08893,519.5409,775.6288,-212.01534,135.65794,739.0251,6.9143634,500.0299,754.7043,-181.6534,146.71376,720.76776,15.378534,382.789,684.66943,-15.202358,228.48564,681.98706,15.145619,390.06454,945.5318,-123.7117,230.75656,940.18756,42.80881,402.14426,1120.5422,295.0476,253.50838,1088.6884,382.4975,378.08905,1087.9529,327.98752,259.77966,1136.3615,410.23248,412.34357,1221.7739,165.78543,234.2832,1212.5675,237.2835
up_21.jpg,biceps_up,226.75655,273.35822,-462.5602,247.57098,240.35693,-469.5432,260.32306,238.62263,-469.64676,271.52426,236.94626,-469.97903,215.54915,241.52408,-451.3109,207.48123,240.94363,-451.28323,199.87363,240.71472,-451.43976,294.87604,243.53687,-391.00787,203.84578,250.84642,-303.58215,252.28651,296.09198,-423.01776,215.59337,298.30197,-397.88058,414.11563,369.61948,-281.0844,147.84552,384.76834,-191.72365,513.0837,539.0408,-155.6462,120.98361,548.20294,-20.01097,527.22943,709.18933,-133.4782,123.33415,711.28174,-14.602445,543.9151,758.6461,-141.31113,111.95183,749.2542,-12.911696,526.4204,761.9056,-181.33693,120.93288,746.0729,-51.90719,506.09424,742.0759,-144.11642,135.14848,726.27576,-28.492582,387.3797,689.8791,-3.0712686,229.51717,695.63495,2.8376126,393.91022,935.7152,-81.415985,224.13965,955.8484,-3.1924584,395.91098,1060.16,369.42767,250.03873,1073.9075,332.38873,387.35825,1068.1279,406.29303,263.2405,1124.7451,359.65634,421.971,1193.3505,259.94974,248.37747,1217.6995,186.92076
up_22.jpg,biceps_up,226.8931,278.57928,-444.91647,246.50876,247.14143,-446.34598,259.24265,246.18513,-446.44254,270.43915,245.11774,-446.7323,213.13477,245.93393,-431.18948,204.58206,244.86118,-431.14902,196.53683,244.01068,-431.29135,294.71234,251.48239,-355.00238,198.27847,256.83884,-283.3122,251.68257,303.05774,-402.2134,214.59598,305.78952,-381.54434,411.96936,377.15482,-249.79828,146.66756,395.5406,-183.62355,509.10614,538.3088,-140.90746,118.363884,563.3389,-47.341686,523.6909,708.7552,-149.64217,117.43051,720.4158,-76.34757,545.1047,756.34656,-162.84683,98.97275,767.78284,-81.007126,520.28577,756.4409,-200.9611,106.97187,765.7801,-120.94838,506.7194,742.5393,-160.42415,123.81393,746.6164,-91.46804,389.0361,696.67,-0.44204846,231.41391,706.7172,0.15667862,401.41132,954.0874,-105.27654,219.11848,960.47266,-55.10303,410.10477,1068.3584,330.05865,246.1536,1076.6992,289.99426,398.0528,1067.7166,365.4013,260.5778,1125.1774,318.43317,451.1215,1187.1141,221.95879,246.88643,1217.5991,150.16418
up_23.jpg,biceps_up,226.21611,284.22937,-467.9458,248.11931,251.46153,-475.35382,260.36148,250.14723,-475.49927,271.38562,249.14381,-475.85114,215.78772,252.0415,-456.8508,207.62355,251.16632,-456.82794,200.00018,250.48886,-456.99823,295.67514,257.1345,-395.65985,203.88873,262.2086,-308.46066,252.58862,309.808,-427.6231,215.65889,310.55234,-402.4948,416.6903,379.6918,-286.57507,145.52646,403.723,-198.08597,512.48303,544.35504,-161.95325,118.13742,577.3532,-59.96089,518.8932,719.6907,-129.0284,113.74292,736.3799,-87.65215,541.29425,767.66693,-138.81177,94.158966,779.9727,-93.51929,519.244,772.4394,-177.97646,110.27757,776.349,-134.86557,500.5237,752.4109,-138.94229,118.57415,757.16364,-104.02733,388.1316,709.93854,-1.87799,232.70145,713.3829,1.6738889,395.6331,971.291,-84.67677,218.63246,975.4526,-11.095083,411.24777,1108.2225,374.81516,245.99265,1085.4941,338.02142,404.44232,1123.3275,413.0078,259.61615,1137.9639,367.53433,440.3332,1201.356,267.0685,248.6153,1224.9636,193.81168
up_24.jpg,biceps_up,232.95555,284.26358,-448.29636,253.55684,251.34138,-453.16788,265.14395,249.75897,-453.3073,275.27475,248.47227,-453.6296,220.83722,251.64153,-435.688,212.38837,250.37222,-435.69568,204.61285,249.46269,-435.9094,298.6139,253.89551,-368.55518,207.26195,258.1664,-284.16614,257.0306,307.61755,-406.4206,221.2465,309.4473,-382.30792,416.64075,374.57635,-268.30582,149.36252,398.56906,-166.36377,512.0297,539.2927,-170.93091,123.95327,565.6897,-14.855838,529.1677,709.9363,-178.74184,100.836044,719.9819,-43.70192,547.028,751.73083,-188.12772,78.01317,758.13336,-45.60975,535.4276,757.09845,-230.02994,85.04914,749.78284,-90.09341,518.355,742.8096,-190.80049,104.28989,741.35266,-61.20585,390.8961,699.67633,-9.580198,236.7111,708.00684,9.193433,403.61823,964.96246,-130.6177,223.82745,970.25745,-51.28738,415.3246,1115.898,325.29654,251.57309,1093.7019,299.33432,409.1221,1130.1409,363.28702,267.35187,1140.2754,328.79523,437.4503,1212.759,220.5538,244.56787,1227.1733,165.3192
up_25.jpg,biceps_up,241.27603,283.29483,-476.28357,261.87552,250.59128,-477.52414,273.6961,249.28453,-477.63055,283.95782,248.0974,-477.94342,228.42807,250.55757,-464.77347,220.00626,249.44734,-464.7734,212.2949,248.41747,-464.97906,306.37933,252.64671,-377.4669,213.85757,255.9633,-314.53848,265.2031,305.77203,-429.07062,229.04286,308.19296,-411.2207,419.23782,371.37518,-259.78107,158.96172,390.85654,-211.23761,518.39484,542.5578,-162.28159,124.067314,560.8248,-105.627396,527.2772,712.5273,-171.80014,86.03471,722.65076,-155.6464,547.025,753.7638,-181.05202,60.710213,765.42365,-162.95433,526.19147,757.7567,-220.6138,77.216835,759.652,-209.21448,512.55853,736.7306,-183.73984,91.941574,743.7355,-174.33334,388.69467,693.59937,2.9802253,239.54161,701.0586,-3.4822075,414.01657,955.6166,-124.594475,226.13863,967.1995,-86.70575,424.48926,1106.6208,298.78635,248.93997,1093.6417,254.59747,416.2471,1122.5061,333.33624,268.62585,1139.3464,282.39142,454.4538,1202.9185,195.90755,242.22359,1225.2197,115.661674
up_26.jpg,biceps_up,260.71384,277.85254,-415.5684,279.28314,246.08443,-413.8577,290.11945,243.8005,-414.0152,299.28522,241.98811,-414.33966,247.01697,248.7069,-405.13147,238.57365,247.82524,-405.19287,230.9028,247.0673,-405.46143,318.42615,243.96713,-313.3544,227.77367,252.6898,-266.87027,282.63232,299.77643,-369.3488,247.11151,300.8077,-356.38745,428.264,360.0193,-226.39891,164.8444,378.85663,-173.02373,529.23663,537.29144,-149.91609,129.16373,542.9085,-77.74135,535.1522,709.802,-179.81712,84.744804,690.39044,-138.57658,556.9898,756.8313,-189.28934,63.777626,733.64154,-143.73094,540.1811,758.6892,-227.38554,80.34326,727.5861,-189.15083,521.45154,736.0555,-191.6827,92.60886,718.0406,-156.49036,400.27246,679.75684,-4.725042,255.71608,686.41113,4.2866855,422.36832,936.0378,-163.77893,227.54819,927.3014,-97.39311,417.10217,1069.4552,254.10298,255.8711,1083.6322,186.4519,399.15735,1075.9923,287.8356,271.8638,1122.2094,208.32166,439.14175,1183.1426,166.40794,243.19057,1206.3954,58.282326
up_27.jpg,biceps_up,261.49307,268.99072,-400.17352,280.70764,239.9484,-399.48212,291.73438,238.98409,-399.66055,301.2218,238.37515,-399.95648,249.16154,239.49733,-390.3731,240.7348,238.01958,-390.39926,233.77107,236.88463,-390.65274,322.7379,242.20418,-306.04443,231.83194,242.50182,-258.2579,284.0268,293.8888,-357.2408,248.2862,292.80978,-343.66708,429.13867,354.3635,-220.42117,175.14618,367.10416,-172.12343,532.8509,523.8077,-146.76184,133.42296,526.83,-67.325356,545.2675,702.0477,-177.89255,80.80971,671.9739,-134.35696,568.9703,750.5153,-189.84354,57.384068,715.9825,-142.177,550.1546,750.8936,-232.00908,69.38872,714.22064,-195.46492,528.93274,734.6318,-191.92548,86.09998,698.9649,-156.39995,403.09323,670.41205,-3.3347306,258.73325,677.93646,3.114048,414.94247,922.06177,-93.857185,235.74031,922.68225,-54.40739,420.89236,1071.0024,237.44199,259.28308,1079.3643,202.29665,406.66507,1078.2273,260.31882,276.04486,1115.8297,220.01114,446.95242,1183.497,126.36936,239.66014,1196.9196,69.99702
up_28.jpg,biceps_up,259.1634,263.55627,-437.18484,282.40866,232.4815,-448.51266,294.25287,231.04854,-448.5905,304.502,230.13747,-448.8244,251.67017,233.4267,-427.77658,244.38707,232.28175,-427.70422,237.59386,231.21136,-427.87708,329.62595,236.76942,-383.57327,242.26959,238.03873,-283.51443,281.57452,286.65738,-401.31412,249.353,286.31702,-372.24142,438.03784,346.25253,-294.4615,194.62502,346.8667,-140.2417,547.2827,507.5699,-219.92613,148.83351,478.4526,55.281086,568.2057,669.2468,-257.58853,87.08034,598.6713,61.467068,582.0489,709.31335,-273.05624,59.337093,641.55255,65.62533,568.6433,713.9565,-315.48898,73.26737,639.67773,12.168717,544.2091,691.39764,-271.23148,88.83821,629.2478,39.826824,404.99084,661.226,-24.428072,266.30325,658.83704,24.297108,417.8357,895.09875,-92.44823,237.80724,903.9519,-47.58036,431.58087,1045.1759,235.8496,259.763,1058.6019,229.95296,438.263,1090.0122,260.07095,283.25113,1094.3656,250.73886,445.34335,1176.8707,119.81797,235.48761,1175.7261,107.58179
up_29.jpg,biceps_up,263.80023,263.1214,-431.0,287.0725,232.28088,-437.7969,298.30978,230.93086,-437.92505,307.74112,230.15555,-438.24084,255.84198,233.76627,-420.79056,248.17514,232.63986,-420.6957,241.76149,231.36093,-420.8304,330.109,234.9104,-357.78467,243.06345,235.08134,-277.98853,286.86053,284.81052,-390.67593,251.6084,284.5089,-367.77194,436.3191,345.26068,-282.72644,196.11261,345.83743,-132.90117,553.38184,506.9509,-233.26334,150.4621,473.29547,-45.331688,565.0177,674.4997,-253.6209,84.46965,563.9103,-176.23203,583.8386,729.5843,-265.41025,54.556633,590.4169,-185.87602,555.59686,729.34045,-307.1094,66.15147,584.6145,-227.35185,548.5714,715.67474,-264.89017,82.19273,577.35596,-196.20535,403.08804,660.0544,-21.658323,262.39417,661.37463,21.508505,420.30234,909.1743,-95.3714,248.12886,927.32214,-3.504949,427.36783,1053.2976,225.01942,265.76852,1058.2267,287.39777,425.92712,1098.289,247.74776,291.55267,1098.9729,308.28336,439.78754,1188.9341,109.34319,245.90176,1177.9785,163.45905
up_3.jpg,biceps_up,343.24954,264.5125,-316.79865,361.91974,234.10464,-312.4654,371.8475,233.54704,-312.66644,380.35126,233.163,-312.99683,328.02368,234.4656,-314.7699,316.90155,233.61316,-314.69498,308.41113,232.67221,-314.93042,397.7317,235.8282,-182.43784,297.50928,234.45763,-184.06235,361.5812,289.51212,-256.7774,321.89322,288.83786,-257.75183,467.111,340.84747,-77.51064,225.1001,336.49612,-102.33872,517.78235,484.29123,-225.2253,154.94786,498.7893,-78.446846,553.9332,497.77182,-527.84344,128.53725,659.0017,-138.85672,565.6696,506.13535,-568.9299,98.596565,706.65155,-139.4295,566.248,486.51743,-582.0622,112.10248,697.8486,-182.17325,550.5053,487.92093,-538.2559,127.91623,688.35864,-153.1995,399.75278,664.0635,11.742365,260.8095,663.36884,-11.979359,423.45657,908.4882,-201.26971,252.42924,923.4939,-143.61707,412.81802,1066.004,241.78687,269.21524,1056.722,205.60025,393.31546,1051.5604,279.22726,281.3603,1090.7511,237.2161,420.5974,1179.3267,150.91772,257.57297,1178.8236,100.374054
up_30.jpg,biceps_up,261.13995,262.58682,-387.43112,281.87213,230.55727,-396.096,293.58157,228.79358,-396.24167,303.85187,227.54848,-396.57925,252.02916,231.76181,-378.6698,245.0711,230.54958,-378.5577,238.57175,229.51323,-378.65454,327.0603,232.06392,-318.79007,241.48596,233.78217,-236.51329,285.69208,284.65765,-347.7403,250.72134,283.57385,-323.8407,435.276,341.43768,-248.44601,198.74141,347.30038,-100.25807,551.75757,494.26566,-195.53046,155.75732,473.18396,-101.04076,573.2339,664.6617,-227.32083,84.97023,543.0177,-355.2042,593.4704,708.929,-241.882,48.754906,554.90375,-387.61124,561.9554,709.11926,-287.16873,55.389965,530.46234,-424.92032,550.70074,688.7861,-240.33496,72.80006,527.8547,-377.93796,410.05322,661.25836,-28.838305,269.8039,662.132,28.798687,417.39655,913.1133,-58.251667,256.72977,913.7751,87.36619,428.6291,1058.5675,217.884,264.23514,1054.2969,338.09857,422.79443,1066.2869,235.78542,278.71814,1063.2925,356.68204,425.93777,1191.475,100.39783,230.43378,1173.2737,229.1679
up_31.jpg,biceps_up,253.24532,266.88733,-431.10748,271.2916,235.45406,-443.61316,283.57697,233.31256,-443.82782,294.2687,231.36432,-444.23245,242.70535,237.08711,-425.4322,235.65779,236.4426,-425.2829,229.02731,235.9395,-425.38596,316.83157,235.30083,-381.36472,233.77245,242.36998,-293.91458,278.29886,287.96786,-395.64456,245.05492,288.21994,-370.4094,424.77133,336.18927,-326.64813,195.95335,355.25513,-130.66705,549.0151,485.2888,-255.65277,168.45976,492.64334,61.103584,579.97314,653.15295,-215.21776,118.12892,571.25366,102.85563,596.81726,706.0277,-215.66968,107.00501,600.0348,119.87401,567.43274,697.9173,-260.49426,97.54837,589.0764,77.210655,552.3681,680.2762,-226.17941,114.83878,582.6936,85.25208,404.74762,659.0823,-37.890945,268.19287,662.9715,38.09861,415.61356,897.26996,-47.54539,264.62732,914.178,123.04207,431.15262,1042.2115,251.95572,269.16574,1051.8407,387.17838,424.32413,1044.9534,272.20764,285.017,1056.5183,406.30273,417.386,1163.3441,134.80307,232.23232,1159.8123,281.4702
up_32.jpg,biceps_up,243.76558,268.3325,-453.4447,262.5046,236.71039,-469.0918,274.58466,234.52905,-469.29016,286.0129,232.91174,-469.72034,236.70874,238.75244,-446.14105,230.54608,238.12132,-446.02585,224.5438,237.86717,-446.14172,310.6703,236.10406,-408.3944,230.6548,240.54268,-299.25952,267.54935,289.53162,-417.5907,237.87808,289.7558,-386.13837,427.59024,331.64734,-337.70013,198.70987,351.88358,-132.45078,549.44977,486.4392,-269.1148,170.02002,495.82944,-51.46538,586.3707,657.71484,-223.38821,127.802734,521.90686,-134.24298,605.7144,713.4042,-221.38388,122.09064,536.71716,-133.95625,584.6782,713.11334,-267.97653,109.21331,520.7077,-160.53293,568.7884,691.7861,-234.59839,124.39956,519.6391,-149.0933,406.23163,663.9302,-39.19828,274.24966,666.6698,39.453106,414.41345,901.8965,-49.981297,265.0507,920.5621,111.9926,424.11703,1039.2667,268.80258,273.03287,1061.2454,370.5552,416.72086,1047.9484,289.9154,287.70776,1065.9353,388.27094,417.37076,1164.3857,140.72493,224.70164,1178.2335,242.92654
up_33.jpg,biceps_up,231.3525,281.0878,-371.96066,245.40846,252.87375,-391.20453,256.70004,250.40334,-391.44693,268.7946,247.82455,-391.93042,222.79172,254.10118,-364.9943,216.746,253.22275,-364.77814,210.99643,252.58658,-364.87613,298.076,244.25822,-355.35434,220.93893,249.54126,-228.19829,253.97853,300.67236,-345.86557,227.10869,299.94315,-309.23093,419.2917,330.55154,-307.0567,197.3417,350.6258,-81.17913,548.32666,482.36902,-219.97551,220.22191,508.07904,142.88959,585.11115,656.56226,-145.00388,222.72081,619.8757,225.60384,594.86786,702.95154,-150.75188,225.1872,660.2652,240.63882,574.624,702.5815,-191.9764,218.79028,652.5258,194.33698,559.34076,681.19495,-154.93378,230.91656,639.82495,207.45477,406.5226,666.1091,-51.036156,276.71695,665.16864,51.34932,407.1997,908.0599,-47.693295,242.6756,903.6866,113.63998,423.726,1048.2625,244.35748,270.66333,1055.7273,340.88,424.44745,1056.0245,264.1602,289.60077,1107.3258,356.81995,407.79816,1181.4053,127.45026,229.82666,1182.628,238.07976
up_34.jpg,biceps_up,227.48097,287.19696,-403.56082,240.73495,255.83365,-422.35712,252.5843,253.36653,-422.5578,264.50912,250.68922,-423.00244,216.25562,257.39908,-402.15677,209.76143,256.60715,-402.01224,203.40652,255.79451,-402.09464,291.3879,245.65854,-377.47366,210.59528,252.4579,-277.3331,253.11322,305.55865,-373.08313,223.1742,307.98535,-344.01645,418.3119,328.9489,-313.56824,189.83495,350.75467,-132.59998,549.2503,481.52554,-252.34819,192.26642,486.74686,60.38344,578.792,648.01276,-230.64845,154.32246,517.32043,119.847374,592.02527,704.0672,-236.57643,150.68268,533.0726,133.26999,565.6064,692.6633,-279.0714,134.7687,520.0631,95.83579,550.1809,671.51697,-241.81366,149.66205,518.29297,104.110794,407.087,659.7033,-40.01613,276.3375,661.6625,40.433773,412.5822,899.7069,-71.120834,254.81856,905.48834,82.397896,423.4611,1038.5863,247.47046,270.053,1054.1041,329.92477,414.67065,1048.9794,269.45856,288.46878,1100.1979,347.28595,417.02728,1169.5857,140.29237,235.09203,1179.6473,223.46135
up_35.jpg,biceps_up,218.75394,296.99805,-382.755,230.52335,264.2965,-403.75568,242.35608,261.3083,-403.9294,254.89684,257.87836,-404.35245,206.75433,266.32516,-377.8407,200.48158,265.6639,-377.66888,194.58946,264.92523,-377.76758,284.7775,250.8778,-371.203,205.11493,260.059,-247.22554,244.34418,314.73944,-357.5597,216.04323,318.4738,-321.54068,419.24542,329.07413,-303.1757,191.85489,353.48022,-117.49253,548.1173,479.42642,-237.29395,209.02542,498.7093,57.854668,581.257,647.54126,-221.1166,200.19939,568.73145,68.30386,600.94446,690.8182,-233.96162,202.82784,598.7546,71.16173,564.03375,692.8709,-272.22638,191.85635,584.74963,32.15724,554.2776,672.1015,-230.93723,203.43764,576.1539,51.15828,416.59442,660.8637,-36.763813,279.20636,664.3142,37.121437,413.1526,909.03375,-84.9231,250.39658,920.69995,33.576447,426.8858,1050.0254,240.01259,269.1001,1100.2603,279.41565,423.78677,1059.4452,264.0938,290.2341,1120.9987,297.193,430.33197,1188.6101,133.60973,255.08281,1208.3754,161.99724
up_36.jpg,biceps_up,225.6399,300.3988,-406.6864,237.8183,268.14905,-421.43045,250.16821,264.29138,-421.55408,262.2684,260.73337,-421.94797,211.97723,271.62204,-403.3841,204.97063,271.07257,-403.2908,198.20108,270.50464,-403.3518,286.9567,252.76692,-358.14386,203.06956,265.8484,-267.15378,252.70187,316.9555,-370.8186,221.18985,322.4741,-344.6262,415.79663,329.9566,-287.10303,187.42435,355.3684,-126.041985,550.6284,480.28662,-231.36162,167.53218,486.28558,-44.658466,573.4931,647.5171,-204.48672,149.10295,430.9236,-54.46832,582.9893,695.6088,-207.03897,131.24237,424.86636,-59.565025,557.1792,694.80554,-241.568,116.77746,415.7758,-60.056805,541.6727,674.4861,-212.72856,135.19788,423.95044,-59.42041,413.24252,658.9781,-35.304943,277.86417,664.70197,35.609756,407.33218,913.6641,-101.49802,226.11198,908.66284,11.413061,423.51154,1053.1398,200.07875,264.429,1098.6047,231.0497,422.57718,1061.1888,222.16617,288.27414,1121.336,246.82388,429.8536,1188.389,105.484024,244.162,1203.2117,124.341286
up_37.jpg,biceps_up,207.97221,305.39584,-299.43268,216.88983,272.50427,-322.104,228.54166,268.76,-322.14163,240.73515,264.681,-322.4339,194.76227,276.11118,-292.26257,189.00471,275.6354,-292.1743,183.53148,274.98105,-292.3558,270.2304,254.11371,-298.69165,195.85016,267.3469,-154.0465,237.05487,321.46765,-278.64468,207.88092,326.053,-236.80818,413.27887,328.21194,-246.3769,178.53825,366.41434,-38.464672,550.0103,482.77917,-219.41765,166.17538,543.18207,-118.54723,553.5598,656.6318,-237.68567,113.88525,546.33356,-403.05945,560.62463,713.184,-248.71349,84.453545,533.15686,-437.79877,540.1821,711.8476,-279.92145,76.155,511.10522,-449.8563,525.8873,695.09924,-243.21675,102.91711,506.67996,-415.37195,420.84497,656.78296,-41.947636,279.50122,662.68756,41.826366,403.08215,896.6849,-257.69104,221.34312,900.63293,-56.1521,424.5777,1032.2361,71.7865,282.21964,1074.8187,110.20894,431.01355,1041.1763,98.2805,303.5316,1121.7769,119.826225,432.73273,1168.9906,1.5223336,255.70135,1217.9329,-1.8278801
up_38.jpg,biceps_up,202.97746,319.29053,-353.02658,210.54243,288.1543,-375.73087,220.9927,283.7202,-375.72528,232.96497,278.37564,-376.0032,189.47026,292.75742,-345.80753,183.36977,292.1143,-345.6902,177.01547,291.4751,-345.82495,265.47046,261.53754,-349.44064,189.6916,280.35452,-206.36472,228.79633,331.52847,-330.76578,203.25754,336.75937,-289.1012,409.40665,337.1624,-280.7589,176.58408,372.69455,-81.990295,553.82227,488.73404,-254.23265,142.02408,549.20496,-134.83636,546.47845,652.2348,-285.4183,97.68342,577.6545,-390.03482,552.26776,695.3726,-300.90158,74.76419,583.94226,-419.95667,530.2414,696.1,-324.07385,75.35892,560.47394,-435.49747,514.9683,671.18164,-288.42554,93.27945,562.8704,-402.6391,413.54144,660.9985,-39.009148,280.05896,668.7933,39.054226,397.83835,899.8784,-279.13553,255.33736,930.0286,-72.16579,429.84332,1027.3245,71.51551,283.09613,1107.7853,108.59632,429.46954,1037.1351,100.501755,310.60406,1128.9408,119.018425,439.5625,1155.7959,15.488147,263.38763,1220.6788,-5.0738215
up_39.jpg,biceps_up,213.68759,328.15768,-411.21664,222.96341,293.39383,-435.00723,234.14633,287.1772,-435.03372,245.28546,281.17822,-435.30026,198.7332,300.96024,-409.41324,191.46417,300.56543,-409.3199,184.38895,299.79297,-409.4593,270.81955,267.34015,-400.31406,188.45961,287.77414,-278.58322,239.32387,340.6999,-382.59796,210.70865,345.98572,-346.82086,410.6977,343.17502,-309.48895,169.62395,379.38943,-145.52783,542.42944,497.48425,-266.24484,139.28157,515.5439,22.74474,548.44867,664.8263,-329.26263,77.733795,614.5976,-11.613125,559.5577,714.7816,-366.32727,50.564278,648.6768,-21.407928,538.83075,720.15765,-402.50043,56.326305,637.5154,-82.3103,521.1421,704.0585,-342.45187,73.7069,628.5353,-39.23935,426.81458,660.0463,-19.914955,284.6872,675.16724,20.458345,425.20578,903.4191,-39.751816,263.01947,935.63885,36.205116,433.19876,1036.9949,253.20332,278.18573,1122.4598,229.43556,435.21472,1048.1162,273.27426,299.50684,1147.2661,240.3926,447.8804,1169.8617,151.16472,259.31546,1226.9474,84.48606
up_4.jpg,biceps_up,352.66284,264.41577,-294.38467,371.56595,234.34282,-293.3915,380.8949,232.67424,-293.61606,389.21085,231.47371,-293.92545,338.55734,236.22711,-292.37256,326.90866,235.4425,-292.31305,317.25366,234.66083,-292.55377,404.96945,232.96777,-180.11159,303.99606,235.81143,-173.03738,368.82596,287.98544,-242.13925,331.95355,289.44156,-240.56332,478.37305,355.99435,-68.09988,226.25438,336.74274,-86.27121,513.4439,538.069,-188.31937,156.68117,504.43243,-15.713203,527.4607,494.39026,-451.06525,124.10055,660.5327,-77.92566,525.6297,483.0583,-486.24515,94.105225,697.8605,-71.73,535.7867,456.52963,-474.62183,112.016495,701.0824,-113.55707,521.87213,461.99973,-450.05798,128.57887,687.7719,-92.50586,407.08557,665.7939,15.888643,265.39767,668.6928,-15.906893,430.10687,906.12476,-112.96518,254.79826,913.2925,-58.09227,412.73062,1068.5198,188.64404,269.91827,1046.2251,229.12363,400.79007,1103.0314,210.66107,282.53528,1081.8505,253.02785,440.71448,1194.7584,82.15551,260.0893,1161.8516,125.51495
up_40.jpg,biceps_up,233.49487,338.134,-417.95264,245.03716,303.25333,-439.85425,256.4278,296.733,-439.9612,266.70084,290.78207,-440.30563,219.88069,312.09488,-419.72632,212.82808,311.60498,-419.7431,205.9329,310.42465,-420.04907,287.16678,277.0305,-406.708,206.21657,295.83377,-311.55988,260.92007,350.41284,-391.4054,228.26439,355.6579,-363.8731,423.8495,357.22617,-322.00745,175.08954,381.19083,-204.74054,548.59357,517.7742,-268.33615,123.10517,523.6024,-112.85982,537.7583,706.5726,-287.3486,72.00679,674.85535,-159.27731,545.74255,764.9532,-316.63568,51.831306,734.5095,-167.92937,510.3278,761.81555,-345.79498,57.632236,726.2505,-224.52214,502.6325,742.20483,-295.96152,77.76755,710.7544,-183.87383,428.57214,659.94574,-5.865482,292.71173,668.0316,5.8401546,433.81735,921.24567,-8.039716,275.20755,930.7349,58.41943,435.8006,1063.5928,210.829,297.21606,1089.3125,210.22276,434.42206,1071.4828,224.3565,307.72537,1143.3651,218.40208,466.9622,1181.1107,103.4158,273.41827,1217.9084,74.37937
up_41.jpg,biceps_up,246.41737,337.52808,-408.87186,260.9232,304.71143,-427.16336,271.94266,300.16287,-427.23535,282.1768,295.73465,-427.56766,232.58736,310.092,-408.71512,225.18973,309.03876,-408.7588,217.98392,307.09546,-409.09555,305.11032,286.18332,-382.23642,220.76393,297.4066,-297.77173,270.70032,352.30627,-378.92627,237.44452,355.50317,-354.5306,431.0128,367.81415,-296.97626,185.3568,384.2702,-193.01564,561.3381,534.424,-255.32825,121.67305,526.9308,-122.55313,524.17426,727.71893,-260.52536,91.09565,697.7562,-159.40831,530.7974,784.8984,-290.6511,58.720585,746.121,-168.53458,496.0343,783.1514,-304.00903,78.4134,746.45825,-213.20447,489.24768,765.0582,-261.89227,98.17736,731.1176,-178.04869,431.81314,670.2543,0.8109046,298.33002,674.3503,-0.90712863,431.3785,937.5422,-5.527838,287.17694,940.64886,58.11138,441.27316,1084.1348,267.1817,297.44547,1093.5042,222.92378,437.5274,1096.8425,287.5267,304.46756,1136.274,234.01503,457.1166,1175.6123,174.10602,288.1662,1211.5027,88.30467
up_42.jpg,biceps_up,267.35553,326.6391,-418.5325,284.8893,295.04062,-432.4179,296.39352,293.08612,-432.51587,306.25708,291.38516,-432.82578,255.34698,296.88324,-415.6714,247.93391,295.88882,-415.68478,241.46266,294.801,-415.99927,330.6871,285.8805,-381.6199,248.02768,289.66495,-302.8173,291.74258,345.02133,-388.3937,258.06204,348.08774,-365.46866,449.94916,373.2423,-297.31802,208.29094,386.36896,-208.76752,582.06476,529.9705,-253.49855,135.86049,525.9699,-136.52007,526.8886,708.3292,-272.16812,95.78499,687.8334,-192.01474,530.06165,773.8177,-301.44452,60.461174,729.4608,-204.37183,498.8302,764.078,-317.77673,82.90158,732.5856,-250.82808,490.94116,749.05066,-274.8443,103.76778,717.7038,-211.66214,433.21472,668.1305,6.1369777,304.42117,666.4881,-6.2735753,444.00278,927.35474,-54.461197,286.20258,931.35345,16.128387,465.007,1043.9458,267.90887,283.2002,1091.748,225.04709,460.9208,1051.3148,293.9871,293.88635,1108.6217,240.97318,492.55072,1130.6611,205.30835,273.1376,1186.9053,117.93032
up_43.jpg,biceps_up,290.12567,319.7283,-502.11502,307.50998,288.90973,-513.4762,319.7523,286.88788,-513.57434,330.3763,284.92627,-513.8092,277.41138,290.3571,-498.8128,270.19205,289.52594,-498.9465,263.23166,288.53998,-499.28003,355.22177,281.5954,-453.1757,265.67368,287.21918,-387.06598,313.3373,338.96512,-469.33652,279.6039,341.0198,-450.16183,469.61618,371.92105,-371.41022,226.41702,382.2926,-273.5156,600.34784,537.4878,-310.14166,154.31131,517.44763,-184.74287,541.9276,727.2616,-311.58737,112.62701,674.001,-230.92249,538.0724,787.17914,-336.849,82.4984,713.02057,-239.55554,506.5099,773.6518,-348.53345,106.18211,712.9924,-280.5347,500.37378,757.21155,-311.04645,120.06365,700.90265,-247.3156,453.3845,650.5022,-4.437062,324.11273,652.07324,4.4135265,461.67575,877.71643,23.499174,304.315,893.3484,47.170673,458.66217,1011.0658,324.91492,302.08466,1032.4606,288.46558,454.7294,1022.44324,348.2736,311.9441,1047.3379,307.2821,469.34067,1098.421,256.83878,289.8403,1122.0051,193.25246
up_44.jpg,biceps_up,313.99887,316.2823,-605.8416,329.37177,283.30392,-620.3977,340.27588,281.7971,-620.39575,350.43546,280.01163,-620.60004,302.67273,283.34195,-602.7299,296.07513,282.01706,-602.7466,289.67276,280.75488,-602.94836,374.82272,275.61398,-557.7271,293.35394,278.82672,-476.77344,337.13367,334.31174,-569.2169,304.59857,335.89252,-545.6722,502.03528,377.2885,-452.7556,249.90338,379.21536,-312.51617,613.0371,544.2134,-372.72482,174.3041,507.95663,-113.626884,558.5325,733.6262,-377.16583,159.50584,657.17487,-64.85413,555.18976,785.8286,-406.2261,140.53413,695.1932,-48.41276,527.75934,774.2912,-422.3581,153.90727,694.9385,-98.05049,521.4825,757.6127,-378.0614,169.3424,680.6149,-81.193535,467.51788,670.28973,-12.753006,339.05176,661.21606,12.986227,456.77057,913.3116,42.012215,317.25632,906.52106,142.16437,460.79935,1067.6804,267.38193,301.04694,1070.1185,365.68198,468.47626,1105.1006,279.96194,315.063,1092.3887,381.50616,479.16162,1171.9375,136.44023,271.1081,1155.5287,234.47112
up_45.jpg,biceps_up,337.65515,320.97913,-576.1576,353.81665,290.01172,-597.703,364.9578,287.02414,-597.6875,374.89996,284.07346,-597.9754,326.3943,291.18268,-576.1832,319.65256,289.0061,-576.205,312.78595,286.89853,-576.4064,397.03568,275.09485,-547.5848,312.60397,279.35074,-447.31467,360.25027,335.86005,-541.9445,327.86755,336.67612,-513.2296,513.567,364.65125,-434.14807,269.72095,364.97302,-292.63193,621.7798,501.6032,-358.77423,196.93942,494.98312,-142.36687,583.2402,708.45325,-338.3233,169.79646,648.2661,-131.61116,578.2567,761.1825,-352.8352,145.64851,685.64594,-121.30292,552.696,747.8129,-370.8089,162.69875,686.5373,-166.09615,547.21954,731.3928,-338.0819,175.2671,674.8237,-147.21747,485.85217,651.12744,-13.983011,352.5744,643.17773,13.613991,474.62546,905.14343,-92.222176,292.0679,895.96375,-60.28456,478.47623,1056.8513,240.9572,310.3461,1034.0247,304.38574,472.20715,1068.7852,268.037,329.43546,1046.6606,337.0591,487.34924,1156.417,158.07472,276.2357,1086.7185,241.47592
up_46.jpg,biceps_up,317.50146,140.5582,-51.83067,302.74484,120.8857,-29.682297,300.39905,121.029205,-29.774645,297.83148,121.15574,-29.78902,302.02792,121.51138,-84.75153,299.26602,121.99436,-84.78912,296.21823,122.42161,-84.8463,274.4612,131.2157,79.44292,274.28137,133.0677,-168.71266,312.08197,160.00008,-5.7425714,310.7583,159.40628,-77.01944,241.34534,241.2724,254.85234,258.06326,228.927,-318.73654,238.82855,384.4994,290.2579,241.70192,372.65048,-367.99274,257.726,500.79352,188.57161,274.35364,503.51465,-272.86487,261.82608,515.83936,177.60129,274.93585,534.2732,-310.0482,265.19885,516.9555,142.91125,286.7045,531.91583,-299.38602,262.30484,508.8956,165.98769,287.09793,524.7607,-264.63226,256.66226,506.5896,171.72137,271.4402,507.19135,-171.85005,245.4894,721.4971,137.88953,291.11203,684.6925,-202.86298,247.48474,893.6437,179.79572,229.96909,895.5492,-103.64119,231.74571,923.34155,175.16516,196.98242,926.9469,-98.87176,309.69675,924.18854,82.64907,294.91098,945.9067,-203.25531
up_47.jpg,biceps_up,317.28024,141.06107,-62.472713,301.9784,120.9198,-43.523647,299.6606,121.04431,-43.62013,297.1164,121.17321,-43.64496,301.14517,121.5601,-97.57114,298.35437,122.05414,-97.64134,295.27237,122.5251,-97.68473,273.7252,131.38,58.10632,272.65674,133.46133,-184.67152,311.20898,160.09372,-17.820591,309.74557,159.53693,-87.65425,240.81319,240.77151,231.15086,257.33575,229.491,-331.35052,239.15811,386.90265,268.30585,241.72716,376.2234,-362.3539,258.7765,505.84186,167.4506,275.4032,509.21497,-236.60521,259.15747,528.1343,152.48805,275.84137,542.33844,-272.42737,262.98215,529.0395,119.705414,286.9726,538.3561,-258.99612,259.83795,520.2214,145.5456,286.97247,525.5912,-226.7158,257.09393,508.75275,164.72499,257.9053,501.30768,-164.89153,273.53445,702.58716,133.62323,312.3479,635.45953,-198.52051,273.1337,839.89233,264.79306,252.82736,823.05756,-10.785915,259.4005,863.5404,271.7061,217.8234,854.25085,4.9062023,330.10428,863.81104,216.88,325.3881,862.162,-62.15741
up_48.jpg,biceps_up,316.99292,139.874,-60.621845,302.56842,120.64636,-40.67848,300.2684,120.80284,-40.776955,297.76398,120.94204,-40.803997,301.9563,121.37211,-93.06122,299.29962,121.90708,-93.11002,296.3859,122.382545,-93.15284,274.50632,131.24329,61.975452,273.70517,133.2062,-173.48296,311.43228,159.48322,-16.25236,309.72083,158.881,-83.93563,239.66019,240.94098,229.7676,259.12122,229.03305,-315.4877,237.86366,383.95172,266.64355,243.29544,376.86395,-354.73895,256.74033,499.78857,173.4426,275.80835,507.6311,-254.77005,259.77466,522.21594,160.94696,275.44046,541.6046,-290.4712,263.199,523.6331,127.88928,287.0675,537.651,-279.1808,259.99374,515.36505,152.06374,287.31845,524.4678,-246.17381,256.50226,506.41382,162.08711,260.22733,500.27118,-162.25175,258.54004,708.3929,135.13704,304.71393,651.4086,-192.21738,258.0428,854.8499,234.07993,238.866,847.96783,-36.62864,243.48943,880.20514,237.02168,204.02753,879.3358,-24.611427,315.59726,879.93866,172.34212,305.95374,890.47595,-100.55628
up_49.jpg,biceps_up,319.365,140.28287,-59.591248,304.6334,121.04374,-37.245945,302.37952,121.12629,-37.34642,299.9015,121.17535,-37.36142,303.4031,121.62388,-94.0976,300.42606,122.02995,-94.12984,297.16656,122.41348,-94.21141,274.85962,130.96646,73.42562,272.60394,133.62827,-182.35146,312.99374,160.40993,-12.73488,311.28983,159.46378,-86.19615,239.87735,244.84097,256.79715,256.69693,233.9489,-335.24683,237.07204,393.70804,291.20297,248.41449,382.8099,-377.19373,255.6075,505.41928,179.19713,282.87003,510.36282,-276.51724,257.95157,526.6163,164.71184,282.79675,542.8856,-315.0726,260.96124,526.5516,129.2764,294.68234,537.9501,-308.95428,257.6396,517.3536,155.72536,292.31445,524.9348,-269.96802,253.41942,512.24805,178.08372,260.238,512.2759,-178.19972,243.66771,730.166,132.95119,279.8362,717.9174,-215.58626,252.92313,916.9758,168.1371,235.04926,933.1344,-138.21655,237.01906,950.52765,161.38585,203.1776,967.4545,-137.19728,324.45206,948.7707,59.075714,311.70593,981.14087,-265.50842
up_5.jpg,biceps_up,352.98108,262.6113,-276.93317,372.00006,235.31438,-275.94382,380.98453,234.77489,-276.1708,389.9672,234.56366,-276.45602,341.03033,234.0302,-276.32697,330.22757,232.58334,-276.23917,320.58023,231.27168,-276.484,404.44305,237.4197,-163.45425,306.43625,232.3115,-163.57623,367.44177,286.42508,-224.97787,332.01764,284.3932,-225.5644,463.83804,360.8484,-61.18544,224.33824,334.4751,-79.98893,465.1102,529.2705,-151.09238,153.76204,500.89282,-20.6457,498.54938,508.34213,-377.81635,132.64247,659.2199,-64.502625,497.59918,501.84958,-408.25293,111.720474,703.1533,-57.975056,508.77887,475.98303,-405.86176,121.716156,705.86414,-100.39157,495.34943,479.95877,-379.95456,136.79915,690.87866,-78.98799,403.85666,664.6722,15.086261,261.7776,670.6246,-15.017095,422.1257,910.3466,-96.528625,257.1747,908.8663,-7.5631194,410.55035,1074.1874,173.27512,271.90417,1043.4253,256.46347,396.42868,1080.512,191.1715,285.27518,1078.0643,278.60306,441.58246,1200.1583,52.754833,258.48376,1150.9867,150.93568
up_50.jpg,biceps_up,314.74332,138.24924,-32.245632,299.1336,120.10727,-12.027716,296.95148,120.420074,-12.097298,294.59036,120.64304,-12.087672,298.46143,120.7642,-69.936844,295.956,121.49464,-69.95557,293.21002,122.14893,-70.03222,271.09186,131.59653,92.93876,269.96448,134.7005,-167.76483,309.60263,159.02057,13.647141,307.3902,158.05183,-61.22679,235.87706,242.01093,280.4684,256.95044,228.82149,-324.9455,227.34206,392.94922,335.26093,252.21494,375.23254,-379.00677,263.98285,500.51727,232.37288,287.53568,504.40005,-319.00058,265.01935,520.8752,222.29865,291.03992,539.16284,-366.1651,277.13724,525.0158,180.79697,302.2074,534.3377,-353.8206,266.90393,512.1504,207.02992,300.83652,520.9011,-310.84705,258.72525,505.0082,174.10371,271.31152,502.82336,-174.23122,246.71437,720.75244,135.78014,278.46225,705.33276,-199.38597,246.56955,906.2892,167.02597,229.25519,919.3367,-131.35869,230.34982,939.0526,160.39633,199.5461,952.77014,-131.34492,311.31516,936.29407,55.65322,296.90735,966.9019,-260.82935
up_51.jpg,biceps_up,315.65906,138.64041,-58.8071,301.20465,120.76801,-39.746,299.09125,121.058846,-39.818245,296.77112,121.23978,-39.821804,300.30035,121.27636,-97.262985,297.70737,121.89743,-97.29563,294.8898,122.41024,-97.35456,273.27505,131.93265,64.04199,271.51358,134.44633,-194.58112,309.56842,158.7515,-12.911422,307.34134,157.79391,-87.20367,240.64842,241.31837,250.8172,254.03851,231.25381,-343.0407,242.49841,387.00415,308.6215,254.12604,379.36823,-387.97714,279.28543,489.258,192.77592,297.94012,504.1951,-302.23935,280.42712,519.56506,178.99402,301.1204,535.3628,-346.4277,286.16257,517.2426,138.65796,312.021,526.3333,-335.1261,286.36838,502.70413,167.47832,311.30322,518.5883,-293.80682,252.65068,491.83246,170.2593,263.95636,488.45587,-170.29974,266.4281,693.7208,112.13459,299.37827,667.1066,-228.35251,257.65604,868.7491,180.8618,242.97775,877.17523,-121.68959,241.67355,898.4591,179.5761,212.43144,911.1779,-116.26622,316.0707,898.03827,95.910225,308.5565,920.96747,-224.39046
up_52.jpg,biceps_up,316.06085,140.07965,-79.38319,301.01105,122.33158,-59.237736,298.71902,122.43206,-59.260296,296.3679,122.51488,-59.257683,299.69864,123.09708,-121.37869,296.73138,123.662605,-121.347115,293.65872,124.224434,-121.44166,273.7539,134.00494,48.770313,270.94855,137.19177,-231.64746,310.70807,159.36699,-32.11441,308.95294,159.14703,-112.35692,244.97165,240.56657,238.62465,253.01625,236.24643,-369.1132,244.86882,384.31522,305.4681,251.79576,384.87247,-414.15518,276.70386,488.1861,181.75266,307.31125,499.02347,-325.84906,281.9698,504.64627,165.67984,314.26492,528.1261,-368.22556,287.16833,502.85217,125.35677,327.19617,521.0519,-364.10226,282.30768,494.60852,155.52884,324.1628,513.5539,-319.69907,259.5512,496.44525,165.9986,266.25876,494.8341,-166.01138,254.1003,701.0576,114.53859,275.83557,698.5965,-214.28314,247.91808,896.12134,138.3106,236.04037,917.4872,-151.64359,232.84772,929.75433,130.75966,213.87767,954.4836,-153.36775,304.38113,925.2019,15.077455,291.20532,958.8728,-301.89188
up_53.jpg,biceps_up,313.3391,137.98764,-69.738205,298.77698,120.26405,-50.641033,297.01373,120.53867,-50.7198,295.05673,120.77522,-50.741547,297.31226,120.88165,-107.7964,294.63248,121.56948,-107.833786,291.71555,122.24289,-107.86327,273.47006,132.715,55.616344,269.55994,135.31909,-201.3801,309.3618,157.29144,-22.883919,306.86276,156.96506,-96.69422,245.92836,241.06952,240.38365,254.09477,234.84927,-345.5425,243.3439,385.89874,298.59662,247.66681,384.94452,-382.2921,288.38614,482.75235,182.99736,310.42755,500.5503,-288.42343,288.74985,505.30176,167.25658,320.1845,529.2008,-330.7751,295.00217,503.94534,128.63992,332.8604,518.10236,-319.50458,297.44403,493.21347,158.26126,328.83566,510.18597,-279.79034,264.6885,494.30362,169.74179,263.8869,490.5208,-169.7195,289.92737,674.17456,122.93735,293.67242,643.97144,-220.86366,294.4714,828.5682,224.84082,265.38455,844.7388,-74.59382,281.6247,857.6092,228.0483,237.71144,880.6597,-65.013466,360.69644,846.8902,162.15378,348.21588,879.4491,-166.42516
up_54.jpg,biceps_up,314.42825,136.75854,-126.45137,300.9343,119.52263,-105.37249,299.22763,119.67865,-105.45166,297.3266,119.85973,-105.53528,299.34586,120.290375,-163.22777,296.68826,120.91976,-163.26318,293.75717,121.57299,-163.30777,275.1553,130.97806,6.3344283,271.01715,134.34048,-252.83708,309.65204,156.19092,-77.90172,307.2991,155.85559,-152.22522,248.00983,237.1855,182.8684,253.60593,237.49701,-372.28592,241.96306,382.1617,208.85452,245.57458,392.37585,-383.03064,288.5808,465.93277,91.16732,324.1638,480.24585,-229.98283,302.52194,490.39807,75.71001,335.83798,503.65326,-254.41695,307.66504,486.48898,47.153423,347.43817,496.2127,-243.73672,302.10736,468.36206,70.561455,343.84366,487.94174,-219.5697,258.9526,497.55814,161.55894,267.6615,499.69528,-161.52422,263.64798,678.10736,226.05252,271.08063,685.3863,-122.48861,234.55302,819.55597,382.6312,220.08821,869.0024,50.39182,218.2235,844.2493,391.80655,194.44133,902.19714,62.073048,282.78024,838.6213,336.54498,281.81287,896.7673,-50.338825
up_55.jpg,biceps_up,317.49768,145.15842,-127.36691,304.01303,127.27898,-107.399994,301.75854,126.70586,-107.42181,299.419,126.07868,-107.469376,302.198,128.08861,-168.27512,299.00198,128.08052,-168.23563,295.74152,128.13153,-168.31845,276.58972,133.89621,6.9882107,273.94037,137.0058,-265.9084,311.24387,161.2574,-77.24339,308.5975,161.14899,-155.45305,249.8702,238.92632,192.3489,248.93193,238.35257,-387.40942,253.00684,371.0931,234.30913,239.78094,384.26324,-365.2697,299.74414,426.33487,98.06491,325.21045,442.138,-140.18849,313.99362,454.20486,72.17718,343.6678,455.82214,-156.7167,311.65393,438.0049,46.635468,356.735,442.85742,-156.54515,310.32867,435.2375,76.36373,344.8772,439.41785,-131.77022,262.61444,500.7114,169.78377,266.46628,504.0129,-169.67867,248.92126,692.69543,258.90665,264.05667,706.93024,-109.81864,237.09923,860.76056,386.04434,221.61496,901.38824,54.37353,221.18504,892.80286,389.1354,198.0986,938.833,63.672386,295.68015,881.57153,304.63293,282.9034,926.4403,-67.97183
up_56.jpg,biceps_up,315.43246,790.8149,-103.33931,302.3669,775.34924,-86.16316,299.83966,774.3977,-86.27206,297.1879,773.47015,-86.40923,301.28223,776.1283,-137.61755,298.29846,775.74255,-137.66948,295.07092,775.38934,-137.84201,273.3024,778.78186,0.5206537,272.0965,780.4634,-231.56982,307.5502,806.0855,-64.23348,305.7403,806.55676,-130.94698,250.13171,884.1041,131.68121,243.99272,886.1,-316.23886,251.99388,1023.26917,198.9067,255.27515,1043.6599,-331.11093,311.23587,1096.5388,169.19824,364.39285,1101.6091,-248.17905,326.37192,1114.068,163.59604,382.82535,1122.339,-277.3167,328.8884,1105.9451,139.75568,393.61023,1110.9169,-266.87024,323.49783,1100.287,155.05211,386.27982,1100.1653,-240.8222,262.78223,1132.6208,123.484245,265.67184,1143.1953,-123.3869,266.3154,1292.7444,230.4848,275.91354,1309.0405,-39.728203,245.37753,1445.0522,409.7094,252.0421,1460.2004,136.28137,229.36157,1472.7974,421.47424,231.11887,1486.6815,150.85904,289.80182,1472.0537,371.75995,305.4015,1485.8767,67.83906
up_57.jpg,biceps_up,318.6438,789.09973,-141.11136,305.06778,772.99915,-124.27655,302.85696,772.10986,-124.35401,300.44623,771.3041,-124.46571,302.82742,773.57104,-176.19907,299.32825,773.1378,-176.24309,295.49026,772.858,-176.37619,276.11975,777.9778,-32.42643,271.25674,780.2057,-266.7411,311.63074,804.4937,-99.94693,308.32916,804.108,-167.21376,252.98813,882.42615,110.82134,242.28386,884.9582,-345.03674,257.67206,1022.3479,198.32625,252.23364,1046.8875,-337.32455,314.75165,1067.975,154.87236,370.12033,1070.3575,-218.84448,339.67297,1100.7244,143.30147,393.8548,1085.7734,-242.21683,343.7754,1091.1697,117.79822,399.7314,1072.001,-239.31693,336.1399,1085.7747,139.01932,390.63443,1065.2374,-212.80667,261.40344,1130.2727,125.29398,266.8464,1138.1274,-125.12937,266.64722,1276.4216,262.46954,266.3997,1295.855,-13.791962,248.71678,1444.3556,466.98654,244.13443,1466.8463,185.8463,232.86922,1472.3549,480.2158,224.7468,1495.3888,202.47865,296.6683,1472.0486,418.01862,301.34357,1491.1082,99.474205
up_58.jpg,biceps_up,315.35947,786.97534,-151.05516,301.67377,771.0292,-135.37852,299.81723,770.5781,-135.46214,297.81305,770.1387,-135.57687,299.86935,771.7728,-184.42548,296.83398,771.77496,-184.46838,293.55148,771.83044,-184.59624,275.19995,778.9191,-45.719112,270.62784,781.1356,-266.7323,309.27005,802.34503,-110.87122,306.47412,802.0874,-174.2859,256.1365,883.4795,98.37324,244.42612,886.9645,-335.67966,257.43942,1015.55634,186.36334,257.88623,1043.0153,-302.59097,325.93286,1063.323,141.729,376.1269,1048.0868,-163.85817,342.34222,1076.081,129.04463,400.0194,1059.263,-183.5337,346.34793,1063.433,102.310844,404.5696,1043.2262,-179.57286,339.67014,1059.0281,125.59251,394.4776,1038.9424,-156.90277,265.11005,1123.4512,118.86998,267.90857,1133.3173,-118.66306,267.26877,1287.5487,247.79732,285.65417,1307.4883,-21.870981,248.84138,1438.8666,440.01166,247.1582,1456.2512,169.86943,234.2631,1466.144,452.15335,228.58064,1482.7861,185.80193,292.10965,1465.403,389.7117,296.75186,1481.793,88.47697
up_59.jpg,biceps_up,316.79984,789.0742,-135.61385,303.60455,773.1555,-119.232506,301.70688,772.53876,-119.31207,299.4852,771.9313,-119.42539,301.69095,774.0033,-167.44998,298.52133,773.9374,-167.46799,295.1207,773.9564,-167.55154,275.97473,780.11896,-31.38837,270.77844,782.8772,-248.84967,310.3612,804.2119,-96.638336,306.8625,804.27747,-159.01315,251.79187,885.06964,101.29423,241.69797,890.8971,-316.34912,255.82521,1022.0111,188.33034,259.18268,1045.1143,-279.44675,318.79416,1046.7662,149.34167,373.65634,1040.4315,-139.38086,332.1911,1066.97,136.65865,398.23288,1048.5073,-158.25116,337.69714,1052.4366,110.28441,399.52487,1033.6133,-153.65173,336.93375,1034.037,133.62065,390.61435,1030.0728,-132.49669,263.01245,1124.0244,113.33716,265.78857,1133.5045,-113.07701,266.73965,1285.2734,240.70328,286.12912,1305.2468,-12.297594,251.1353,1434.5814,432.23944,251.3976,1452.0289,178.47957,236.42213,1461.7427,444.37628,233.82993,1479.6368,194.5281,293.67218,1458.7128,383.50723,299.50983,1472.5391,101.76507
up_6.jpg,biceps_up,360.15637,262.23584,-308.55093,381.32254,231.06775,-306.61295,390.67566,229.75073,-306.82922,398.88443,228.8127,-307.1143,347.3786,232.41359,-309.2525,336.0141,231.24062,-309.1579,326.89307,230.39624,-309.39862,411.41446,231.03897,-189.32307,313.26285,232.82784,-198.18935,376.7699,284.89056,-254.60791,338.83893,284.47778,-257.69034,473.2822,357.08804,-85.8589,232.09937,329.5114,-117.649216,505.90378,509.58176,-214.6642,160.07515,498.5798,-75.42285,496.14685,495.53986,-473.65826,142.96744,656.38086,-122.652275,490.05923,497.32825,-511.50812,122.50303,703.06415,-122.84475,493.44748,472.06052,-503.9852,138.94977,704.54333,-162.15495,482.96228,474.37717,-474.64694,154.93625,685.2131,-135.41531,407.5098,667.1704,15.322979,259.71838,668.2626,-15.380957,419.9011,918.153,-86.16163,254.105,910.5727,-47.01456,417.6334,1069.2306,206.80681,269.5123,1051.3755,226.19409,398.73428,1072.4989,226.50667,290.60437,1081.1754,248.09573,442.99496,1203.5088,86.76277,264.85364,1157.0806,108.924866
up_60.jpg,biceps_up,315.3019,789.78235,-167.66551,302.30173,772.8647,-152.09499,300.43073,772.40906,-152.17769,298.51282,771.9775,-152.27412,300.77,773.732,-199.6915,298.0558,773.86426,-199.72627,295.0235,774.0187,-199.83136,276.2747,780.8821,-59.726604,271.87097,782.97314,-274.37204,309.57327,805.3766,-126.716225,306.60117,805.00793,-188.22864,260.1892,886.8094,74.41148,241.06929,889.1959,-329.49384,264.09927,1013.4943,138.47679,256.16754,1040.6809,-275.70096,336.08954,1029.1035,42.10368,370.7424,1020.8267,-119.39167,354.16846,1046.7471,17.432053,398.6798,1026.1868,-136.9899,359.62875,1031.9457,-10.344758,396.51773,1009.1626,-132.12158,354.22632,1015.0757,23.695694,387.4147,1007.13995,-111.79498,268.5012,1122.6067,111.91857,263.63916,1129.888,-111.74482,265.70923,1280.8812,262.40775,279.7234,1297.4783,9.600221,244.36223,1424.0493,473.60434,240.87265,1438.221,225.60292,229.28159,1448.9052,488.03513,223.14076,1463.1074,244.35883,285.42493,1451.2744,424.08377,285.18704,1463.8873,151.3908
up_61.jpg,biceps_up,315.24173,790.69385,-171.6108,303.4379,774.9629,-156.27582,301.63055,774.3973,-156.34785,299.58026,773.7882,-156.43362,301.6372,775.5795,-204.40865,298.7574,775.3948,-204.45328,295.54523,775.19476,-204.56755,276.62573,781.3699,-62.070656,272.51782,782.7119,-279.31976,309.00446,805.8368,-130.06488,305.93546,805.16833,-192.32872,262.1617,885.00696,72.455505,238.67577,888.6266,-334.85724,264.23627,1013.9688,131.41093,255.08275,1034.5713,-277.0921,327.43756,1032.4993,28.634724,365.5579,1017.42926,-107.76259,345.2454,1054.5338,3.260253,391.33362,1018.28296,-122.8217,350.39395,1040.8984,-24.282585,388.56918,1000.2848,-119.94331,342.87668,1026.71,10.006195,379.48334,999.6673,-100.4805,269.3907,1122.4369,112.98454,260.48395,1129.2249,-112.81237,267.9778,1280.249,253.85706,274.57794,1296.247,-4.6456213,245.52907,1421.6714,455.3064,238.33144,1436.8093,201.05957,230.88887,1445.8298,468.38055,221.24277,1461.3606,218.33215,284.4563,1451.501,400.25964,281.65625,1465.1483,119.05345
up_62.jpg,biceps_up,316.8384,790.3254,-172.19977,303.75098,775.14764,-159.06705,301.57358,774.46655,-159.12944,299.1705,773.7267,-159.21588,302.02493,775.8839,-206.4965,298.7687,775.6929,-206.54425,295.46255,775.4701,-206.69061,275.8832,781.4934,-69.229294,271.98438,782.9302,-282.59573,309.6401,805.254,-131.76015,306.3749,804.8129,-192.99866,263.99484,882.883,66.925896,236.89803,891.21704,-328.23602,273.03674,1010.16693,137.21646,253.28854,1039.2273,-261.49417,336.87686,1015.32947,30.959349,361.1914,1003.5458,-85.18543,352.14288,1018.4032,7.438754,387.60538,1002.5172,-96.12018,361.0345,992.38885,-14.641892,384.56732,985.79254,-91.47756,349.2245,991.7522,14.795557,374.90234,984.6814,-76.36943,274.00098,1121.8864,106.68437,259.83044,1130.9889,-106.54089,272.47223,1281.201,258.95135,261.95096,1286.6567,20.562107,252.8872,1419.927,468.2393,247.962,1433.7109,239.25159,238.74907,1443.9996,482.47516,232.92908,1458.9529,258.33276,292.87177,1448.6973,413.3027,294.61844,1461.2251,159.8307
up_63.jpg,biceps_up,316.8824,790.59784,-173.25636,304.11005,775.24176,-158.91129,302.21527,774.4579,-158.91107,300.10684,773.6974,-158.93643,301.49588,775.74207,-208.10062,297.9771,775.3285,-208.14882,294.2478,775.0049,-208.28717,276.75717,780.20325,-60.388435,269.6637,781.59863,-280.85815,310.1516,805.92584,-129.71129,306.27457,805.03064,-193.0658,269.59064,884.37225,80.499374,234.3281,892.5458,-327.99585,277.16443,1017.4187,71.38933,254.32578,1045.0815,-239.5827,341.83493,1004.777,-155.1635,358.74942,997.0731,-11.444614,356.84692,1011.8122,-190.76958,384.70236,992.3316,-9.190657,364.7,988.1416,-198.44415,380.13235,973.25195,-9.355201,360.05606,986.5194,-168.78578,371.25568,975.9287,-1.3569822,274.6749,1126.4042,107.42033,261.88052,1133.4966,-107.37179,272.2615,1290.0896,238.7588,263.77536,1293.0706,11.9848585,250.33298,1431.6779,433.45013,246.24483,1444.0957,222.99234,236.0221,1457.1919,446.15222,230.24297,1472.2764,241.28732,290.54495,1458.5138,377.13364,294.21176,1470.2441,143.13718
up_64.jpg,biceps_up,314.31332,793.19183,-151.47932,302.94046,777.2645,-136.03865,300.8616,776.31775,-136.01744,298.5544,775.3419,-136.02763,300.5356,777.7435,-185.25131,297.09305,777.1453,-185.29453,293.57315,776.5465,-185.41446,275.67996,780.18365,-35.966396,270.33054,781.452,-256.3501,307.02634,809.4522,-107.93484,303.56412,809.0142,-171.31635,263.53992,882.308,108.248375,233.76001,891.0364,-311.17325,278.47366,1018.5155,86.41666,255.1761,1043.3435,-222.41959,334.32733,1004.3928,-149.82184,360.15,992.4963,18.535315,351.2893,1003.9597,-184.02078,385.68774,987.46204,25.341274,361.24832,981.3498,-185.15427,380.7014,971.6358,23.273413,350.6457,981.5262,-160.95972,370.89813,972.0006,28.54722,273.37344,1128.0742,112.884285,261.16837,1135.4912,-112.852875,277.0477,1277.9491,232.43343,263.12338,1296.6013,-5.9718223,256.2508,1439.8915,416.68576,247.55093,1453.9196,187.44351,241.52913,1465.7013,428.13583,230.69843,1482.5952,203.79398,299.42896,1467.9045,356.38776,297.44812,1481.9159,101.767944
up_65.jpg,biceps_up,313.9297,792.69055,-152.52469,301.98376,776.6688,-137.19077,299.70483,775.65906,-137.17108,297.2274,774.6017,-137.17842,299.86444,777.18945,-187.10484,296.46942,776.5945,-187.14581,293.04214,775.9968,-187.26451,273.7172,779.4054,-36.488773,269.53275,780.604,-259.99728,306.47125,808.4329,-108.628136,303.27106,808.2447,-172.94743,261.36493,883.61115,108.49945,234.28328,892.8408,-319.45206,291.9911,1027.7937,75.338875,255.64877,1044.8466,-228.51225,335.19644,996.9825,-174.46227,359.92,991.29956,19.897715,350.403,995.4108,-209.82344,385.74973,984.8026,26.883709,361.31723,978.58875,-210.01682,379.74106,966.1472,25.821033,351.07,978.7008,-185.58002,370.17316,969.13727,30.553614,272.21637,1130.488,116.377045,263.00754,1137.7056,-116.36085,275.23706,1297.9915,244.85,265.21957,1299.78,-1.175228,253.25647,1442.5359,437.81998,243.53029,1454.5017,206.13295,237.97566,1468.6226,450.09552,225.74802,1482.3345,224.12617,297.361,1470.2717,380.6053,292.92322,1484.0436,126.45166
up_66.jpg,biceps_up,313.00436,792.53955,-161.45796,301.12897,776.3616,-146.50655,299.04462,775.3434,-146.49525,296.80966,774.31445,-146.50714,298.81702,776.98364,-196.8,295.41653,776.423,-196.83862,291.95145,775.87146,-196.96924,274.37216,779.5861,-46.43886,268.92352,780.95276,-271.65033,306.01697,808.3721,-117.612755,302.53635,808.25073,-182.39197,263.1864,883.17145,101.5658,234.75285,891.04663,-327.54767,293.52127,1022.34125,89.78849,255.89372,1041.5602,-238.1448,334.95425,997.8783,-142.30275,358.89453,990.82275,-2.209556,353.1761,999.7285,-177.31847,384.20795,984.2256,0.44330436,360.91843,978.6468,-183.15704,379.02368,965.8496,-0.596501,350.4982,978.66016,-155.36441,369.68246,968.63464,7.887353,272.84268,1127.8103,115.56626,262.3646,1134.7535,-115.5224,275.05658,1281.8073,243.90387,264.543,1296.4092,1.0413896,252.93854,1436.6084,435.12207,245.83334,1450.42,210.7505,237.99721,1462.2661,447.10535,229.08469,1478.5771,228.7192,295.13858,1464.7024,373.0838,295.24423,1478.4639,125.78936
up_67.jpg,biceps_up,313.10553,792.5129,-154.81479,301.25397,776.37683,-139.70708,299.17862,775.3742,-139.69577,296.9425,774.36127,-139.70708,298.87955,776.9766,-189.40466,295.4496,776.41125,-189.4462,291.9515,775.85376,-189.57791,274.40997,779.74976,-39.97451,268.93896,781.05664,-262.47202,306.14542,808.35767,-111.296394,302.62762,808.21625,-175.3081,263.4996,883.27405,106.52943,234.88312,891.6395,-318.98505,294.5917,1021.89014,88.3768,255.55545,1041.651,-230.4277,334.93118,996.89026,-150.23947,359.1901,990.5166,6.977158,353.7003,997.34186,-185.53987,384.87787,984.15466,10.744106,361.04602,977.7417,-190.16849,379.21887,965.64136,9.702534,350.60013,977.7838,-162.93796,369.78653,968.3181,17.146288,270.24274,1128.2756,115.05592,261.23865,1135.0139,-115.02771,274.77728,1281.897,242.5428,263.08176,1295.8325,-3.231136,252.72726,1436.2556,433.79123,245.38924,1450.5159,201.91724,237.93672,1461.64,445.76974,228.69865,1478.1763,219.43776,294.73853,1464.7377,372.48276,294.2837,1479.794,117.12767
up_68.jpg,biceps_up,313.32462,793.6179,-152.99521,301.63263,777.27234,-138.18576,299.5412,776.277,-138.16731,297.27466,775.25415,-138.17468,299.33643,777.8344,-187.27644,295.93753,777.2522,-187.32121,292.47827,776.6699,-187.45251,274.51544,780.4882,-39.53841,269.3139,781.7502,-259.41608,306.20563,809.53674,-109.94098,302.78455,809.3257,-173.20096,263.44217,883.1762,103.47249,234.89864,891.9611,-315.3693,278.3086,1016.5127,80.778885,255.29305,1041.0806,-225.34395,334.10086,997.2476,-157.46355,357.97595,991.8517,16.819696,349.38492,999.63696,-192.25974,381.80994,985.1606,22.836641,360.28244,978.3337,-195.25484,378.17865,966.0265,20.820639,349.8814,978.4414,-169.4117,368.75122,969.146,26.879854,271.38272,1126.154,113.17889,261.7652,1133.3563,-113.14743,276.88327,1275.6296,234.30014,262.67264,1293.957,-0.024297351,253.10583,1432.4036,418.33667,244.3783,1444.8322,204.07138,238.27888,1457.6809,429.80896,227.36888,1471.9078,221.70581,295.30133,1460.7764,358.6121,293.2363,1474.9664,123.04856
up_69.jpg,biceps_up,313.90378,791.4883,-166.8269,301.69846,775.67554,-151.67421,299.56265,774.70087,-151.65982,297.29565,773.72424,-151.68388,299.42587,776.3154,-200.99933,295.96753,775.78705,-201.04057,292.56247,775.25464,-201.15703,274.40106,779.1981,-52.842506,269.743,780.552,-274.06757,307.18198,807.4221,-123.3983,303.79584,807.2755,-186.97345,262.59662,882.7565,92.42949,234.42238,890.9458,-326.01904,278.82764,1018.27936,91.619965,253.74292,1044.1273,-234.07127,334.90366,1006.71533,-110.37679,359.13876,994.46423,8.988301,350.53696,1014.88293,-141.54408,383.5417,988.44604,14.814902,362.84268,988.6476,-147.77814,380.8642,972.2629,14.617581,352.0954,988.6918,-122.810646,371.11572,972.4392,19.161634,273.0041,1125.751,112.508316,261.42035,1134.2509,-112.44596,276.99417,1293.3975,247.7268,262.3823,1296.0251,17.770988,257.47458,1437.0929,440.98215,245.20883,1451.0883,229.67447,242.82028,1462.9727,453.39645,228.5697,1480.7368,247.89355,301.59848,1464.0199,381.2219,296.70755,1476.2379,145.06094
up_7.jpg,biceps_up,362.35883,268.1577,-263.2232,384.87064,238.70222,-262.44632,394.36963,237.64435,-262.63657,403.39423,236.9182,-262.8675,350.11554,238.05257,-265.8553,338.6665,236.12303,-265.774,329.68207,234.3544,-265.9964,417.25916,239.67188,-154.69824,317.07938,235.32686,-169.86234,378.9545,292.63864,-214.16312,341.7662,290.7019,-219.08624,472.85223,357.5375,-66.49521,236.69006,332.22638,-95.55411,513.9862,498.06845,-185.62643,160.37431,490.75323,-44.25193,510.37155,479.65274,-434.07126,137.77696,649.7309,-97.91675,506.50153,478.9227,-467.18784,118.886116,697.6082,-97.222404,508.04373,457.2239,-458.55685,138.54086,699.71265,-138.43204,496.02252,460.29922,-434.08994,150.53313,682.2298,-110.603966,402.8292,662.3694,11.497376,258.76083,666.52814,-11.588714,412.2036,900.3449,-54.176914,254.26953,904.0919,-0.8712458,412.39554,1081.1453,191.07915,266.1012,1057.7706,224.12848,399.7228,1101.519,204.86792,273.96088,1078.3888,239.57225,425.94128,1183.0952,70.33465,254.59175,1152.2139,103.525154
up_70.jpg,biceps_up,317.50616,789.32996,-176.23077,304.66626,774.1452,-162.18916,302.8076,773.46265,-162.2022,300.69653,772.7677,-162.23529,302.08054,774.76086,-210.43794,298.57086,774.4888,-210.48944,294.90286,774.26733,-210.64067,277.45648,779.71405,-65.4763,270.91632,781.2961,-281.9311,311.38828,804.42737,-133.48906,307.53647,803.61365,-195.68326,269.18622,882.83624,75.897316,235.21149,891.58325,-327.9433,289.75238,1023.5599,86.15895,254.33493,1042.5922,-244.90785,335.1194,1007.5907,-110.679985,358.75916,996.4184,-28.306017,352.8142,1017.1793,-143.67503,384.86154,991.76587,-28.857138,363.16827,989.7822,-154.58894,381.05923,975.84344,-26.879128,351.7039,989.2804,-124.75967,371.17117,975.0985,-18.006647,275.14124,1127.1699,108.66147,260.94598,1134.1112,-108.58862,274.15735,1291.3582,245.9418,263.77078,1292.7203,11.506007,250.79646,1430.8538,445.34604,244.45163,1443.5735,226.15045,236.23769,1455.6277,458.20633,227.76952,1470.1221,244.79488,290.2941,1459.7832,385.51022,291.23853,1472.855,144.32762
up_71.jpg,biceps_up,317.09634,790.655,-161.59918,304.57437,774.9818,-147.14548,302.57126,774.35803,-147.20427,300.3344,773.66547,-147.27707,302.71262,775.5944,-194.83366,299.575,775.3231,-194.87286,296.3487,774.9936,-195.00333,277.3144,781.08044,-55.823555,273.2502,782.4324,-270.94644,309.86484,805.73535,-120.97777,306.5971,805.18665,-182.71255,263.90146,883.6993,78.4208,238.01997,888.51263,-321.66122,262.97867,1016.9233,144.9886,251.91551,1040.2172,-258.61914,336.62674,1018.1317,34.874043,360.31384,1007.89307,-84.9789,355.11057,1021.6742,9.513302,387.80322,1007.7307,-96.78177,365.33765,1002.6429,-15.22467,385.16626,990.7621,-91.949104,354.28824,1001.2164,17.254782,375.5694,989.032,-76.20104,270.36337,1125.3132,111.29056,257.90222,1132.9066,-111.1467,270.4991,1284.7437,268.46426,261.13196,1289.7601,19.060183,249.74167,1424.785,480.57504,242.7249,1440.1202,239.39821,234.82765,1449.1536,494.87494,226.20949,1465.8298,258.6854,291.26538,1453.2582,426.46518,290.66528,1467.0713,160.22983
up_72.jpg,biceps_up,315.68387,789.1786,-154.47404,302.8436,772.5381,-138.70488,300.9641,772.07983,-138.77242,298.8184,771.6034,-138.86554,301.32,773.0328,-187.39642,298.59784,772.8751,-187.43294,295.56897,772.70905,-187.55193,275.82227,779.94073,-44.90209,273.22647,780.8447,-264.23135,309.47025,804.55066,-113.0482,306.7013,803.89124,-175.98018,260.1661,885.0598,90.28662,240.69598,887.7339,-325.04553,261.92667,1010.99915,149.63477,251.77771,1034.9857,-262.78558,338.4927,1022.8203,34.588253,362.024,1016.6041,-81.441414,356.73892,1028.4939,6.7871046,389.5733,1021.21704,-94.8349,367.5828,1009.6957,-19.322134,388.39554,1003.64197,-91.20018,357.08243,1007.48,15.825684,378.83392,1001.0275,-73.469864,268.11334,1126.0973,116.21785,261.45514,1133.261,-116.10727,269.25598,1284.9753,268.40536,263.14603,1294.1562,13.719943,251.69095,1429.6564,482.02188,242.8373,1442.394,237.72942,236.86356,1454.7272,496.54037,225.5255,1468.627,257.44415,294.33084,1457.0392,429.8628,289.1741,1467.5178,162.74107
up_73.jpg,biceps_up,315.18985,788.7599,-166.89485,302.82532,772.4872,-150.20448,300.9319,772.0724,-150.30988,298.817,771.63806,-150.43309,301.34845,773.08887,-199.40677,298.58685,773.02014,-199.44586,295.52295,772.92633,-199.54517,275.10703,780.1959,-54.03788,272.83508,781.27435,-275.71484,308.92798,804.356,-124.188156,306.267,804.20044,-187.70474,255.60573,886.2399,83.76889,241.36989,888.377,-332.67328,260.2291,1015.4928,146.78122,254.0131,1037.7501,-288.23947,336.382,1038.093,52.927456,369.54617,1032.7638,-131.40598,357.26492,1063.3566,30.545252,399.18677,1037.8577,-149.3369,366.7749,1032.5337,0.95500594,398.53223,1022.70386,-142.7577,355.1472,1031.3258,33.909492,389.52078,1020.59296,-123.22636,264.86395,1124.4172,114.03474,262.58182,1131.9683,-113.85382,266.1652,1286.4275,256.8101,267.53247,1295.6371,1.1320025,248.60202,1434.254,464.28625,243.14925,1449.0278,213.40222,233.56654,1459.4733,478.19354,226.75348,1475.001,231.65535,289.5202,1462.1691,411.63364,286.93018,1472.4233,135.77098
up_74.jpg,biceps_up,314.62653,788.4082,-170.65622,301.38666,771.9648,-155.13586,299.54852,771.60767,-155.1927,297.60416,771.2442,-155.28835,299.5847,772.8537,-204.49979,296.73907,773.09827,-204.53444,293.5051,773.3678,-204.64682,274.82996,780.64056,-61.49007,269.83124,783.3422,-283.98892,308.72284,804.1439,-128.9201,305.53638,804.2811,-192.73808,260.00748,886.43555,83.27222,241.63635,891.13916,-346.44263,267.42538,1012.9282,158.52731,253.46394,1040.196,-292.90536,330.43994,1039.7537,73.60626,372.38287,1038.745,-127.55701,348.90952,1052.6654,51.825386,395.65918,1046.332,-142.56616,361.9407,1035.9792,25.722607,398.2604,1031.1276,-139.20996,349.38293,1028.356,56.10386,390.7262,1027.3953,-119.74659,272.00302,1122.8665,118.32556,262.88596,1132.0399,-118.16874,271.82812,1288.5134,254.32626,279.83243,1304.2998,-7.853492,255.94505,1438.8176,456.91577,241.8374,1452.2561,201.75092,241.70956,1464.9282,469.84763,223.86916,1478.344,219.43143,299.91394,1466.8796,401.15585,288.61374,1478.7168,119.98428
up_75.jpg,biceps_up,314.04364,787.75275,-139.38869,300.96564,772.00793,-123.51461,299.2187,771.6458,-123.5997,297.33154,771.277,-123.70259,299.08148,772.7814,-172.18794,296.10748,772.85736,-172.22601,292.8878,772.9498,-172.36523,275.0425,779.9322,-34.35291,269.9226,782.2057,-254.26717,308.19345,803.41766,-99.51599,305.20963,803.38837,-162.5314,257.0186,884.2456,102.175316,242.01303,886.07837,-322.4139,266.05142,1008.6587,172.49196,253.38512,1040.1068,-295.56088,332.19354,1068.2603,106.53938,371.78403,1063.9098,-162.78055,350.51382,1083.1578,89.42988,392.73557,1077.2106,-181.45822,353.79608,1072.866,64.518555,400.17374,1062.8906,-178.61137,345.94208,1068.1481,90.38937,391.67212,1057.2926,-156.07007,265.68378,1125.4941,115.55992,266.5822,1132.3572,-115.40363,268.7447,1283.1228,250.85522,280.79254,1303.0842,-9.939481,251.55643,1430.9202,445.89838,247.08907,1447.5902,189.25656,236.74107,1457.656,458.42496,229.55034,1473.7139,206.21286,295.7105,1458.5598,397.47974,296.83423,1473.183,110.56223
up_76.jpg,biceps_up,314.36142,788.1637,-136.44298,301.48325,771.2689,-119.98555,299.7835,770.7964,-120.082756,297.94153,770.3839,-120.21722,299.3875,772.0183,-169.91069,296.23306,771.9821,-169.94872,292.7376,772.0517,-170.08574,274.89682,778.4298,-30.771402,268.57315,780.8136,-255.76357,308.61874,804.14856,-96.31375,305.3775,803.8546,-160.87187,251.94963,884.7706,107.445526,242.2702,885.95734,-329.79977,262.02936,1013.0423,185.08688,252.53508,1045.6805,-310.49503,324.41895,1078.036,139.24474,371.3789,1071.7345,-181.0081,342.05582,1094.0046,127.15862,393.70184,1088.237,-201.59071,344.9195,1084.0314,102.96563,401.72018,1071.7456,-197.1409,337.68002,1079.1345,124.09873,393.1058,1065.673,-174.20036,260.82538,1130.2672,120.08342,266.11487,1138.0309,-119.93634,265.27417,1293.0125,248.16785,268.4902,1303.2349,-17.739742,248.31067,1444.2775,441.53775,244.14131,1460.3667,178.2536,232.68948,1471.9298,453.88116,225.38515,1487.5305,194.93501,294.53998,1471.1193,394.43643,296.7624,1484.1844,101.47109
up_77.jpg,biceps_up,315.23346,787.19977,-111.277664,302.2216,771.42487,-93.830025,300.46365,770.953,-93.94898,298.58435,770.5665,-94.1055,300.20078,771.8972,-143.5506,297.13242,771.67676,-143.59917,293.81,771.5751,-143.74391,275.56628,777.808,-7.500592,270.2328,779.0494,-231.38347,309.35464,802.2168,-72.34186,306.3013,802.1647,-136.66542,249.56448,884.20825,119.35297,243.5425,882.89923,-312.10666,252.90367,1022.9966,182.68219,255.74825,1043.3918,-319.5363,313.131,1098.6473,148.71884,360.47885,1097.6604,-228.40054,329.02966,1116.8599,140.59166,383.07373,1119.3678,-255.4543,331.2728,1109.2354,117.72608,394.78564,1107.0022,-247.81808,325.47217,1103.6879,134.85559,386.83292,1097.0707,-222.05734,260.00885,1135.2578,120.992836,268.0352,1142.538,-120.91869,263.46143,1296.9078,232.4883,271.41748,1305.962,-25.433035,247.5141,1449.0577,413.3192,251.01663,1464.4446,154.42894,231.20671,1477.6882,425.07465,230.90485,1494.0416,169.31734,295.9604,1472.4912,373.44186,310.64963,1481.063,82.39563
up_78.jpg,biceps_up,316.52673,145.35988,-128.23746,304.25177,127.545166,-107.77636,302.1035,127.00325,-107.79967,299.83356,126.4188,-107.8426,302.30487,128.19516,-167.19951,299.13232,128.05565,-167.16124,295.8482,127.91786,-167.20909,276.79156,134.07565,6.8094153,274.28787,136.55869,-259.7315,310.4098,161.42464,-78.165474,307.54117,161.30536,-154.56973,248.62605,237.32695,189.58154,252.52074,236.28761,-382.1043,252.68726,372.22202,227.96333,243.74005,386.43954,-366.30023,295.69833,437.61456,101.27704,324.87653,447.54956,-144.8962,309.27646,465.95227,79.255684,342.79895,461.66437,-162.65733,310.12646,442.5954,52.1884,357.13855,448.51425,-157.56644,308.13943,439.69928,79.89757,346.43192,444.8333,-135.0156,263.64664,497.71985,170.90605,266.0401,502.54483,-170.78484,252.36652,683.2439,285.24033,263.27014,702.45056,-90.77568,233.93826,843.4628,429.54422,220.78648,886.9329,79.760994,217.17226,873.7743,435.0884,197.68146,921.96136,90.73334,287.3081,865.2416,359.46756,278.12558,911.54834,-33.409492
up_79.jpg,biceps_up,316.9244,141.4817,-123.53983,303.09338,124.00169,-102.47208,300.80307,123.75076,-102.54908,298.37637,123.41629,-102.633545,301.4563,124.786644,-159.45586,298.42822,125.03445,-159.43324,295.1368,125.25272,-159.44307,274.55988,132.96573,8.051568,272.98724,135.77802,-247.20927,310.46738,158.77841,-75.474335,308.12613,158.89035,-148.69232,243.57129,238.02649,176.07555,253.74942,238.94489,-365.1926,239.468,378.9005,196.95636,245.59741,392.06387,-372.4244,286.9343,456.50323,81.250465,323.12543,474.00116,-201.51878,298.63593,485.08716,64.08999,335.14188,497.32712,-223.92181,299.53275,471.62115,36.93586,346.5441,486.1759,-212.93822,299.5463,459.87247,60.981464,342.7351,480.51294,-191.03413,257.21896,498.8054,159.33969,265.216,505.20648,-159.20204,258.02615,677.71313,254.35532,260.90094,689.4049,-88.297745,226.13264,814.0295,419.68015,222.0567,865.224,87.87948,209.32307,838.01935,429.7372,199.1902,898.1571,100.219215,269.8409,833.6262,372.85666,282.48505,889.0158,-13.246393
up_8.jpg,biceps_up,361.86145,271.42453,-267.084,384.8634,241.29298,-266.55792,394.57343,240.00378,-266.7558,402.91214,239.09187,-267.00568,349.0028,240.80687,-268.84625,338.30206,238.52179,-268.7471,330.0611,236.57004,-268.96686,416.3673,241.5523,-156.76825,319.49832,238.27538,-164.88782,378.93497,295.12692,-216.37822,341.01556,292.73633,-219.18437,474.16766,356.50204,-58.361614,242.703,332.85922,-94.07014,512.7747,494.52856,-195.12129,161.96178,491.51212,-53.616695,514.9974,476.12726,-469.49454,142.42444,652.8397,-103.84978,513.6837,476.33224,-506.74396,123.84951,701.331,-105.16269,514.8351,454.5997,-501.85535,139.22777,703.22217,-143.28271,502.35526,457.77795,-471.9708,152.96327,684.9486,-115.65056,404.14774,668.00714,16.11093,259.9011,669.2632,-16.187332,420.18585,914.58655,-82.78325,251.95796,913.8206,-15.14056,421.78094,1094.1318,168.62468,269.27072,1055.4742,240.09064,407.60452,1114.6195,183.6071,280.0146,1076.2412,259.46347,442.5173,1198.3567,44.60556,253.73239,1149.1157,127.35527
up_80.jpg,biceps_up,317.17093,139.31915,-109.42187,303.65674,121.554184,-87.89557,301.47653,121.58562,-87.936646,299.26498,121.596794,-87.97365,302.24585,122.20158,-152.10548,299.32538,122.59586,-152.12051,296.37418,122.95284,-152.26662,276.3952,132.01343,26.465462,274.74597,134.59053,-261.9035,312.45563,157.4884,-59.29943,310.52197,157.23671,-141.87183,246.6513,238.56888,221.50412,252.58345,238.13963,-397.7302,244.47263,382.60217,266.62354,251.136,390.653,-417.71417,287.2467,472.83868,133.73067,321.5071,488.15598,-271.06375,300.07812,498.70166,115.75661,333.11606,513.99756,-303.96417,300.6286,493.1458,81.74976,347.70425,504.3133,-298.39093,300.98047,482.30502,109.768684,341.66,496.48535,-262.75702,260.41837,496.81598,182.65762,268.77914,498.78952,-182.65228,249.54648,695.26855,231.9556,273.0507,706.6004,-160.00946,238.80093,868.0887,338.06317,224.42247,903.5598,-28.100582,222.73557,898.7515,338.31686,199.27779,937.5099,-22.494099,295.8462,893.7971,243.87648,282.2063,937.2986,-163.11151
up_81.jpg,biceps_up,317.55652,142.3877,-94.01278,304.0106,124.69952,-73.10341,301.82993,124.64016,-73.131615,299.22083,124.52137,-73.15213,302.6579,125.397835,-136.9585,299.71365,125.754585,-136.95782,296.40002,126.05526,-137.11665,276.422,134.59445,37.408672,273.83398,137.43762,-249.88303,311.70334,160.31685,-45.53771,309.75394,160.26111,-127.72602,245.11038,240.19086,226.86964,252.06943,237.647,-384.95395,247.3558,382.34076,270.85184,251.73772,391.77136,-412.50595,289.1933,478.4815,132.26807,317.1988,491.1449,-279.61606,301.03592,502.2155,112.42956,329.09,515.14087,-314.0886,304.3433,499.08646,77.2932,341.79263,504.7898,-310.92435,302.95877,486.56296,107.55496,337.36667,495.94235,-272.59607,265.11008,496.98148,176.5672,273.99924,495.87494,-176.58809,258.7981,700.0361,205.37555,282.8287,707.2777,-169.00305,249.39201,876.9617,293.633,237.63342,908.39417,-52.091568,234.47455,907.39075,291.79843,214.97418,941.6533,-48.344357,302.54324,904.1977,189.0709,291.27106,946.0669,-191.45119
up_82.jpg,biceps_up,316.6756,140.73242,-88.86641,302.3494,123.48213,-67.95064,300.07394,123.538284,-67.98985,297.41022,123.54195,-67.99099,301.14517,124.3803,-130.91125,298.20816,124.93946,-130.92433,294.91946,125.47344,-131.05956,274.25427,134.35147,41.62226,271.94696,137.78862,-242.3427,311.01685,159.95323,-41.174046,309.292,159.78355,-122.520676,243.5861,241.95465,231.04417,251.17493,237.21222,-381.34073,237.5339,385.95282,294.04926,251.6664,387.25134,-434.00198,277.1012,483.20032,175.12614,307.38016,499.50214,-350.38202,285.36838,506.4275,162.61517,314.70404,531.33295,-394.2465,290.33603,504.22156,121.570816,329.62125,523.66266,-386.51245,285.68686,496.01447,149.29016,326.59192,512.8477,-343.1848,259.04138,495.27045,172.63188,264.55383,493.5573,-172.72182,261.45847,690.1594,137.97797,285.00964,678.8977,-205.37143,248.48431,865.2539,196.0195,236.19241,883.4752,-102.91838,232.8912,894.77734,192.6043,211.00192,915.8983,-100.21538,301.67755,892.362,89.59646,295.25308,926.2369,-230.78703
up_83.jpg,biceps_up,313.3046,139.5385,-89.900345,298.61963,121.82373,-68.58702,296.36475,121.933365,-68.61433,294.17365,121.95629,-68.600464,297.56186,122.42016,-131.8349,294.76553,122.903824,-131.85805,291.97095,123.280716,-131.9999,272.39066,133.3653,41.368607,270.60608,135.60611,-243.80849,308.69916,157.97421,-41.955776,307.22418,157.92328,-123.63576,239.27173,242.51097,232.36554,251.92226,236.14058,-383.8171,237.58421,385.31433,298.461,251.34346,384.08167,-432.83884,276.6018,483.83563,184.95532,302.0737,499.7397,-351.51227,275.76303,510.0456,173.54358,309.8282,533.6466,-396.37915,279.87198,508.22247,132.31375,324.3763,527.10645,-388.63754,276.1154,499.84985,159.33687,323.56607,517.75525,-344.2187,254.26357,495.81305,171.45758,265.3635,494.08075,-171.61954,247.27293,697.53973,140.15935,277.3382,689.6991,-193.3633,244.39635,879.6533,186.4466,235.10231,899.87317,-105.05508,230.9799,911.81824,181.51855,211.52496,933.39124,-104.41214,298.25842,906.39197,71.61537,293.08524,943.7457,-243.35371
up_84.jpg,biceps_up,317.0633,142.189,-59.76083,302.71616,123.43502,-39.987373,300.63943,123.51898,-40.052647,298.3155,123.59272,-40.050613,301.45416,123.987236,-98.01759,298.63928,124.3446,-98.03754,295.58328,124.71069,-98.08414,275.08966,133.54916,66.43223,272.30173,136.39041,-194.868,310.6532,160.85533,-13.083252,308.78146,159.8428,-88.10731,242.83472,242.99463,253.80786,252.93506,234.44629,-342.3604,243.62764,388.41144,314.52148,252.85107,381.44,-390.9544,270.46133,495.47614,197.7025,295.75085,507.18823,-315.22144,276.3495,517.3834,183.67961,300.17984,539.7234,-360.78836,284.6727,518.3255,142.44153,310.78354,535.0703,-350.77542,276.42908,508.80902,172.04167,309.93976,522.79553,-307.47214,252.48193,496.4502,172.17055,264.86407,494.3084,-172.24649,255.56792,706.8966,119.855484,292.33466,682.83887,-223.28156,246.94424,887.09094,165.01466,240.00858,896.1059,-135.84567,230.1024,918.08954,160.7139,210.24673,930.06464,-132.7454,307.9943,917.1184,67.579926,306.50266,942.10156,-248.619
up_85.jpg,biceps_up,315.63385,141.25885,-68.929184,300.72504,122.51942,-49.652065,298.56558,122.59964,-49.729336,296.2052,122.63065,-49.7329,299.70392,123.11024,-107.849976,296.99908,123.56903,-107.892166,294.04797,123.979645,-107.97006,273.37418,132.67914,53.757122,270.93387,135.49706,-206.93622,309.57562,160.43378,-22.950657,308.05527,159.62273,-97.85923,239.28871,243.73915,238.64204,255.19005,232.60498,-355.91336,241.35736,387.88315,291.47025,251.9689,378.83267,-408.9212,264.80878,496.47192,181.6412,290.8712,506.12488,-328.1686,273.46133,526.4215,167.6892,293.36038,541.348,-375.48322,280.09177,525.722,127.78446,305.16623,535.53156,-361.15082,268.2822,513.5971,156.68042,304.9344,525.8099,-318.8662,257.5234,497.46252,171.83026,262.35968,487.7562,-171.91019,268.861,680.6394,138.35434,304.8532,643.6825,-217.31491,255.84264,836.61957,246.5097,244.52065,841.7728,-70.91788,240.23555,863.5446,249.57188,212.75333,875.13245,-61.55666,309.7483,861.4151,175.5051,311.22687,880.669,-159.39227
up_86.jpg,biceps_up,314.08362,136.51299,-57.743217,299.53983,119.19758,-36.3796,297.42365,119.583855,-36.47237,295.1299,119.88415,-36.49176,298.52692,119.7493,-92.56843,295.84845,120.44937,-92.58036,292.96375,121.04225,-92.64657,271.74054,131.21414,70.368744,270.37854,133.23682,-183.22165,308.6876,157.47632,-12.022724,306.50012,156.4223,-84.82653,236.00967,240.61969,250.08383,256.8704,229.55452,-332.58768,240.62383,387.77045,290.84552,252.30519,378.21472,-389.42157,265.30054,501.5062,178.8998,287.92477,509.74268,-317.36816,267.5022,521.34576,167.14217,289.6952,544.35095,-361.4265,278.92014,526.93915,128.03186,301.65942,540.5074,-349.87265,267.34213,513.6411,154.49487,302.13092,529.9893,-309.5745,258.0222,501.45233,171.33647,260.89056,496.4578,-171.4339,242.54596,706.72046,140.8764,282.92413,682.5013,-201.93791,238.20201,881.3202,210.84142,223.55402,886.67847,-89.96085,220.96356,910.73785,208.79817,192.3928,916.6747,-84.04679,299.04053,914.92004,115.90972,285.2944,936.8679,-195.63686
up_87.jpg,biceps_up,317.95755,139.07993,-59.419796,303.26242,120.269775,-41.23222,300.92612,120.40615,-41.33043,298.3943,120.53715,-41.352665,302.4589,120.801125,-94.04175,299.69592,121.26587,-94.08235,296.68063,121.71841,-94.11491,274.20627,130.48465,58.44196,272.43942,132.93358,-178.51555,311.40256,159.06593,-15.487002,309.3709,158.26175,-83.664375,239.07924,241.99863,229.00505,257.3488,231.35602,-317.93686,238.80843,388.14966,276.40216,242.87328,379.34637,-350.95947,257.56345,495.25726,185.89957,280.33636,507.73654,-252.16423,262.18903,519.74524,172.65543,281.41785,540.57935,-289.02194,266.46097,520.1702,137.65863,293.26794,537.1233,-278.96713,262.6317,511.22012,163.68323,292.06473,524.418,-244.00085,254.49054,504.0877,158.22383,263.0914,504.03967,-158.25844,277.51303,702.4238,86.77197,301.79202,658.67737,-229.77715,275.9351,868.2968,149.65773,250.41919,867.9974,-119.59179,261.67468,896.47705,148.65854,218.55731,902.3217,-112.694435,336.50342,897.11304,74.153496,322.89694,912.306,-205.19681
up_88.jpg,biceps_up,318.96756,141.34186,-51.407833,303.7252,122.729416,-33.52071,301.1827,122.83184,-33.625896,298.45206,123.19111,-33.6567,303.29904,123.13255,-87.24652,300.5749,123.50216,-87.315506,297.56985,124.1143,-87.34714,274.01334,131.95895,65.706955,273.11642,134.13815,-175.45969,312.44226,160.84232,-6.9692492,310.8652,160.06287,-76.49873,238.21625,245.94775,241.49982,259.11346,232.5929,-324.7019,235.71234,388.43262,288.68097,239.66948,376.2483,-345.40643,248.71593,505.7766,208.30453,270.18735,507.15805,-216.19014,247.99275,534.27057,196.72627,271.12064,535.20667,-251.38283,261.47162,529.6059,163.13452,281.19827,532.15204,-238.37375,251.09035,524.7415,186.64677,282.55978,524.5877,-206.57883,250.4154,515.187,166.53961,247.12651,505.60184,-166.63081,292.16003,699.8533,114.430534,311.81464,641.723,-221.82045,297.4113,845.65674,235.50339,267.1329,834.3403,-45.80533,284.55835,870.824,241.58987,233.31169,868.0743,-31.015667,358.9833,872.62146,187.31255,347.58112,872.6435,-105.32337
up_89.jpg,biceps_up,318.4386,139.76825,-58.73344,303.2614,121.64162,-41.17025,300.87964,121.74923,-41.272175,298.32733,122.1299,-41.30638,302.3752,120.509415,-95.29027,299.65598,121.03184,-95.358696,296.64844,121.55193,-95.39854,273.98187,131.14662,58.068382,272.6382,133.06473,-184.84619,312.55542,159.444,-13.92729,310.89325,158.87607,-83.91386,237.17941,246.52245,237.26987,259.53412,232.69592,-335.47595,235.90999,390.36157,285.15872,240.68294,380.21722,-356.93066,252.41563,506.43665,201.74275,270.60455,508.25317,-228.1864,253.11972,540.0034,188.07634,270.8334,543.60223,-265.05286,265.2629,541.74255,155.44778,283.46146,540.12146,-253.59581,254.69621,530.4623,180.23904,284.0165,526.8828,-219.25305,253.66852,518.2408,166.30914,262.83624,516.4187,-166.4879,283.19403,711.48755,110.5444,311.2868,653.1859,-209.822,292.67133,854.0394,265.1329,261.31866,843.59985,-8.620171,280.27954,879.29254,274.61066,226.90727,876.3756,8.222612,355.8942,879.286,220.29422,341.43307,882.6124,-67.41752
up_9.jpg,biceps_up,358.81906,270.42453,-265.7944,382.81735,239.76524,-267.50708,393.5878,238.39127,-267.6847,402.56467,237.54033,-267.88776,345.63348,240.95947,-266.68198,334.7657,239.53885,-266.5744,326.67627,238.18918,-266.7716,419.1608,240.3292,-169.33531,317.1814,239.10031,-162.77275,378.99088,294.21356,-219.73137,338.43173,293.85773,-218.16542,478.28745,366.3417,-72.16855,242.43816,336.24286,-92.62859,532.48474,503.02567,-197.24437,167.61957,493.44638,-26.584414,522.7757,494.88058,-463.7721,146.98781,649.67993,-66.44441,516.8007,497.04776,-498.88162,133.41664,698.7971,-66.21162,517.93317,474.5767,-489.4809,148.64462,701.14667,-103.75085,506.34738,477.0289,-464.35477,161.68776,683.1689,-77.8327,405.71194,660.1416,10.171768,259.56314,662.13916,-10.06213,414.26324,903.80664,-55.733734,262.3129,892.1778,5.3344,418.31247,1082.9836,174.7468,268.00064,1051.7344,222.07756,407.07672,1103.8242,186.56691,275.9202,1071.9788,236.46849,428.32864,1183.2942,46.656963,258.39523,1146.7015,99.23105
up_90.jpg,biceps_up,316.17395,137.0176,-57.596317,300.7804,117.899284,-39.236717,298.43634,118.24646,-39.33281,295.8897,118.59192,-39.35875,300.1135,118.59989,-92.954025,297.42795,119.32842,-93.01545,294.47598,120.02125,-93.03984,272.32452,130.17865,61.307938,271.00217,131.92879,-179.99582,309.64825,157.51701,-12.799785,308.14587,157.09277,-82.3152,239.77081,241.34418,235.1752,257.6178,228.8162,-326.38712,238.52327,388.275,280.86905,241.4664,376.96936,-353.96484,256.83762,504.22775,195.87558,274.44327,510.43698,-230.07152,256.4121,530.08105,183.5993,274.57135,544.32196,-266.47565,269.13287,532.9117,151.0909,284.91867,539.9889,-252.9834,258.22247,521.9703,174.59734,285.20517,527.0275,-220.41872,256.2844,509.36743,164.72441,255.43002,499.66956,-164.86435,277.03964,699.5507,122.10751,308.86987,640.10583,-203.02222,280.86328,842.3054,256.35016,256.6306,827.2435,-16.548168,268.114,867.77673,263.8918,222.29271,859.897,-1.1063933,340.35187,865.3787,208.55804,332.96347,862.8171,-74.99055
up_91.jpg,biceps_up,315.11884,135.61081,-59.45149,300.06802,117.02473,-41.18465,297.95166,117.41638,-41.279316,295.6366,117.83077,-41.298424,299.1433,117.77195,-95.13497,296.5044,118.577,-95.20752,293.57382,119.38625,-95.23676,272.74704,129.73534,60.563324,270.26767,131.77493,-181.43623,309.7089,156.0643,-14.091907,307.90857,155.69565,-83.75701,241.04897,243.134,236.32521,257.7656,229.29721,-328.49802,239.04854,389.10193,281.65833,241.7275,378.44678,-355.1132,258.2736,504.60422,189.1544,274.48886,510.099,-231.28796,257.54877,530.1864,175.30673,274.69244,544.16266,-268.17502,270.52737,533.55457,142.21497,284.9829,539.6845,-254.44165,258.95724,522.0464,167.37172,285.3419,526.71747,-221.38438,257.11282,509.2404,165.39832,266.19928,502.25204,-165.52052,280.68814,695.72876,119.50581,310.80737,629.6617,-216.07756,277.67493,832.67346,255.86403,255.25107,814.84485,-24.684708,264.81122,856.96375,263.93555,220.30724,847.6415,-8.282836,333.43686,854.2599,212.4605,330.75476,849.6386,-78.16075
up_92.jpg,biceps_up,315.41254,139.56009,-61.929985,299.91623,119.48578,-45.990025,297.89114,119.75193,-46.069633,295.73297,120.31952,-46.071167,298.91766,120.01465,-98.47027,296.3435,120.61539,-98.5653,293.0586,121.49498,-98.59206,273.86844,135.7296,49.874825,270.94797,136.50742,-185.8725,309.78186,157.59346,-18.19977,308.31213,157.2596,-86.095634,241.48212,242.16087,226.47275,258.6444,229.24915,-333.27713,238.61479,386.9015,283.20395,242.1561,376.51962,-351.8399,256.5855,504.59863,205.144,274.95242,507.86737,-218.05717,255.8129,541.7283,192.55225,276.1706,541.7895,-255.60402,260.4945,542.7377,158.03651,287.32278,537.7891,-240.44635,257.5757,532.7886,183.41008,287.86963,528.4616,-207.67085,256.06186,511.9603,164.55176,265.45972,504.18127,-164.68954,305.15277,683.2057,117.93631,317.22116,597.97943,-199.92424,302.2809,798.9786,295.03168,277.85318,774.2291,20.190367,290.2951,819.13916,308.657,243.6936,808.4827,40.50009,354.98303,818.58795,280.71802,361.5042,802.2461,-5.7581563
up_93.jpg,biceps_up,317.43243,136.16473,-50.901875,302.39203,117.99896,-29.560915,300.1096,118.2753,-29.651167,297.64938,118.47458,-29.664173,301.48187,118.59665,-86.80751,298.70938,119.22283,-86.82642,295.71118,119.75231,-86.89485,273.95477,129.55406,79.029564,271.91705,131.87274,-178.37129,311.2428,157.39041,-4.533513,309.0729,156.54999,-78.48162,240.95105,242.35878,263.68866,256.37576,231.12912,-330.87823,238.4825,385.54846,311.86032,241.24773,379.72388,-384.59003,258.2134,497.24976,203.93498,278.2543,508.10217,-305.6183,259.90924,521.23785,191.48863,279.34158,541.9459,-348.243,264.23068,521.4307,152.41399,291.92105,538.0012,-338.9091,260.73422,511.66644,179.24323,291.24893,525.13806,-298.12943,255.64424,505.08447,172.51442,253.7066,500.9995,-172.62018,258.27908,718.7053,123.725525,283.9064,695.2985,-218.25381,257.78064,905.89966,160.2998,237.81155,913.3257,-140.46059,241.5679,937.6456,154.3314,207.66692,947.63214,-139.11801,323.1277,940.26624,51.80419,308.76938,963.04065,-265.64233
up_94.jpg,biceps_up,315.81332,138.25798,-61.607376,301.32098,123.0603,-45.1881,299.09174,123.25691,-45.280643,296.72638,123.71685,-45.30219,300.78925,123.50258,-99.24916,298.30667,123.983765,-99.32901,295.6313,124.72771,-99.39601,273.0417,133.04192,49.974247,271.4271,135.30426,-192.31757,309.31998,158.02441,-18.20345,308.20126,157.3185,-87.90993,241.47437,242.59073,225.50235,257.29846,232.91547,-336.08997,241.94452,385.55118,276.00256,246.33435,377.00476,-367.60315,266.594,496.27612,173.70262,283.40262,504.281,-265.71948,269.1418,521.9145,159.80466,286.6552,536.83093,-306.0451,278.83,521.5505,123.93598,297.55365,533.4319,-291.14172,270.7414,512.17737,150.96199,296.39282,521.38293,-255.68361,258.53485,499.4721,162.90843,258.10635,485.0081,-162.91711,285.6508,662.13135,148.08792,308.9027,601.39777,-198.32745,274.05316,790.4412,300.84805,256.5205,771.16144,7.0448513,260.795,813.41394,310.75888,223.7708,801.5264,25.63869,323.81552,808.86163,268.87366,326.90863,802.5634,-34.17353
up_95.jpg,biceps_up,316.62152,136.03668,-76.289566,301.70175,118.68252,-54.54062,299.54715,119.0498,-54.608616,297.1515,119.34097,-54.610767,300.48624,119.44721,-116.1256,297.68857,120.25383,-116.15403,294.65778,120.95116,-116.25041,274.27646,131.59752,58.044643,272.7239,134.2234,-219.09708,311.2299,157.03458,-27.560982,309.61182,156.39514,-107.06369,241.71391,241.8833,249.91171,254.10374,232.89886,-364.57477,244.6822,387.5559,305.4242,252.89165,381.2298,-418.26178,271.71585,492.91467,185.65451,295.05536,504.55905,-342.52444,276.47012,513.1912,172.90825,299.5055,536.9674,-386.9971,280.5745,512.7548,131.91962,312.65134,531.93854,-378.78464,276.2737,503.8884,159.74638,312.38242,520.00525,-335.3749,253.04193,495.12958,177.32648,264.6445,493.82443,-177.39966,246.28917,696.65173,140.23409,279.80826,688.43774,-217.7607,238.51112,873.0917,187.1285,224.99753,896.29443,-136.52766,222.33807,904.02295,181.9543,196.70815,929.3745,-135.7846,296.3067,900.6487,76.34832,286.07867,939.96216,-272.7892
up_96.jpg,biceps_up,315.53296,138.29266,-55.694077,300.53177,120.82218,-34.87742,298.2761,121.07185,-34.914795,295.96997,121.31374,-34.911793,299.50137,121.478195,-96.93662,296.73517,122.13802,-96.89142,293.86847,122.796326,-96.96024,273.7661,132.4929,74.35475,271.9114,135.5368,-205.0387,310.8086,157.46198,-7.8991036,309.26932,157.0387,-87.970375,239.53645,242.3092,268.55148,253.49129,232.04315,-353.56802,234.13371,387.34695,327.02777,252.8545,378.8349,-402.43576,269.53253,493.78876,193.92169,300.21503,502.29092,-321.332,273.3824,510.30493,176.77164,306.95157,532.5038,-366.35748,278.66437,509.54486,135.40065,317.78082,526.3081,-359.99356,274.41034,501.12976,166.93597,316.715,515.08655,-314.59564,252.92026,498.60022,176.2762,267.63452,496.8378,-176.34143,247.84195,712.7027,129.21494,274.56177,711.5356,-198.26715,254.25713,905.6769,158.94287,240.65292,931.81775,-142.59045,239.96791,940.2927,151.5179,216.75713,968.53546,-145.22185,318.28384,933.11646,33.499886,306.12772,973.98627,-297.2234
up_97.jpg,biceps_up,314.26697,140.23193,-101.05936,299.41135,122.299805,-80.52264,297.37726,122.45617,-80.56559,295.20856,122.55997,-80.57935,298.15762,122.93152,-139.56636,295.43088,123.47626,-139.58133,292.54785,123.96774,-139.6274,273.44623,133.63579,31.671576,271.10776,136.56894,-234.20628,309.63895,158.90358,-52.236374,307.65512,158.69366,-128.53955,247.8814,238.5899,221.96968,252.68147,235.5532,-370.44434,245.34505,383.24487,281.8947,249.27077,383.86072,-421.1129,287.38193,478.83072,161.75241,310.94434,496.40137,-339.7965,286.10022,498.10718,148.4703,318.81888,524.6748,-382.16574,299.7247,496.78778,108.197296,332.96368,516.4302,-372.85336,295.10278,488.85168,136.43881,328.7815,506.46225,-331.94962,260.95947,488.14246,170.43584,269.06982,487.13202,-170.48561,269.54773,683.88525,133.0111,290.1943,669.88293,-210.47554,268.70486,855.1942,186.59286,247.57564,882.01483,-118.167755,254.4598,885.7843,183.26541,221.38396,917.29065,-115.588196,328.73114,878.03107,91.80905,314.32574,921.3451,-238.34
up_98.jpg,biceps_up,314.23132,139.78131,-105.38419,300.83792,122.06497,-84.26368,299.02502,122.23614,-84.30976,296.98444,122.379036,-84.35499,299.31644,122.72915,-145.39088,296.5954,123.25619,-145.40869,293.61685,123.74027,-145.50168,274.32346,133.42651,28.592049,270.81155,136.2262,-245.31277,309.43268,158.54988,-56.0947,307.1669,158.227,-134.5507,245.87404,238.94522,222.30296,253.52104,237.02026,-382.86865,240.4293,384.01788,255.36441,247.51927,389.9317,-390.04242,282.76144,473.65204,123.22477,316.26526,486.3725,-218.5372,294.08728,496.70862,105.02945,329.00262,509.99817,-245.36516,297.6404,493.2199,72.37552,339.35065,502.51614,-239.15689,294.0828,485.44122,99.741554,335.66858,494.47192,-209.28738,256.29837,497.1451,178.17087,266.0874,499.21878,-178.14453,245.08084,704.18585,216.21956,268.4495,721.1173,-162.4274,235.83493,881.3849,311.2472,220.15245,925.14197,-50.169846,219.96399,912.82227,310.56836,195.15067,961.4718,-46.425514,292.98734,907.283,220.38622,277.49072,956.42755,-189.71329
up_99.jpg,biceps_up,314.363,142.3628,-127.368416,301.02048,124.41975,-107.10787,299.04666,124.024086,-107.16289,296.91364,123.57845,-107.23787,299.0082,125.053635,-164.83336,296.0166,125.08049,-164.77411,292.7411,125.12642,-164.7824,274.62924,131.86066,3.4005456,271.77036,134.90471,-255.22618,308.49634,159.46281,-78.56315,305.6837,159.32315,-152.71854,246.46133,237.11914,178.60547,252.59032,235.748,-373.9984,240.07388,377.84003,207.16624,244.12209,390.2917,-362.15292,288.51877,447.68524,93.88403,322.04666,468.13422,-153.07733,301.49207,482.14014,74.319916,335.894,487.1518,-171.4817,302.33347,460.3915,48.36724,347.26013,478.77045,-164.07559,301.2308,456.90485,73.858765,341.88196,470.28387,-143.089,259.0468,500.4861,165.92459,265.99487,506.93738,-165.77005,258.11627,682.56604,299.79636,271.13373,706.83685,-66.96396,247.24161,833.4675,457.03864,229.37952,888.8384,109.83922,231.40834,863.7707,465.17688,205.68298,923.92035,122.56762,301.97018,849.5858,405.4312,288.90036,911.0782,11.214392
