low_0.jpg,plank_low_hip,999.08875,523.7347,-74.35044,1014.2996,510.5121,-58.039074,1014.5468,508.17715,-58.057037,1015.0152,505.80597,-58.092148,1015.13525,509.33258,-108.24373,1015.83325,506.33163,-108.267715,1016.7016,503.39908,-108.28762,1007.9424,482.8597,44.65958,1007.9428,482.29758,-183.23499,982.45,518.9907,-28.59937,982.25024,517.4,-94.800446,886.64606,450.08258,217.24326,903.80493,491.9128,-260.62445,825.78766,570.27,290.1605,825.2838,620.6608,-257.9168,942.28625,601.6117,261.60617,945.32776,625.9279,-70.28701,983.7921,601.5026,272.03546,995.5355,628.2892,-85.52167,989.6219,592.505,268.81818,990.20215,605.1292,-72.47579,976.07306,588.8418,257.96582,973.3418,599.3556,-60.35327,631.56805,503.9999,155.6842,624.9102,533.0774,-155.65665,423.86804,513.8677,289.75284,405.6517,530.5965,-128.73686,246.93103,486.01077,446.725,181.46599,510.32877,-97.468376,215.65544,472.4138,458.06738,145.45448,485.4725,-98.90061,216.81476,538.4897,408.9899,145.37463,570.3128,-202.22154
low_1.jpg,plank_low_hip,998.9743,523.242,-70.43943,1014.16016,509.9914,-54.161728,1014.4186,507.6606,-54.168526,1014.88586,505.31693,-54.19971,1014.936,508.85028,-104.22801,1015.6119,505.8924,-104.24811,1016.4568,502.95544,-104.28013,1007.87463,482.4852,48.090454,1007.8606,481.98038,-179.09644,982.3579,518.5344,-24.9308,981.9763,517.10297,-90.979,886.67334,450.75565,218.85983,904.23157,491.49493,-256.71924,826.454,570.9263,283.6764,826.81085,618.58356,-250.54405,943.1044,601.4307,244.60818,945.77484,625.69135,-60.098724,984.5523,600.8831,252.55592,995.9808,628.9859,-74.86265,990.24634,592.41895,250.55055,990.47925,605.6455,-63.44164,976.7685,588.6043,240.77562,973.6798,599.23645,-50.709797,633.514,504.578,154.2349,627.57056,533.3886,-154.22314,425.46463,513.8697,243.53723,407.5986,534.01575,-109.16614,234.5102,490.30685,366.19263,186.6788,518.2038,-54.116356,203.4094,472.94232,373.34946,149.71542,494.7379,-53.285175,204.45511,545.60596,312.4857,151.31996,581.48285,-156.28291
low_10.jpg,plank_low_hip,1000.4766,520.9665,-74.63708,1015.71356,509.23065,-56.78277,1015.75916,507.28375,-56.76067,1015.8487,505.30515,-56.787987,1016.3028,507.8094,-108.92467,1016.62115,505.0564,-108.93771,1016.9324,502.1955,-108.96644,1008.103,482.93594,56.03798,1007.0019,480.62067,-180.97685,982.21655,517.12994,-25.425312,982.091,515.2418,-94.37675,887.4985,455.06607,230.34387,905.37976,490.8475,-263.8726,826.44354,574.10223,285.56888,831.97437,618.0414,-253.39099,954.2617,595.13385,228.36945,956.985,619.0671,-41.92865,993.9741,595.86743,231.1893,997.85205,621.36487,-53.501743,995.4792,590.33167,235.42169,992.3956,600.2961,-47.543697,984.1818,586.10767,225.77089,977.28094,594.3322,-33.71521,632.76013,507.36172,159.97531,629.54535,531.5837,-160.02405,418.8723,514.5777,210.47568,404.44727,527.6509,-119.98453,223.18149,484.92493,305.22467,180.42453,508.94473,-59.17309,195.73102,478.5823,309.33737,145.08792,484.07318,-57.674503,211.4574,552.20386,237.24947,136.18756,569.73474,-166.26878
low_100.jpg,plank_low_hip,988.8972,502.88458,-49.84406,1006.36597,490.86203,-35.15005,1006.43005,489.15063,-35.23661,1006.6467,487.31757,-35.29632,1007.4064,489.19794,-83.88251,1008.0309,486.64572,-83.97182,1008.8069,484.0838,-84.072105,997.5003,464.56848,67.12623,998.2934,464.6853,-151.57936,970.07886,498.67206,-3.951273,970.23425,496.75964,-68.38076,881.4203,433.8599,265.89355,901.62415,480.50406,-248.61266,832.08527,560.264,313.1037,839.112,611.65155,-226.98561,942.78937,587.5752,296.46262,956.17365,619.0627,-19.658466,981.2168,594.5071,312.34137,998.39307,623.59796,-32.01589,989.2821,585.9281,321.2055,996.4377,603.5863,-23.901867,974.9894,580.6583,297.4192,980.08057,596.45374,-11.564412,647.35144,435.45486,174.4654,641.7463,454.1651,-174.3407,458.8834,501.5212,276.93704,433.83377,496.4971,-199.20813,271.63525,527.40955,394.77505,222.02133,522.32806,-272.213,227.2422,527.64954,402.17343,157.70352,508.04407,-288.61005,259.29355,615.6498,356.49094,218.88644,606.1207,-412.80243
low_101.jpg,plank_low_hip,988.54016,501.517,-57.093872,1006.02997,489.9785,-42.471996,1006.08496,488.35443,-42.559265,1006.28955,486.6406,-42.625103,1007.03,488.1646,-90.261375,1007.6096,485.5619,-90.34427,1008.3399,482.98004,-90.4377,996.91345,464.5458,58.92513,997.6831,463.78033,-156.0711,969.8554,497.3848,-11.61416,970.14014,495.54932,-74.938286,881.43994,434.49008,256.65817,900.774,480.6158,-251.588,832.1811,560.1514,310.08905,838.52606,612.2273,-233.8097,942.2433,587.15485,294.89804,956.1992,618.8785,-38.988308,980.67883,595.40137,311.34335,996.7704,624.28033,-54.38702,988.6124,586.61035,318.29077,995.36743,604.17365,-44.92134,974.6237,580.9854,295.3357,979.68774,596.9347,-30.984957,648.3181,437.6936,173.09662,642.42993,452.77338,-172.97437,463.13684,502.7476,290.96353,435.71976,494.0269,-184.95079,287.12216,529.5199,421.9072,227.09698,520.58545,-244.16841,241.88301,530.52216,431.29514,168.17505,506.67172,-258.7052,273.35364,616.8344,390.26578,224.44084,605.1623,-379.9051
low_102.jpg,plank_low_hip,988.33344,502.5647,-57.818275,1005.8412,490.68524,-43.96101,1005.9667,488.96167,-44.047924,1006.2434,487.12927,-44.108006,1006.7914,489.0026,-91.62323,1007.42566,486.40866,-91.7039,1008.2199,483.8093,-91.79757,997.16455,464.49542,55.453167,997.8773,464.25107,-159.68874,969.6917,498.06726,-12.978209,969.8388,496.23837,-76.340065,881.63806,430.55832,252.48969,900.7624,481.086,-252.28716,832.9636,558.14386,305.83652,838.0783,611.0541,-237.1922,942.879,586.68726,288.893,955.4221,618.4442,-45.04239,980.6476,594.7315,305.58887,996.3187,624.1139,-59.795677,988.7372,586.5698,312.60175,995.0623,604.67566,-49.594788,974.8337,581.02075,289.64694,979.1882,597.3503,-36.567787,648.2364,434.6675,171.97165,641.39136,451.98026,-171.8592,463.82523,501.8087,320.44043,435.56473,492.42917,-197.13089,287.23953,541.0228,469.14304,224.36584,514.06006,-272.43158,250.15796,533.2987,480.65323,163.53268,498.8584,-288.65533,281.2366,618.2818,447.049,218.51608,603.2008,-411.19153
low_103.jpg,plank_low_hip,988.06104,502.61966,-54.74087,1005.5989,490.53067,-40.78813,1005.7058,488.78427,-40.875633,1005.9448,486.91406,-40.93833,1006.5392,488.92422,-88.95568,1007.14246,486.37225,-89.0384,1007.8647,483.82266,-89.13165,997.066,464.01105,58.490097,997.6089,464.32785,-158.93213,969.48456,498.2828,-9.955547,969.3998,496.35492,-73.975174,881.7536,429.8014,255.04373,900.6161,480.5658,-252.88467,832.7087,557.4566,306.17368,838.3513,611.04553,-235.35341,942.9733,586.96533,286.35806,955.17126,618.72705,-36.269867,980.64075,594.06903,302.13257,996.8208,623.99005,-50.6069,989.09924,585.7548,309.46838,995.34515,603.7503,-40.689972,974.9249,580.3452,286.93967,979.1515,596.48126,-27.80838,647.4586,434.271,171.15073,640.8676,451.75952,-171.0253,461.86462,500.76346,304.08643,435.18103,492.79178,-187.4749,281.27728,540.95807,440.52353,224.014,512.3532,-249.85016,243.61423,532.9195,450.56885,189.02539,491.30362,-264.5504,274.74063,619.11304,413.55865,217.12863,602.29517,-385.35504
low_104.jpg,plank_low_hip,982.7471,503.36386,-37.120247,998.6785,491.52396,-22.707014,998.8156,489.5066,-22.79519,999.17145,487.3342,-22.863634,999.46014,490.435,-72.476364,1000.0183,487.84357,-72.5686,1000.8221,485.19858,-72.68653,993.40607,463.80286,74.87939,993.2809,464.72687,-149.27512,964.02277,497.27673,7.1351576,964.1688,496.00873,-58.80249,879.2473,428.63837,272.20056,899.58386,480.85037,-248.72357,828.9674,557.99774,313.56195,839.57654,611.68115,-223.12997,938.57916,586.2837,273.2482,956.5801,616.4323,-5.103619,981.1572,595.14905,284.91418,997.9596,622.6204,-15.545464,990.1727,586.0346,294.94632,996.35,602.0617,-7.8942347,975.68555,580.9264,273.95163,980.234,594.74756,3.4414675,646.3333,433.19885,176.85472,640.45703,454.42267,-176.765,461.75836,499.1912,312.93936,433.7591,495.4982,-195.57208,277.4082,540.0856,454.28418,223.40286,518.235,-266.7168,239.37268,532.69244,464.5089,161.52493,506.60428,-282.3034,271.8442,617.6104,428.18912,224.39786,604.0657,-403.09628
low_105.jpg,plank_low_hip,981.2306,503.1047,-29.080526,997.21344,491.83148,-14.780481,997.3587,489.82544,-14.870733,997.7386,487.65045,-14.940411,998.0515,490.74832,-63.618332,998.66974,488.16727,-63.706886,999.4589,485.51962,-63.822105,992.63477,464.0104,81.65411,992.62463,465.0352,-137.85814,962.72473,496.51544,14.672688,962.6917,495.21796,-49.927353,877.9846,428.1409,276.10767,900.1521,479.89243,-238.2409,827.35754,558.0032,316.22375,839.263,611.2811,-212.69423,935.66174,585.415,279.47354,955.41943,615.65845,3.6472588,979.5172,595.444,291.4201,996.9408,623.262,-5.961489,983.2321,584.58185,301.59286,995.20386,602.06024,1.3295414,970.48004,579.8157,280.27124,979.2395,594.41376,12.020675,644.7794,432.98016,174.49034,640.16113,455.2503,-174.41449,458.80273,498.99783,286.88007,432.4208,495.76376,-190.94733,270.18582,537.2275,409.2122,223.80322,517.947,-258.16776,232.27478,528.8541,417.27048,158.67801,505.29483,-273.25516,263.30493,613.2362,378.1625,220.63026,604.7243,-392.10022
low_106.jpg,plank_low_hip,981.58765,503.64954,-33.254265,997.59875,492.30008,-18.91493,997.7463,490.31754,-19.004662,998.12836,488.1492,-19.072313,998.412,491.16156,-67.58554,999.00757,488.56226,-67.675026,999.76324,485.87048,-67.78567,993.02673,464.50952,78.81924,992.93146,465.26013,-139.88019,963.14514,497.1244,10.964413,963.0704,495.75256,-53.411556,878.19617,428.23325,274.57053,900.86804,480.0885,-240.23482,827.0883,558.4912,315.1335,839.15234,611.5524,-214.55902,935.74634,585.48975,281.10132,955.2015,615.4796,4.1225405,979.11426,595.7126,293.45282,996.37665,623.0582,-5.328975,982.86816,584.8816,303.33136,994.59546,601.95807,1.8336368,970.2271,579.9467,281.78006,978.76636,594.3352,12.427328,644.8273,433.29288,174.80423,640.49316,454.95062,-174.72491,458.7596,500.34293,281.5552,432.75757,495.13846,-193.51378,271.38394,524.9867,399.4306,223.86044,517.6472,-262.7932,229.49878,529.2531,406.89362,157.02438,504.85104,-278.32764,260.50006,615.09436,365.69016,218.94478,605.163,-398.97873
low_107.jpg,plank_low_hip,981.42914,504.54703,-28.73952,997.7017,493.4135,-13.27915,997.8848,491.39328,-13.3580475,998.296,489.16245,-13.425044,998.54663,492.47684,-62.945763,999.2007,489.9935,-63.03557,1000.0111,487.3906,-63.13841,993.2384,464.71768,89.27741,993.45166,466.4895,-133.75308,962.9877,497.44067,17.121214,963.09937,496.36176,-48.506626,878.8391,427.99057,289.53925,901.45044,479.70007,-239.4445,827.1665,558.7803,331.64413,838.68744,611.6254,-211.73438,935.52576,585.7296,298.84723,954.37085,614.8953,21.255112,978.89514,596.33234,311.58102,994.9594,621.9457,13.942778,982.73267,586.18555,322.29565,993.0938,601.2381,19.903706,970.49554,580.6275,299.50745,977.7501,593.8577,29.600641,644.0233,433.29712,179.72241,640.3195,455.13565,-179.6619,450.93137,500.71005,272.80548,429.19583,493.92123,-205.23161,266.90662,529.2677,384.11084,200.5206,522.93585,-276.6785,222.30563,529.18085,390.46146,150.76443,503.84787,-292.66452,251.62804,616.0959,345.66522,215.90497,604.8106,-416.73987
low_108.jpg,plank_low_hip,987.5809,502.0171,-45.149673,1004.76135,489.93787,-30.62817,1004.8654,488.06512,-30.710335,1005.09265,486.10098,-30.773033,1005.6147,488.70197,-79.99203,1006.1394,486.2425,-80.078,1006.7402,483.80557,-80.17333,996.5565,463.40787,69.36253,996.74615,464.26617,-153.1049,968.7558,497.5412,-0.099780366,968.5569,496.05362,-65.55177,881.5109,428.88193,268.08963,900.7443,481.7989,-251.97466,827.55664,556.77875,314.86426,838.28015,611.615,-227.36281,937.99615,585.6391,288.87762,954.8158,618.2587,-13.045576,980.2536,594.04517,303.46838,996.601,622.8657,-24.643784,989.37286,585.4938,311.98282,995.2042,602.9276,-15.948668,975.0469,580.27423,289.5164,979.19586,595.8912,-4.3962126,646.6217,432.63324,175.69562,639.8176,455.05624,-175.58807,459.1603,499.93393,305.21692,431.031,494.19577,-197.04025,273.9555,539.48157,439.23712,223.87917,515.1601,-266.7433,236.19922,531.3572,448.79977,156.04034,500.26538,-282.263,268.07123,616.62775,412.25305,218.69214,603.6803,-403.56384
low_109.jpg,plank_low_hip,988.32654,501.26144,-44.243317,1005.49286,489.0529,-29.822186,1005.55786,487.2317,-29.905006,1005.74817,485.3389,-29.964718,1006.4623,487.72302,-78.492935,1007.0389,485.27985,-78.58592,1007.72986,482.8843,-78.68393,996.97095,463.11987,70.19227,997.53235,463.90396,-148.80933,969.42316,497.23666,0.7748359,969.38354,495.68652,-63.74176,880.86554,431.95953,267.17163,901.2936,481.5596,-245.08376,826.6348,555.99426,315.63776,839.01843,611.7359,-220.3175,936.89667,585.1348,300.42773,955.38135,618.59283,-14.2778225,979.7379,593.7089,316.81165,996.8047,622.816,-26.492077,988.7845,585.03937,324.99954,995.47107,602.6709,-17.66964,974.36694,579.87964,301.3078,979.6888,595.8968,-5.9022913,646.83093,433.66452,173.80125,640.6638,454.55237,-173.6663,459.76413,499.19034,297.7408,434.03967,495.09656,-205.22035,281.74194,524.9869,426.3728,224.50192,519.51166,-290.3861,233.4892,528.67523,435.36786,156.80237,504.1443,-307.8538,273.96918,592.67487,396.86194,220.84094,606.73987,-431.45374
low_11.jpg,plank_low_hip,1001.27966,520.21106,-83.28293,1016.34326,508.57645,-66.21876,1016.3693,506.79626,-66.21144,1016.46045,504.97217,-66.25199,1016.77246,506.82184,-117.525406,1016.963,504.0301,-117.54614,1017.1588,501.09933,-117.57703,1008.4728,483.1744,44.519444,1006.9061,479.69434,-190.04478,983.02075,516.9908,-34.998116,982.49023,514.8052,-103.149796,888.77454,457.71274,215.83025,903.8607,489.40152,-269.07593,827.1135,575.80536,269.1969,832.1298,616.63715,-260.98822,955.96985,595.8806,201.42458,957.77704,618.24567,-51.353622,995.10205,595.84503,200.57071,998.3203,621.2132,-63.033253,996.3776,590.4441,204.88095,996.4614,601.5448,-57.816185,984.99725,586.1738,198.68292,982.68774,595.3836,-43.46434,633.03186,510.65405,155.46492,627.68256,531.066,-155.47006,420.7511,517.88776,254.30739,404.7119,528.7053,-124.51091,239.72903,505.69733,385.5667,185.36136,500.5083,-74.63759,208.1231,487.88077,394.01636,155.31906,478.30215,-73.99581,224.41841,572.68225,331.41937,138.03363,555.8894,-182.46184
low_110.jpg,plank_low_hip,989.0747,502.2402,-55.29889,1006.49384,490.34042,-41.179314,1006.5813,488.50708,-41.25719,1006.84924,486.57648,-41.311207,1007.43195,489.01886,-89.21566,1008.0079,486.5443,-89.3,1008.7555,484.06522,-89.39926,997.5969,463.74118,60.529503,998.2593,464.7972,-155.83958,970.60333,497.94235,-9.548928,970.99274,496.56464,-73.28712,880.87134,432.89627,261.39996,901.1201,482.0565,-250.9725,831.7932,557.49133,319.69452,837.54297,611.844,-231.68959,942.0422,586.3627,317.05118,955.9195,617.7314,-29.34274,984.8102,596.98315,336.92072,995.53455,623.6311,-41.932903,988.47314,586.5652,345.09427,994.4667,604.2454,-32.404305,974.91016,580.7165,318.57892,979.104,596.8944,-20.757143,645.82306,433.79593,174.29807,640.0559,454.1153,-174.20004,458.4445,501.76685,300.50656,431.81808,494.12482,-207.75148,271.4748,538.7668,430.1074,220.78583,514.0966,-287.22507,233.66458,529.8767,439.17465,153.76285,499.50113,-303.93793,263.18558,616.43555,401.58856,215.98468,602.43494,-426.8042
low_111.jpg,plank_low_hip,989.0974,501.96005,-48.255726,1006.4949,490.02225,-34.168316,1006.55566,488.2231,-34.249435,1006.791,486.3166,-34.307274,1007.4879,488.61987,-81.84661,1008.06946,486.14816,-81.93401,1008.8152,483.6731,-82.03491,997.536,463.87238,65.699615,998.1692,464.77695,-148.7985,970.6127,497.94003,-3.2344875,970.90515,496.43732,-66.45411,880.77637,432.9297,263.04984,901.78076,482.25793,-243.63324,831.8841,558.99805,317.6986,837.8284,612.2511,-223.4558,941.33154,586.5298,314.25958,955.0615,617.9725,-22.606802,979.7157,595.0323,333.5945,994.8174,623.19055,-34.643593,988.0939,586.65875,342.6078,994.00854,603.9113,-25.241398,974.2632,581.08496,316.05664,978.5442,596.9774,-14.082596,645.016,434.03964,171.95712,639.7977,455.3795,-171.85162,458.55637,499.41632,290.4288,433.29218,495.26715,-199.7356,269.55264,536.50354,415.04214,222.1066,518.6787,-278.30615,231.26198,527.97015,423.58517,156.22006,504.7851,-295.07608,263.3406,613.4184,384.2685,200.93521,619.34827,-416.84067
low_112.jpg,plank_low_hip,988.56177,501.48392,-56.67704,1005.9781,489.24667,-42.340168,1006.05054,487.4723,-42.420574,1006.26373,485.58926,-42.480766,1006.97235,487.8329,-89.024994,1007.5867,485.41495,-89.10584,1008.36847,482.99963,-89.205765,997.0177,463.62186,59.03789,997.847,464.29254,-151.39384,969.9183,497.49283,-11.197668,970.1399,496.034,-73.19367,880.2677,432.98743,255.65321,901.3627,482.70248,-244.52895,831.12396,558.1278,310.97992,837.5093,612.2894,-228.74652,941.3972,586.4328,306.39502,954.7287,618.02454,-31.724499,979.8111,594.5823,325.43713,994.8491,622.9587,-45.187763,988.2567,585.7878,333.9109,993.9045,603.2728,-35.076813,974.3324,580.3854,308.11618,978.46924,596.36,-23.157112,644.49884,433.3426,169.31108,639.4219,454.61862,-169.22005,457.1367,500.02963,289.81168,431.75452,495.53418,-186.9823,270.558,525.4439,414.547,221.96973,512.04175,-247.4518,228.92041,528.81024,423.13245,179.83315,492.036,-261.91327,260.45923,613.92566,382.7914,219.63356,602.1908,-380.9395
low_113.jpg,plank_low_hip,987.2582,501.72638,-45.35953,1004.7635,490.25146,-31.312082,1004.85266,488.3645,-31.389751,1005.0885,486.39264,-31.445728,1005.7913,489.20374,-79.40494,1006.4554,486.83624,-79.48828,1007.25037,484.47745,-79.58677,996.2653,463.7669,67.39742,997.3536,465.94867,-149.60002,969.18933,497.0272,-0.6926725,969.4911,495.9026,-64.56779,879.3983,427.9176,265.14297,900.1548,482.78955,-245.09163,827.7168,550.44604,322.85434,836.6356,612.2681,-226.41542,932.9367,582.0185,313.44742,953.4468,617.93,-23.517471,977.1271,593.6671,332.4901,993.66425,624.5066,-36.243168,985.97534,585.0419,339.54712,992.7105,604.705,-25.5315,971.7063,579.4598,314.46365,976.7148,597.2721,-14.381322,644.3977,432.84055,172.92632,639.0089,455.16116,-172.85483,457.98935,500.26633,313.40005,430.958,495.23947,-189.91426,271.27457,540.00366,452.60165,220.48688,512.4148,-254.89714,233.1549,532.65076,462.81305,179.82666,492.46014,-269.62842,265.0088,616.8212,427.28238,217.07166,602.28796,-387.76288
low_114.jpg,plank_low_hip,989.68475,501.86444,-56.77636,1007.19116,489.64923,-42.550316,1007.2498,487.87378,-42.62966,1007.4775,486.00977,-42.68526,1008.2289,488.26993,-90.224,1008.8518,485.8822,-90.30666,1009.6709,483.5074,-90.4057,997.96643,463.8398,59.55493,998.8655,464.78488,-154.67801,970.9338,498.03296,-10.909155,971.3064,496.4744,-74.065125,880.55115,433.91504,257.15884,901.9878,481.8777,-247.78181,827.38196,558.3384,311.75388,838.05054,612.23047,-232.74594,941.95123,586.9357,309.61737,955.6006,618.70544,-38.551296,980.40845,594.4129,329.61133,996.76074,623.6214,-52.692646,988.65247,586.3044,338.07877,995.4265,603.895,-42.188354,974.5635,580.996,311.27554,979.47156,596.91595,-30.023975,643.423,435.13358,170.27464,638.5634,454.93347,-170.1648,456.03427,500.71677,268.17844,430.9874,494.70175,-188.45366,267.77875,526.6275,381.58322,220.71057,516.4575,-248.43153,223.81752,525.7736,388.71487,154.4712,502.90488,-263.26602,252.48141,610.71906,343.15997,216.68015,604.14233,-385.1785
low_115.jpg,plank_low_hip,988.35846,501.6024,-53.907654,1005.87537,489.85303,-40.020638,1005.9564,488.04678,-40.102554,1006.1876,486.12408,-40.163452,1006.91345,488.49966,-87.80941,1007.5569,486.06598,-87.89008,1008.3642,483.63644,-87.988884,997.07104,463.61026,59.09081,998.053,464.95187,-156.30815,969.82117,497.389,-9.212315,970.0814,495.98804,-72.64875,880.71423,432.78012,255.63164,901.0043,482.34683,-250.20966,826.97864,557.088,312.39334,837.8315,612.98987,-229.55254,940.91425,586.2339,307.23624,955.1727,618.1795,-27.08382,979.9753,594.75977,326.05197,995.3629,623.3046,-39.870216,988.42847,585.34424,334.1167,994.3799,602.8316,-30.06486,974.3063,579.9662,308.6293,978.85864,595.77637,-18.515184,645.52216,435.22107,170.76143,639.7374,454.28064,-170.64316,460.57156,503.291,290.3655,433.0818,494.29315,-188.77505,272.81125,540.151,414.62787,223.19664,511.9053,-251.20001,234.93259,531.24286,423.25482,182.2862,491.5163,-265.77765,265.02277,618.0478,384.79144,216.95767,602.5036,-384.60657
low_116.jpg,plank_low_hip,988.39,502.75177,-58.673233,1006.1329,490.5578,-44.882675,1006.2407,488.8319,-44.961975,1006.51135,486.98154,-45.016228,1007.0851,488.9392,-92.38707,1007.67883,486.40732,-92.46853,1008.4222,483.86462,-92.56226,997.2438,464.3281,55.12104,997.79663,464.6616,-159.06107,970.04065,498.77182,-13.589821,970.14404,496.98248,-76.69354,881.06287,433.54858,252.62347,900.8688,481.64572,-251.88892,831.561,558.18146,311.2573,838.34546,612.16425,-235.93436,942.1953,586.6831,306.71616,955.43243,618.41394,-43.375633,980.1017,594.779,325.9525,995.5081,623.9252,-58.059525,988.45935,586.0976,333.31506,994.61145,603.9663,-47.750507,974.6225,580.54565,307.95535,979.0487,596.7815,-34.93163,646.3734,436.00818,170.3403,640.4877,454.4555,-170.21921,461.60406,503.39505,295.0307,433.79504,493.89664,-188.21571,278.21814,539.95776,424.70404,221.96869,512.5408,-250.81871,240.71785,531.0474,434.12463,186.43051,492.89465,-265.53912,270.88992,617.7149,396.91833,218.29094,602.28705,-384.78757
low_118.jpg,plank_low_hip,665.9167,411.52588,-485.47113,669.27966,420.06976,-503.78375,668.6022,422.92462,-503.75018,667.8148,425.75043,-503.7775,673.82874,411.65793,-506.30145,676.01294,409.2537,-506.37677,678.12225,406.86655,-506.45923,675.92865,433.88644,-484.53455,691.06946,405.01047,-495.73517,666.6144,414.3915,-464.47467,670.7975,406.9129,-467.9289,676.5824,456.53503,-402.35425,719.5134,379.63184,-417.77316,628.13745,456.7942,-366.3133,703.89044,323.5075,-419.76324,571.0764,406.1419,-377.8296,638.9507,284.419,-451.98053,549.33954,403.2271,-413.35233,632.94824,267.925,-496.0473,556.67395,388.53537,-420.0546,624.6021,278.5917,-507.1305,561.44214,389.20016,-382.76257,624.0473,286.26993,-460.35995,649.1787,428.0451,2.255625,669.04755,384.85562,-2.3139884,620.592,401.6187,272.17987,647.93726,353.1534,272.79926,610.69366,393.49246,605.7017,629.9935,348.00418,599.6116,614.88605,394.20532,640.1415,632.4851,351.94836,633.22235,588.312,382.0939,619.1335,607.76355,336.6995,608.1509
low_12.jpg,plank_low_hip,1001.28894,521.87524,-79.495865,1016.60095,509.95758,-61.97837,1016.70294,507.9133,-61.97354,1016.86816,505.79108,-62.020752,1017.1054,508.58713,-114.377365,1017.43604,505.7927,-114.39169,1017.76605,502.9313,-114.421265,1009.0925,482.46298,48.738495,1008.02435,481.6832,-190.76765,983.12225,517.89813,-31.193306,982.7893,516.2406,-100.808655,887.873,454.40414,221.57877,905.4033,490.78375,-272.78693,826.60034,574.1041,273.43488,832.3827,617.92816,-261.50507,956.3366,596.1923,202.62463,960.97766,619.1654,-39.790615,997.3146,599.0539,201.42053,1000.8782,621.9919,-49.773045,998.4155,590.45233,205.70387,998.90393,601.9702,-43.29441,987.1727,586.27966,199.67545,985.48895,595.9136,-30.995378,632.37866,508.29453,159.34595,628.2824,531.4962,-159.38744,417.8051,515.6102,270.04535,402.7472,526.72516,-140.32361,238.21907,502.94907,411.7055,179.16763,489.19925,-99.57782,207.33635,484.41403,421.12195,150.55412,473.62997,-99.15344,217.61707,571.25104,360.2884,125.244865,541.34863,-204.82466
low_121.jpg,plank_low_hip,652.45984,361.19278,-754.80054,664.3621,345.34927,-775.13367,670.965,343.87738,-775.1741,677.5453,342.41528,-775.3406,645.41254,345.25632,-779.8955,639.3595,343.97693,-779.99426,633.35065,342.7431,-780.1527,688.65485,324.44547,-715.6558,622.9613,324.28268,-735.7276,661.03485,359.8643,-713.4324,642.3896,360.23962,-719.7698,720.1896,310.01846,-539.407,574.07324,320.89417,-592.2701,764.9841,375.7141,-369.0405,535.7075,387.67307,-484.54257,757.7877,430.6049,-256.8899,517.12506,463.1446,-400.89838,764.54675,440.57935,-258.7036,499.34418,476.30084,-422.14996,753.80035,436.69827,-270.20764,516.5545,476.6369,-439.47067,746.9064,436.5825,-256.58322,526.95526,472.85388,-406.92218,673.81934,374.23535,22.284784,598.00586,376.32178,-22.020523,684.06885,412.24802,453.5071,621.0842,421.3639,407.99518,655.45496,438.5389,913.56573,622.7243,448.2173,877.467,646.6366,437.24564,962.1454,620.4214,446.95395,926.46594,659.1643,476.29703,920.04834,643.92114,490.13824,881.0963
low_122.jpg,plank_low_hip,648.72614,378.1112,-760.27954,661.75183,360.18298,-793.507,669.2315,357.86823,-793.57996,676.66785,355.6106,-793.73254,637.02844,359.73874,-795.3086,629.8152,357.80386,-795.48975,622.6301,355.93466,-795.6681,694.5792,325.7815,-765.5488,609.9654,324.5355,-771.9445,660.94977,370.35062,-727.9724,639.985,371.37506,-730.34186,754.1582,295.3719,-626.6422,553.92346,296.58237,-637.72974,802.873,392.21802,-509.1364,489.787,391.6982,-585.8283,806.19385,508.74475,-489.6997,481.2123,520.6394,-568.83246,829.69604,526.00977,-524.7922,460.86298,541.0547,-610.0761,807.386,524.57745,-552.0696,486.772,539.8324,-631.2684,792.63153,521.45416,-499.46082,499.8262,533.1799,-577.615,691.34576,366.66803,16.784466,590.27325,363.26273,-16.517368,699.0195,390.91953,465.37793,587.2254,409.5049,432.0772,659.94055,418.15494,944.146,596.385,430.83963,913.3114,649.82776,414.43558,993.92584,602.6383,424.82104,962.9688,653.9839,472.05307,947.23236,593.63776,482.84244,914.9537
low_123.jpg,plank_low_hip,649.696,318.9626,-645.06726,655.8881,305.40182,-680.0056,660.0605,303.58087,-680.004,664.2224,301.78036,-680.2192,643.4569,304.7548,-684.93555,639.9902,303.34085,-684.9692,636.5669,301.90942,-685.0858,675.176,282.09552,-679.95575,630.0724,281.95975,-700.4247,657.85767,314.34662,-624.2971,646.5194,314.79715,-630.90045,718.1548,265.53046,-536.4661,596.59705,269.06653,-598.92615,754.38837,331.1684,-344.84265,548.7949,338.44427,-504.30026,713.7903,373.63593,-240.90814,523.38367,405.54147,-453.1688,708.20667,386.80206,-253.7716,505.2774,419.62912,-493.65454,697.55096,371.50076,-269.31357,521.1778,419.44315,-517.6212,696.62463,370.65863,-243.82272,531.0917,413.94266,-463.57214,675.41675,356.183,8.170059,610.6191,354.69302,-7.7354517,674.6315,381.45453,475.36078,608.8415,379.31448,467.82037,640.8265,404.1529,969.82605,617.4899,400.62198,966.1499,636.30475,406.10013,1023.11487,622.4974,400.82825,1017.2336,631.48694,429.21417,966.1194,623.7189,433.37936,950.6405
low_124.jpg,plank_low_hip,651.34875,356.8392,-1098.5784,665.14575,344.99164,-1118.5981,677.25885,339.8989,-1118.7482,687.04675,335.8621,-1118.9971,639.33167,339.8399,-1120.465,629.5314,333.32928,-1120.6359,619.3114,325.74167,-1120.7728,710.1583,294.10776,-1002.5657,602.53345,285.83194,-1005.959,666.8908,354.34662,-1031.1708,639.17566,351.2456,-1032.5221,786.31195,294.4217,-779.8098,535.8858,268.49982,-796.4599,842.0182,416.41544,-733.71265,459.69498,411.3169,-785.6766,826.6821,555.5599,-833.8214,467.57758,560.6215,-848.1687,842.70605,577.7127,-913.1522,452.11597,586.028,-928.6014,819.0242,575.13324,-944.5276,486.9986,585.065,-945.799,803.5759,569.67944,-851.40295,498.77417,577.4145,-859.4223,705.13214,374.36325,-1.9903257,584.44403,363.70447,2.4293213,686.6986,432.65646,533.0636,579.2,428.35535,549.44867,661.4819,448.75974,1176.8965,588.2343,453.77148,1188.4037,646.96313,445.65457,1240.2545,596.7135,448.0762,1253.1805,650.51117,497.41833,1148.9434,577.7259,509.96182,1167.397
low_125.jpg,plank_low_hip,654.55927,337.14285,-1511.535,670.23425,317.60974,-1537.0262,682.31476,313.2593,-1537.0198,691.9911,308.1489,-1537.1733,639.91174,319.60422,-1538.9362,629.1853,314.3092,-1539.1417,620.9746,307.4615,-1539.132,710.3241,267.23892,-1379.5612,599.2182,270.8428,-1381.8208,670.7764,334.29126,-1422.5756,641.1327,335.2645,-1423.8064,789.9024,273.41718,-1080.0453,531.2176,264.07266,-1108.487,842.2207,405.69128,-1061.2458,456.6953,412.95428,-1122.6552,828.33875,548.6157,-1239.3871,471.01044,566.7979,-1279.6641,851.2808,573.0145,-1362.0521,456.5453,589.47253,-1409.21,819.39355,567.8792,-1393.1139,492.47394,582.81946,-1427.8785,812.20105,555.5635,-1262.2664,504.4336,576.63116,-1296.9856,710.9344,356.58072,5.784919,581.6399,353.0873,-5.6571236,710.01294,428.7923,693.2776,564.8795,419.3721,694.2014,686.02454,443.1777,1552.2749,578.66736,444.76807,1562.5746,675.67804,430.89825,1637.6124,587.6005,433.7756,1649.9934,683.2717,499.43222,1547.8827,570.1847,516.59033,1569.7966
low_126.jpg,plank_low_hip,648.78796,328.39426,-1514.7816,664.3827,314.24576,-1538.349,677.8543,306.86365,-1538.397,686.2412,301.0542,-1538.6237,629.8043,311.3328,-1541.1604,621.7235,306.49692,-1541.3462,611.983,300.1784,-1541.338,708.58344,260.57245,-1377.55,593.6266,258.65155,-1382.615,666.394,326.20566,-1424.2958,634.3788,324.78638,-1426.295,779.4153,264.6809,-1071.3774,527.40015,251.40768,-1108.4274,844.8477,393.4349,-1034.7172,458.12134,405.18436,-1096.7983,826.71277,549.44696,-1187.9774,474.24225,563.75195,-1213.068,854.75903,572.179,-1304.8888,463.7492,590.81586,-1333.817,819.65515,570.14813,-1337.3297,497.2499,584.92664,-1354.8894,810.69543,556.97107,-1210.7756,508.32916,578.1575,-1229.448,708.0751,350.1323,7.7565246,574.0528,346.43466,-7.5748615,721.6234,411.66064,669.60114,561.6509,409.84424,644.6538,679.5021,434.5093,1505.4556,588.2482,436.5152,1515.462,665.3672,423.1253,1588.9199,598.8608,426.06006,1604.6698,679.6063,495.24564,1501.1213,583.40936,505.88174,1535.1028
low_127.jpg,plank_low_hip,644.51776,328.30887,-1067.7964,664.42267,314.17545,-1082.7847,674.5324,310.1866,-1082.8784,685.65436,304.06076,-1083.0703,630.7221,312.27097,-1084.0627,620.4028,305.10922,-1084.199,611.01514,297.9957,-1084.3658,709.63916,261.97513,-958.29785,594.7456,259.68292,-960.42847,665.79834,326.03223,-999.96814,631.7377,323.023,-1000.97894,782.11945,266.56186,-723.817,528.3165,253.24902,-758.37915,839.8191,404.45395,-724.2329,460.95343,414.5739,-770.8606,823.14014,548.5435,-882.9778,476.7342,569.0259,-826.64246,856.9555,568.1644,-955.7264,472.04697,595.1808,-889.5587,817.49915,562.9917,-981.9358,498.534,592.9947,-902.0224,808.9996,557.3622,-897.83997,510.12347,584.5806,-832.6769,712.48486,341.53897,12.302222,585.1368,335.1713,-12.127216,745.2743,389.44696,385.66013,541.0333,405.37704,339.43164,693.35535,437.74493,907.3864,597.8245,436.98904,904.41614,674.0664,434.5777,957.5867,615.0386,431.34338,962.4643,691.94165,492.09753,858.77985,588.0833,495.13428,893.37823
low_128.jpg,plank_low_hip,653.99664,324.05447,-1510.3589,671.1371,308.61514,-1529.9635,683.3385,302.39417,-1530.0165,690.45166,296.36523,-1530.2428,633.92554,309.87836,-1531.7056,625.98096,305.1259,-1531.8796,616.35535,299.13947,-1531.9243,711.9352,256.58798,-1365.0784,597.37195,258.815,-1366.7101,670.7512,323.33167,-1420.3398,638.89844,322.77335,-1421.2473,781.72455,263.16608,-1065.0566,530.78687,255.73763,-1093.0153,843.9022,396.9937,-1023.3694,458.8427,406.48706,-1076.2648,831.32446,549.7246,-1147.145,465.1443,560.5293,-1174.0447,852.5308,569.9342,-1256.7445,452.86536,585.0602,-1290.1854,823.31287,565.6666,-1289.9396,486.3495,580.89264,-1312.8765,808.14856,556.8439,-1169.6362,497.29324,573.46985,-1191.1687,708.56433,346.2012,4.2803965,584.7053,336.82037,-3.9683354,709.99084,411.85294,666.6834,570.77496,409.1388,682.73193,675.28204,432.13318,1507.198,594.23254,435.1349,1518.8564,662.8814,418.99435,1589.7185,602.67737,426.46848,1603.0121,676.9433,494.2828,1481.606,594.7051,497.9714,1499.4368
low_129.jpg,plank_low_hip,651.6975,323.27194,-1491.0464,667.89624,309.18033,-1510.6631,677.59265,304.94214,-1510.7334,689.90454,296.4343,-1510.9633,633.16785,307.44348,-1513.2639,625.05505,303.06747,-1513.4503,615.62744,296.9311,-1513.4937,711.8775,261.4427,-1345.3522,598.671,259.46844,-1349.4299,669.2913,321.8905,-1401.2535,637.08374,320.90308,-1402.945,786.4238,263.27603,-1043.8157,530.6361,251.83363,-1089.1486,840.22424,401.33786,-1037.2853,460.21716,406.68463,-1095.0604,832.0906,546.5067,-1211.0624,473.14893,561.02734,-1196.3096,853.14734,568.7433,-1325.6605,462.07983,584.92285,-1313.2484,820.5316,565.4178,-1358.0419,496.69885,581.3584,-1329.582,812.3948,552.22284,-1234.1857,507.1556,574.4599,-1210.387,713.18695,343.44977,4.4886203,583.216,336.24768,-4.2199736,706.91376,413.45364,642.5662,576.5884,409.26163,639.7261,673.6077,432.49854,1457.6643,596.1921,432.2556,1469.3506,663.7158,421.07687,1537.3024,604.93567,420.9226,1552.9357,674.77856,493.02667,1432.0806,594.4774,499.80576,1460.0018
low_13.jpg,plank_low_hip,1000.2518,523.19617,-70.84186,1015.7269,510.7118,-53.609806,1015.88306,508.37994,-53.597183,1016.0526,506.0283,-53.64178,1016.4135,509.91003,-106.69516,1016.8999,507.19864,-106.704025,1017.3602,504.4959,-106.73035,1008.4268,482.2657,54.76751,1007.9386,483.58438,-187.60085,982.18256,518.28094,-23.249874,982.2064,517.28735,-93.73565,886.7007,450.4173,226.91226,905.9706,492.4737,-271.4692,826.428,573.82495,278.35852,833.27954,619.45074,-256.83017,956.42334,596.91705,210.18135,962.0088,620.4845,-29.494797,997.4994,598.9329,210.6121,1001.62537,622.5,-39.31722,999.00037,590.43243,213.76326,999.6467,602.11285,-31.211882,987.95105,586.39,206.85004,986.63403,596.36633,-19.994896,632.2693,505.7813,160.2227,628.9718,530.92505,-160.28238,417.9342,514.2209,257.05615,403.29666,526.3566,-131.28358,233.96817,498.11493,387.84763,180.20966,491.91254,-78.642815,203.10234,478.89755,396.2469,150.94307,473.96054,-76.64719,211.76193,555.7958,334.86713,125.93933,544.39545,-178.26555
low_130.jpg,plank_low_hip,649.33606,326.73383,-1351.4309,665.70215,314.1256,-1371.8508,679.5593,308.20074,-1371.9595,687.90125,303.4509,-1372.2026,631.46,310.61188,-1373.8893,624.0472,305.8524,-1374.0571,614.6085,299.35522,-1374.1284,713.7369,262.29892,-1225.9596,599.49805,257.50388,-1228.8795,667.7134,324.83096,-1269.887,635.42206,323.79044,-1271.2034,788.5733,266.51666,-956.2,532.3613,248.7031,-993.29584,845.3552,406.1155,-961.4575,462.72906,408.95795,-1004.4263,832.37476,548.5473,-1134.7987,472.63428,559.42676,-1091.2953,850.88196,579.22314,-1241.7972,460.72812,584.91724,-1195.8718,823.98755,572.6301,-1274.1366,495.56552,584.16296,-1212.6937,807.2599,567.48566,-1156.9272,505.89636,576.4816,-1104.4064,713.63007,343.48904,2.278478,585.6083,337.57962,-1.9601904,705.62024,416.35797,599.16003,584.0994,409.97723,598.90967,672.8052,432.5986,1350.9275,602.3855,431.75977,1361.1753,662.45905,422.92883,1424.2917,612.1538,422.45242,1438.2863,675.79443,493.56946,1323.4242,597.55176,495.87418,1350.5365
low_131.jpg,plank_low_hip,644.404,326.8155,-1605.938,662.11786,313.6681,-1629.7388,674.92236,310.50308,-1629.7737,684.2486,306.16373,-1629.9684,630.45154,311.20764,-1630.9216,620.5291,305.41028,-1631.0762,611.3981,298.48672,-1631.061,712.7878,266.16672,-1458.1677,597.714,255.91612,-1454.4269,665.552,324.0635,-1511.1671,630.1006,322.64685,-1510.6354,794.2288,270.42215,-1142.8398,533.6864,250.73886,-1164.3021,839.6149,409.47336,-1161.4023,464.39612,407.12503,-1186.652,822.5827,551.8599,-1389.8041,472.7398,566.54596,-1333.2715,835.31323,574.5737,-1523.9619,459.01453,589.75903,-1468.023,810.437,563.7112,-1560.8833,498.2643,588.8838,-1489.2933,800.2506,552.9015,-1416.0024,509.0883,582.0424,-1351.3882,711.80444,347.8921,0.59463894,578.1342,334.74832,-0.3723526,701.2959,414.01205,691.9526,557.90076,400.07843,669.6615,674.23755,425.93668,1563.5743,590.4246,426.71658,1575.9789,663.28723,421.26068,1649.846,604.5939,416.90256,1668.105,672.5726,492.71,1549.4153,582.51215,496.18042,1589.7804
low_132.jpg,plank_low_hip,643.42175,324.34372,-1308.3184,659.3466,311.13422,-1327.2858,673.8443,307.2076,-1327.3921,685.9366,302.2865,-1327.6309,629.52124,309.3101,-1328.0984,619.3957,303.20093,-1328.2411,612.24115,297.31885,-1328.3136,708.04614,262.1303,-1184.8213,596.6442,255.1319,-1182.0607,665.7042,323.00586,-1229.4464,633.56714,321.17456,-1229.1057,785.67474,268.5937,-917.9554,533.20483,247.81744,-951.4594,841.629,410.88593,-923.87537,464.12024,403.74078,-967.36884,836.6726,551.7982,-1094.018,469.4499,556.11096,-1061.3969,852.1074,569.82166,-1194.8895,455.81393,580.2789,-1160.2473,833.12256,571.5216,-1228.4078,489.64035,580.30707,-1178.7115,814.7207,566.3693,-1115.982,501.10837,573.03406,-1074.6721,712.0984,343.71533,2.825624,585.4276,335.99295,-2.49498,710.0549,419.11258,560.3855,575.4025,412.78995,558.0432,675.08093,436.02115,1280.773,597.83624,433.0403,1288.2765,662.8016,427.22256,1350.0725,609.029,424.9164,1361.6399,678.3863,494.0914,1248.9777,590.35486,494.97076,1273.9166
low_133.jpg,plank_low_hip,643.5287,329.1057,-1156.4259,660.22095,316.67618,-1171.2134,674.7523,311.01636,-1171.3265,686.32965,306.03906,-1171.5581,630.10223,312.84256,-1171.97,620.10974,307.13434,-1172.1249,612.913,301.5557,-1172.2695,712.79553,266.2258,-1037.9722,597.0554,259.23877,-1036.5087,665.8728,326.47012,-1084.5527,629.46594,326.15204,-1084.4683,787.5894,272.57315,-791.5747,531.90497,249.03934,-827.4914,844.1605,406.9499,-796.92126,462.42966,407.0366,-843.3303,839.953,546.73004,-962.3077,469.92737,558.127,-904.12317,855.96277,573.4015,-1044.1708,458.0094,583.8555,-978.89655,840.0979,570.89764,-1075.3809,491.65997,583.803,-993.34894,821.16504,565.6168,-981.06006,502.68082,575.7969,-912.84485,704.462,350.95554,6.9015265,585.3391,335.37418,-6.63392,714.0276,412.47803,490.3351,568.49176,409.452,454.3333,674.88855,435.56906,1106.7515,599.063,430.66788,1109.8108,661.56226,428.03116,1165.1462,612.629,422.58658,1175.1725,674.9105,489.9222,1055.8501,588.85913,491.8761,1087.6125
low_134.jpg,plank_low_hip,647.33936,331.3856,-1313.0581,662.7078,319.59082,-1334.424,674.82227,316.3643,-1334.4818,684.95184,309.91815,-1334.6482,630.8498,314.93387,-1333.5227,621.05725,308.77283,-1333.6692,614.1295,302.85507,-1333.7471,712.89056,270.52475,-1197.4641,597.5306,263.06107,-1187.4042,664.838,330.589,-1236.46,632.94556,327.90628,-1233.838,797.1968,279.74976,-934.8513,532.72253,253.11205,-960.67755,844.32336,413.28387,-966.10657,463.25626,406.14566,-1006.0589,822.0128,556.2253,-1170.0393,471.58606,558.63043,-1116.0469,841.0194,576.3815,-1275.4491,455.4277,580.4571,-1218.3041,821.968,575.826,-1305.5525,494.0007,582.6235,-1232.8782,802.4291,570.07635,-1191.0809,505.7228,576.23816,-1128.2228,710.79016,349.65094,0.2948613,585.0099,330.68295,-0.040971022,706.99634,408.0186,522.8321,541.6748,399.00772,468.3269,675.75653,428.92905,1210.8743,593.3193,426.11014,1191.92,661.95667,423.5132,1277.5283,611.9645,417.20847,1265.3575,675.39124,490.5931,1189.6659,584.85333,493.83453,1200.1826
low_135.jpg,plank_low_hip,645.34125,330.9017,-968.731,660.5077,319.5306,-991.14233,673.42865,316.5293,-991.2737,686.1853,309.89944,-991.4603,632.90027,315.11743,-990.1126,623.5436,309.38647,-990.2523,614.6043,302.40292,-990.43634,711.9995,276.57413,-904.2317,600.00555,264.30737,-896.2335,666.21735,329.8665,-914.55475,632.95715,327.66092,-912.4698,787.19855,279.9064,-703.2785,536.5541,250.56163,-713.3407,845.3467,409.36243,-667.19183,460.49902,402.91568,-714.40436,839.77856,543.4241,-764.3607,468.6737,554.803,-756.6971,869.6992,569.746,-828.3513,455.51392,581.31775,-814.3994,840.4773,557.5086,-855.1196,487.5682,578.4942,-826.02936,827.7198,559.06946,-778.2389,499.55215,569.831,-762.508,704.9933,351.72858,5.440077,591.3498,331.39227,-5.218624,716.7429,415.49362,440.87012,573.81903,411.68283,415.55493,677.4004,450.31104,966.5381,595.73676,443.23813,973.2209,666.4313,446.37418,1016.5284,608.6298,437.71643,1028.7671,670.3712,494.5973,921.5614,578.05164,506.40457,953.18555
low_136.jpg,plank_low_hip,647.46326,332.1771,-1362.86,662.69946,320.7055,-1382.3729,671.58264,318.0674,-1382.4478,683.86505,312.03363,-1382.6223,632.4029,315.79233,-1381.3169,622.9813,309.79755,-1381.4489,616.5792,304.1449,-1381.5376,711.26733,277.26724,-1233.7852,600.22943,263.864,-1222.7637,664.45465,331.3744,-1281.5874,633.2022,327.93405,-1278.7086,794.0414,278.67975,-962.58386,534.4001,254.0097,-979.92554,845.54956,413.19614,-1000.2378,466.79083,405.88577,-1019.2789,828.43677,552.7866,-1207.6063,467.09558,559.64557,-1129.7859,850.7388,581.591,-1316.7405,448.3865,580.5355,-1234.8424,819.42865,573.897,-1348.458,486.625,583.7073,-1253.6334,800.8662,568.0352,-1229.0453,499.1008,577.5575,-1144.1143,709.6947,350.59268,-2.0597718,586.56287,330.6715,2.3225477,714.1592,404.34274,535.3439,545.04425,396.4068,474.3968,679.39856,425.43024,1244.5991,599.14417,424.25345,1229.6598,668.6133,426.5218,1312.937,618.16296,416.15378,1306.384,674.7903,486.90466,1212.8335,590.2558,490.61945,1233.4672
low_137.jpg,plank_low_hip,646.4652,332.63373,-1415.1196,662.0647,321.2677,-1438.258,671.6062,318.43362,-1438.3281,684.05945,312.53546,-1438.5059,631.38336,317.73984,-1437.1301,622.0804,310.73358,-1437.2625,615.3634,304.79324,-1437.3152,711.2389,278.5942,-1290.012,599.2432,264.35007,-1278.478,664.3153,331.87793,-1332.0448,632.268,329.31284,-1329.1382,793.59796,282.89178,-1012.312,534.2568,253.56566,-1027.849,843.4952,412.89798,-1051.5474,465.74387,404.13058,-1073.7233,827.1173,554.164,-1265.8776,464.2662,558.01544,-1209.9666,856.78235,584.32166,-1382.1027,445.97653,579.5611,-1323.2573,828.14526,568.2175,-1414.166,484.59833,583.1749,-1340.8246,808.3119,571.1423,-1288.5399,496.82672,577.0756,-1224.8064,710.022,353.52652,-3.0173416,586.9743,332.24475,3.2691798,712.1526,409.44577,580.34406,550.8759,402.15244,521.69165,677.5802,429.14343,1335.4418,596.66846,427.97443,1322.8187,668.59045,428.21613,1408.7762,613.79,418.73157,1404.606,672.4122,491.58713,1313.0139,587.4461,495.7557,1334.6478
low_138.jpg,plank_low_hip,644.2018,330.51425,-1292.44,659.72656,319.67386,-1312.862,674.10315,314.55975,-1312.9719,685.31226,310.5005,-1313.1741,632.7449,315.22418,-1312.7231,623.77264,309.48547,-1312.8502,614.9644,302.26416,-1312.9321,710.18427,271.26968,-1178.6854,601.5009,263.01608,-1171.9424,665.6406,330.56485,-1216.7931,631.28577,326.72137,-1215.1816,787.87225,278.92438,-914.71594,536.5703,250.20804,-939.05426,841.41,407.669,-905.7366,462.60858,397.7827,-947.9464,834.804,551.24066,-1070.4814,465.6204,552.1735,-1035.6095,855.79474,570.33344,-1169.9954,449.54404,574.7627,-1131.481,833.87115,566.6824,-1203.7166,486.0453,577.11664,-1150.9463,818.2989,559.9804,-1091.9067,497.55994,570.7358,-1048.8994,711.2158,347.9719,3.490261,586.52026,336.31265,-3.2475271,717.02246,417.35147,547.65063,561.9446,402.75137,493.70105,683.51587,442.9756,1247.2118,588.998,433.47012,1240.2723,671.41345,435.3059,1315.138,603.507,426.10464,1315.9014,677.2102,494.4247,1221.3911,572.856,497.97455,1245.9825
low_139.jpg,plank_low_hip,642.1372,330.47974,-1094.4099,657.0836,319.4891,-1113.5479,672.1662,314.32928,-1113.6755,684.22253,310.42938,-1113.8931,630.7616,313.8157,-1111.7961,621.6242,307.706,-1111.9353,612.6339,300.179,-1112.1416,709.48425,270.2037,-1003.69653,600.2534,256.23853,-991.55585,659.771,329.21548,-1031.4708,629.4036,325.1303,-1028.2811,792.2494,275.8949,-779.38293,535.24744,251.30566,-794.64636,844.5045,412.95737,-784.53864,466.81665,402.28354,-820.9884,836.0083,550.4056,-937.71173,471.04803,557.083,-886.83075,867.3951,578.715,-1017.18335,455.19302,581.7831,-961.4721,839.6511,572.9594,-1047.5222,491.6008,583.92676,-976.2903,819.95056,567.44293,-955.01514,503.77515,576.3667,-896.07,712.06836,346.89224,1.8269553,589.0095,332.3739,-1.6996045,721.3337,409.6958,419.2886,540.8756,400.28677,348.36795,683.2602,449.93347,988.79395,590.4379,435.98965,964.8962,670.03076,445.9996,1042.9287,609.92847,429.10022,1027.5603,677.02325,494.092,943.1286,574.1802,499.64258,953.9729
low_14.jpg,plank_low_hip,1000.8186,522.49066,-75.24369,1016.0852,510.29044,-58.53534,1016.2184,508.0303,-58.520794,1016.397,505.72845,-58.562885,1016.6791,509.47388,-110.92709,1017.09467,506.82254,-110.9412,1017.49524,504.15607,-110.96145,1008.6026,482.20798,48.239346,1007.906,483.33984,-191.28174,982.80884,517.9587,-28.122967,982.754,516.8841,-97.74537,886.9149,449.55298,220.00153,905.99854,493.15997,-271.65717,825.8894,573.22375,272.9874,831.5802,620.6466,-254.32242,956.0212,594.86426,213.50308,961.11725,620.2965,-25.668383,995.7885,594.4091,216.26161,1000.4396,622.52747,-34.836544,997.7048,589.3384,219.49808,998.3892,602.19366,-25.561983,986.7543,585.3874,210.76364,985.17993,596.1949,-15.789341,631.71356,505.54785,157.68933,628.2006,531.47656,-157.73578,418.47928,513.002,275.86877,404.3652,525.4399,-120.29274,242.8466,498.46774,417.95807,184.0018,497.0541,-68.5739,211.80316,480.62167,428.21637,152.30156,471.71857,-66.7464,229.19472,569.99,374.735,135.17715,552.07227,-166.21391
low_140.jpg,plank_low_hip,658.02356,333.67996,-1493.4182,672.3068,320.0005,-1520.7466,683.5563,315.82532,-1520.7664,690.93616,311.1942,-1520.9141,640.07874,317.5275,-1519.9697,633.7156,313.67816,-1520.0916,624.0974,307.8765,-1520.126,713.2577,270.1675,-1374.3557,613.051,279.07748,-1364.3594,673.9381,333.0811,-1408.3301,644.8981,330.66373,-1405.8408,786.1294,272.23993,-1074.7881,547.4883,262.1685,-1088.8135,843.40015,400.94052,-1066.2452,466.5332,403.61624,-1092.9253,824.0116,549.1079,-1239.1433,468.83386,562.81476,-1224.4926,837.0958,575.4408,-1358.8531,449.72427,585.39105,-1344.6527,807.11194,567.2727,-1390.2972,482.74573,584.69434,-1368.9794,800.4349,553.32745,-1261.3905,496.54535,578.80945,-1242.7357,716.92993,338.77798,2.7316391,593.36597,333.49478,-2.4925063,707.8946,422.58255,636.50244,571.67474,413.7124,615.7885,682.8747,443.54712,1452.91,605.6928,440.6705,1457.935,674.53455,434.49863,1532.5198,618.6213,429.7893,1542.8423,680.0984,500.19678,1444.6663,598.49176,509.96973,1472.5142
low_141.jpg,plank_low_hip,656.94025,359.8768,-1183.1259,671.726,344.88162,-1201.6521,683.3701,336.4244,-1201.7009,692.1262,330.7939,-1201.9272,644.8523,343.96906,-1201.8735,635.9013,339.00833,-1201.9963,628.0523,331.3106,-1202.159,712.14087,287.2964,-1073.8514,614.579,302.8732,-1072.6177,672.87604,353.94836,-1112.5455,643.8569,353.63858,-1112.532,780.9618,279.30884,-832.1121,534.07996,277.6877,-855.92035,845.4956,397.1658,-879.3143,463.32855,415.47864,-913.4528,834.35535,541.76514,-1057.968,474.52515,554.8962,-1035.9343,862.8509,558.4863,-1142.7029,473.48572,576.6339,-1115.6593,832.22925,557.099,-1166.0566,506.5475,573.55475,-1127.909,816.9105,552.1169,-1073.8518,518.0526,566.32324,-1044.9968,712.29034,331.00827,7.649315,591.1565,328.6001,-7.45098,713.2593,397.10825,427.9678,555.11694,412.8776,373.96756,670.1285,435.92163,1027.129,611.02625,443.60635,1023.634,654.383,433.78516,1083.3953,625.2308,435.84995,1087.5215,674.157,497.56995,971.63745,613.7417,503.0726,999.93005
low_142.jpg,plank_low_hip,649.4897,354.83905,-975.56586,664.862,329.11133,-999.07526,672.7086,326.5913,-998.9187,680.55164,324.20694,-998.99805,640.9927,331.03766,-1003.9127,633.7094,329.70703,-1004.0073,626.5332,328.43127,-1004.30896,696.9205,300.21848,-915.6648,613.95605,305.46475,-935.7866,660.954,342.93506,-923.3385,638.9562,344.5195,-929.49207,743.0755,270.95264,-640.2225,554.7736,303.75357,-759.7583,784.6955,307.11517,-309.92163,501.68704,402.8213,-709.4024,751.8897,342.29434,-58.794113,473.11072,520.1253,-660.24115,754.5499,345.77988,-19.881031,452.64224,531.82654,-686.93207,741.3441,345.47394,-25.48855,473.70032,535.30145,-707.53015,734.8669,346.74164,-49.247723,489.74533,528.3485,-666.1301,687.8894,351.30167,32.949997,586.59827,360.30374,-33.02135,730.4233,377.86548,440.21213,565.3577,406.46454,335.10953,656.1373,403.06134,929.86444,592.541,442.3681,844.9079,639.3971,402.2669,981.91785,600.6221,443.53592,896.9111,650.31726,439.74512,930.5844,601.73987,482.4762,823.03
low_143.jpg,plank_low_hip,656.8567,363.90573,-793.1147,664.22705,350.04764,-820.7948,669.6647,347.58807,-820.7325,675.09204,345.08377,-820.938,647.4746,352.6275,-823.78186,642.25183,351.89264,-823.89844,637.0997,351.19873,-824.0728,684.79065,322.0735,-765.41406,626.4069,331.1931,-778.35,665.5472,355.6173,-751.18396,649.3998,358.46198,-755.6963,719.4885,286.94138,-566.0399,592.9226,306.3172,-618.5958,761.59937,312.61554,-330.16373,564.016,334.1353,-434.66766,720.4046,358.11276,-154.18695,561.2512,360.1675,-267.46014,712.98865,379.5509,-143.45648,553.0405,369.96997,-273.66052,701.1179,369.3317,-148.96725,565.0514,367.26352,-289.0164,699.4864,364.52655,-149.96959,569.7399,363.47104,-268.8833,685.75867,347.9744,10.339537,614.8477,356.2728,-9.939347,685.2622,381.27417,456.8059,607.06555,396.9941,418.71567,654.7918,401.39117,904.8069,612.4341,423.27933,862.1042,649.0272,402.03964,952.79364,616.10547,419.75958,907.48755,656.22754,429.6132,898.36646,629.4958,464.77765,834.3196
low_144.jpg,plank_low_hip,646.8027,365.52246,-848.0746,656.9839,348.74197,-877.0054,663.33704,346.2189,-876.94836,669.66504,343.69766,-877.116,636.81604,350.61172,-880.78613,630.7195,349.40027,-880.84045,624.6919,348.2459,-881.11646,681.9271,318.98474,-826.0862,612.7388,325.54358,-840.83307,657.3342,358.7994,-807.8047,638.4779,360.7638,-812.7619,729.9303,289.23782,-618.1502,561.8128,315.57428,-696.6785,762.6358,351.1929,-358.0218,514.0055,400.91266,-646.94794,722.47754,403.29297,-185.6225,487.75415,482.92426,-615.68243,720.92444,414.63763,-175.82626,465.86554,497.50137,-657.3536,706.9342,409.50198,-189.1868,482.57294,499.0043,-679.1438,703.82605,407.28705,-184.29523,496.11945,493.09622,-625.8892,683.8775,354.45834,24.252968,596.60974,364.3618,-24.05509,681.31604,383.85895,522.5833,592.0556,400.27652,458.00723,643.5891,404.5058,1042.3416,601.5062,420.08276,943.56323,635.8112,403.84262,1097.8492,605.37915,419.4426,992.67914,642.5707,441.51526,1034.0978,615.5919,458.35535,907.40045
low_146.jpg,plank_low_hip,671.8844,317.34833,-508.57297,675.112,309.69528,-532.6168,675.5793,309.6403,-532.6725,676.0436,309.56082,-532.8751,674.75854,307.75708,-537.258,675.09406,306.67023,-537.3973,675.4229,305.60373,-537.4999,677.439,302.22226,-525.32117,675.48706,297.13852,-549.2298,670.7549,319.09146,-490.33887,671.20056,317.1921,-497.79358,675.6442,303.6417,-418.87393,658.95654,303.79675,-448.4462,692.78815,379.0127,-286.86588,650.5457,357.6438,-303.64743,690.38763,435.7338,-212.70088,653.8866,381.81888,-220.96915,689.531,446.89496,-229.11638,651.76666,386.1756,-237.59863,685.81335,444.45166,-244.31354,655.12933,381.22455,-252.86569,686.2116,441.1322,-217.11493,655.4914,379.4742,-226.05194,661.0229,375.58456,8.840261,645.5126,380.03693,-8.698426,682.8644,392.20508,338.1858,665.8544,400.69174,316.77777,668.50006,421.19467,714.88947,668.825,431.9253,682.31726,664.7744,425.1901,754.9377,669.19135,435.75192,721.1116,668.227,435.24948,725.78357,680.36804,450.8228,683.4158
low_148.jpg,plank_low_hip,653.87976,411.44626,-457.20578,656.08813,419.79172,-469.25574,658.82715,423.9224,-469.29166,659.2102,426.80038,-469.36368,659.3611,411.89685,-470.17902,660.25085,409.17447,-470.24838,661.10846,406.44186,-470.30197,668.3523,434.1767,-434.7215,671.57947,402.73016,-437.99228,653.99475,416.2318,-432.962,655.2274,411.4595,-434.09213,679.6506,459.30267,-353.1467,687.629,379.704,-351.83902,643.3041,474.23264,-326.3479,651.7114,360.51593,-323.75186,592.65356,461.68884,-366.43558,591.38605,367.51584,-344.46506,582.7022,468.2709,-403.77466,580.4431,360.93112,-381.42047,586.21436,455.57495,-417.5138,579.5486,374.86267,-392.3191,588.5282,451.54053,-373.6607,583.33344,378.82,-350.5443,664.8337,435.7562,-2.4539363,673.3686,393.25934,2.5857973,666.06775,422.16574,244.73436,678.4735,372.31296,256.71194,672.85394,412.26196,537.02094,682.0376,380.10284,546.5834,677.23816,408.1083,567.1816,685.67773,383.0494,577.32574,658.7208,412.89008,542.1047,667.44653,382.1144,558.44293
low_15.jpg,plank_low_hip,1001.10645,522.11914,-75.38891,1016.2436,509.64212,-58.384247,1016.35547,507.38712,-58.37056,1016.5036,505.09592,-58.414555,1016.72363,508.91217,-111.13458,1017.0619,506.32,-111.14244,1017.3838,503.70532,-111.16185,1008.5408,481.65594,49.703808,1007.75037,482.9807,-190.05913,983.0775,517.8374,-27.691118,982.89075,516.8811,-97.37959,887.0072,452.6023,222.64433,904.4447,492.22662,-270.29132,825.0801,572.5988,277.23773,831.41077,618.9497,-257.55402,955.33716,594.8759,218.73663,959.6465,620.3419,-39.70019,995.5902,594.4454,221.58952,999.4835,622.701,-50.485477,997.3229,589.6326,224.73616,997.98267,602.7815,-41.627003,986.15283,585.7048,215.71805,984.75903,596.8991,-30.218565,631.02954,507.64676,157.1346,627.1483,530.9408,-157.18257,414.7928,513.4052,237.03922,403.63223,525.67426,-108.82743,230.26787,483.531,354.51544,186.1557,502.24515,-35.693928,201.62369,475.59702,361.59866,165.71536,481.72778,-31.997492,194.06451,534.40155,298.13477,137.24957,557.25195,-130.77293
low_150.jpg,plank_low_hip,675.3692,398.698,-605.8091,679.2205,407.6267,-627.6765,678.37024,410.96735,-627.6908,677.4562,414.32214,-627.787,683.34296,398.8541,-627.23303,685.25195,396.20932,-627.2955,687.10443,393.52988,-627.272,682.28265,424.0376,-601.39496,696.3699,392.6952,-597.64197,674.17737,402.87012,-579.316,678.1356,393.9193,-578.631,681.8579,449.12988,-499.0454,714.748,369.67313,-490.23117,631.2167,464.478,-450.1331,690.95667,328.76202,-433.95267,579.0993,434.65857,-469.65073,633.0231,329.59616,-436.59656,566.9619,434.09695,-521.6961,622.7733,324.41205,-487.80307,575.0184,423.0501,-533.8508,620.6573,338.51556,-498.41272,578.2554,421.39764,-477.71246,623.3459,341.06024,-443.341,653.37915,419.56204,-6.973343,672.00714,376.11917,7.078777,646.3799,410.94394,362.62445,669.1139,356.65817,378.80008,667.12085,402.7484,787.6063,699.27454,337.70657,797.1255,675.4877,401.82455,832.3186,704.3631,338.36267,842.18756,651.7327,396.43585,815.362,695.404,326.4634,832.8406
low_153.jpg,plank_low_hip,668.0826,428.203,-616.39636,665.5494,438.3452,-642.5039,662.9608,440.4433,-642.43414,660.36,442.48016,-642.5326,673.5442,434.71274,-641.03827,676.18787,434.34863,-641.2013,678.80975,433.92194,-641.28015,656.7102,453.4589,-614.50494,683.9544,440.00357,-607.3202,662.97174,430.66733,-587.77405,671.3025,426.71503,-586.409,640.64996,466.34003,-458.47498,703.2219,429.62314,-478.58823,614.7975,446.3786,-262.5019,716.14307,386.08893,-329.67676,627.5433,415.9051,-183.66197,684.6669,376.07425,-260.15845,627.46027,409.29514,-203.26239,679.8957,370.4519,-288.11603,633.1302,411.3748,-215.18172,673.32495,379.59064,-300.42712,635.4203,412.17206,-186.71399,673.7464,382.45276,-263.05096,630.0618,407.61636,-3.6692264,668.71704,390.65543,3.8132234,635.17566,401.1528,371.11133,669.66925,393.78012,416.6444,644.865,395.2867,836.42285,662.3968,391.40005,849.786,649.6658,397.2155,886.8689,661.23566,396.8023,896.4171,636.95874,382.97635,867.7245,648.4845,375.4049,872.41455
low_154.jpg,plank_low_hip,671.59375,434.1785,-607.846,672.17615,444.16965,-631.43854,670.23047,446.6192,-631.3279,668.24457,449.03708,-631.3818,679.10944,438.99536,-636.20715,681.65045,437.81204,-636.2875,684.1491,436.6273,-636.3827,667.1851,457.27234,-604.1087,690.6045,438.512,-623.859,666.90344,436.23114,-580.5637,674.43536,430.51852,-586.8942,653.87244,466.18494,-448.33838,704.0467,419.94852,-525.09064,634.1329,460.04575,-252.965,709.357,369.4178,-453.9214,647.4405,452.30197,-151.97934,678.1371,335.93622,-420.011,649.9704,452.83826,-163.81026,676.0663,323.1913,-456.90057,653.76294,452.98123,-170.78839,666.8676,331.69098,-468.78568,653.9878,450.63095,-153.30731,666.0303,337.23636,-424.86517,632.87225,403.65198,8.790347,667.61237,380.64883,-8.7137575,620.9686,380.28983,365.733,652.21936,363.04227,374.93472,633.9973,381.08804,811.359,647.6649,366.07913,793.9182,640.3973,384.16708,859.75867,648.3052,371.99792,839.0622,622.79456,368.4615,841.8289,629.552,352.52914,813.0173
low_16.jpg,plank_low_hip,1000.2405,522.42316,-77.00743,1015.5401,510.11105,-60.391636,1015.74524,507.6917,-60.3768,1015.9692,505.27246,-60.401615,1016.07117,509.69254,-112.56157,1016.5083,507.1306,-112.59111,1016.8955,504.5766,-112.61135,1008.3546,481.26285,46.54168,1007.68445,483.59396,-191.12364,982.4232,517.28394,-29.508526,982.4463,516.6138,-98.61291,887.54425,449.9193,219.84972,905.47253,493.37674,-267.1194,828.8898,574.56354,275.2299,832.44666,621.15857,-254.7579,956.58826,596.0208,225.91473,960.3079,620.89874,-39.948532,997.4873,597.6407,231.73434,1000.60785,623.3457,-51.005188,998.98553,589.93243,234.19525,998.8504,602.9164,-41.060444,988.0198,586.1473,223.19952,985.6951,597.01025,-30.35949,631.6825,504.79614,156.91188,625.4885,531.38617,-156.88094,419.05045,513.46545,260.58713,404.33685,528.9138,-113.04467,233.81061,491.25342,389.21497,178.04161,514.3853,-70.31095,209.51398,484.5448,397.77512,139.0137,492.06293,-71.22182,226.32327,553.3716,342.37708,145.46863,579.7538,-179.47064
low_160.jpg,plank_low_hip,661.1355,366.42014,-845.5695,674.7065,346.57712,-877.5872,681.1933,333.66843,-877.5995,688.79706,330.99005,-877.7809,650.11304,346.95773,-874.75336,643.1544,337.05594,-874.8207,636.37946,335.85873,-875.11475,707.4977,301.5338,-836.7855,625.9065,307.82867,-817.3591,674.1511,356.0448,-809.0134,650.58746,356.8383,-804.02655,772.3629,271.91498,-638.62915,563.1725,292.01514,-663.12915,831.0855,350.6385,-477.2717,499.9275,411.00443,-639.47675,803.6685,379.00293,-361.17554,481.82556,530.6229,-619.69775,811.21533,375.57056,-363.01575,458.68622,550.67896,-649.0427,795.5901,373.14798,-362.5456,479.36356,551.8915,-666.4088,787.1097,377.5984,-354.8317,496.14038,545.1139,-626.5241,704.59436,352.9836,15.151406,602.6207,355.22083,-15.074157,721.12885,397.67902,445.45517,607.48376,411.60455,441.3052,660.44727,436.7894,924.29346,616.68036,457.61673,925.517,650.6745,435.82788,974.56714,625.68365,458.5196,973.43774,641.6033,483.76703,918.8694,605.19586,511.38223,910.1917
low_161.jpg,plank_low_hip,661.0489,355.8197,-872.26953,675.74927,338.84412,-900.36914,681.8694,334.69873,-900.42834,690.02783,326.29224,-900.5792,648.86237,341.12012,-901.032,640.0355,337.25778,-901.1687,633.5475,332.89578,-901.38556,715.6588,298.45276,-834.4409,621.2861,300.22705,-834.13684,672.2483,349.30698,-825.44525,649.9198,354.2574,-825.53723,776.21857,273.3014,-649.1389,533.2269,277.56107,-660.1129,836.4367,369.61237,-602.3499,462.81897,413.42078,-639.20056,844.7989,491.0655,-662.12897,472.6085,562.2111,-660.7643,870.10986,508.1446,-707.6094,464.43457,582.34937,-705.21155,845.2463,506.0248,-731.12024,493.53125,576.0568,-718.24915,830.06354,502.9777,-672.4717,507.73126,567.66614,-666.54626,703.88196,328.62622,14.072804,590.4192,329.6153,-13.851906,709.4341,397.11182,377.03693,579.5802,415.25482,348.8119,667.31256,434.73474,863.9587,607.67694,440.39594,875.94305,655.0757,429.7304,911.8487,617.1392,430.46872,928.909,668.31445,496.76074,839.2425,603.81805,503.94012,877.529
low_162.jpg,plank_low_hip,658.8429,338.19614,-962.27875,676.034,321.03046,-987.40045,685.91846,313.143,-987.39526,691.80304,308.57535,-987.5404,644.5564,323.3036,-985.5793,634.49817,319.09332,-985.74164,626.58954,313.08667,-985.9555,709.3188,269.78967,-906.30853,613.60706,283.94495,-893.8639,673.0024,333.80267,-910.1111,645.2018,334.81244,-906.6925,785.4636,263.1778,-700.5869,531.598,268.13568,-715.5259,852.21405,366.29288,-618.6506,462.7817,406.7168,-697.2303,854.33765,494.56348,-618.16785,472.09814,562.6818,-698.7516,876.253,514.72906,-657.18695,468.18054,583.6476,-744.23267,850.73474,514.4549,-676.8517,496.4453,579.12384,-756.2994,836.14935,509.3209,-626.4992,509.078,569.35046,-704.5277,710.07385,325.95926,13.319026,593.37415,327.9497,-13.25156,728.08405,393.5619,421.18695,573.86224,417.59573,376.58813,664.0142,430.86606,940.1716,603.31305,445.95966,945.1934,649.12305,427.47073,990.55615,613.0035,438.65503,1001.40845,674.67194,498.97272,904.91034,602.59,509.0663,930.2643
low_163.jpg,plank_low_hip,649.9198,332.27466,-1014.7096,668.81195,319.47983,-1033.1321,677.1437,316.09497,-1033.2384,688.71185,308.51266,-1033.4497,637.0399,317.18573,-1034.564,626.95386,311.7402,-1034.7466,620.1656,306.7987,-1034.9436,711.9455,265.64267,-927.1606,596.97815,265.80426,-930.5923,665.8837,330.25397,-953.7958,637.2077,327.93753,-955.016,778.67114,270.9855,-710.2693,527.1673,251.17484,-744.4648,838.6299,402.2513,-673.6994,461.61514,411.0011,-735.96747,831.4033,545.9029,-751.4426,464.0706,558.17645,-773.56934,850.1305,572.27203,-813.6797,461.72827,591.859,-838.30664,824.88513,568.31384,-839.6003,490.98047,589.9516,-849.40704,810.299,561.79724,-765.7931,503.05377,580.85504,-780.6583,705.6595,330.56564,8.784496,592.8112,328.62244,-8.490506,702.13873,415.56354,455.4942,588.09033,412.13815,455.809,676.5183,447.04297,1005.2618,611.88574,441.0169,1013.55963,668.35944,440.0517,1057.6532,622.07404,433.11118,1068.3428,673.74567,503.18396,956.8897,607.0792,502.2677,976.34143
low_164.jpg,plank_low_hip,649.6361,330.00504,-1460.9882,668.2492,317.32208,-1486.9667,677.4158,310.86673,-1486.9752,687.5042,306.2004,-1487.1487,637.1296,313.79767,-1484.6625,627.4487,308.5294,-1484.7615,617.8106,302.03473,-1484.7821,711.12,262.0045,-1346.345,608.07275,271.33228,-1328.4233,671.182,326.28696,-1378.6603,636.53033,325.77734,-1373.8463,783.9658,265.38,-1048.3064,537.2363,247.52925,-1064.2136,840.9442,390.88965,-1050.11,465.79605,396.38693,-1061.4642,842.92175,531.03687,-1224.5476,466.92508,552.9942,-1152.8801,867.93835,550.5782,-1338.4937,447.47662,576.5444,-1261.3654,838.68274,546.1192,-1366.6201,480.4192,579.01825,-1285.4338,822.8796,542.5574,-1245.8213,494.47034,572.6731,-1169.8599,713.8817,335.04962,0.7578101,594.72156,323.1982,-0.5510879,732.1362,406.4153,594.2469,575.1484,402.073,585.50745,690.8953,437.42633,1407.7476,603.0663,437.65408,1415.3909,666.51697,426.91226,1484.9893,614.3436,426.41415,1497.3699,681.91046,497.8033,1378.3947,593.05396,507.79993,1404.1406
low_165.jpg,plank_low_hip,648.2462,324.69763,-1557.8865,668.98486,312.09027,-1581.8242,678.0752,306.9131,-1581.8716,689.6256,300.94678,-1582.1013,635.5088,309.42792,-1581.7279,627.7992,304.3341,-1581.8547,618.0782,297.88806,-1581.8816,713.1111,260.1554,-1422.7231,598.3843,257.60397,-1415.8657,671.2883,322.7848,-1468.146,633.78564,319.8856,-1466.6088,780.03815,262.55905,-1111.0961,530.7696,246.22134,-1127.1117,843.224,396.39825,-1071.8512,461.87524,408.1609,-1101.5032,821.7145,543.5083,-1201.5618,461.2478,563.0226,-1199.6294,846.819,569.3704,-1319.1443,454.21362,589.93555,-1319.7972,813.8932,561.1971,-1352.818,487.36542,589.2371,-1345.8844,804.54474,553.7072,-1224.4124,499.50098,581.7779,-1218.3104,712.9422,326.02954,2.2940526,588.6325,320.25275,-1.9961601,701.61487,399.7746,680.4029,581.30304,403.55774,687.16034,668.07385,424.55,1539.9353,601.8015,436.47574,1557.8053,662.188,427.04108,1623.4072,611.11975,428.0042,1644.8782,671.0809,496.98557,1508.1921,598.5731,505.24176,1538.5835
low_166.jpg,plank_low_hip,649.0149,320.16187,-1642.6162,669.8767,309.13818,-1669.6987,682.3725,302.90085,-1669.669,688.7629,299.0993,-1669.8164,640.27295,307.0719,-1669.248,629.7978,301.94614,-1669.3738,619.7622,295.95706,-1669.3767,710.525,265.49332,-1508.9595,599.8735,255.80763,-1499.2144,665.42737,321.25015,-1550.4987,635.1315,317.01627,-1548.2407,775.5028,261.43805,-1177.3115,533.2747,244.51762,-1195.7863,838.71387,393.9987,-1158.8365,460.869,406.46643,-1177.1459,840.9875,518.25037,-1346.9923,468.78302,556.52167,-1285.9442,863.56195,534.0526,-1477.4443,454.65546,581.33374,-1415.0917,840.19257,527.1949,-1512.989,487.70935,579.0069,-1441.4186,825.0363,525.18427,-1372.7219,499.71756,572.2386,-1304.9858,707.8565,333.18594,1.4942231,589.9841,327.0351,-1.3161757,720.27014,409.88025,730.09314,581.3572,408.6721,732.82227,687.1582,438.64798,1652.4031,596.6427,439.67932,1675.0026,676.2804,430.26483,1741.7848,605.7932,431.72635,1768.8467,682.4875,496.2404,1631.2449,587.01685,506.8863,1668.0992
low_167.jpg,plank_low_hip,649.8028,322.78574,-1105.3529,670.01337,310.76147,-1122.1311,677.7843,305.36957,-1122.2361,688.2118,300.45718,-1122.4619,637.46106,307.69284,-1123.1155,630.5842,303.47516,-1123.2777,620.53723,297.27667,-1123.4805,704.40356,271.7172,-1006.4648,606.73193,267.1962,-1007.7674,672.50183,320.45645,-1040.8135,636.2229,317.5083,-1041.4666,778.72253,261.26813,-771.48444,535.22473,252.20901,-798.2946,844.44556,392.42203,-722.9608,465.36676,398.8188,-781.4137,847.5631,532.61725,-797.514,464.6872,557.9328,-806.001,873.21533,554.427,-862.42993,458.79398,584.9225,-869.06647,847.3992,553.48914,-893.6569,486.67038,580.64703,-887.2971,830.9452,548.44385,-813.8683,499.14444,572.0195,-815.2025,710.8243,323.20972,11.673747,595.17957,322.01855,-11.485519,725.1787,399.01038,493.88348,584.60535,399.57843,488.3827,682.3694,438.19406,1094.2848,606.5364,439.29105,1097.1072,664.6815,424.68106,1150.6526,615.8552,421.69363,1155.6737,676.5034,496.83163,1032.9811,599.5086,498.56345,1044.1681
low_168.jpg,plank_low_hip,655.92035,326.27557,-1272.8469,671.52985,311.8571,-1286.4292,682.5867,307.19797,-1286.485,691.3089,302.1541,-1286.738,642.5678,312.97784,-1287.3679,632.86707,306.6977,-1287.5254,623.5241,301.3084,-1287.7227,710.5775,264.17853,-1139.7676,600.97174,263.80563,-1138.3242,672.4729,324.65967,-1195.4366,640.8184,324.10602,-1195.1768,778.6725,260.76587,-869.9531,530.5013,251.84178,-910.74194,836.7125,379.74033,-904.9524,461.34357,409.51746,-944.0719,845.02594,515.492,-1077.3726,460.31097,565.0686,-1007.2117,871.29224,534.5958,-1162.8405,451.5237,589.5338,-1084.8441,842.7241,533.73157,-1186.9512,486.14874,590.5626,-1100.4263,826.4784,530.3509,-1094.7263,498.3052,582.79785,-1017.06635,705.5419,326.364,11.367784,585.43024,320.07144,-11.357564,727.62354,394.93314,430.3405,563.1045,396.883,435.41592,666.99304,425.97714,1099.2611,594.10486,434.79874,1116.8596,657.6499,420.6078,1161.7067,604.1821,428.86325,1182.1138,678.7921,499.79196,1034.6946,591.7494,497.64398,1067.4856
low_169.jpg,plank_low_hip,654.98376,333.7584,-1251.6316,670.6373,319.76288,-1265.993,681.94446,314.39334,-1266.044,691.6432,306.53088,-1266.2916,642.4822,318.90305,-1266.5862,633.5419,314.10776,-1266.7173,626.66156,309.22394,-1266.8846,712.87866,272.78253,-1122.0015,612.73254,277.80237,-1119.2488,671.44446,330.8947,-1175.0917,641.7401,329.73367,-1174.4927,780.16125,266.08484,-859.0119,530.4679,256.85135,-893.4088,843.8866,383.42975,-899.87646,461.03683,410.85236,-935.77026,839.8469,525.1022,-1070.9274,457.52045,563.6551,-1012.8851,871.50397,543.9725,-1156.8934,452.51193,581.83105,-1091.6472,841.831,543.32153,-1180.302,486.1386,583.30963,-1107.1902,826.0034,539.703,-1087.8016,498.41174,576.3821,-1023.36066,708.0413,327.5716,10.878302,588.9727,321.133,-10.87546,727.9192,400.61435,441.9064,563.9951,401.95816,443.22888,682.8771,439.14807,1101.4354,594.5508,440.5829,1117.1659,658.49585,426.49826,1163.3394,605.07074,434.92963,1182.1638,680.43225,501.63766,1043.174,588.7838,502.91257,1075.0568
low_17.jpg,plank_low_hip,999.78394,522.06494,-77.28087,1015.0677,510.05634,-60.603596,1015.2365,507.73572,-60.590218,1015.4071,505.39484,-60.620724,1015.6146,509.42596,-112.651306,1016.03217,506.82193,-112.67765,1016.40576,504.20065,-112.70069,1007.91394,481.57144,46.52107,1007.3572,483.3138,-190.81473,981.775,517.109,-29.856426,981.89343,516.26636,-98.85628,887.28455,450.03772,220.04822,905.22595,492.38522,-268.26727,828.5491,574.5975,274.6839,832.1649,620.7624,-254.03033,956.1122,595.20123,222.09177,959.7657,619.51855,-33.413845,996.8604,597.8138,226.31653,1000.2121,622.6611,-42.98014,998.3658,590.0993,229.63112,998.4277,602.4516,-34.3487,987.4381,586.01025,219.5569,985.194,596.28485,-24.0353,631.7097,504.68127,158.29175,625.70764,529.70746,-158.27992,419.07196,514.44885,279.25864,403.18628,527.2683,-125.01408,237.4247,493.20074,422.13824,175.09991,513.52997,-95.23163,211.47006,485.68283,432.33893,136.6579,490.04697,-97.291534,227.90448,566.246,380.3329,139.6117,578.89386,-206.91373
low_170.jpg,plank_low_hip,657.6548,335.33124,-936.61255,671.8345,320.06046,-959.5724,679.09875,315.4634,-959.6199,688.0974,306.1329,-959.76984,644.4967,320.6689,-959.8136,636.1597,316.44025,-959.9662,629.56384,312.0167,-960.2268,716.7206,280.48483,-874.5852,618.5046,280.43494,-874.5901,671.4721,332.66626,-883.29004,644.777,332.54187,-883.45526,784.5902,265.55527,-675.75446,530.4695,262.11914,-699.39954,844.3521,386.1541,-647.58374,464.3905,410.46103,-693.1692,842.48096,528.22516,-722.7803,471.56366,561.4888,-720.0351,870.0834,547.19336,-775.2565,463.49097,588.21216,-768.5528,842.0663,545.7907,-798.13873,496.87708,576.95294,-779.8559,826.41284,540.42084,-733.98816,510.70328,568.7494,-724.805,712.798,311.63635,10.844394,593.182,309.887,-10.715157,737.01263,378.9416,289.00153,550.32263,406.16684,246.92734,671.8344,425.00473,772.89624,603.5653,430.21387,781.3209,654.07385,421.76242,821.4099,617.4237,418.4832,836.73376,671.2926,495.13226,746.5143,605.5631,494.5164,793.0051
low_171.jpg,plank_low_hip,654.2117,339.71088,-1057.9552,670.55334,324.62573,-1076.5936,680.1017,319.72556,-1076.6655,686.8275,314.706,-1076.85,642.36194,324.20908,-1077.4907,635.7502,320.41217,-1077.6274,627.449,315.23627,-1077.8323,708.0081,274.82166,-965.44006,612.77277,282.87314,-967.27,667.9591,338.13025,-994.5021,642.56537,336.58694,-995.22833,776.5797,263.20868,-732.78467,531.5522,255.8054,-770.12115,838.6871,382.64886,-733.7284,460.42923,409.47144,-769.80554,853.724,517.774,-856.455,467.4263,565.67426,-800.86804,879.99805,536.5668,-921.8275,470.5735,592.67834,-860.72205,853.43634,534.77936,-947.5547,499.82455,582.7237,-872.7308,837.915,531.70496,-871.24243,512.0796,574.70807,-807.0691,713.5054,316.9158,12.9979725,598.1558,315.27795,-12.860445,720.2129,393.45285,460.06757,582.0585,401.78943,447.53177,681.10254,430.17065,1030.0669,607.68835,434.6169,1033.0262,666.4914,424.88083,1084.3572,617.3513,427.24963,1090.3561,677.1516,498.7586,983.0572,605.4027,495.9169,1000.84216
low_179.jpg,plank_low_hip,982.53485,755.5969,-880.7561,1019.5156,760.0986,-848.1642,1014.2886,771.38776,-848.3643,992.8451,807.3521,-848.42377,1029.7439,730.5972,-900.25964,1038.9768,721.9609,-900.21924,1044.6129,703.2873,-900.50146,998.72424,731.5691,-592.60333,1030.1582,669.707,-833.5764,903.9422,763.72626,-773.8745,939.9072,694.0787,-841.81665,736.36304,747.0247,-376.77087,824.7637,453.62134,-715.64465,407.01752,642.09283,-183.06976,478.29187,302.34406,-659.82904,187.14462,596.0071,-301.65256,562.92914,371.88,-735.3843,117.94324,591.9516,-347.81207,569.5835,417.19135,-792.03906,134.43077,587.37213,-392.56046,632.88696,394.63684,-802.6011,171.02791,570.4494,-325.03018,624.4061,389.21674,-740.51587,252.64005,482.3671,109.24851,288.3741,347.04364,-108.680084,83.11505,409.21738,853.949,113.326866,284.65924,546.265,-17.856388,337.43225,1667.6232,-34.39064,227.87335,1354.846,-29.103222,313.54407,1741.1285,33.09471,175.7492,1434.4569,-114.86243,377.36697,1667.3451,-140.9358,259.74844,1278.7593
low_18.jpg,plank_low_hip,998.6889,522.13165,-80.81328,1014.2156,509.9669,-64.17337,1014.4928,507.57565,-64.16829,1014.76855,505.1864,-64.20294,1014.6245,509.66238,-115.76109,1015.0697,507.19458,-115.78441,1015.3954,504.73074,-115.806595,1007.50964,481.35828,43.7001,1006.58026,484.01566,-190.68915,981.3805,516.9365,-32.76698,981.44763,516.2848,-100.9422,887.23254,449.779,217.64368,904.9939,492.6312,-264.43912,828.9824,573.63257,282.09695,833.20496,621.2354,-260.7569,953.694,595.5221,246.11127,959.78906,622.64325,-63.900475,992.2212,595.094,255.66467,1001.81604,625.9599,-78.28897,998.5016,591.6573,254.8474,1000.1439,606.0935,-66.29172,986.56934,587.19604,242.60522,986.47125,599.71564,-54.109188,633.8865,502.8853,152.70679,628.0715,529.70166,-152.66316,420.1268,511.6532,223.77771,406.5067,529.0859,-90.71674,228.62949,483.58038,330.49408,183.04512,511.82925,-17.603415,203.21327,474.44373,336.53937,149.89474,486.56723,-15.635246,200.1648,533.7784,273.32425,150.47656,573.8107,-122.67171
low_180.jpg,plank_low_hip,942.4397,777.22125,-875.10675,994.1458,803.69635,-846.77356,988.17413,815.1562,-846.9345,981.8712,826.58844,-846.9121,1039.6053,735.7381,-895.125,1059.3544,716.84875,-894.9445,1062.789,706.8737,-895.51733,968.8689,802.8891,-589.48083,1041.2224,665.08466,-821.70276,892.4282,771.42505,-770.9447,930.4752,665.49286,-837.33026,698.9448,783.617,-358.28625,837.08624,437.12393,-749.2366,392.4604,671.5434,-7.922787,550.75916,283.85626,-523.31287,192.85446,585.0959,64.10169,388.53088,245.604,-332.35394,123.40381,551.98834,53.365265,309.30237,209.09839,-352.02307,138.67072,560.4608,7.179085,317.76605,219.73836,-401.66382,176.60464,549.87494,45.525414,335.87958,244.63063,-350.62592,186.06956,483.57413,127.42176,247.64809,288.16696,-126.678665,59.29136,415.81213,767.80005,67.763,263.77304,468.6504,-122.173706,347.1477,1710.3169,-113.994064,230.63402,1393.913,-125.02829,316.96634,1795.8108,-116.75734,203.66301,1485.4615,-267.60104,373.35022,1670.094,-254.37537,265.6572,1286.087
low_181.jpg,plank_low_hip,1032.1287,688.23615,-744.63367,1076.8417,705.25256,-739.7796,1073.4178,704.32855,-740.13416,1064.8308,721.3253,-740.6537,1082.555,698.8433,-764.9005,1088.0409,678.08624,-765.0007,1088.7961,673.63696,-765.53357,1010.43585,773.3443,-587.2435,1059.9684,663.03955,-699.79803,957.3707,679.3057,-676.223,970.3207,648.9501,-708.2836,708.3872,743.4579,-383.35986,862.67236,468.31512,-632.262,331.0232,618.0043,-171.7115,548.54846,302.59048,-435.90997,142.6785,543.2598,-78.682144,452.70993,262.15848,-254.85472,92.668724,531.71387,-69.45524,431.2221,256.35156,-265.7705,114.614,535.3859,-96.91687,460.86044,241.54529,-274.83365,145.10745,527.5718,-90.46021,464.43842,252.29613,-262.96625,201.34818,441.5981,117.15152,246.11082,296.67822,-117.65065,27.551119,490.23196,895.11646,95.259476,318.38757,659.5926,-35.395462,399.99075,1700.5488,-12.510738,327.65622,1494.9895,-26.179905,375.71323,1779.9302,-9.945145,311.56125,1578.7262,-147.2944,424.90396,1728.4761,-123.1788,389.3058,1499.6141
low_184.jpg,plank_low_hip,953.07526,686.1617,-1028.2936,1022.431,695.61273,-1024.68,1024.2214,701.9372,-1025.0355,1025.8589,707.0051,-1025.4022,1029.1254,658.6062,-1073.6802,1031.759,647.1709,-1073.4469,1040.5203,624.79736,-1074.0364,1029.0103,691.085,-756.55524,1027.8673,604.2145,-980.74396,906.304,689.3235,-904.2405,915.7541,650.2242,-968.86084,771.5875,752.51086,-376.27762,815.5652,429.27005,-873.1105,424.37372,725.48413,153.40189,484.98395,392.78522,-784.62335,332.17688,715.698,342.765,496.0892,473.67014,-771.11053,311.70117,713.9434,340.04913,486.95148,500.26898,-831.39233,327.25946,730.03375,289.575,541.6998,465.70065,-837.3877,339.19055,710.2021,323.36105,540.4511,472.15848,-783.0292,284.8977,443.3888,186.7283,302.16498,299.44983,-187.02939,67.43828,465.8392,1235.0785,104.40239,248.66377,810.95514,-89.08357,395.7705,2291.0596,-75.70162,270.73795,1819.8744,-82.85109,354.76996,2401.5732,50.212135,210.35802,1936.1653,-242.66876,482.43503,2341.5972,-230.66516,379.80948,1791.0521
low_185.jpg,plank_low_hip,985.0126,702.0486,-814.58276,1049.0648,704.0136,-802.3127,1049.1578,705.2751,-802.5885,1049.6062,706.22675,-802.88513,1051.7418,690.46594,-886.81793,1057.722,665.37573,-886.9569,1059.7502,657.88324,-887.50275,1041.8158,688.9754,-537.176,1056.9176,616.1507,-925.9003,928.26263,684.1903,-691.85205,937.1539,647.92194,-803.2673,828.5534,637.2719,-146.85956,789.0117,388.97668,-876.13806,416.92987,497.80048,429.53006,398.07712,302.49918,-575.6682,264.03775,500.61636,768.3322,389.50183,325.53345,-147.56308,226.81717,487.54337,819.10333,375.45837,340.3079,-133.77856,242.77678,521.2578,759.06714,432.03918,307.86185,-163.11044,261.1235,506.47244,749.0219,438.7237,310.40378,-153.49043,148.89795,433.4022,239.28656,165.851,323.39105,-238.49928,-16.04657,344.7116,1062.7041,-185.60457,263.48193,521.8137,-429.57745,323.71994,1915.0739,-506.0016,236.87169,1292.3372,-461.41644,276.81583,1995.9337,-528.08234,189.02293,1379.4851,-582.2143,420.1517,1938.5166,-669.57367,360.23947,1210.6838
low_186.jpg,plank_low_hip,1006.1024,716.6595,-1213.2883,1087.0516,717.37726,-1191.8268,1099.6334,724.76337,-1192.0698,1101.3363,728.00146,-1192.3817,1087.3052,676.2187,-1279.8977,1086.6438,661.3355,-1280.128,1091.5779,632.9249,-1280.6769,1076.1257,696.98444,-871.6687,1064.8538,581.04193,-1269.7407,939.2742,712.2066,-1070.4425,951.18414,652.6923,-1184.5868,827.256,698.471,-417.7451,781.867,385.6085,-1154.2809,458.40253,559.8996,137.95404,386.3166,287.2599,-752.8232,260.94037,528.2089,335.8275,351.4135,340.79694,-169.56711,205.31676,525.06976,356.7176,323.797,361.35034,-150.84854,216.06955,542.9731,307.7052,382.08438,333.08865,-164.09532,241.4353,522.82324,314.92877,396.14072,335.273,-166.41512,160.65889,458.06903,262.705,141.31682,296.712,-262.58063,-45.532516,483.73077,1278.668,-114.274124,277.3832,680.2331,-296.5092,401.4,2328.1494,-337.0241,278.73126,1662.7032,-320.94028,350.97006,2428.6868,-338.64594,228.70111,1767.7795,-449.48123,536.89905,2364.8193,-505.62775,443.7481,1584.0671
low_187.jpg,plank_low_hip,963.9172,673.2851,-989.2489,1035.6404,689.48315,-1008.1939,1037.1276,702.7114,-1008.51166,1038.2897,715.95404,-1008.99646,1039.1384,650.8647,-1070.5012,1044.6919,631.5298,-1070.654,1050.285,612.0697,-1071.5483,1076.6472,673.15497,-799.2248,1069.8726,554.4882,-1086.154,933.73596,675.58405,-879.55316,939.93225,620.8743,-961.0467,876.7621,752.76764,-385.99268,833.4738,335.64212,-949.6998,516.2651,699.98645,297.54648,449.755,283.31647,-663.6819,323.06067,688.15216,628.04126,304.21127,223.306,-316.04904,263.73386,688.4617,668.2824,217.63098,219.32414,-320.8821,280.1281,704.0124,572.6007,243.50546,217.30388,-389.78543,311.06644,675.3387,594.2795,267.7203,250.49918,-338.6361,215.08482,527.4909,153.66873,224.10524,304.05536,-153.50912,32.0037,516.4033,1103.9337,-17.577702,258.8055,658.7174,-161.42029,487.81244,2038.707,-59.30636,293.3521,1574.1213,-179.31879,466.76987,2124.6196,-20.81184,292.9541,1672.6781,-325.61246,543.68726,2014.2351,-327.19965,387.98904,1491.5237
low_188.jpg,plank_low_hip,1025.4922,755.1577,-1115.1218,1108.167,715.50354,-1091.3301,1107.5588,722.75073,-1091.6117,1110.1554,718.743,-1092.0562,1105.2244,702.5077,-1195.5413,1109.1168,678.75494,-1195.3589,1109.0436,667.9103,-1195.4729,1103.4535,665.0403,-796.5709,1095.1469,574.98425,-1265.0243,956.35,724.96497,-982.8344,963.8043,697.9269,-1116.6471,857.7189,648.55255,-408.8971,750.8215,348.02704,-1135.9755,489.45956,581.2314,144.58607,369.0433,320.66486,-728.5746,391.1725,560.0222,392.7798,396.71295,440.93173,-99.49896,359.67892,550.17065,422.457,378.33725,483.60837,-72.456474,391.89725,571.76636,404.74255,452.64886,451.15265,-84.89282,405.7392,557.5495,386.8756,466.9955,440.25024,-94.291,182.5403,451.42758,239.89565,168.81903,301.2634,-238.48672,-19.723606,488.8132,1126.2701,-33.751076,302.15945,588.7467,-258.59158,419.85364,2053.8677,-322.78683,285.97937,1490.5946,-283.65704,371.70944,2135.4458,-337.65656,245.62312,1580.619,-401.9075,547.00195,2020.6251,-476.09726,418.88672,1376.425
low_189.jpg,plank_low_hip,1025.85,691.2906,-2426.1833,1122.6199,710.35675,-2393.8145,1123.558,714.42004,-2393.5754,1124.8542,717.1163,-2393.9485,1118.8772,671.8393,-2464.3372,1117.2797,639.93646,-2465.202,1117.5645,595.4436,-2465.9402,1113.2997,684.08777,-1912.0396,1110.8108,533.90137,-2247.959,963.01404,701.5666,-2215.173,959.1791,641.73016,-2310.8403,836.21985,778.1098,-1154.3546,746.60986,307.47458,-1942.4751,466.88962,872.2331,-370.31616,295.61603,259.74954,-1507.1985,377.71817,786.6549,-45.25019,249.49167,378.95245,-1004.1639,339.9126,759.11554,-2.3720202,211.68707,418.97662,-1014.2099,381.02466,775.4322,-17.630745,281.80753,416.38956,-1033.3096,391.44946,760.26514,-40.682217,301.40674,409.0417,-993.6158,141.36818,643.42914,267.69907,92.594315,389.79346,-267.26767,-122.85557,591.77185,1516.8035,-254.62265,387.9475,819.7162,-340.50592,542.5344,2843.1482,-417.5594,280.1926,2043.3734,-369.45096,509.62134,2973.9512,-410.4043,220.29193,2169.2747,-465.21625,660.27405,2826.6626,-574.7004,399.40005,1834.9373
low_19.jpg,plank_low_hip,999.39954,520.356,-81.05298,1015.06323,508.7479,-64.57872,1015.26355,506.5541,-64.576706,1015.47925,504.32895,-64.60748,1015.64233,508.13382,-114.91035,1016.0751,505.67175,-114.93884,1016.4574,503.13507,-114.974045,1007.67633,480.49942,43.528725,1007.1699,482.5397,-184.7844,981.7964,515.70276,-33.056854,982.0558,514.7175,-99.51233,887.7385,453.74423,221.55508,904.74084,491.69943,-261.03314,829.2676,576.3748,288.74493,832.864,621.1753,-260.85077,952.50854,594.67395,260.06006,960.22754,621.78046,-74.54433,991.49585,594.9723,270.56442,1002.69824,625.26715,-90.44435,997.9469,591.17834,271.73993,1000.79803,605.18646,-80.00396,985.99036,586.6502,257.5244,987.1681,598.84955,-65.77695,634.7177,503.71448,153.15634,629.22314,527.6786,-153.0984,423.41553,513.35565,221.42914,408.76886,530.91797,-92.827,227.6529,481.34952,324.40674,194.29626,515.08264,-24.313858,202.1492,471.61337,330.11804,144.2435,495.0,-22.933043,198.58101,533.60345,266.001,152.58182,582.85583,-132.55212
low_190.jpg,plank_low_hip,938.7955,734.727,-866.53253,1010.0364,742.97015,-844.2834,1020.94025,759.2011,-844.8662,1027.2405,761.9853,-846.1759,1010.28436,709.33075,-935.83685,1007.03485,678.3259,-936.3334,1036.3164,652.54083,-937.5343,1067.6915,726.97754,-428.4431,1035.6472,575.589,-834.72015,891.83136,729.10254,-669.54156,910.713,678.51337,-788.26294,909.4419,812.69214,34.456913,778.13477,309.57584,-595.7537,556.38696,1060.0278,463.86356,294.9864,236.16966,-1051.0157,360.4765,1055.2408,481.35455,481.23196,534.53143,-1519.3491,294.56876,1056.7632,490.6351,507.62317,620.2236,-1590.8416,338.68506,1038.8447,469.752,584.2169,589.58246,-1538.3113,350.0375,1015.6682,477.8352,575.60254,578.2353,-1490.631,114.05075,918.8262,235.40999,19.055046,645.8511,-235.80122,-514.5946,1100.5719,445.63687,-620.1331,791.9932,69.65808,-992.3772,1267.6726,1221.1595,-1122.6686,981.59735,655.61395,-1051.1556,1278.0122,1273.6536,-1192.8843,987.6179,694.0485,-1150.4003,1359.0878,787.2971,-1262.9911,1117.4004,108.3116
low_192.jpg,plank_low_hip,890.9292,720.14246,-1113.4022,972.7686,707.2066,-1097.6675,974.5606,706.93915,-1098.1212,976.07336,705.6187,-1099.1047,971.25146,687.85004,-1226.7073,970.36646,668.30884,-1227.3167,970.443,651.99615,-1227.824,982.07556,642.3702,-774.81476,959.8408,558.5187,-1343.9618,838.229,692.9231,-954.338,832.5164,662.166,-1119.1245,798.7122,632.3486,-376.71948,673.0636,276.77594,-1095.3887,369.8769,720.4198,10.329661,235.93912,330.6444,-1083.4648,266.4551,645.7371,3.2106254,574.1512,559.2242,-780.13293,233.5956,631.1296,15.827079,706.18054,630.13745,-782.7866,294.50775,638.9057,-17.382008,739.8986,579.15717,-718.1918,302.60074,632.3222,-6.7890396,711.9678,552.8004,-737.6433,-34.236664,615.2399,213.9778,-99.68148,382.12457,-213.20421,-665.936,696.2455,536.06604,-754.1194,457.40857,109.14613,-1188.6824,764.26605,1233.477,-1306.557,523.8066,529.32263,-1271.6869,744.6706,1278.1884,-1396.8228,491.8356,549.0252,-1311.0046,912.48517,899.8717,-1420.8247,685.9708,26.31922
low_196.jpg,plank_low_hip,898.95087,715.8712,-1078.5377,974.12195,711.10565,-1048.6757,975.39496,709.7819,-1048.9366,977.6444,707.5404,-1049.5314,959.92053,679.8564,-1189.261,958.0664,663.6134,-1189.5767,956.7004,646.04236,-1189.7493,972.42645,629.9593,-718.7423,956.62897,542.88873,-1345.8466,851.3878,696.51825,-930.64307,838.9645,655.4173,-1110.5436,848.0584,547.7015,-316.09235,695.96924,321.03204,-1211.7671,575.9178,567.0594,234.24655,347.1526,337.37143,-694.1483,502.0102,591.1505,322.657,491.94592,487.98663,342.70663,487.87692,604.86096,307.24988,517.89575,554.68414,410.21756,519.08997,614.8065,243.28946,595.3561,506.2327,387.55023,514.44666,597.1375,292.84082,589.2194,483.63495,360.09976,92.386215,373.16037,317.27164,-1.076231,234.81532,-316.569,-370.9271,410.02267,959.3699,-502.89264,247.42572,300.9892,-864.9863,372.45462,1779.0367,-1026.3018,200.93434,876.09216,-940.13153,324.60455,1849.2238,-1099.0571,126.22834,928.6594,-1009.6576,550.3892,1687.7839,-1170.6311,405.50092,587.3752
low_197.jpg,plank_low_hip,918.0103,692.42847,-1033.3729,980.83997,689.79126,-1021.7844,982.5518,689.73773,-1022.09546,984.4507,689.2253,-1022.52783,976.2223,675.22107,-1126.4934,975.07025,651.5327,-1126.6128,973.3602,638.5072,-1126.4409,973.9344,634.2743,-788.26196,955.0666,534.4355,-1257.3116,860.94666,673.20966,-922.2901,845.67377,633.77014,-1056.3468,808.7406,471.81497,-440.2679,651.6914,371.1616,-1144.156,489.83392,388.35596,48.050632,317.5752,462.1077,-717.9779,354.65228,415.3111,154.06354,476.55124,617.16876,27.14624,323.82324,411.64252,129.61124,502.97156,678.7399,32.768757,348.92957,436.8575,68.2085,579.65405,629.4016,12.434144,350.21103,425.30643,127.22847,573.51227,607.8787,33.521034,122.13687,347.36844,300.04016,78.00856,236.75806,-298.97565,-152.12054,458.4864,981.32056,-339.2312,306.39203,395.00516,-516.9258,390.70956,1827.3097,-725.1814,277.64594,1074.6625,-578.2917,334.54254,1899.2764,-778.2718,209.8273,1134.4647,-645.7171,567.71954,1785.137,-873.3921,477.2944,880.9895
low_198.jpg,plank_low_hip,940.0315,705.73663,-857.73505,1006.18475,693.5297,-843.1052,1008.52356,692.07556,-843.6951,1010.738,690.2489,-844.5252,1000.62024,671.7347,-944.7687,997.05743,661.6429,-944.7848,993.95685,651.36444,-944.6548,1000.7228,629.5687,-619.06726,977.9929,561.1165,-1067.4272,880.7422,685.47003,-751.1789,881.1016,654.9975,-879.1714,871.15204,497.80084,-296.93085,680.44684,384.49707,-987.9654,605.8529,499.51767,257.74255,389.25418,422.83716,-692.1943,526.52203,568.5321,450.0082,465.70187,520.08185,-150.28636,525.3103,579.0042,461.1586,489.79364,555.4072,-158.70938,545.724,594.4105,420.43076,579.83594,503.45047,-184.67621,538.839,581.04663,433.5067,576.10895,491.54114,-156.51544,168.4082,300.92517,299.5314,100.84403,235.35141,-298.82535,37.429775,321.08994,940.6509,-236.30963,269.6967,417.90466,-345.20023,332.623,1782.959,-541.65796,229.98251,1131.7607,-389.96478,275.3175,1855.0466,-571.5648,169.1125,1204.119,-457.29233,472.4421,1794.684,-670.82513,383.0458,1058.0067
low_199.jpg,plank_low_hip,927.0747,714.8136,-908.1855,991.5028,715.1069,-894.7471,992.9779,715.85394,-895.05365,1007.55707,717.54913,-895.4114,989.9176,690.6395,-1004.2822,989.30347,677.1728,-1004.46924,989.1474,651.65454,-1004.35474,987.4143,641.32904,-681.84436,979.3615,561.5607,-1172.7333,866.2863,682.57385,-805.8285,861.6501,657.3016,-946.2597,842.0399,449.99142,-344.44302,683.783,373.18246,-1096.7654,507.20645,338.06708,158.52637,331.24985,490.08258,-673.08563,350.0168,401.97693,278.3216,512.6792,640.5139,88.21626,319.46637,409.2439,256.45575,545.63055,696.3472,95.49466,337.36688,434.85785,186.24194,622.6157,644.3477,67.42528,338.90222,420.07578,247.51524,614.69763,621.6343,92.714066,152.13036,331.13843,313.713,87.75461,264.49442,-312.91293,-62.27158,285.36374,936.0041,-351.07135,314.76157,343.53278,-583.6437,330.91483,1754.7223,-776.4519,259.70923,956.7302,-652.7488,275.40836,1823.2166,-844.71893,182.3847,1009.4365,-701.0235,495.29776,1704.4672,-893.11804,460.4795,743.2688
low_2.jpg,plank_low_hip,997.8394,525.07104,-66.147934,1013.35706,511.18298,-50.216957,1013.7074,508.54413,-50.229935,1014.24634,505.89297,-50.260983,1013.92816,510.8537,-101.25035,1014.6189,508.0642,-101.2762,1015.49084,505.28006,-101.30838,1008.0509,482.86014,50.596306,1007.954,483.92346,-181.31044,981.2352,519.31836,-21.117188,981.1154,518.6217,-88.5219,887.442,450.96655,224.57466,903.65125,492.22424,-261.74747,829.017,571.4483,297.1123,827.9175,620.4017,-252.63919,945.30493,601.6908,262.94318,946.15295,625.8524,-50.688293,985.97705,601.97986,272.13068,996.4971,629.18933,-62.755856,991.4441,592.76764,269.74762,991.13635,605.094,-51.543545,978.1995,588.68933,259.3661,974.0213,598.6838,-40.766506,634.1809,503.7054,159.5221,627.1894,531.8708,-159.5158,424.95773,517.8443,301.34238,407.03525,532.92487,-146.78821,250.90411,494.31833,464.09604,180.23949,515.80414,-132.36879,220.0221,482.78098,475.8713,144.31134,490.5943,-135.68066,233.37395,558.69305,428.67276,141.2349,577.16565,-241.63469
low_20.jpg,plank_low_hip,999.92773,520.7125,-75.82553,1015.47516,509.30823,-58.81188,1015.63385,507.29242,-58.80705,1015.8008,505.24316,-58.83755,1015.97424,508.11655,-109.827545,1016.3278,505.4403,-109.86008,1016.6242,502.66504,-109.90347,1007.7484,481.07272,50.445133,1007.03156,481.69586,-180.80438,982.0861,516.76294,-27.58829,982.0202,515.16376,-94.84761,887.1863,455.3769,229.26065,903.60016,490.2814,-260.39578,827.453,577.30316,292.50024,831.0125,620.4566,-257.52563,951.69617,596.23706,252.15216,958.5126,622.43976,-64.69146,991.48346,599.31726,259.67432,1001.7201,625.3264,-78.95949,997.2661,591.92365,262.45868,997.2171,604.66345,-71.28024,984.8624,587.3215,249.64668,981.39355,598.16296,-56.514893,634.0316,505.51126,155.5138,628.82263,527.7401,-155.47218,421.75888,512.1289,221.25763,408.29727,530.7946,-103.79474,227.71487,478.5333,323.28778,182.3851,516.9145,-41.798782,210.32082,471.8909,328.60226,143.16292,495.57205,-41.103645,207.67322,542.7906,262.35706,148.74886,582.6795,-154.00357
low_21.jpg,plank_low_hip,1000.2282,520.82855,-74.91538,1015.6218,509.46744,-58.859596,1015.7842,507.4213,-58.859795,1015.9645,505.34247,-58.890778,1016.1957,508.48404,-109.218155,1016.5917,505.91165,-109.252235,1016.939,503.2408,-109.28363,1008.22253,481.82693,46.81945,1007.4469,482.46716,-182.69159,982.30493,516.5868,-27.97427,982.4594,515.1752,-94.723495,888.265,455.45227,222.70583,904.81824,491.24402,-260.24066,828.82275,576.61676,286.9131,833.40704,620.5526,-257.31433,953.7777,595.80225,246.36731,960.3592,621.70807,-62.992252,995.8552,596.5244,253.5161,1001.9815,625.07324,-76.53051,997.80334,591.3474,255.36684,1000.1229,604.7724,-68.181046,986.11523,586.99744,243.92625,986.6171,598.685,-54.531918,633.91547,505.21167,155.19975,628.43054,527.88385,-155.14732,425.46844,515.34863,278.06534,404.33527,528.271,-123.83562,243.13382,498.9197,421.98352,181.05563,516.84,-94.50176,217.5637,484.4113,432.21585,141.70819,495.12805,-97.12549,227.16434,567.00824,380.35974,148.61667,582.217,-211.00533
low_22.jpg,plank_low_hip,998.2928,522.92175,-65.480415,1013.9586,510.3407,-48.601326,1014.267,507.96686,-48.57716,1014.5442,505.62833,-48.59783,1014.4053,509.9205,-102.16328,1014.87256,507.3539,-102.197464,1015.19867,504.80484,-102.22278,1007.3044,482.40283,59.102535,1006.38306,483.78732,-185.32578,981.39075,517.46387,-17.683985,981.41833,516.85583,-88.75961,886.7834,449.51923,233.70409,906.3229,489.72244,-266.32336,826.77155,571.0751,295.5475,834.0565,613.9302,-256.23758,952.81104,591.413,240.14825,957.9584,618.0227,-35.939415,989.6459,589.49146,245.2031,1003.50775,620.7144,-44.691414,997.10706,587.2719,246.76172,997.83746,600.2222,-35.962948,984.7175,583.5065,236.92717,982.0087,593.7516,-26.002157,632.8277,503.03745,161.37503,628.2572,527.5933,-161.35468,420.92712,515.6351,289.87967,404.14374,530.48425,-146.63068,241.90442,501.61536,436.53467,175.04178,518.33374,-136.2373,214.53682,487.06787,446.8739,134.40692,496.37445,-140.69734,228.2164,567.7884,397.10587,143.08566,583.41876,-255.53778
low_23.jpg,plank_low_hip,998.0686,524.2402,-71.577736,1013.9908,511.46597,-55.042076,1014.33466,508.89233,-55.02211,1014.6459,506.3921,-55.05041,1014.4142,511.33032,-107.97206,1014.9311,508.72043,-107.99896,1015.31244,506.1631,-108.02257,1007.636,483.14575,51.539284,1006.8753,485.2731,-189.87686,981.2532,518.2213,-24.296572,981.25085,517.93945,-94.47166,887.1669,449.7532,223.7486,906.4875,490.70422,-268.67358,826.20575,572.2256,284.8916,834.09717,615.34216,-258.14694,949.4624,588.6981,234.37256,957.71796,619.067,-41.714443,989.476,589.6673,240.03914,1003.73706,622.926,-52.05732,997.14246,586.24414,241.21733,997.85126,602.16736,-41.84555,984.7595,583.5159,231.10085,981.52954,595.0272,-31.562366,632.08276,503.68927,157.66814,628.3723,528.0648,-157.6464,419.45892,513.5191,262.96368,408.23685,528.3668,-118.185005,239.00024,490.48917,392.95822,184.96735,509.63425,-69.43459,206.8855,472.31018,401.76822,148.81447,486.93646,-69.14565,223.32199,553.36725,347.55328,145.31155,570.2671,-173.71217
low_24.jpg,plank_low_hip,999.9828,521.2928,-73.65786,1015.35425,508.99466,-57.21911,1015.60986,506.6629,-57.200924,1015.874,504.32053,-57.232018,1015.8481,508.60913,-109.66211,1016.301,506.15088,-109.685425,1016.6987,503.65857,-109.70996,1008.61847,480.89084,49.305668,1007.8817,483.09634,-189.56238,982.9422,516.47046,-26.338215,983.24896,515.9468,-95.77743,887.1351,448.79565,221.40997,907.18695,491.5227,-267.2219,826.1508,570.6295,285.14856,834.0056,615.85596,-256.1909,947.95483,587.9881,240.15794,960.40656,617.53784,-41.24601,988.33057,587.8649,246.75693,1002.1367,620.139,-51.74892,995.47473,583.6398,247.72896,1000.10754,600.10614,-41.975975,977.75525,578.90674,236.90453,981.63696,593.0803,-31.427303,632.24335,503.43695,156.1661,628.73645,528.55896,-156.17133,418.26938,512.0059,246.29605,408.3162,528.4555,-108.04584,234.3439,487.05994,365.00098,185.73483,509.23196,-45.86289,206.95026,476.42657,372.5076,150.49133,486.27298,-43.94461,222.6318,552.9959,315.03455,144.38611,569.92926,-145.44778
low_25.jpg,plank_low_hip,1000.3596,521.9558,-76.51605,1015.6735,509.78043,-59.65126,1015.9009,507.45914,-59.640423,1016.1504,505.06763,-59.679893,1016.2027,509.2291,-111.837166,1016.6426,506.69037,-111.85008,1017.023,504.0976,-111.86631,1008.9701,481.24393,47.98192,1008.2828,483.38452,-190.17911,983.0765,517.4218,-28.95195,983.3894,516.7165,-98.13575,887.1819,448.8232,217.48209,906.98315,491.88086,-267.65347,825.7435,570.41315,277.01093,833.61,616.55664,-254.0988,947.43054,588.6319,220.97644,959.59485,618.10736,-38.038883,988.3729,588.6415,223.89346,1000.7996,620.40814,-48.612637,995.25586,584.0989,224.89874,999.2243,600.5054,-40.121925,982.72925,580.11566,217.306,981.1068,593.85223,-28.810688,633.56177,503.04095,157.26712,629.7937,529.7289,-157.2833,419.0515,507.9254,242.65826,404.42383,529.12103,-114.00414,232.89731,488.84375,359.44504,183.95947,507.6354,-52.10966,200.34253,468.79056,366.4914,155.32425,485.90524,-49.52135,210.4816,553.17957,305.19885,136.32698,568.0132,-150.3171
low_26.jpg,plank_low_hip,1001.1679,522.0858,-68.66889,1016.3384,509.81403,-51.763832,1016.50684,507.44293,-51.743053,1016.67206,505.02722,-51.774605,1016.87933,509.40405,-104.462395,1017.2974,506.88803,-104.4757,1017.66187,504.32654,-104.49251,1009.16693,481.0296,55.417496,1008.61664,483.36566,-184.09534,983.60864,517.29974,-21.29116,983.6624,516.72894,-90.95682,886.8,447.50925,225.59573,907.31573,491.83606,-265.01407,826.24396,569.228,287.2424,835.1679,616.52136,-250.91455,952.65,590.4528,234.64801,961.4422,618.6406,-36.592567,990.07513,589.7112,238.23965,1001.8573,620.2371,-48.62516,997.0173,586.55975,237.83607,1000.1787,600.4766,-41.243896,985.00366,582.8104,230.25656,986.9099,594.7274,-27.85492,634.6795,502.01096,157.06204,630.429,529.3485,-157.08661,419.9548,514.5066,208.6853,406.78818,529.0069,-106.546814,221.63449,485.55533,302.0706,185.62393,509.31104,-35.649612,195.41153,478.77982,306.10013,161.6644,486.78024,-33.016598,210.21191,556.0964,237.4887,143.76767,571.69464,-135.6792
low_27.jpg,plank_low_hip,1003.0199,521.3586,-70.10433,1017.95013,509.20514,-53.193977,1018.07935,506.96368,-53.178192,1018.2889,504.6221,-53.216927,1018.41315,508.4085,-105.3808,1018.75354,505.8197,-105.39212,1019.11774,503.17395,-105.41232,1010.5893,481.2761,54.067616,1009.923,483.3301,-183.00641,985.40497,517.3272,-22.656704,985.34973,516.3757,-91.649536,887.7943,450.1411,226.86241,906.5935,492.6645,-263.3629,826.524,571.33765,295.46906,834.27985,619.3116,-250.45036,951.8729,591.08563,255.32062,960.26526,619.9856,-41.130768,990.37646,591.4371,261.2578,1001.0607,623.06744,-53.824936,996.94037,588.2614,260.98196,999.6103,603.43835,-46.116837,984.5685,584.08386,251.30507,982.1362,596.49994,-32.415863,634.4123,504.1831,156.64029,630.1385,530.07654,-156.66173,420.16443,508.4368,200.97348,407.26016,529.5082,-107.26352,215.94643,479.61957,292.8979,189.65912,515.0444,-33.150974,194.50452,476.48993,296.58533,167.31305,487.41446,-29.623428,192.68364,535.319,222.13753,142.61894,578.1939,-130.58875
low_28.jpg,plank_low_hip,1001.1432,519.18066,-77.74257,1016.4324,507.51266,-60.956364,1016.594,505.3981,-60.953087,1016.7827,503.21545,-60.98168,1016.98865,506.86615,-113.015205,1017.41327,504.46777,-113.04404,1017.78564,501.96848,-113.075226,1009.049,479.74612,48.010757,1008.8585,482.35147,-187.84294,983.6283,515.0429,-29.200983,983.9981,514.08,-97.85329,887.64166,449.5521,228.10498,906.43494,491.2935,-264.5899,826.1903,570.7189,312.02966,834.56213,619.1825,-268.7579,947.9973,587.8769,297.47382,961.94226,618.7193,-87.88974,990.042,589.9414,311.00092,1002.5825,622.1013,-105.23549,992.0812,584.25476,309.87057,1000.9552,602.15924,-93.938286,978.0783,579.72723,294.20972,987.3242,595.8129,-78.71316,633.77026,503.86426,153.97052,629.5503,529.74677,-153.90833,420.35538,508.80557,207.79604,409.8401,531.9293,-96.66423,224.375,484.06747,304.22528,196.07597,515.0907,-27.413244,195.80508,470.20883,308.6455,148.24124,497.41394,-26.365564,187.38858,521.21344,235.73499,155.93555,584.4277,-137.60547
low_29.jpg,plank_low_hip,993.7963,522.89404,-50.225456,1009.29443,512.351,-33.022987,1009.58386,510.47083,-33.01287,1010.0177,508.56863,-33.05134,1009.9177,510.8019,-86.760284,1010.5724,507.9682,-86.789,1011.2958,504.9744,-86.83221,1004.5629,486.27826,74.288795,1003.8935,483.30313,-169.84932,977.12805,518.11365,-2.76084,976.6236,516.45636,-73.73927,881.68646,446.85443,249.37782,905.1389,487.42368,-258.7508,826.031,572.10333,298.94406,834.3804,618.72736,-236.65038,947.12415,598.8631,222.55243,965.09094,620.8891,3.267163,988.52,604.6571,221.7355,1007.7478,626.01447,-3.496921,994.4618,593.9485,224.07358,1003.38306,604.8105,-0.6315794,981.53235,588.4394,218.22833,988.97797,597.7716,11.410514,637.5712,494.16803,161.63039,630.8892,521.1426,-161.63353,424.66284,510.42184,239.17584,407.8625,533.4201,-140.24747,240.60692,497.75818,348.6531,196.473,514.21643,-114.06122,211.1008,483.8177,354.28796,161.56308,493.90646,-116.92853,222.38507,559.05096,296.1872,185.81592,588.65753,-228.4305
low_3.jpg,plank_low_hip,997.35913,525.4446,-63.29357,1012.88873,511.43198,-47.023964,1013.23004,508.75467,-47.031303,1013.74695,506.0759,-47.0628,1013.4476,511.19727,-97.940834,1014.1172,508.4309,-97.95815,1014.9574,505.663,-97.98381,1007.6358,483.10645,53.54847,1007.6256,484.46494,-176.98358,980.82214,519.70764,-18.373964,980.8145,519.1537,-85.41175,887.6859,450.8764,224.37326,904.17847,492.3303,-256.6469,829.6148,572.13184,293.46896,828.037,619.7562,-247.76848,945.3906,602.6072,259.47275,946.2906,625.8648,-50.592087,985.70996,602.7627,268.65894,996.3054,629.08093,-64.23462,991.3617,593.6101,266.22195,990.9276,605.0462,-52.49642,977.9292,589.537,255.69504,973.728,598.68555,-40.731815,634.93933,502.05417,155.20499,628.8261,531.7952,-155.20792,424.59283,516.06555,251.27444,408.03796,532.36584,-123.2642,236.58928,486.63943,381.39584,184.95334,513.6714,-81.73725,204.38866,473.29092,389.36337,148.71219,489.167,-82.22157,205.49954,539.76965,331.53668,148.2066,573.6545,-184.08823
low_30.jpg,plank_low_hip,987.3172,525.81433,-61.919323,1003.6836,515.7529,-46.377872,1004.1334,513.61304,-46.418987,1004.7887,511.471,-46.453148,1004.5545,514.4445,-96.95782,1005.5133,511.4928,-97.013435,1006.5946,508.55746,-97.08335,999.8353,487.18564,60.197113,999.99255,486.35922,-169.09885,970.52075,518.6346,-14.496038,970.0223,517.41785,-81.44911,876.89746,447.38715,250.38759,900.5439,486.0318,-257.7876,822.6291,576.7775,313.0883,834.67584,619.4003,-253.70282,936.10693,596.8162,272.11035,962.9044,621.9498,-54.67882,981.6388,606.9064,280.89587,999.05884,628.0941,-66.6247,984.46344,594.7204,283.09406,997.41797,608.4144,-60.709007,971.1673,588.7166,269.39163,983.9267,601.7499,-46.908092,632.43555,483.33304,163.9634,630.82043,501.18628,-163.82953,428.5255,529.67584,288.2184,412.28815,526.7196,-191.17133,251.1749,510.13486,433.42688,184.70502,513.3525,-224.47867,219.22592,493.4711,442.75375,160.22293,489.54465,-235.14357,232.8009,577.877,396.4307,155.60703,583.846,-358.88507
low_31.jpg,plank_low_hip,984.09106,527.5188,-62.192513,1000.25354,518.76917,-46.51506,1000.6659,516.5782,-46.56912,1001.1138,514.39294,-46.60431,1001.07477,517.69354,-96.59965,1001.9428,514.7476,-96.652756,1002.8305,511.8483,-96.67518,997.3225,489.89685,59.389996,997.6078,488.97137,-168.97356,966.10657,518.2987,-15.295193,966.22284,516.9625,-81.94815,877.41516,440.41867,239.79218,895.8185,483.65802,-250.33968,821.3412,576.8566,287.83545,829.6522,617.78174,-247.57764,931.01105,593.75757,224.5409,952.8845,620.8228,-51.324955,972.9973,600.98126,227.46277,991.35144,626.81085,-64.63228,981.3264,591.7691,230.2873,990.29333,606.3974,-60.57327,969.12506,586.01056,221.5757,978.5521,599.80707,-44.65259,628.3648,455.88403,163.14055,625.00665,484.9264,-162.98186,429.98267,507.57657,310.8119,408.81213,513.14966,-178.72034,250.16899,520.9781,456.2166,195.47081,516.73553,-232.94345,224.03893,511.83304,466.12134,156.25562,501.4495,-246.70361,238.7471,598.35455,423.7085,170.40573,592.40906,-368.39026
low_32.jpg,plank_low_hip,972.31934,528.0109,-57.203373,990.43994,520.75836,-40.577904,990.9541,518.80536,-40.659767,991.58374,516.9039,-40.712936,991.29333,519.349,-92.40103,992.2041,516.50055,-92.46167,993.12634,513.71716,-92.495766,987.7493,492.54987,72.054344,987.7325,491.59647,-163.71896,953.354,517.3202,-7.495206,953.3439,515.7941,-76.65899,873.6713,439.58392,251.99457,888.6885,476.13382,-242.2593,824.2637,569.2579,306.57617,833.1488,609.812,-240.59738,933.39935,593.7859,252.88315,953.2787,615.4534,-36.543945,977.26135,601.1802,258.56876,989.0909,621.02875,-46.158524,982.58594,592.2629,265.2318,989.0982,601.10425,-43.59327,970.6727,587.4347,251.23456,976.72,595.6929,-30.108788,632.0788,436.03616,166.34901,629.44104,457.6899,-166.20297,429.4318,500.5511,246.67921,415.5989,506.57693,-194.34944,250.24982,513.27094,339.8169,201.95511,524.6308,-260.86276,210.13882,499.05194,343.83417,157.42775,509.16306,-276.36377,245.15686,586.0285,289.22406,179.26956,606.51416,-398.21487
low_33.jpg,plank_low_hip,963.0316,526.80304,-51.25845,980.7791,518.8309,-35.694145,981.01575,517.5114,-35.77614,981.3427,516.3148,-35.834614,982.03503,515.9293,-85.87375,982.8226,512.5568,-85.953415,983.5088,509.33432,-86.02296,976.7494,491.42078,71.15584,977.1831,485.18506,-157.08212,943.37213,516.19824,-3.5014727,943.5373,512.59717,-70.78222,861.89465,435.94763,256.24643,883.8634,474.0587,-240.89708,826.0749,569.4903,305.5823,836.28735,605.75104,-241.47125,938.7082,594.5229,260.13846,953.7888,614.8345,-35.580048,984.44086,603.093,270.13675,997.4082,623.17334,-46.32096,988.3075,595.54205,278.01974,998.22296,604.102,-38.38042,975.17725,590.11774,259.8019,983.75903,597.2308,-27.339329,627.57153,419.7367,175.2976,625.5724,431.93527,-175.17505,431.59064,492.1232,296.28406,414.09796,494.4406,-207.1556,254.30951,515.52496,421.33673,197.17404,520.3044,-293.61832,215.1754,493.021,429.56424,161.36185,507.74594,-311.3281,258.88843,582.4605,385.1294,212.63878,608.11395,-434.30618
low_34.jpg,plank_low_hip,944.3469,527.38416,0.26264086,964.1846,519.43726,15.013694,964.6907,517.7927,14.9146595,965.1738,516.31085,14.850077,964.6167,518.2266,-36.615505,965.1929,515.7327,-36.713184,965.68634,513.4046,-36.8008,960.39136,491.00217,107.385185,960.29083,491.46716,-125.9839,926.04254,516.14624,42.57793,925.78156,514.53235,-26.257542,856.798,433.47308,275.57147,874.6018,473.68588,-214.78197,831.422,566.58594,315.17215,837.5872,609.0955,-195.22926,940.95264,590.4801,250.14442,954.37714,612.2864,39.303326,980.50916,598.26434,256.37515,991.681,618.7095,33.061523,987.08795,591.43604,266.5295,991.2588,599.32935,39.05528,973.8424,585.1399,250.13077,978.28674,592.23486,47.74807,619.8722,401.21387,171.42871,616.97595,414.14847,-171.35535,432.0021,474.78156,271.1151,413.69116,485.4117,-186.1519,252.60791,508.22955,386.13113,203.03299,531.02435,-263.00436,208.24588,492.77963,392.95956,160.57224,515.1311,-279.56335,261.55548,578.0383,345.09113,219.50848,613.0407,-398.41992
low_35.jpg,plank_low_hip,933.40845,525.57745,-20.033052,953.79486,516.7903,-4.529315,954.0532,515.4411,-4.672496,954.2645,514.19324,-4.7718844,954.25464,514.08594,-55.311348,954.51855,510.82486,-55.394783,954.5956,507.7874,-55.422592,948.8773,489.25217,91.32062,948.80896,484.91962,-139.84142,914.36084,517.17175,23.29789,913.7457,514.1793,-44.923386,848.95825,431.49014,249.84827,863.14667,469.94327,-223.61887,828.44965,566.3124,291.02188,836.5323,610.9281,-213.52332,939.41956,588.932,205.22049,954.046,608.9049,30.9295,978.6014,597.52405,207.12839,985.466,615.5539,20.036161,979.9924,591.0737,213.7468,985.4227,598.4025,27.573519,967.1658,586.8634,202.93835,973.0612,591.9667,39.12629,611.4828,382.89368,160.87776,611.09357,394.7995,-160.84506,422.9033,464.08893,205.68611,415.44724,466.20547,-109.79758,228.90701,499.89227,278.8666,217.23122,527.9641,-80.412796,192.86319,482.3969,280.7667,180.21904,517.9186,-84.63388,216.57127,570.96747,210.09875,233.25699,602.8124,-192.75903
low_36.jpg,plank_low_hip,915.2699,523.72754,-11.970449,934.1443,516.7011,0.9093592,934.30176,514.9037,0.74243397,934.4727,513.30475,0.63148564,934.86237,514.65967,-48.487812,935.3189,511.38498,-48.60708,935.75635,508.3786,-48.66341,930.8513,488.2002,81.597984,932.8854,486.54147,-145.00346,899.89575,514.54083,26.215956,900.465,512.6532,-40.866013,841.38257,433.62823,223.59131,853.92847,465.37106,-222.10928,827.33093,568.43744,297.3276,830.8308,609.42926,-237.9972,930.70953,588.9879,222.79459,947.71313,607.94415,-15.437436,975.38635,597.35004,227.1409,980.3827,614.2691,-27.170082,977.16504,593.2446,230.07742,983.2429,601.17505,-17.908848,962.7994,588.20715,219.9186,971.2849,596.1156,-6.403678,600.52057,364.5556,154.31631,596.1278,378.5693,-154.18748,423.2019,453.36172,270.62308,397.1985,456.3768,-78.91493,237.48207,515.2305,406.4414,202.35153,530.1478,-40.465717,201.47305,501.50732,416.45282,168.24872,521.0145,-43.14945,242.81815,582.1746,366.99347,217.46773,606.4312,-143.67146
low_37.jpg,plank_low_hip,908.40875,523.07227,-12.996714,926.1896,516.741,-0.56099117,926.43384,515.4283,-0.75081813,926.6675,514.4065,-0.8692503,926.7878,513.97723,-49.420017,927.3662,510.52582,-49.544594,927.95264,507.34692,-49.6128,923.8209,491.048,83.08407,926.1665,483.9947,-140.84818,893.0303,515.31555,26.761778,893.49365,512.8397,-39.704865,836.31274,435.48856,235.58112,850.03534,464.64297,-219.70833,823.7108,566.5444,315.11023,832.1228,603.5862,-239.71005,925.7073,594.5602,248.33076,948.04114,613.7244,-37.208782,972.83936,600.803,258.09308,984.5675,619.3907,-52.547256,975.6442,594.0637,259.62097,987.98956,604.99896,-40.973324,958.8642,590.1418,246.0359,975.8359,599.90125,-27.767471,596.21857,353.7599,156.29031,591.57007,361.77374,-156.15953,411.70007,446.0779,256.30167,398.29443,448.368,-97.72625,226.98181,504.07504,383.1812,209.47395,530.5161,-72.422935,189.07855,489.9669,391.87665,173.49869,524.59204,-76.32007,229.43967,569.9432,336.88367,210.17548,608.99896,-180.33954
low_38.jpg,plank_low_hip,904.97314,521.2388,-1.8958335,922.422,514.0467,10.54525,922.77924,511.9127,10.335273,923.2141,510.05478,10.203322,922.3236,513.21954,-35.80525,922.6685,510.2573,-35.969433,923.27075,507.456,-36.081635,917.8149,485.16748,89.12586,920.0116,483.1163,-122.308876,889.746,511.11334,35.796036,889.9364,510.41052,-27.264042,833.24243,438.39044,229.44803,844.8423,466.90256,-203.18427,827.0794,573.3154,315.0153,833.0024,603.5711,-237.24173,933.6293,602.122,261.76938,952.5636,617.11975,-71.9836,976.3616,610.2455,274.23947,987.14905,623.1523,-100.29042,980.86194,599.7638,265.23825,992.0265,606.8155,-79.6564,970.8501,594.68164,256.19452,980.6743,600.6264,-61.191822,591.8288,340.32205,149.82173,581.60345,348.44003,-149.59593,412.59302,432.805,214.78416,396.18332,442.64603,-58.178947,237.9295,512.87085,327.67978,206.49677,529.14465,20.370913,199.33499,499.01077,335.36304,172.61716,526.8736,21.99112,239.5625,573.4853,277.04492,212.78445,604.3509,-74.462135
low_39.jpg,plank_low_hip,900.84753,519.3364,1.7531149,918.0939,511.01102,13.976327,918.3989,508.75638,13.760863,918.8514,506.73856,13.610769,918.14825,510.17145,-32.82668,918.4569,507.11124,-33.015392,919.0967,504.09882,-33.159927,913.3119,482.36697,90.741776,915.34534,479.30023,-122.05863,885.00867,510.0856,38.9408,885.11,509.5272,-24.614273,827.42505,436.97113,232.33095,838.2096,466.92603,-202.8288,821.61346,569.46466,335.56403,829.33936,605.45825,-242.04277,923.89734,598.8244,318.01248,949.8064,617.5423,-97.01161,970.7569,604.4724,339.3097,986.43616,623.55176,-127.484634,972.9231,598.027,330.63,989.4575,607.51715,-103.26125,957.7679,592.3006,314.43796,976.87225,601.43176,-85.09885,586.8611,334.814,147.66919,576.16656,346.92654,-147.31828,407.8708,436.91635,240.25513,387.39496,443.46634,-54.149574,243.47424,522.30176,383.13916,196.9072,533.14954,16.099543,201.85799,517.9673,395.86154,153.71536,535.8474,17.451656,254.69307,591.4595,352.06055,210.52884,615.59924,-74.736435
low_4.jpg,plank_low_hip,997.4576,525.0461,-71.603874,1012.89026,511.24182,-55.44161,1013.194,508.6182,-55.451073,1013.6664,505.97546,-55.48067,1013.4276,511.0562,-105.63052,1014.0437,508.3878,-105.65444,1014.82336,505.69913,-105.67028,1007.4051,482.82547,46.108803,1007.2555,484.09763,-181.88203,980.55347,519.78406,-26.375572,980.6479,519.2097,-92.63016,888.7066,452.14795,216.70126,904.52014,491.37527,-259.1551,833.9786,573.9896,287.49747,828.02356,618.61414,-254.49673,947.3782,600.9035,254.91946,947.27356,623.3505,-62.558746,985.4596,602.00116,264.63132,994.4586,626.8742,-76.73506,991.3164,592.8301,261.86215,989.4839,603.11475,-64.689995,978.58057,588.8911,251.27168,973.0555,597.0212,-52.843407,634.83813,504.13855,155.22906,627.0748,533.2274,-155.20169,425.84192,515.22784,280.3238,407.93564,533.7782,-126.28155,249.91275,489.45285,427.24597,187.09317,513.85754,-94.1185,219.28561,479.50424,437.46228,150.78152,489.64566,-95.45594,220.6575,542.41516,387.17862,151.66855,574.3397,-198.23996
low_40.jpg,plank_low_hip,899.6233,517.6844,6.1835823,916.8229,509.21652,18.740541,917.3225,506.8531,18.532328,917.9607,504.65543,18.404905,916.3152,508.44693,-28.259155,916.5161,505.33368,-28.457315,917.08405,502.2176,-28.59623,911.34863,479.7265,94.57399,912.9414,477.59647,-118.86977,883.3422,507.7748,42.783234,883.3773,507.28336,-21.023397,825.2546,435.7723,231.91269,836.3013,465.729,-202.20944,831.3937,568.2036,327.6458,835.73596,602.5541,-241.79358,928.555,595.74585,291.06885,957.4254,619.83386,-97.859634,974.0657,601.48315,308.22696,994.43567,626.65906,-132.01894,982.4724,596.33044,293.81723,997.0967,609.81683,-105.58998,967.24976,591.0888,284.34677,984.38586,603.3073,-85.710724,584.6786,329.64313,148.18759,575.72723,339.312,-147.84094,406.56683,433.48935,218.65167,390.72006,439.33737,-50.10944,240.8799,517.74786,342.65485,194.907,530.94434,28.104553,195.32066,509.55432,352.906,149.6922,530.6633,29.928776,259.30374,586.3992,305.60593,217.86685,612.0256,-61.097427
low_41.jpg,plank_low_hip,898.0377,517.7425,7.2543807,914.88025,508.89847,20.175611,915.27234,506.57968,19.97454,915.75354,504.4167,19.84277,914.5532,507.99768,-26.48754,914.76245,504.9815,-26.665533,915.2819,501.9595,-26.798615,909.2367,479.65973,98.402054,911.4104,477.83472,-113.3735,882.38586,507.37747,44.541283,882.3193,506.7298,-18.791597,825.0525,434.5658,239.3901,836.14197,464.7014,-196.2572,827.439,568.4111,336.6617,833.68396,602.0995,-233.24953,922.69165,597.7173,303.71844,950.86926,619.05695,-79.226875,969.09656,601.76794,321.68137,988.76196,625.5095,-110.87615,976.9447,596.6109,310.31183,991.46826,608.65485,-83.88197,960.562,591.8106,298.21216,977.92896,602.41034,-66.78178,582.6918,326.3542,146.9918,576.59314,338.7509,-146.72575,401.4887,429.8287,212.10306,388.96487,440.91885,-60.477287,226.74075,503.42178,326.4298,190.86136,529.3769,11.915975,190.53093,494.99417,335.12054,133.90363,525.4631,13.623038,243.10214,573.14374,285.84674,181.57707,609.6501,-75.68496
low_42.jpg,plank_low_hip,898.813,515.6273,11.986042,915.0996,507.01947,24.613264,915.34576,504.95328,24.404943,915.7001,503.05194,24.26559,914.99084,505.6606,-22.104246,915.1936,502.5199,-22.290049,915.69324,499.38373,-22.44274,909.2456,479.68707,101.702576,911.475,475.9193,-110.17128,882.4812,505.89835,49.027054,882.40674,504.80487,-14.422179,826.19556,435.18695,245.89597,836.6393,467.95282,-195.89638,827.9422,570.4623,340.4938,833.0115,606.13745,-224.83469,926.1494,601.77576,305.8848,951.3297,620.9202,-65.88681,967.41284,607.2413,324.56287,987.9998,627.4758,-95.04431,976.33167,600.25934,314.31738,991.12366,611.0372,-68.71891,961.57214,595.73456,301.21442,978.09753,604.9923,-52.880264,584.34143,328.51764,148.70192,577.53625,339.12766,-148.41196,400.99054,436.5984,236.15202,386.79916,443.67493,-76.751625,228.52191,510.06973,379.20667,163.78879,531.6034,-31.647327,189.55142,492.2099,391.2166,119.79408,533.195,-33.03945,232.3222,580.5843,349.39264,187.78857,612.4124,-127.64474
low_43.jpg,plank_low_hip,895.7435,518.6436,3.9529848,912.66736,509.2185,16.735989,913.14056,506.895,16.527884,913.66626,504.7156,16.405088,912.29,508.2321,-29.791996,912.5772,505.11584,-29.986956,913.16614,501.9589,-30.14739,907.3367,480.28244,93.39583,909.4232,477.44577,-117.62326,880.48944,508.91217,40.749226,880.40924,508.0231,-22.31907,822.3868,436.4213,231.03067,833.8331,462.76947,-199.54626,826.0379,568.46295,320.1604,832.6736,601.626,-242.87225,922.0387,593.37646,271.80743,949.7647,617.85876,-106.38824,969.20624,598.54706,286.55124,989.8635,624.10284,-142.03291,971.68286,591.66907,272.2248,989.89386,606.0352,-114.307594,961.39777,588.0085,264.68082,976.5966,599.8766,-94.18456,582.64044,328.074,148.67358,576.1295,337.4081,-148.35777,407.13165,431.45615,227.20401,388.79816,437.15216,-55.65718,238.59143,510.8419,370.12604,192.81212,529.27985,17.8864,206.24481,495.98538,382.3025,146.61201,525.87115,18.664465,253.21571,583.52747,338.50726,209.11583,612.76874,-77.98995
low_44.jpg,plank_low_hip,898.9009,514.1078,6.010561,915.95306,505.44293,19.228903,916.2829,503.3013,19.027445,916.61926,501.3377,18.913189,915.88025,504.1559,-28.204546,916.27924,500.99445,-28.384678,916.9174,497.8606,-28.518196,910.11835,477.7002,99.30146,912.8357,474.3244,-116.34041,882.74603,504.99115,44.094997,882.96643,504.06226,-20.341396,821.4386,436.91425,242.76091,834.20386,463.83588,-200.95456,827.2931,569.48346,319.43912,836.0602,605.06055,-240.73036,929.6482,597.8887,265.72437,957.3758,622.33984,-89.05143,975.58936,604.34326,280.63504,996.79504,629.14966,-122.59021,978.2962,596.1368,270.94873,995.3912,610.52893,-95.10521,968.4496,591.53204,260.395,982.93915,604.3994,-76.290726,582.89874,328.11218,150.75325,576.412,339.68356,-150.42157,401.74524,434.14148,201.68375,386.28638,444.18454,-75.19396,222.5779,507.4337,312.781,191.69861,528.7648,-7.3812766,178.52776,498.13312,320.62048,146.67926,527.21216,-6.866789,226.70856,571.78015,265.36365,210.89478,611.5825,-102.995026
low_45.jpg,plank_low_hip,902.834,510.8288,15.183712,919.7229,502.51636,26.782963,919.7285,500.5347,26.587212,919.7656,498.80008,26.467525,919.74493,501.31345,-18.382063,919.84186,498.2847,-18.564005,920.1819,495.36063,-18.709455,911.69543,476.64194,99.47827,914.05707,472.6032,-106.28975,886.0781,502.4439,50.81612,886.13556,501.81238,-10.71918,824.4684,434.3228,237.78586,834.80597,465.94485,-185.83878,826.96216,566.7086,327.9564,834.1629,602.41583,-219.21065,930.9154,593.85724,297.03952,954.48413,617.8065,-78.99386,975.33905,599.9519,315.54437,990.8729,623.0021,-112.79059,977.89685,592.25854,302.35956,994.8225,606.51184,-84.71033,962.5658,586.90906,291.59167,982.3529,601.11993,-66.32854,585.8187,325.5073,144.29228,577.6834,341.53656,-144.00854,409.73022,433.17657,221.63374,393.8004,445.51874,-61.40282,238.27583,513.94366,364.4601,189.75204,523.73456,8.56992,185.15343,501.83606,376.48615,155.50717,523.79663,9.390719,243.85074,573.2267,333.14154,210.13928,604.26215,-82.920715
low_46.jpg,plank_low_hip,903.3245,510.28043,8.722739,920.10187,502.06842,20.59206,920.09436,500.11438,20.399048,920.025,498.40146,20.285034,920.1897,500.84195,-24.852928,920.3285,497.80746,-25.03685,920.6941,494.91257,-25.172722,912.27423,476.51422,94.77592,914.90906,472.1577,-112.29152,886.72363,501.8222,44.89414,886.88477,501.1702,-16.973186,824.73303,434.4702,233.97311,834.82355,465.06036,-192.02689,825.89636,566.0799,330.10376,834.4384,600.308,-230.90285,929.2545,593.4627,302.39536,953.1738,617.17444,-96.04158,974.8967,599.93744,321.5485,990.12585,622.7962,-131.914,977.51917,592.6057,306.71826,994.5529,606.6271,-104.28212,961.80786,586.96655,296.20502,981.7752,600.97845,-83.97667,584.5821,326.41504,145.89293,576.92926,341.1838,-145.60687,407.7237,434.45667,215.9524,392.49496,444.48447,-51.332912,233.15399,510.64273,346.92365,197.80327,526.6147,32.691444,198.40457,503.45865,357.56943,159.20566,523.16705,35.073135,244.7831,576.7961,308.39703,213.27472,606.9509,-55.721138
low_47.jpg,plank_low_hip,904.1088,510.91104,10.859966,920.78296,502.52902,22.913616,920.7438,500.5956,22.713354,920.73926,498.92258,22.595861,920.94696,501.13397,-23.317087,921.1099,498.03564,-23.497475,921.5155,495.06412,-23.643124,912.80206,476.98175,98.36562,915.7431,472.5242,-112.17704,887.3319,502.3918,47.523476,887.45874,501.68347,-15.423993,825.0835,434.8528,241.38014,836.0803,465.1904,-193.61139,827.2942,567.1156,329.97766,835.89343,601.1718,-226.17674,931.49664,594.6241,293.39413,957.2458,617.32324,-74.98582,977.06177,600.5659,311.78226,993.6012,621.91437,-106.486786,979.5807,592.99133,300.24127,996.90234,605.9683,-79.65097,969.25037,589.70386,288.2112,984.52545,600.4612,-62.258636,587.8313,328.95737,147.83087,580.2846,340.9788,-147.56377,408.0155,436.7456,224.70563,394.14032,443.72183,-73.391815,229.58377,506.96075,361.4289,188.57205,525.19714,-9.925934,182.39265,496.04807,372.2155,135.07446,525.5316,-9.737649,240.68443,572.6429,325.8753,199.98828,598.7982,-105.174065
low_48.jpg,plank_low_hip,904.3263,510.49777,8.706104,921.6206,501.9684,20.593246,921.678,499.67032,20.404795,921.80145,497.60883,20.294344,921.4087,501.70355,-25.283022,921.43176,499.08408,-25.461899,921.7325,496.55002,-25.597532,914.3242,475.57693,95.91457,916.01306,473.95178,-113.26523,887.3988,501.27573,45.575638,887.3186,501.43695,-16.831858,824.71313,434.95148,241.59569,838.0413,464.76236,-198.9247,823.3324,567.62836,333.68384,834.3061,601.5155,-231.0385,919.96027,594.1368,289.3818,948.4166,615.88385,-79.078156,962.83386,601.8828,306.6727,983.3661,621.67053,-110.89365,971.8285,594.8995,291.56192,987.567,606.0247,-87.7449,956.2564,587.8448,282.50922,976.41144,599.8036,-67.57453,587.466,326.7535,152.98622,582.92645,341.8728,-152.7545,410.62653,428.47946,225.36844,394.277,443.44626,-61.06685,232.38406,510.09488,350.55945,201.17004,527.836,17.346718,199.34769,500.00916,360.28845,162.18335,521.68536,18.762705,246.016,578.6603,311.17914,215.49542,611.262,-73.888535
low_49.jpg,plank_low_hip,905.53455,511.81003,10.220681,922.2922,502.956,22.133158,922.25476,500.7089,21.937744,922.28485,498.68683,21.818268,922.44385,502.02945,-24.406261,922.5891,498.96118,-24.592611,923.02747,495.98477,-24.736477,914.41156,475.94577,97.69452,917.50146,473.17084,-114.27372,888.3881,502.85184,47.04541,888.48846,502.65085,-16.25724,823.6346,434.5891,240.19128,837.85156,465.6253,-195.6301,827.0687,566.5549,336.9914,835.96814,603.00665,-231.2399,926.5091,593.74194,310.36646,954.23035,617.1981,-85.83302,973.77655,598.8077,330.9091,991.421,622.5548,-117.95961,975.73535,592.7476,318.29828,995.25525,607.0086,-91.68465,959.46826,587.7871,305.07532,981.87634,601.2781,-73.453384,586.21436,329.5669,147.88187,580.4305,343.29315,-147.55742,409.7737,434.73468,223.78317,393.7539,445.07376,-56.653675,239.95422,514.1244,356.2581,201.12534,524.4613,19.956715,203.19705,502.03143,367.21786,162.9112,522.3019,21.653782,241.38702,582.21173,320.84103,213.38101,606.2876,-70.67636
low_5.jpg,plank_low_hip,997.60913,524.94794,-70.9682,1013.02466,511.40143,-54.143967,1013.3115,508.88733,-54.14698,1013.7665,506.35278,-54.178204,1013.55115,510.87137,-104.91283,1014.12994,508.08588,-104.92856,1014.8663,505.281,-104.96369,1007.50806,483.17438,50.46067,1007.09656,483.29068,-179.63707,980.728,519.66327,-24.726921,980.56024,518.77454,-91.62134,889.4734,457.3214,220.7129,903.6654,490.26132,-258.28552,831.35895,575.8042,279.6503,828.3966,617.40753,-252.94946,947.0263,602.8612,228.2915,945.9716,623.59564,-60.775948,985.50995,603.5152,233.49225,994.35657,627.80597,-75.60247,991.48425,594.01886,232.16653,989.60864,603.76636,-65.25714,978.6475,590.08203,224.06816,973.0663,597.3416,-51.671333,635.8327,506.2788,155.24843,628.61914,532.8808,-155.24216,425.83038,514.68494,219.8023,408.3374,535.21625,-101.61084,229.259,484.4977,323.21597,188.74039,520.02606,-33.273453,203.23117,472.01767,328.22504,152.27989,496.66852,-31.021566,195.25089,538.3163,260.87817,150.97607,583.43396,-135.08498
low_50.jpg,plank_low_hip,907.3355,512.1185,16.25604,924.00604,502.6393,28.124924,923.9743,500.42062,27.924232,924.0503,498.41888,27.802498,923.947,501.96408,-17.9569,923.8776,499.10254,-18.134237,924.1293,496.3466,-18.270674,915.84894,476.14896,102.07951,918.24133,473.93396,-107.63787,890.15106,504.38574,52.42939,890.0216,504.3064,-10.235378,824.67175,433.3037,242.1387,838.0613,467.61487,-191.3565,825.26025,566.30255,327.4154,834.0103,606.03467,-222.56422,924.53625,595.60815,283.5848,949.9208,619.31995,-78.21275,968.9691,603.0771,300.01447,987.42566,625.05707,-111.270386,971.561,595.8008,287.07065,990.3516,610.19934,-86.16642,956.48315,590.5588,277.698,977.2684,603.9697,-66.26227,585.63635,328.5532,147.32831,578.6221,343.98184,-147.04434,405.51752,437.1521,213.08621,390.32025,447.0004,-54.008274,231.41461,516.69666,334.56494,195.88504,527.9339,21.504995,196.6301,512.313,344.54828,159.52614,527.4987,22.986477,247.73636,588.4998,296.3555,214.65904,616.91016,-68.058304
low_51.jpg,plank_low_hip,909.181,513.35895,1.9893014,925.95935,503.66614,14.129974,925.9421,501.3859,13.918042,926.0405,499.3018,13.776379,925.67596,502.98145,-30.87896,925.51056,500.06195,-31.051376,925.67395,497.24603,-31.175585,917.7231,476.33658,89.44248,919.436,475.46323,-115.83291,891.9719,505.3081,38.645584,891.51733,505.02194,-22.500114,828.022,433.57144,233.34734,839.348,468.64542,-199.22118,821.9276,567.37134,316.44833,828.3696,604.28796,-217.03763,913.27203,593.8717,268.58502,937.92267,614.621,-47.61135,956.3874,600.6685,283.34518,976.0101,619.5433,-74.55039,959.32556,591.6244,273.43634,976.09186,601.60254,-55.430416,948.2373,586.8489,263.5598,963.7422,595.73364,-36.98146,589.1409,330.71365,151.32393,581.6314,346.3805,-151.12901,415.42145,430.19492,243.04846,397.3687,445.1268,-63.342384,238.07213,511.57074,378.29822,203.50406,523.94714,1.604231,204.1409,503.0868,389.3422,168.93066,521.9516,1.9235997,245.94318,583.5329,342.5201,216.38629,609.47394,-90.841644
low_52.jpg,plank_low_hip,909.0686,507.6742,8.937755,926.0084,499.48492,20.706654,925.9976,497.46832,20.497784,926.0645,495.71973,20.351093,925.8438,498.4259,-23.825188,925.75146,495.47012,-24.000015,925.93604,492.69537,-24.142906,918.1198,474.64648,94.43981,920.0831,471.2564,-108.19633,891.1624,499.95398,44.952354,890.99915,499.32715,-15.609587,827.0729,432.555,237.4868,839.54553,468.98145,-189.61523,823.7519,565.1148,330.90134,832.6004,604.5631,-214.82819,916.8769,593.5094,301.57608,944.32336,617.4006,-68.79766,961.2312,602.10736,319.95538,982.34344,624.0617,-100.99504,969.73047,596.54877,307.27155,986.0017,609.36005,-76.25748,953.8545,590.2373,296.30655,973.3458,602.8065,-57.282402,587.4245,329.64966,147.39325,581.11804,345.79993,-147.17061,410.4499,439.33817,243.79034,394.9698,448.20795,-61.27128,237.13199,518.8092,391.8832,194.77756,530.5476,-0.37156716,202.20395,506.8334,404.7837,160.02927,528.2668,-0.3735387,242.2362,585.6529,362.4165,211.49345,616.76373,-91.37085
low_53.jpg,plank_low_hip,912.05066,513.6603,12.585064,928.09204,504.28302,23.947695,928.0374,501.8286,23.753492,928.0919,499.64105,23.631569,927.9431,504.3093,-21.337856,927.8164,501.68362,-21.512634,928.04736,499.1984,-21.637203,919.7495,476.47525,98.56689,922.07153,476.07794,-108.121704,895.33264,505.002,49.03453,895.44604,505.49356,-12.656921,827.53235,434.44547,239.42416,841.293,465.1964,-186.52579,823.8208,567.9708,344.47156,836.0571,599.3968,-217.70662,920.87146,593.0613,322.5902,952.1344,612.4183,-66.78424,966.3264,602.30164,341.9563,986.9034,618.93036,-97.1379,974.3285,594.3145,328.23422,988.6233,602.1996,-73.49092,957.74585,586.47723,316.85123,977.35016,596.1437,-55.384846,586.28,331.4698,146.68509,581.8251,347.08923,-146.44278,409.93842,432.67795,231.82434,393.57773,447.87714,-52.25856,234.34608,510.0026,363.29434,203.56702,528.9348,20.91333,199.40178,502.47302,374.00305,162.10533,525.7888,22.241543,248.45462,580.49194,325.58304,216.98224,613.692,-66.93739
low_54.jpg,plank_low_hip,912.93854,512.75134,8.337488,928.899,502.40173,20.247814,928.82947,499.74115,20.051115,928.8516,497.37143,19.930882,928.77673,503.04,-24.606812,928.6389,500.69955,-24.76294,928.80725,498.57712,-24.87498,920.5433,475.42352,96.17324,922.71545,478.24585,-108.75653,896.35925,503.75885,45.21379,896.50037,504.87323,-15.860433,830.02136,432.9097,241.21193,842.9135,467.1922,-191.39711,823.9679,567.95795,319.83734,831.7868,601.9172,-211.0739,918.3439,593.8275,261.16946,944.64386,614.0279,-49.559803,962.1274,603.33856,274.3955,980.9494,621.2995,-77.53859,969.9706,596.0361,263.66125,981.7011,603.7039,-58.106876,953.7027,588.43115,255.61954,970.03723,596.8626,-39.04368,589.8132,333.22647,151.60153,583.9836,348.9881,-151.4472,412.51892,431.3416,222.43127,399.1479,448.4086,-68.27609,227.06577,504.4151,336.98572,206.17805,528.3172,-5.617575,193.0824,495.09326,344.922,167.85678,526.725,-5.5914936,204.90771,571.22046,290.81454,215.45868,610.8588,-96.564224
low_55.jpg,plank_low_hip,911.8568,510.2903,8.815929,928.66797,501.65155,21.074371,928.67566,499.45926,20.878088,928.80316,497.5487,20.761213,928.4044,500.98273,-24.926718,928.244,498.1443,-25.092934,928.40295,495.49356,-25.219093,920.77893,475.52725,97.09076,922.5561,473.887,-112.78774,894.05365,502.02963,45.79734,893.66187,501.7174,-16.734646,829.1981,432.73105,242.38611,842.79736,467.75656,-199.49905,825.0928,566.9757,323.5466,832.0657,604.06213,-218.07361,918.61725,595.5186,265.75455,943.2759,616.5789,-48.950188,961.9941,603.497,278.93243,980.4591,622.7591,-75.94114,969.2975,596.5519,268.43704,984.4579,607.04834,-57.102898,953.4598,589.819,260.23053,972.19696,600.25287,-38.025555,589.0376,333.47763,153.56761,583.91766,349.91547,-153.37119,409.47433,432.89008,233.73846,394.87183,449.91837,-64.92432,233.21704,508.4835,361.76392,198.92911,526.41876,1.3386606,193.64136,498.64905,371.68732,160.8122,522.37366,1.602145,212.25739,577.35675,324.03305,213.42258,611.99207,-90.24588
low_56.jpg,plank_low_hip,911.8529,508.86166,8.63196,928.95386,500.69833,20.66232,929.00604,498.45435,20.460495,929.14966,496.5101,20.328293,928.6152,500.21143,-24.056969,928.46,497.45853,-24.209908,928.6133,494.9271,-24.324085,921.27655,474.5111,96.43303,923.1334,473.6059,-107.68451,894.3326,500.3307,45.49872,894.2352,500.1467,-15.342666,830.8341,430.46365,241.60262,843.5558,466.5731,-190.75626,823.0871,566.46643,321.50192,830.00586,602.7658,-207.50815,914.6939,595.46405,266.46732,940.71484,615.32996,-43.31915,958.3838,603.62964,279.90155,978.0475,621.9568,-70.23173,960.9079,594.91095,269.87997,978.95355,604.6734,-51.616024,950.2442,589.7328,261.30557,969.75964,599.0587,-32.91272,591.12427,332.68433,150.03783,585.9768,350.10883,-149.89043,414.7704,430.0138,233.08798,400.30942,450.17334,-68.78509,226.64539,500.6552,363.519,197.99873,525.795,-8.086206,195.2877,488.91623,373.52875,159.56871,524.4148,-8.197908,206.23901,568.35767,323.2995,208.54266,606.6914,-100.06356
low_57.jpg,plank_low_hip,910.97626,509.16205,14.145274,928.20154,500.4803,26.2416,928.26935,498.28522,26.019875,928.42194,496.39044,25.861393,927.955,499.90796,-18.046276,927.8943,497.1341,-18.209145,928.1382,494.57587,-18.33574,920.45056,475.1256,100.446304,922.5461,473.86972,-101.58172,893.94684,500.81747,50.230145,893.6201,500.58847,-10.025397,831.2128,431.3587,239.212,843.02246,466.35547,-183.97983,824.2173,567.2589,311.6908,831.33514,604.58374,-197.60385,914.3479,595.2109,250.7362,939.24896,615.6279,-32.89307,959.2371,602.5506,261.55676,978.27747,621.72156,-60.38765,962.04865,594.0406,251.66618,981.34094,605.7278,-41.32517,950.1624,589.8027,245.42398,968.75073,598.99023,-22.583973,591.59406,333.4074,147.15393,584.2071,350.4245,-146.97142,415.66376,439.35095,234.47792,398.79333,452.06573,-63.961044,237.07275,518.52997,368.02002,192.7916,534.54895,-8.982042,202.53693,513.3847,378.9203,153.6824,532.95135,-9.745956,244.08246,584.797,332.67712,203.54861,613.53357,-101.84772
low_58.jpg,plank_low_hip,910.14734,508.20184,9.658876,927.68805,499.5585,22.163586,927.77124,497.3666,21.948805,927.89484,495.48532,21.805353,927.46124,499.06314,-23.17504,927.4287,496.3618,-23.329758,927.6676,493.87756,-23.449875,920.0638,474.5644,98.48331,922.1321,473.05377,-108.14391,893.2473,499.93466,46.539597,892.9542,499.8548,-15.056108,829.9564,431.58875,239.95755,842.6665,465.121,-192.23982,824.1633,567.37354,302.71674,830.86597,604.1656,-209.7373,915.2286,596.5207,226.80972,939.53644,616.0362,-45.407272,959.52057,603.5298,235.96399,977.66455,622.1555,-73.434746,966.10364,596.4327,227.08575,980.6139,606.02356,-54.37274,950.55615,590.8372,221.35022,968.35364,599.36865,-34.98552,591.4834,336.1571,149.5669,583.25024,350.40292,-149.36353,412.02496,440.22516,216.50024,396.2082,452.34872,-67.1486,233.06165,514.6714,335.86624,192.59521,531.7187,-3.1135068,193.64426,505.83154,344.60706,156.39671,529.7459,-2.9779968,238.26729,576.4568,291.53427,207.75864,607.98553,-97.01326
low_59.jpg,plank_low_hip,911.5199,509.34995,8.625064,928.33606,500.37344,21.340378,928.3825,498.27374,21.125523,928.49756,496.4762,20.984404,928.1531,499.47632,-24.141598,928.0989,496.57092,-24.29877,928.3289,493.8554,-24.416025,920.5438,475.66223,98.51726,922.70135,472.76547,-108.58145,894.45245,501.25372,45.698845,894.0709,500.77808,-16.050444,830.37463,432.40067,239.42764,843.26074,464.7329,-191.24124,824.36304,567.30524,303.428,830.5896,604.4838,-209.54521,915.1616,597.21545,231.54039,939.8369,616.954,-48.37744,959.5696,603.8227,241.41135,978.1063,622.9715,-77.754166,966.18884,596.7287,231.72426,980.83997,606.76587,-57.39531,950.4907,591.299,225.85486,968.5064,600.1151,-37.885124,591.1079,336.6708,149.06323,583.4248,350.60693,-148.84583,412.76782,440.35065,213.73245,397.45276,452.0784,-66.62739,233.63354,515.5947,330.32812,193.91426,531.22784,-4.0436177,193.68533,505.95792,338.69662,157.87231,529.3578,-4.255618,238.76068,576.598,283.39755,207.63771,607.57117,-99.87319
low_6.jpg,plank_low_hip,999.3446,521.8013,-81.43611,1014.709,509.20786,-65.19245,1014.94196,506.99274,-65.200516,1015.34766,504.76132,-65.22942,1015.10986,508.40344,-115.458534,1015.5292,505.77,-115.48499,1016.0762,503.06482,-115.50988,1008.59186,482.3197,40.847916,1007.2517,480.70227,-187.5792,981.5603,517.20807,-34.504173,980.95917,515.99817,-100.90661,889.968,455.46716,214.39995,904.55286,489.68875,-264.13623,833.6817,576.13556,276.62143,831.8738,620.747,-262.39267,951.8458,600.7713,228.6417,957.2613,621.99176,-74.28366,987.72186,601.83997,235.06386,997.3908,627.0616,-89.49019,992.62823,591.9003,234.96088,994.8967,603.10785,-80.07707,980.6421,587.57855,225.33102,981.11816,597.0132,-65.72231,632.95264,508.88892,154.17223,625.67957,532.6958,-154.13118,425.3554,517.1958,262.2559,407.98468,534.2547,-110.912125,245.51624,494.6904,396.2707,188.47546,517.3738,-61.142075,216.4632,481.41815,405.30746,163.06267,486.93933,-60.969524,230.83035,550.75916,348.95416,151.78398,579.60736,-167.3294
low_60.jpg,plank_low_hip,911.2366,508.6931,7.5055814,928.49,500.56396,19.87727,928.5387,498.58426,19.65954,928.64624,496.92398,19.511139,928.31665,499.5609,-25.452955,928.2794,496.69327,-25.607817,928.5224,494.03467,-25.726269,921.06335,476.33658,96.17931,923.20557,473.0023,-110.43576,894.58014,500.7957,44.45326,894.3269,500.1674,-17.12269,831.42944,432.3738,238.55394,844.3662,465.02188,-194.45108,823.31976,568.51855,304.17844,829.308,604.3604,-211.10216,913.10736,598.61456,229.09308,938.1415,616.0627,-43.608902,957.95593,606.85455,238.20757,977.1709,622.6176,-70.19925,965.47485,598.74194,229.36823,977.1506,605.6477,-52.29301,949.6178,592.86163,223.5737,967.7241,600.1592,-33.379242,591.5929,337.88177,150.0227,583.78906,350.63144,-149.83144,412.99026,440.697,226.62363,396.78735,451.8441,-70.33524,234.1637,515.4829,352.76062,191.99104,532.16876,-12.5823555,194.72232,506.72375,362.19537,155.80727,530.5148,-13.231908,238.18707,575.61755,310.18793,206.97487,607.11206,-108.98704
low_61.jpg,plank_low_hip,913.7372,508.89008,-0.61805177,930.0056,500.14053,12.715511,929.90936,498.15363,12.496611,929.85913,496.4765,12.353975,929.75903,498.92435,-33.396866,929.5342,495.89056,-33.5474,929.55414,493.04718,-33.65636,921.2489,475.3555,92.48732,923.4675,471.06387,-117.642334,895.7257,500.63702,37.196968,895.1858,500.03522,-25.373356,831.759,433.7877,238.20193,842.7771,463.64203,-204.20544,823.7965,571.6097,296.01926,830.68427,604.9881,-220.47202,920.91504,599.1782,212.48752,943.3506,615.95435,-48.099487,967.10925,606.3164,219.59421,982.23584,622.6677,-74.08098,968.4905,598.04663,214.1539,984.52527,606.77856,-57.955536,952.7433,592.7205,207.76425,971.4893,599.76514,-38.42216,593.5873,339.19778,153.5335,586.24207,349.12958,-153.36044,411.46265,442.4984,241.24734,398.82782,450.64563,-91.58716,223.07167,511.26733,370.90314,192.93835,530.5629,-52.424515,173.08907,495.3921,380.48822,156.8498,530.5871,-54.945297,203.03764,579.3661,328.62213,206.78696,608.55835,-156.55922
low_62.jpg,plank_low_hip,911.36383,504.23752,2.5463417,928.04047,496.71088,15.200697,928.0646,495.50662,15.011145,928.1381,494.55252,14.907988,927.8665,493.84964,-30.9871,927.8192,490.39166,-31.14003,928.011,487.08087,-31.237297,919.9442,475.57214,94.739914,922.26733,465.87823,-115.69205,894.06555,498.19778,40.755875,893.21094,495.902,-21.96018,831.88666,432.12317,243.24014,842.5875,462.41232,-197.64726,826.7856,563.6112,321.7376,833.8592,600.9525,-222.31491,921.4415,596.7862,266.91718,947.63635,616.6706,-71.43108,969.7427,603.28314,281.20886,986.2091,622.7972,-101.711395,972.03375,595.2439,270.93527,988.1404,607.0531,-80.39273,956.3423,589.94904,261.47232,976.303,600.7565,-60.57422,592.5245,336.37445,153.6807,586.8174,349.80215,-153.51048,415.7756,432.36124,250.04607,402.81183,447.28085,-84.521034,226.93848,501.37482,389.1467,195.90645,528.9584,-42.366104,190.42511,484.55316,400.01617,158.14557,527.77374,-44.72868,205.61073,567.07806,350.17786,206.20323,614.5361,-143.1491
low_63.jpg,plank_low_hip,916.3915,503.38498,-9.302782,931.89636,494.43134,4.0491405,931.7795,493.32745,3.849423,931.8684,492.3688,3.7251978,931.8229,491.85516,-41.201153,931.6574,488.7105,-41.37299,931.8796,485.5547,-41.512848,923.119,474.63602,85.06344,925.56085,466.27823,-120.95955,899.7765,498.4352,29.041021,898.9497,496.14172,-32.480686,833.28455,433.41687,236.12909,846.2668,465.21405,-204.64644,827.7081,564.4517,314.76514,837.9786,602.23785,-224.38423,924.1057,596.4574,270.45682,953.3011,615.72955,-71.27965,972.1577,602.11664,287.56,992.9103,621.9125,-101.51929,973.678,593.4988,279.47168,990.3155,604.3137,-79.99463,963.46155,590.0694,266.53992,981.27045,599.47766,-60.487686,593.6145,338.81464,152.05215,589.6793,347.76285,-151.89142,417.5556,441.09677,282.61685,403.51282,445.66867,-93.62344,239.5563,510.70032,446.61774,204.51958,530.735,-66.04017,208.51425,505.4872,460.58994,171.00006,531.2171,-69.710754,231.99615,582.80334,417.22784,201.02135,610.042,-170.96472
low_64.jpg,plank_low_hip,917.85657,505.6692,2.7997465,933.598,496.71524,16.018406,933.34894,495.68106,15.8333435,933.26324,494.7527,15.729341,933.64856,494.0088,-30.19562,933.5242,490.81027,-30.350084,933.6041,487.74762,-30.46024,923.5821,477.22464,98.038666,926.9072,466.59412,-112.27004,900.3375,500.21524,41.766365,899.6312,497.89832,-21.037018,832.2732,431.95187,250.26364,846.6672,462.99417,-194.50288,825.6143,562.67896,332.84637,837.847,600.1356,-222.70064,919.7772,595.70044,288.31366,952.569,616.75134,-86.41846,968.454,601.35956,306.66995,993.29987,623.10376,-119.51122,970.4492,593.5267,297.19067,990.98035,605.86615,-95.62984,953.7308,590.09094,283.98343,977.8706,600.0583,-75.184845,591.4157,338.26703,153.89746,589.2138,350.4811,-153.69153,416.7952,435.47424,264.98248,404.40875,449.59497,-84.704315,236.87177,512.08655,417.38104,201.11691,529.46027,-45.916103,196.27579,501.2374,430.24994,163.15402,527.7917,-48.759872,217.63669,578.45026,382.43396,207.28378,615.15247,-147.68271
low_65.jpg,plank_low_hip,916.9409,509.44012,-4.8356304,933.5719,500.83826,8.4112,933.48804,498.95697,8.210386,933.4167,497.40125,8.065672,933.32306,500.5781,-38.26351,933.1457,498.3771,-38.412178,933.13165,496.44446,-38.526257,925.3961,477.44827,90.17819,927.5005,477.40057,-122.46828,899.8162,502.24118,34.09169,899.6429,502.46014,-29.271803,833.6786,432.67,247.60641,846.56616,465.7598,-208.7237,819.28613,564.8039,321.37515,833.8823,596.6035,-222.24811,906.1099,594.6374,258.5182,941.1444,612.927,-44.280884,961.6797,606.0754,272.95618,982.35077,622.1402,-67.64627,964.1364,599.01605,267.97345,985.91034,607.348,-49.526665,944.78204,593.8604,255.05278,970.98145,601.50946,-33.50098,594.5025,341.35843,156.67236,587.87775,351.77338,-156.55151,417.84167,444.31265,295.08005,403.5823,448.66388,-101.75462,237.44229,517.1106,458.66962,204.32533,528.1844,-82.77478,198.98186,505.42307,472.316,166.32675,528.20337,-86.93306,242.84802,583.68164,430.23468,208.83893,607.43024,-184.88037
low_66.jpg,plank_low_hip,917.65204,507.07608,2.3599343,933.8458,497.96136,15.85442,933.581,496.33463,15.646929,933.2937,495.1092,15.503716,933.7855,496.67627,-29.979773,933.5491,493.97797,-30.123161,933.43787,491.65723,-30.237139,924.0541,474.81635,97.60399,926.942,471.73517,-110.79304,899.86115,500.54993,41.104958,899.4098,499.73044,-21.065397,830.90027,430.36313,249.07715,846.03577,462.06583,-194.4945,820.0012,566.15015,310.7194,833.9723,602.7473,-210.30338,915.85785,596.6698,241.92648,943.5469,614.45685,-44.926033,963.9996,604.4213,254.74501,981.27454,621.9643,-69.965775,966.3354,597.1471,252.83424,983.1245,606.14325,-51.115303,948.8561,592.6465,239.54141,970.3815,600.7783,-34.361565,594.9695,342.61887,152.04675,590.87286,352.72348,-151.93373,414.4372,438.5565,258.51254,399.74908,446.4774,-89.217926,229.39857,511.7649,395.82996,200.05692,530.15344,-59.168697,182.82352,498.9734,406.4126,171.21692,534.4399,-62.50676,232.99396,574.0372,354.66068,207.47073,604.1288,-162.75012
low_67.jpg,plank_low_hip,915.4309,509.5101,-16.673409,932.79407,500.41815,-3.0309806,932.73267,498.7416,-3.2438154,932.6494,497.35583,-3.391936,932.5526,499.31534,-48.930355,932.4295,496.70898,-49.063793,932.4762,494.34082,-49.166473,924.00665,477.1165,81.93371,926.7114,474.1119,-127.849815,898.276,502.77863,22.99326,897.7107,502.30884,-39.44512,830.42676,431.64786,233.08699,845.9101,460.9441,-209.78195,824.32874,564.8547,291.1862,836.3943,602.0652,-224.85071,922.8529,595.2968,217.69167,946.37634,612.82587,-41.284584,968.2922,602.19934,227.33179,985.15857,620.36633,-63.24955,972.5305,594.3876,228.27895,987.47876,604.2598,-47.370296,961.27515,591.6562,215.64774,974.46875,597.6645,-31.55067,593.1957,345.92142,150.20462,589.81476,353.6286,-150.1319,409.64093,435.29794,246.49493,401.062,443.399,-91.10678,205.76286,494.23975,369.12753,201.52066,527.7851,-48.202682,167.61874,487.136,377.45605,170.49606,523.86115,-49.59252,191.85748,567.69806,316.84824,196.37027,603.76086,-151.09875
low_68.jpg,plank_low_hip,916.6493,510.42145,-12.718793,933.05634,500.8854,0.27426258,932.9516,499.1246,0.0811246,932.84656,497.61774,-0.041027486,932.8508,499.9933,-45.853645,932.717,497.44232,-45.990158,932.7762,495.07355,-46.081253,924.2012,477.01898,84.33788,926.7449,474.112,-126.87001,898.97266,503.8943,26.993332,898.3878,503.7166,-35.881927,831.19604,431.3652,239.53003,847.2232,464.45096,-208.65363,824.77954,564.42487,306.99725,837.2576,606.1292,-227.08536,920.4432,592.6826,242.71259,947.70447,611.9488,-44.98276,966.2073,599.0621,255.7425,988.16284,620.94366,-66.99233,969.5668,592.91846,255.4047,986.0315,603.4218,-49.315678,958.55493,590.08777,240.7417,973.4979,597.27844,-34.332436,594.5381,344.65482,152.89339,591.4944,355.26312,-152.82922,411.69144,436.90063,265.92654,401.16684,446.69034,-89.18527,212.19531,496.92142,403.03342,204.47952,523.589,-50.163963,191.88698,494.82855,413.29575,169.61884,520.1562,-52.23393,223.46199,570.8209,359.28052,201.46683,606.2258,-152.44386
low_69.jpg,plank_low_hip,915.1393,508.5085,-10.493267,931.86127,499.2229,2.3825078,931.8224,497.4374,2.1867151,931.7726,495.90036,2.0613813,931.68823,498.2807,-43.465977,931.6417,495.68597,-43.60771,931.7815,493.26947,-43.70298,923.345,475.37036,85.53321,925.91705,472.56494,-124.25145,897.8409,501.88724,28.826359,897.1282,501.8087,-33.642616,831.2713,430.96112,237.95926,847.03827,463.84396,-204.90732,823.55536,564.723,303.1796,835.7452,604.8495,-222.10764,918.2781,592.15967,242.61858,945.40283,611.07294,-39.215496,965.78,599.22833,255.88791,981.8466,617.734,-60.444263,969.703,592.64014,256.55673,983.97064,601.9009,-43.292595,958.07153,589.5723,241.15416,971.9597,595.64996,-28.659088,594.29553,343.38037,150.42789,591.95264,355.58133,-150.31793,412.49902,436.60208,257.51355,401.4627,448.14377,-85.05846,214.54529,501.2749,391.29352,205.768,523.3305,-44.89129,195.87537,499.27286,401.4253,176.72386,520.5716,-46.791206,237.24796,581.51526,347.4847,212.54456,607.09937,-146.33786
low_7.jpg,plank_low_hip,998.735,523.06177,-85.27634,1014.4376,510.75314,-69.39944,1014.6002,508.5815,-69.41331,1014.78467,506.4449,-69.45451,1014.953,509.65482,-118.10397,1015.3207,506.91763,-118.123924,1015.6485,504.20013,-118.12546,1007.73303,484.3983,35.120667,1006.2108,482.28775,-186.74371,981.13513,518.98956,-38.813583,980.85767,517.2039,-103.245316,887.1691,454.01712,203.8858,903.3428,491.8053,-256.84738,823.67926,568.8843,277.61234,823.43005,620.57043,-260.27173,940.7917,596.7201,249.03775,942.398,626.3792,-86.879005,981.76,594.55304,257.4271,988.49457,627.5854,-103.14873,985.58044,590.1466,254.45618,987.50116,606.47174,-90.52735,972.8714,587.01996,245.38557,970.912,600.8178,-77.449165,632.7456,507.14096,149.26051,628.24884,533.95844,-149.17741,424.96484,516.03174,268.35904,410.69757,531.03815,-109.39624,245.401,493.38522,412.42322,190.25032,514.54126,-59.499477,213.2999,474.28024,422.3405,163.03543,486.4513,-58.838314,215.21538,547.35864,365.72687,151.13693,573.03076,-161.75566
low_70.jpg,plank_low_hip,915.6466,508.41354,-5.457723,932.44446,499.18857,7.217168,932.3257,497.39355,7.0273705,932.1936,495.88113,6.9091196,932.3329,498.28015,-38.675278,932.24365,495.6797,-38.814484,932.3297,493.29733,-38.908455,923.68994,475.16663,89.98308,926.45154,472.3781,-119.71002,897.86255,501.44528,33.968307,897.3943,501.48615,-28.510277,831.50134,431.1769,243.47466,847.3996,464.2129,-199.18637,823.864,563.91876,311.7119,836.4497,604.68054,-218.00642,917.1482,591.2506,257.3007,945.6373,611.4027,-45.041924,963.58093,597.994,273.09668,982.46796,617.64667,-67.52191,967.2516,591.5203,272.88745,984.39996,602.0289,-48.781364,950.2212,587.32214,256.02567,971.718,596.23773,-34.084774,594.27673,343.21735,149.89828,591.61633,356.72873,-149.79619,413.81708,436.3923,262.4799,402.3047,450.11444,-85.044624,224.35254,499.68893,402.98862,207.3328,523.7041,-48.136883,199.058,491.62738,413.97748,176.38242,520.4631,-50.34329,241.69983,572.7494,361.56146,213.96411,606.11206,-148.40341
low_71.jpg,plank_low_hip,914.4891,507.3101,-7.1977777,931.5353,498.60794,5.229369,931.4392,496.885,5.0410028,931.3199,495.44778,4.9211683,931.42444,497.64896,-40.00522,931.3544,495.0748,-40.14279,931.4456,492.71466,-40.236023,923.07544,475.1011,86.77489,925.84644,472.1933,-120.13823,896.90234,500.42563,31.718864,896.411,500.33353,-29.893072,831.8738,430.42374,239.11226,846.85455,465.136,-199.31578,823.28296,564.0377,303.90115,835.57385,605.02124,-216.65771,917.379,591.6814,244.63458,944.86456,610.99744,-39.98864,963.8541,598.6737,258.48215,981.7801,617.6855,-62.220512,966.95056,592.18805,257.94852,983.81665,602.1998,-44.00391,950.0021,587.8503,242.97562,971.0016,596.29944,-29.213953,594.294,343.06006,148.94528,591.657,357.53522,-148.8704,413.953,436.84576,257.0956,402.13037,450.28873,-82.62878,216.2468,498.56937,396.30975,205.76889,522.93353,-41.329422,198.031,490.26553,407.01962,176.01062,519.88226,-42.985416,227.7507,567.6636,355.16583,214.05017,606.38513,-140.0839
low_72.jpg,plank_low_hip,916.6753,515.1007,-22.096245,933.6746,504.89813,-8.588904,933.74316,503.00418,-8.779009,933.81134,501.46103,-8.901413,933.18146,503.97974,-56.262432,932.98975,501.30417,-56.40763,932.9846,498.9194,-56.51981,925.79645,479.76828,76.91781,927.4103,477.76242,-140.54935,899.50305,507.80728,18.441187,898.88306,507.2941,-46.2578,833.1301,433.91763,237.04407,846.6232,465.06982,-222.47139,826.31726,566.69293,301.86288,833.5013,605.23975,-242.48412,920.2742,595.1558,226.86725,946.3553,612.14795,-63.17383,966.64886,602.6045,238.7954,986.97314,620.1869,-87.36772,969.99744,595.71655,239.59967,988.5434,606.00635,-68.34589,952.72656,591.3759,224.89926,973.60364,599.30994,-52.256172,593.3684,347.40366,157.87393,585.68414,357.61575,-157.74991,419.51755,439.3604,297.33386,400.09476,446.5566,-88.09974,238.71048,504.27924,460.63687,202.56943,531.23267,-53.665833,210.2443,498.29825,474.14972,169.58939,527.76,-56.39168,246.80084,581.02673,426.33685,208.20824,609.8072,-157.89716
low_73.jpg,plank_low_hip,916.08813,512.73,-18.459688,933.263,503.32953,-5.127863,933.3194,501.66852,-5.320211,933.4402,500.19644,-5.4344625,933.0161,501.5863,-52.972813,932.9999,498.59494,-53.12086,933.2246,495.73175,-53.22509,925.8862,478.53098,80.34636,928.03235,474.19498,-138.32164,898.9177,506.20975,22.102602,898.35095,504.96375,-42.913902,831.2031,432.97943,236.68349,847.1382,463.39954,-220.57893,825.6141,567.7176,298.35895,836.78986,606.91504,-242.06575,922.3823,593.5198,219.18564,949.1492,611.4712,-55.203407,969.17505,599.8952,229.26547,992.5714,620.43256,-78.26162,971.53625,593.564,230.18188,988.83575,604.179,-59.737896,959.58484,590.6851,216.88953,974.94104,597.7296,-44.064224,594.19257,347.7137,155.77345,588.2942,357.3096,-155.6563,413.3274,437.71814,270.2584,402.7031,442.97955,-75.00037,219.55045,499.6958,411.3481,207.03549,525.85,-20.081102,198.37726,495.26132,422.51062,173.02264,523.3882,-20.263004,237.43416,576.94434,371.0645,213.99808,603.53143,-118.228264
low_74.jpg,plank_low_hip,916.5314,512.3767,-18.43916,933.50964,502.61774,-5.8067465,933.5446,500.97394,-5.9914546,933.624,499.52667,-6.0944467,933.2931,501.14706,-52.64846,933.27576,498.3841,-52.79106,933.4808,495.7719,-52.880417,925.8417,478.13864,78.61998,928.11224,474.54608,-135.8491,899.1458,506.1582,21.772575,898.66943,505.19858,-41.975815,830.2295,432.5724,232.91794,847.1272,462.57425,-214.52019,825.44995,567.2261,294.20056,838.1519,607.6291,-236.24834,921.4737,593.43036,221.45569,950.0463,611.9036,-58.025322,968.9756,599.91125,232.52957,988.2761,618.87823,-81.739624,971.4161,592.97943,232.18459,988.9049,603.4754,-62.965187,959.8272,590.2077,219.09634,975.4857,597.3116,-47.1055,594.435,349.02383,152.8612,590.24426,358.14844,-152.76501,414.42902,437.92426,264.83118,406.38403,442.06458,-74.99126,216.57417,492.34482,404.35492,208.2927,522.43945,-22.309082,196.89801,490.4098,415.23117,183.90343,516.7922,-22.92164,228.6926,569.18494,361.81766,218.26088,603.1932,-119.929596
low_75.jpg,plank_low_hip,916.6963,512.9445,-23.385098,933.7,503.4468,-10.009567,933.74603,501.85355,-10.203663,933.8388,500.49033,-10.329379,933.4372,501.74515,-58.40309,933.414,498.81244,-58.559284,933.6237,496.03452,-58.682526,926.18896,479.268,75.52237,928.4258,474.38174,-145.56006,899.19653,506.78207,17.158825,898.6825,505.50146,-48.599545,831.69244,433.60776,234.80579,847.1809,464.29312,-229.55417,825.7671,568.1298,299.33322,837.07214,607.62244,-246.80267,922.8541,593.944,225.18935,949.30914,611.87134,-53.925434,969.6152,599.64825,236.51096,992.84534,621.0692,-76.17419,972.42285,593.4636,238.90018,989.25366,604.5592,-57.309093,960.5834,591.1217,223.57422,975.3956,598.3423,-42.60037,594.3855,350.6114,156.9782,587.9624,359.1827,-156.8501,420.3919,441.08527,288.121,403.11578,442.68182,-79.5758,232.07455,504.01648,440.8794,210.51659,526.02826,-31.522886,207.62543,493.8206,453.69275,182.19235,513.33496,-32.137188,237.30179,578.26587,406.60068,212.49448,602.50165,-131.25047
low_76.jpg,plank_low_hip,915.5565,514.1496,-27.226782,932.60895,504.68454,-14.073736,932.66943,502.85004,-14.273906,932.7528,501.28806,-14.405426,932.37274,503.7091,-61.78045,932.3268,501.12982,-61.927296,932.55444,498.5982,-62.04931,925.2832,479.88577,70.60868,927.55493,477.16083,-147.39952,898.4523,507.20123,13.002647,897.9907,506.69012,-51.7818,833.16785,433.30942,227.65244,847.1374,465.5203,-228.63715,826.25696,567.77246,283.55975,834.6959,607.2103,-246.63864,922.1725,593.99536,193.59413,948.4555,611.1981,-51.944347,968.17395,601.76917,201.00055,986.42975,619.4937,-73.36378,971.2396,594.63043,203.8314,987.2766,605.24384,-55.893818,959.84607,591.81274,191.56358,974.0277,598.47656,-41.163486,594.69684,350.78867,154.44421,587.96045,362.55334,-154.36874,422.59613,439.77417,278.59622,405.52365,443.44717,-75.54451,228.78406,501.7115,426.67892,207.9584,526.5665,-22.141218,205.19574,490.3917,438.30847,178.5569,514.8042,-22.47395,237.9997,576.8026,386.76654,213.0409,602.07715,-122.04108
low_77.jpg,plank_low_hip,916.25073,514.8685,-27.488707,933.0496,504.94846,-14.368401,933.06006,503.1568,-14.580445,933.1257,501.56445,-14.731225,932.82104,504.10974,-61.641155,932.7527,501.609,-61.777817,932.94806,499.18167,-61.894257,925.5649,480.3784,69.65447,927.902,477.84387,-146.40608,898.859,507.78732,12.015504,898.3588,507.42816,-52.144894,833.8673,433.2227,222.42525,847.5955,465.9281,-227.9397,826.5437,566.5779,273.30267,834.9679,603.18,-241.43858,923.68774,595.41754,179.52997,947.4023,612.06445,-41.15847,969.16956,603.49225,183.74167,985.4579,620.99335,-60.819035,972.2151,597.0392,187.01505,987.48914,607.1345,-46.68486,961.1538,593.80945,177.16525,974.01483,600.4373,-31.68468,594.2782,351.99805,152.07935,588.60785,362.2931,-152.0066,417.1231,441.565,251.87486,404.08493,444.60013,-79.25313,215.97104,495.57697,380.3988,206.42429,525.47974,-24.952297,195.80238,478.2433,389.26733,178.27908,511.3806,-24.990475,225.58113,564.1275,330.89093,205.00928,602.0046,-126.315155
low_78.jpg,plank_low_hip,977.13086,502.70224,-21.733097,993.8391,491.8416,-6.2215014,994.0206,489.95636,-6.3152456,994.4284,487.90222,-6.4016695,994.5696,490.38815,-54.40425,995.12146,487.67056,-54.483818,995.84045,484.91885,-54.5948,988.51105,464.11786,91.49345,988.4833,464.69244,-124.45625,958.8324,496.17798,22.066944,958.27765,494.42224,-41.41392,878.4573,428.51266,280.50427,897.1792,481.10364,-227.01498,831.21606,559.72473,306.21082,836.6608,611.32135,-197.29282,933.534,586.44727,253.84985,950.5228,616.6562,28.095459,975.6115,598.3641,260.4868,990.20715,622.817,19.329475,984.7159,587.71466,272.05096,989.57117,602.1307,24.044357,970.5789,581.4034,254.0956,974.2502,594.7617,35.450665,651.05505,425.97998,174.81529,646.46704,448.3193,-174.7632,463.77396,498.21738,248.94464,439.13397,497.16455,-177.86255,275.75568,539.5365,346.49814,230.91583,524.7911,-218.6944,237.01324,532.2646,351.62753,172.32079,509.04773,-230.9658,272.26752,619.1655,305.06705,234.03351,604.8192,-346.37164
low_79.jpg,plank_low_hip,982.1802,500.95374,-46.05425,999.0866,489.75992,-30.125092,999.1277,488.039,-30.214405,999.3806,486.21,-30.285255,999.9729,487.782,-77.64653,1000.36346,484.95282,-77.72544,1000.8386,482.19394,-77.826546,991.5555,463.38892,73.45235,991.1543,462.4307,-139.17775,963.2477,495.3921,-0.05246619,962.9037,493.16446,-62.594864,879.769,428.50946,271.8526,898.76434,482.31674,-241.12291,830.0532,557.54895,302.93954,836.48315,609.74316,-211.35362,939.4568,587.329,265.29797,953.0105,616.7426,12.378898,977.04926,597.9018,276.07428,992.9885,623.5608,2.860909,985.60864,588.6747,285.98676,991.55896,604.0465,8.0801325,971.4934,582.0257,265.61926,975.3447,596.1917,19.736248,650.3064,425.5817,177.43701,645.06476,447.1263,-177.38754,463.06396,498.71802,259.47266,440.82434,499.9902,-204.10837,285.01926,526.9845,361.6272,225.45372,522.48193,-272.0713,238.34119,515.38,367.18372,162.238,504.9212,-288.17938,270.63,620.2876,321.06183,231.93301,609.8771,-410.73163
low_8.jpg,plank_low_hip,998.6364,521.07306,-87.00088,1014.27826,509.54263,-70.25085,1014.3164,507.72574,-70.239265,1014.37225,505.94147,-70.26831,1014.8849,507.81833,-120.24504,1015.14777,504.99988,-120.25922,1015.3545,502.11996,-120.27815,1006.88965,484.599,38.250946,1005.3317,480.1898,-188.99786,980.5438,517.40356,-39.299377,980.489,514.9971,-105.4223,887.0482,455.7675,209.53293,903.46466,490.653,-263.9697,825.971,572.76624,266.46838,829.18427,623.0173,-257.41376,952.5058,597.2898,223.42776,951.08307,623.75714,-63.91681,992.12616,596.02783,228.73157,995.3299,625.08093,-79.314186,993.90656,591.0466,230.76936,989.3979,602.3225,-69.746254,982.54395,587.45233,220.68169,973.97455,597.1517,-55.29243,631.6616,507.49048,153.00381,627.1186,532.09296,-152.98145,422.25174,514.58154,214.20865,408.05536,529.1872,-91.47805,223.08917,480.77167,313.7698,187.53502,521.17126,-21.427317,200.86774,474.4977,318.87646,149.18185,498.75223,-19.60831,192.1711,535.66656,250.27902,153.60974,587.69653,-127.271774
low_80.jpg,plank_low_hip,977.52734,502.656,-33.98163,994.0219,491.85,-18.679941,994.19305,490.04,-18.776384,994.59216,488.06903,-18.853836,994.7748,490.11365,-67.53511,995.3311,487.30273,-67.61577,996.0488,484.46536,-67.72431,989.17535,464.26172,80.61985,988.95966,463.76346,-138.63828,959.108,496.01642,10.484325,958.67706,494.04544,-54.022087,877.7269,428.62967,275.12613,897.94855,480.31635,-240.97282,830.526,558.85016,308.19653,837.7113,610.28467,-212.55475,936.5138,586.8093,261.95407,953.17004,617.117,10.160499,977.3233,598.6814,270.77222,992.71594,623.504,0.25362316,986.0029,588.72186,280.2678,991.57947,603.6681,6.2666416,972.2507,582.31683,261.69925,976.20605,596.1518,17.88885,650.86633,430.03522,177.39977,644.981,447.46152,-177.32896,465.6881,501.47443,272.87744,441.01318,496.79214,-197.79797,277.63715,540.96295,384.72104,231.91196,522.9536,-261.72937,239.26395,532.20386,391.38403,169.33215,503.85748,-276.54843,270.17792,622.5045,347.59332,225.26894,601.5584,-396.7223
low_81.jpg,plank_low_hip,980.6256,503.5879,-31.471973,996.4942,492.57245,-15.658276,996.66626,490.81577,-15.754518,997.0395,488.8732,-15.8329315,997.13074,490.89163,-65.78143,997.59424,488.18597,-65.86639,998.1294,485.39908,-65.96747,990.8203,465.2524,84.91742,990.0086,464.2592,-139.90144,961.69196,497.49445,13.551822,961.6126,495.44147,-52.522358,879.3756,433.63763,281.9169,897.6957,479.9837,-244.19035,836.1052,560.4535,316.37027,837.9941,611.3112,-213.44089,943.16986,589.91785,267.10986,954.343,618.21674,7.9506702,979.7647,597.3,275.18317,993.97064,624.1016,-3.359136,987.807,588.68024,284.67706,992.4456,603.0003,2.117152,974.39624,582.379,266.74878,977.6067,595.5661,15.447062,651.4306,431.70456,180.70178,644.10205,447.50903,-180.60251,465.59717,501.33585,291.23407,437.52496,497.47394,-202.44667,280.39868,537.8114,417.0019,230.94699,521.46643,-270.14734,242.17178,529.11914,425.32108,191.46298,504.57947,-285.49213,274.36945,619.2822,384.45154,229.76605,607.3496,-407.11575
low_82.jpg,plank_low_hip,980.05237,504.8368,-35.804142,995.8257,493.96082,-20.067957,996.01013,492.2493,-20.155094,996.4053,490.33423,-20.228382,996.5246,492.25598,-70.07453,997.0578,489.51035,-70.16022,997.6791,486.6452,-70.25536,990.9162,466.88333,82.72498,990.27856,465.20972,-141.54433,961.5445,498.63858,10.089831,961.1549,496.47726,-55.82408,880.24414,430.20526,283.25473,898.82965,480.10373,-246.86562,832.88135,560.5193,318.76797,838.0014,611.18384,-216.09758,938.3972,587.3147,271.47864,954.0805,617.3174,16.05185,978.74664,595.64795,280.47366,993.922,622.6778,6.2295876,987.68097,587.09314,290.1005,992.3645,601.92993,12.193451,973.9812,581.73566,271.17667,977.27515,594.7974,24.109621,650.61774,431.4166,182.28122,644.2522,448.98303,-182.21634,462.27127,501.3281,286.6461,436.15045,496.6866,-203.94498,277.68622,540.8312,409.224,225.3049,518.32916,-267.48547,239.50046,532.1259,417.0501,163.24649,505.7538,-282.48242,270.78412,621.49994,374.92505,219.71149,602.7158,-404.59644
low_83.jpg,plank_low_hip,979.63934,503.4432,-25.076862,996.2178,492.40503,-9.3006315,996.44257,490.45807,-9.383933,996.92804,488.3478,-9.442658,997.05884,491.26688,-60.457233,997.73364,488.70438,-60.55272,998.5957,486.07632,-60.64421,991.3281,464.27338,92.746216,991.19196,465.2183,-136.69658,961.3038,496.4066,20.674212,961.2762,495.07254,-46.77471,878.692,428.81213,295.24023,899.2385,478.38892,-244.37646,834.03394,559.2009,329.29016,838.9153,610.5835,-214.86906,938.5776,586.5046,274.59064,954.4323,616.04944,9.377075,978.1329,596.8898,282.8224,992.69946,621.4146,-2.716886,987.1503,588.78796,290.20764,991.89294,602.535,3.2838044,971.41077,581.3377,273.0937,977.0635,595.0112,17.168367,650.79553,432.14218,186.06087,644.65704,450.68646,-185.9675,462.348,500.23026,296.55612,438.0465,497.85876,-216.07983,286.3642,527.87836,427.274,224.56082,526.9873,-295.66357,245.55641,509.74426,435.80157,184.10245,502.36752,-312.88242,275.57266,594.4599,393.49652,225.22723,609.79456,-438.17477
low_84.jpg,plank_low_hip,986.52295,501.9698,-46.54696,1004.0325,489.736,-32.33456,1004.104,487.88815,-32.423847,1004.3163,485.99292,-32.485664,1004.89453,488.53452,-81.71225,1005.3601,486.11124,-81.79333,1005.91766,483.70334,-81.890396,995.0937,463.6306,65.42088,994.96674,464.47217,-156.78174,967.7141,497.30344,-2.3256354,967.6099,495.86087,-67.68941,881.03564,429.24695,263.61087,899.7299,482.24194,-255.6911,835.99365,557.79175,301.2005,840.12024,611.0406,-226.63567,943.7313,586.51215,259.4265,956.1695,616.4326,-7.854254,985.852,596.1468,270.2914,996.5559,621.8524,-19.177643,989.0881,586.3673,278.95355,995.267,602.92065,-11.631716,975.0873,580.6485,259.50308,978.85547,595.1745,0.3488547,651.2389,432.0592,177.67259,644.5454,451.4313,-177.59528,463.39575,503.51895,312.64935,437.67395,498.18558,-201.55875,289.07147,529.8467,456.93204,225.34482,518.90906,-276.94867,247.87274,529.03864,467.40778,167.15985,502.46573,-293.2627,278.60516,594.0213,431.30826,219.70898,601.8683,-415.82187
low_85.jpg,plank_low_hip,988.00525,502.3302,-34.159126,1005.69104,489.85583,-19.63066,1005.69214,487.99445,-19.715033,1005.84863,486.0844,-19.778275,1006.59717,488.72934,-69.73627,1007.062,486.3187,-69.8165,1007.659,483.91617,-69.91622,995.69116,463.7512,76.71218,996.09875,464.97055,-148.79657,968.8008,497.87195,9.5009575,968.9995,496.52222,-56.82338,880.9724,429.2612,274.27893,900.2394,482.93396,-251.17369,835.4882,558.3301,316.66626,839.12933,611.22754,-221.88757,942.88873,585.65564,281.66333,956.86224,617.4975,-2.5549622,980.8963,594.0208,294.9219,997.2709,622.8973,-13.82633,988.73706,585.75,303.04944,995.78564,603.7788,-4.904548,974.9276,580.4162,281.90936,979.73315,596.3505,6.2876854,650.18823,431.74075,179.08545,643.1527,452.58588,-179.00359,462.1469,501.3316,315.87408,434.48248,498.67114,-189.59338,283.2219,538.7025,459.13855,225.40234,520.4155,-252.35336,246.20522,530.4445,469.7716,166.62946,506.44867,-266.68277,276.19357,615.6879,435.59003,219.87064,604.1059,-384.51837
low_86.jpg,plank_low_hip,986.55774,501.95004,-37.238686,1003.98676,490.15384,-22.432482,1004.01337,488.275,-22.515738,1004.18585,486.32147,-22.577875,1004.9315,489.2254,-72.13106,1005.4666,486.9547,-72.21921,1006.12396,484.7152,-72.329124,994.6842,463.9646,76.57495,995.32886,465.87253,-147.02933,967.76605,497.0536,7.351491,967.8839,495.89832,-58.434227,880.18555,429.28748,278.95273,899.6646,481.65594,-251.14328,834.89856,558.4623,326.6369,837.9885,611.7389,-222.04721,941.2866,585.5242,298.96878,955.8489,617.1885,1.5752633,978.8769,595.0519,313.77356,994.8266,622.99866,-8.088202,987.13196,586.11926,322.04282,993.2958,603.5843,-0.20657909,973.3508,580.18823,299.38525,977.43726,595.90356,10.338626,647.68994,432.83853,181.77121,640.8259,451.29706,-181.70592,461.98227,501.63626,320.79706,433.1449,494.71057,-214.99483,283.74942,531.04114,462.28284,221.40384,515.99756,-302.1839,238.7191,531.3086,472.25214,178.6779,492.7042,-319.70865,269.71707,618.88885,436.74603,217.59769,604.6911,-443.6771
low_87.jpg,plank_low_hip,986.4391,501.91187,-39.41443,1004.1025,490.16064,-24.817255,1004.1382,488.33133,-24.905552,1004.31085,486.41754,-24.97612,1005.0354,489.03467,-73.559555,1005.55835,486.67795,-73.639755,1006.18225,484.33807,-73.74487,994.75165,464.12564,72.89098,995.1541,465.36652,-146.45816,967.6935,497.19498,4.5922127,967.7148,495.8077,-59.94866,880.726,430.23224,270.25916,899.084,480.92194,-246.91891,835.9482,560.2022,318.84573,837.45435,611.84375,-219.32436,940.2937,587.1537,296.82602,953.8111,618.07776,-3.699481,978.1688,596.8507,312.19266,993.0469,624.7701,-14.239046,986.58295,587.44495,320.191,991.80066,604.81866,-5.825414,972.68195,581.12225,297.34058,976.01624,596.98627,4.8522925,647.93286,433.24005,175.63324,640.8439,451.66626,-175.541,462.0359,501.83826,296.06775,434.1196,494.43283,-198.99689,276.953,540.7821,421.7155,222.83734,515.0962,-270.13858,238.92819,532.16364,430.12234,162.49164,501.2076,-285.581,269.7383,619.8785,392.752,217.16766,603.19196,-405.37012
low_88.jpg,plank_low_hip,987.77954,502.30905,-45.222115,1005.3496,489.9505,-29.544205,1005.42065,488.11453,-29.62851,1005.6314,486.24042,-29.6932,1006.18097,488.82327,-79.57387,1006.6531,486.45667,-79.66294,1007.2397,484.11627,-79.76312,996.0242,464.0889,74.21579,996.02795,465.02963,-150.77747,968.9874,498.00616,0.98127484,968.9547,496.54813,-65.17271,881.2726,434.0109,276.55942,899.82635,481.65918,-254.32611,835.05273,559.1565,320.50143,838.4856,611.3587,-229.63055,942.8594,586.71356,287.48074,955.2618,617.3048,-10.657124,980.3517,596.03625,300.77695,995.4731,623.0466,-23.696346,988.2147,587.34814,309.211,994.11066,604.13696,-16.225569,974.63104,580.9597,287.52432,978.38306,596.3653,-2.7269986,649.4239,433.7532,179.72269,642.6538,449.88467,-179.61047,461.95746,504.485,281.876,436.20856,495.73047,-185.32053,275.39685,541.16406,403.52432,230.05386,519.5951,-230.38306,237.26479,532.26263,411.3703,170.47345,506.24686,-243.28717,267.74127,619.8526,366.36914,226.91666,604.2438,-363.99448
low_89.jpg,plank_low_hip,984.1983,502.83618,-23.042814,1000.7813,491.14246,-8.603945,1000.7617,489.19952,-8.693496,1000.9494,487.115,-8.760517,1001.6938,490.119,-58.74743,1002.2284,487.71155,-58.834778,1002.87506,485.29855,-58.943348,993.3977,464.10107,86.73783,993.7062,465.9043,-138.84612,965.713,497.26416,20.311687,965.52905,496.05573,-46.068005,879.97205,428.31192,282.6399,899.86365,480.06268,-241.5423,829.9548,557.46564,322.17026,837.68604,610.86707,-213.66098,937.5355,586.2391,280.6194,953.88904,618.1951,2.1796396,978.0419,594.5245,292.18823,994.42566,623.23724,-8.261533,987.26,586.9814,300.9583,993.2464,604.49756,-0.28057688,973.36554,581.57104,280.77203,977.3453,597.33105,10.876069,647.7167,431.01215,177.78777,640.614,452.5729,-177.69402,459.86972,499.55722,311.58215,432.69775,495.06094,-204.78918,276.8716,540.1037,447.29446,223.73547,518.04047,-286.74466,238.56677,532.19275,456.88037,157.49234,501.31833,-303.35498,271.78067,619.7567,422.98395,219.49023,605.33246,-423.69022
low_9.jpg,plank_low_hip,1000.11096,521.3087,-77.44734,1015.57434,509.68585,-60.0232,1015.65234,507.7954,-60.009605,1015.7689,505.87332,-60.033688,1016.19745,508.075,-112.09024,1016.54694,505.26334,-112.111145,1016.8695,502.35004,-112.143974,1007.99,483.44247,50.677372,1006.7671,480.47342,-185.53194,981.8196,517.5897,-28.81175,981.7169,515.51013,-97.55917,887.67163,454.12518,226.20668,905.62744,490.88074,-266.37784,825.8445,572.6235,286.66675,829.1576,618.98846,-256.2306,953.50806,595.84406,242.51416,954.61273,621.1569,-50.160843,993.67096,596.1811,248.81392,997.50244,622.6727,-63.393864,995.0937,590.32275,251.43912,991.79004,601.0401,-55.675575,983.7055,586.20746,239.7618,976.662,595.481,-41.644257,632.38684,506.78845,158.47867,628.3893,531.0731,-158.47736,418.7212,514.12335,211.28326,404.1845,528.68933,-107.49923,219.3822,481.19302,303.4618,179.24599,515.9789,-45.443058,196.46579,477.15005,307.48007,140.49893,492.69562,-44.50271,212.01965,550.0644,237.44977,143.3564,582.94635,-154.43277
low_90.jpg,plank_low_hip,986.6085,500.75406,-38.49935,1004.4375,488.5446,-23.287828,1004.51025,486.61285,-23.37015,1004.688,484.6194,-23.440533,1005.30206,487.41235,-73.26784,1005.80927,484.9881,-73.358215,1006.39526,482.59894,-73.46425,995.40063,462.1173,77.29872,995.72845,463.64114,-147.40637,967.93176,496.1967,6.592535,967.70355,494.89954,-59.490532,881.9665,430.46768,278.16382,899.81433,480.95248,-251.6178,834.5477,558.2906,325.28506,837.3967,611.56305,-221.95299,940.7612,587.392,295.49515,953.12634,617.65814,-0.57656825,978.288,596.4992,309.02188,992.1904,623.7408,-12.096636,987.00757,587.1888,317.84622,991.4496,604.2053,-5.151201,973.1357,580.9994,295.82227,975.986,596.4672,7.5323224,648.16254,434.44608,180.17294,640.8031,450.89606,-180.09134,463.21082,503.40717,297.522,434.02887,495.14822,-196.69746,276.05484,541.7449,428.69763,221.25699,519.9609,-260.12753,238.15717,533.95685,437.77817,185.86667,502.89804,-275.16824,269.69763,620.04083,398.2584,217.45064,604.7358,-397.74585
low_91.jpg,plank_low_hip,986.912,500.71848,-47.884636,1005.07996,488.52145,-33.232567,1005.17163,486.59802,-33.323803,1005.3651,484.59476,-33.399086,1005.94653,487.40204,-81.702225,1006.4914,484.98404,-81.78494,1007.13043,482.58188,-81.89483,995.9352,462.0443,64.971725,996.4155,463.9459,-153.2517,968.2769,496.28024,-3.6600873,968.0246,494.99887,-67.81713,881.2574,429.6395,263.2984,899.286,481.68808,-252.27815,834.0433,553.3871,308.8107,836.4727,612.2256,-224.98076,939.4939,586.42065,276.11444,952.5201,617.74713,-11.20358,977.3956,595.6366,288.63135,991.5799,623.6343,-22.748804,986.2999,586.41095,297.10382,990.90186,604.0463,-15.199718,972.363,580.39905,276.56317,975.4416,596.51526,-3.0000541,648.96027,433.8815,176.29152,641.9184,452.23438,-176.2249,464.1599,502.4333,316.08157,435.03638,495.46796,-195.07425,279.94138,539.81555,462.09793,224.31404,518.8015,-262.4127,241.94618,532.4487,472.61905,162.87415,504.8149,-277.66824,273.68253,617.274,435.4065,220.75223,603.1254,-399.5689
low_92.jpg,plank_low_hip,986.79065,501.19525,-35.201447,1004.72046,489.00735,-20.284946,1004.7462,487.17572,-20.371841,1004.9027,485.23737,-20.437813,1005.7147,487.47803,-70.316414,1006.2311,484.90146,-70.40941,1006.84174,482.33826,-70.52337,995.51575,462.4785,78.31235,996.2245,463.64005,-146.6209,968.02277,496.6336,9.284791,967.8217,494.89508,-56.878616,880.3506,430.84393,276.25732,899.08325,482.06595,-247.50696,833.7108,560.68677,318.13358,838.83594,613.1588,-215.95932,936.0266,586.9002,283.9591,954.7384,619.6059,2.8872528,979.77344,596.3042,296.62646,995.9009,624.8698,-7.2870064,987.8417,586.95685,306.10477,994.04816,604.39874,0.005382629,973.6182,581.4373,284.6323,978.2029,597.04645,11.318041,646.54266,433.98718,178.20914,640.1384,454.93634,-178.11691,459.49646,497.95694,317.3208,433.6641,497.78302,-205.4554,274.8837,539.44086,459.95453,223.0234,524.43335,-289.95215,236.41162,532.32074,470.32043,159.11598,511.22247,-307.16345,276.12088,590.93567,434.11362,228.03265,609.5153,-429.33932
low_93.jpg,plank_low_hip,987.20105,501.31912,-36.973175,1004.84717,489.20505,-22.202951,1004.9214,487.32608,-22.294907,1005.1095,485.3596,-22.367722,1005.80066,487.94128,-71.37216,1006.3788,485.49545,-71.456085,1007.06494,483.0475,-71.57054,996.03174,462.72745,76.36542,996.8463,464.32758,-144.64453,968.4951,496.67993,7.511819,968.35144,495.21802,-57.499275,880.63446,430.24268,270.7213,899.9639,481.44754,-242.41621,829.4366,559.4754,310.7735,838.13403,612.4151,-215.94405,935.5792,586.53973,277.2981,953.76514,619.11383,-4.6933346,979.13513,595.4239,289.82892,994.9344,624.0628,-15.7441435,987.78613,586.49524,299.88733,993.5214,603.8052,-8.213362,973.4697,581.1395,278.2661,977.7269,596.8339,3.4779572,647.27655,433.9209,172.73119,641.18036,454.7536,-172.62743,459.24237,499.03577,285.98172,434.25928,498.1628,-188.1969,271.63965,539.2651,408.89252,226.43547,520.74146,-250.0255,233.53177,531.78143,417.0627,161.14307,508.08887,-264.474,265.54993,615.4399,376.2508,203.45154,618.5834,-383.72992
low_94.jpg,plank_low_hip,987.58704,501.88217,-42.344383,1005.2295,490.05023,-27.724258,1005.33234,488.24796,-27.810919,1005.5661,486.33505,-27.879799,1006.1975,488.6923,-76.31147,1006.82196,486.24182,-76.394035,1007.59,483.77454,-76.497856,996.317,463.73386,71.09181,997.33,464.84134,-147.58807,968.9287,497.58444,2.188002,969.02356,496.1106,-62.15446,880.4855,429.98166,268.07162,900.7586,482.38443,-245.95735,831.3543,559.27655,316.8719,837.62445,612.5406,-219.93025,935.9494,585.0742,296.80377,954.1238,618.5542,-10.584884,979.11145,594.8337,312.23407,994.2323,623.5586,-22.150742,987.67834,585.7055,320.781,993.4114,603.5065,-13.760361,973.52185,580.0828,297.75436,977.86523,596.402,-2.1520016,648.0513,434.31955,174.41742,641.3494,455.21924,-174.31883,461.2138,498.8553,300.71896,434.26465,495.2616,-196.62991,274.61627,539.7209,430.60428,226.2336,518.08276,-267.52567,236.09973,532.1674,439.61838,160.07195,504.00333,-283.07135,269.84036,618.50336,401.87656,220.3556,604.73254,-402.9419
low_95.jpg,plank_low_hip,986.80786,502.22638,-50.41693,1004.4275,490.51523,-35.75547,1004.51245,488.74585,-35.840794,1004.723,486.88513,-35.908188,1005.3728,489.12802,-84.02264,1005.9714,486.63953,-84.10386,1006.6848,484.13998,-84.209175,995.7009,464.92072,64.0544,996.5797,465.34772,-152.8792,968.443,497.91296,-5.5428658,968.58997,496.50894,-69.390686,880.7966,429.4077,264.678,900.7068,484.11044,-252.54347,828.18994,551.9123,323.69046,835.7582,612.5764,-229.28775,933.1509,582.7163,315.1052,952.9522,618.19336,-18.871513,977.3479,594.7354,333.50922,992.7619,624.8158,-30.933487,986.29285,585.931,341.0223,992.3135,604.8244,-22.144796,971.9734,580.058,315.88718,976.3416,597.22546,-10.502556,647.9395,435.21725,176.55753,642.06415,454.04572,-176.4904,462.60342,504.46735,285.69818,435.8509,496.31625,-182.43285,272.05255,542.3659,407.77344,224.01665,518.9903,-235.07155,233.62999,533.8699,415.78995,187.15904,502.80054,-248.75476,265.2312,621.62885,372.98383,224.23993,606.05524,-367.47833
low_96.jpg,plank_low_hip,987.1106,500.5344,-51.05536,1004.9169,488.86438,-36.124233,1004.98035,487.10202,-36.215305,1005.16296,485.2389,-36.29226,1005.9284,487.36914,-84.01555,1006.5216,484.865,-84.09257,1007.2456,482.36288,-84.19781,995.83246,462.905,63.32638,996.8147,463.5284,-152.31995,968.1284,496.1941,-6.4715233,968.0139,494.59665,-69.88492,880.7311,431.01935,260.12457,899.71497,482.74622,-249.91321,832.34045,560.3855,304.21616,837.4854,612.98175,-226.19281,939.43164,586.40497,272.89655,953.61414,618.40857,-16.091803,979.31226,595.4293,285.70026,994.6185,624.09906,-28.202034,987.7435,585.9686,295.07312,993.14667,603.2381,-20.010101,973.5785,580.2872,273.78473,977.59467,595.7977,-7.866385,648.3566,435.94766,173.92717,641.58746,454.25378,-173.8485,462.96173,501.3554,304.92578,434.81604,495.8541,-184.07108,277.97574,540.81805,444.51996,225.27377,518.71265,-241.57579,239.94911,533.58203,454.46655,190.45006,501.84384,-255.73053,272.187,617.7287,414.82513,226.2175,603.8003,-376.15536
low_97.jpg,plank_low_hip,987.18475,500.98767,-43.24855,1005.18304,489.06403,-28.215435,1005.24646,487.27173,-28.304089,1005.4332,485.38254,-28.375496,1006.1981,487.61722,-77.15287,1006.795,485.1307,-77.23319,1007.52167,482.65045,-77.33937,996.1457,463.22345,71.3823,997.1152,463.98376,-148.59213,968.15784,496.42206,1.4721237,968.0277,494.77322,-63.22968,880.69464,434.14008,268.21945,899.617,482.1717,-248.70918,832.4501,560.4677,311.60068,838.08484,612.73956,-221.3432,934.3073,585.59216,281.6762,953.9396,618.9349,-8.494341,979.59015,595.9792,294.62268,995.50385,624.6931,-21.073816,987.78674,586.4979,303.55283,993.8299,603.85754,-13.750725,973.3745,580.72485,282.15192,978.08685,596.26196,-0.7167493,649.76447,435.6492,175.22946,643.90375,453.48447,-175.12573,461.0707,501.102,279.1733,436.86774,496.67215,-178.73248,274.0766,539.5217,397.0689,229.85562,520.6206,-227.84131,235.35046,531.39404,404.70856,169.80751,507.3223,-241.20363,269.09454,618.89984,360.7937,229.51001,604.8284,-359.24527
low_98.jpg,plank_low_hip,986.8701,501.7771,-46.86308,1004.791,489.6855,-32.193825,1004.8636,487.83417,-32.289932,1005.04785,485.87372,-32.36872,1005.7241,488.33963,-80.67915,1006.28265,485.87088,-80.75954,1006.93506,483.39813,-80.873146,995.89246,463.1424,66.36743,996.7201,464.64105,-151.89352,968.05597,496.87335,-2.4271746,967.8782,495.3091,-66.59661,881.1691,431.09134,261.03052,899.98083,481.78232,-248.30411,829.3707,559.37604,302.16376,838.72217,612.6531,-224.66673,936.17346,586.1925,265.20303,954.7598,618.88275,-15.349578,979.96594,595.5293,276.92767,996.1522,624.22284,-27.746141,988.2207,586.2934,286.5191,994.52625,603.43665,-19.874264,973.89954,580.7608,265.94507,978.7246,596.09326,-7.2903776,647.49634,435.03723,171.72742,640.9575,452.97113,-171.63359,461.2124,499.7278,292.72778,434.22025,495.65604,-175.14175,277.55927,540.83777,424.90015,228.05515,519.6554,-221.52357,239.93878,533.83813,434.16943,166.56085,507.66693,-234.32385,276.30432,589.43066,393.30133,226.25793,603.6498,-352.9406
low_99.jpg,plank_low_hip,988.35486,502.59317,-42.290688,1005.74554,490.5072,-26.914465,1005.8093,488.67032,-27.00422,1006.0035,486.72803,-27.07158,1006.71704,489.23337,-76.82544,1007.29913,486.79715,-76.90612,1007.9966,484.37296,-76.99748,996.87085,463.7248,76.52856,997.5593,464.9041,-147.05965,969.5624,497.99185,3.9508102,969.509,496.38638,-61.844772,882.34894,433.11584,273.6076,900.5212,479.17148,-247.13086,833.6124,560.3447,313.27365,839.01904,611.0818,-222.13376,943.3071,587.9801,282.5201,955.113,618.356,-5.53667,980.86475,595.08636,294.6477,996.4149,623.1881,-18.124,989.41223,586.43286,303.81976,994.85706,603.4236,-11.448524,975.14575,581.00555,282.66046,978.71533,596.2269,1.9959282,648.36334,435.86978,174.79672,643.5229,451.36032,-174.64853,456.9312,503.55826,242.62253,433.9378,497.39355,-185.95842,269.67578,526.2256,340.84244,223.19293,522.5429,-234.20322,222.06604,522.55554,345.76666,162.51205,509.70605,-247.86812,250.47,610.1145,292.70654,221.0104,607.66016,-369.6093
high_0.jpg,plank_high_hip,927.9945,693.76605,-1147.7825,1004.61,695.7506,-1123.2013,1005.80054,697.0742,-1123.5801,1007.86127,697.8678,-1124.228,1001.20374,664.9815,-1229.915,987.17944,647.3506,-1230.0283,986.33844,614.0613,-1229.8069,995.36444,644.21204,-834.3445,980.2597,532.90283,-1314.5339,868.11084,680.49945,-1017.7473,866.1383,638.1293,-1155.2334,816.0822,518.35443,-451.74637,694.36096,335.8583,-1211.3528,494.98523,493.1261,84.65248,343.6029,456.13483,-790.2074,371.4009,519.56885,217.54625,471.68073,594.68695,-57.909508,342.77844,523.3149,207.01404,489.79858,644.2015,-58.865856,375.65094,531.2439,152.7714,573.07056,598.98755,-64.41542,380.01697,518.2008,194.69928,570.1811,581.0416,-48.945217,143.8681,350.75983,312.01505,92.98896,231.4852,-311.30304,-46.91704,467.16455,1143.26,-221.76843,280.83524,541.5348,-319.00214,374.6137,2114.751,-468.80878,275.6723,1417.2443,-359.92825,311.77734,2201.5718,-492.15814,214.53902,1500.9829,-439.85104,535.8079,2110.9282,-601.78046,471.52362,1302.8033
high_1.jpg,plank_high_hip,922.04034,697.1087,-803.313,995.66284,692.37805,-792.3853,998.0614,691.08435,-792.8802,1001.6919,689.3889,-793.5324,982.84796,666.2023,-894.5759,982.2637,652.79156,-894.7002,981.81714,638.9415,-894.6701,984.7001,614.38184,-589.28485,968.2736,545.01306,-1041.9958,871.90314,672.3297,-704.7876,869.0969,641.9221,-834.9194,832.621,464.24463,-254.20189,661.56995,405.08084,-987.45026,502.20392,406.60367,254.83986,308.5609,484.2242,-627.031,385.91077,485.8656,423.28354,434.6399,609.80286,70.132416,363.31433,494.44485,418.10413,449.7327,658.3914,73.30369,388.21118,521.13855,348.32095,527.40515,615.0436,44.964462,389.2259,507.98456,394.7896,525.9614,594.4423,69.8779,125.632034,338.35327,295.31287,65.071754,276.34503,-294.32574,-209.98009,428.8515,861.78534,-370.50513,331.39932,308.00153,-624.67957,404.35678,1636.7112,-792.01794,303.18872,890.3528,-694.8883,359.4667,1701.6233,-848.6987,236.62442,942.93274,-732.75854,571.2607,1566.7295,-919.3971,494.49664,690.51294
high_100.jpg,plank_high_hip,803.42664,710.81085,-747.6073,860.85425,714.7784,-724.9808,860.8438,715.50854,-725.23535,858.28546,724.93036,-725.5781,860.3041,694.4288,-786.77954,859.1804,688.32806,-786.8424,857.36365,682.5309,-786.9739,835.25366,686.1616,-521.1016,843.30896,622.9085,-800.6549,759.6288,685.2454,-661.2304,761.3351,662.06793,-741.31256,597.3067,615.333,-317.4777,662.80615,396.50674,-713.95074,303.5132,560.1,-55.409122,336.00995,302.73145,-460.4861,168.0493,543.01917,98.65215,224.98419,286.8061,-129.362,134.13705,540.07227,119.7511,204.54462,275.37802,-127.38029,154.93253,542.1955,110.88303,239.16473,275.1964,-137.73627,171.58371,532.4131,95.77247,249.68692,285.3139,-132.85475,138.41539,404.38202,157.7538,159.38782,299.77148,-157.587,56.613556,397.75565,867.2241,52.28388,296.4876,556.1915,34.226727,319.92908,1572.6671,25.245554,284.0848,1316.2329,-31.822968,295.39343,1643.1263,43.120956,249.55855,1389.4427,-117.567825,374.2403,1624.9302,-91.57337,364.57324,1318.3506
high_104.jpg,plank_high_hip,784.8734,711.43866,-658.76434,832.1524,718.0449,-632.46063,831.4792,721.22284,-632.6167,830.2838,722.8827,-632.79565,836.5046,688.3486,-693.158,839.59424,667.5135,-692.89954,841.311,655.39435,-692.9694,809.31555,688.7366,-430.32028,837.20276,581.9048,-708.81165,745.9276,678.68555,-572.27386,750.9968,639.39124,-651.70325,581.69916,623.1637,-239.76698,684.903,385.15277,-663.59076,334.04218,539.6817,-27.735289,413.96277,332.467,-501.2242,195.72995,502.07236,23.179317,385.57776,442.02164,-292.05136,141.24559,488.1988,14.47001,366.3714,476.4499,-320.27448,162.35915,501.85263,-11.463809,414.7134,467.83078,-312.55585,189.61853,492.9038,8.56917,425.23627,456.13965,-289.80228,177.40857,403.42508,156.16324,178.58762,304.74225,-155.81313,61.024136,368.2667,833.2901,41.925163,304.97183,485.5444,3.3847916,329.78345,1509.8131,-13.3253,282.32877,1177.4014,10.024511,307.19717,1572.776,-5.5078793,252.0628,1244.6138,-150.76689,408.1554,1536.2783,-64.00334,338.43088,1156.7396
high_105.jpg,plank_high_hip,789.9541,739.58923,-702.14777,838.0249,730.81036,-675.9698,840.09204,728.72363,-676.203,840.90076,725.7553,-676.4869,834.53125,716.42633,-754.15344,833.85345,708.9984,-754.3096,832.31665,701.2156,-754.40015,830.7445,679.8713,-480.96472,829.2593,637.02814,-830.5671,751.30316,702.7002,-617.44666,748.01306,684.584,-717.2912,656.6102,588.4349,-269.71045,637.96814,392.6478,-787.3614,372.02942,469.01605,-3.014766,285.42282,281.1103,-548.03046,206.59586,449.98288,144.01794,184.77267,298.15213,-195.70538,171.01198,444.6839,161.38644,165.5965,297.53583,-205.07347,186.34354,450.08704,149.06712,213.20169,299.8118,-207.20676,200.66913,441.94345,137.20111,225.00739,304.47186,-195.33572,165.66939,387.04535,190.69481,148.88004,304.81897,-190.13275,59.408016,357.7871,810.7556,58.036797,297.2589,453.65018,18.813364,309.18277,1446.1294,6.988989,279.70102,1133.7322,6.7008886,280.48782,1504.4886,2.9258847,266.34998,1197.6802,-133.49033,371.13696,1486.2773,-109.69083,370.6937,1126.6116
high_106.jpg,plank_high_hip,788.65204,729.36273,-766.9856,836.8646,728.8573,-739.73267,837.3516,729.64154,-739.8642,837.3156,729.4778,-739.9793,838.2731,706.092,-811.5359,840.2247,688.72473,-811.5277,840.9291,678.3735,-811.49255,822.26996,682.7794,-515.4919,836.5795,600.9262,-840.8618,750.8987,690.72375,-670.323,752.21704,663.09735,-762.8049,592.6811,615.3705,-279.49713,659.04694,370.65283,-780.7819,365.068,495.2046,5.273619,324.53687,281.8167,-464.2015,213.31104,461.50937,135.24397,243.54489,317.58472,-67.051315,162.11163,452.24988,143.72643,216.4307,325.8648,-67.79317,184.31345,463.3014,129.38168,263.5461,331.04745,-72.74579,207.21648,453.9179,126.920586,279.83087,330.4036,-64.85843,146.8433,400.23206,182.14781,136.91191,286.15582,-181.31094,50.33143,367.40866,874.57306,30.741142,299.0052,498.95627,-4.8453665,318.20502,1581.333,-111.22796,259.17438,1224.3838,-17.49657,286.12134,1647.6936,-127.23927,226.48463,1293.4344,-185.91245,351.35812,1616.6841,-186.29091,360.36093,1192.3197
high_109.jpg,plank_high_hip,768.4448,710.4051,-892.20825,823.4971,719.37274,-868.95575,825.1934,717.7023,-869.1186,825.42017,715.199,-869.1981,827.3615,702.8615,-949.1257,829.2633,686.8691,-949.1318,829.4425,680.11285,-949.40857,815.21295,671.4794,-634.86914,822.8988,604.4557,-1006.5113,722.6847,678.9467,-791.3935,732.53467,658.3698,-897.8054,563.0812,639.2168,-372.34726,638.6561,377.746,-922.3367,286.8629,539.3957,-107.30977,294.88998,276.9705,-542.63324,175.07048,456.957,-7.1489573,224.4671,271.1638,-29.349323,135.73228,433.6199,-1.0676425,198.48257,270.36365,-4.399453,160.22643,452.80753,5.485041,232.66676,264.6199,-14.543587,180.89413,442.34106,-7.590614,245.86127,271.94397,-25.045204,98.783966,457.86243,175.18813,127.85861,293.30267,-174.09238,-18.948719,454.7055,967.6023,31.609106,307.41974,552.162,-137.82909,359.82013,1755.5077,-152.28671,269.39825,1373.3527,-141.17596,324.84546,1827.5935,-156.1883,235.02454,1453.9429,-263.51587,416.8686,1761.974,-273.44067,366.33005,1312.6699
high_110.jpg,plank_high_hip,779.4849,721.71295,-776.9122,827.0475,716.8548,-751.1146,828.74097,717.11774,-751.3038,829.625,716.40234,-751.5046,826.49854,699.5731,-829.2199,827.61444,691.15283,-829.2323,828.82355,675.66266,-829.3393,821.8895,670.1322,-532.34186,825.6538,602.09424,-886.89154,749.5075,700.0959,-682.7469,748.45026,666.00024,-783.8215,610.1293,608.1296,-286.93427,641.0507,373.32343,-843.8687,356.85513,482.56378,-29.98781,253.19038,278.18967,-577.54254,216.90845,428.7182,94.03151,154.42274,280.10675,-199.8059,178.24179,412.26453,99.294624,126.011665,273.66983,-206.59161,195.30576,429.30453,89.4738,162.02548,274.24158,-216.65114,211.94583,421.29324,86.14708,178.25792,281.55368,-201.48796,148.66045,426.329,195.5111,151.15735,305.17264,-194.57166,5.175639,445.6234,890.4336,45.453358,300.3679,480.74548,2.8561425,347.17523,1591.231,-142.80557,276.28555,1211.735,-129.2626,311.3643,1655.2664,-154.9541,242.78413,1282.1187,-213.72205,412.29373,1597.9149,-231.97647,377.32794,1140.6024
high_111.jpg,plank_high_hip,766.81036,706.5271,-560.1256,808.09686,702.85675,-551.35767,808.9068,700.80115,-551.53955,809.2614,698.0763,-551.6825,807.637,695.68994,-614.38,808.61475,680.1565,-614.5205,808.3048,673.23706,-614.6548,803.92163,656.0061,-431.929,800.3546,597.8399,-711.66797,734.8342,682.6619,-501.64597,728.1019,659.49207,-581.84546,638.48584,541.0969,-264.2643,589.7141,452.1902,-660.4544,366.73346,439.9624,-15.532989,355.03403,325.92648,-363.93033,230.50612,418.0732,139.3582,311.59387,352.17258,53.32345,195.38983,408.55405,157.54709,301.14792,358.06955,69.20326,215.51633,414.5645,147.6977,345.1689,353.3853,61.139263,230.1364,410.41888,137.02992,349.5433,351.19296,58.282143,172.60063,384.8234,132.87585,166.3643,322.4558,-132.58282,74.68123,330.4407,677.3867,56.21132,298.8226,410.04153,19.360962,294.40765,1260.717,-57.269802,274.1509,1026.1434,23.927248,276.94977,1317.0612,8.623589,253.8464,1086.4878,-44.7696,335.33414,1308.9353,-18.493593,337.2537,1045.5276
high_112.jpg,plank_high_hip,782.6898,717.7039,-710.07227,829.5771,716.2892,-688.34143,830.6908,716.36096,-688.58484,830.41254,722.691,-688.8004,825.74414,695.1567,-761.10645,824.4526,686.9834,-761.2721,822.2512,678.6858,-761.35443,818.7285,670.0383,-507.00574,814.85364,606.3203,-833.3755,744.8417,692.24786,-630.42255,741.5618,669.28357,-723.5961,652.3294,589.89294,-321.8214,617.4533,384.31134,-764.4931,370.37625,484.3427,-67.68824,263.87943,283.47253,-514.9216,208.83408,471.28555,46.52997,225.47247,317.74576,-183.94106,170.61516,468.6012,57.083427,211.2584,319.07623,-189.6297,188.96515,470.45984,47.37459,261.04398,315.3329,-189.64737,205.21756,460.72232,40.93631,271.20596,319.27322,-182.27654,179.27725,417.4885,170.64897,171.44885,307.67136,-170.13626,61.671066,416.82236,818.1587,74.18179,308.75366,486.6291,55.61197,314.19724,1491.3954,31.54454,287.28012,1211.0575,53.457413,300.56607,1554.8374,28.903332,274.4077,1279.3025,-0.7905102,361.56073,1530.7781,-5.345087,351.3186,1206.495
high_113.jpg,plank_high_hip,761.42163,699.4619,-666.18524,804.027,696.23535,-654.08496,805.10266,695.9505,-654.1842,805.4541,695.1967,-654.2814,801.55304,678.28375,-724.08984,800.94635,669.394,-724.1818,799.7743,650.5726,-724.1674,797.3169,654.85364,-500.76648,791.14197,590.0328,-814.4953,729.17554,679.7317,-593.47406,723.49744,654.57684,-682.9577,632.9678,546.8703,-288.82898,587.1292,427.1235,-753.3065,390.50082,425.43658,12.916974,315.7124,345.65414,-418.0766,254.6646,401.6683,183.8234,302.96393,390.92517,57.400696,218.09502,391.43192,201.70578,291.74536,403.72443,71.04753,233.46951,401.07864,184.0689,336.0294,398.44824,59.24093,247.8953,395.47772,177.1921,342.58746,394.7195,62.160324,167.39343,385.82263,152.8642,157.21112,314.52176,-152.3689,11.55808,351.30295,691.37524,30.796265,303.45648,394.4298,-93.83766,290.12415,1252.0399,-101.47335,276.97815,971.53656,-109.528694,259.28036,1303.2412,-121.5468,248.51173,1027.6979,-159.8411,350.35645,1279.545,-158.12566,365.02585,968.67017
high_114.jpg,plank_high_hip,771.3718,700.5775,-863.44904,819.94556,698.3022,-838.1786,820.6445,700.0486,-838.26514,820.83124,701.17004,-838.38934,820.32074,675.823,-911.77374,821.5363,659.23566,-911.7783,822.0838,646.3715,-911.80676,805.31934,669.82227,-611.9846,818.63696,575.5685,-949.3523,739.34326,680.0466,-765.046,737.1135,640.68506,-861.36206,586.0606,613.14014,-372.66516,656.2577,372.2447,-884.7462,334.5967,518.8691,-133.28017,329.76413,317.00287,-634.91046,172.7381,489.24466,-75.09008,314.4866,405.95477,-261.26202,117.51067,481.75278,-79.71396,295.97644,431.98273,-270.55414,138.00142,491.4173,-104.01073,345.13004,423.40372,-268.40942,163.36377,479.54846,-89.474144,355.31406,415.07095,-256.34708,154.4541,425.2342,175.24622,173.10977,302.77405,-174.6623,30.206226,403.4148,897.6393,51.35859,306.6101,524.68713,17.053059,323.51184,1620.095,3.902012,296.209,1266.1785,26.245909,297.4507,1685.9348,6.946741,262.16296,1336.2151,-161.21733,399.7555,1625.5498,-160.93512,368.68597,1222.6575
high_115.jpg,plank_high_hip,783.014,731.8908,-679.37976,829.303,719.451,-661.2882,831.2302,718.34674,-661.46204,832.81226,716.456,-661.6338,826.80334,705.0537,-731.58167,826.8686,696.5774,-731.704,827.00085,683.6852,-731.8143,823.64905,669.86,-508.8058,817.01526,613.4505,-820.0758,746.4852,709.8704,-611.352,740.9119,690.7261,-700.171,637.19,601.04425,-311.84177,637.19635,389.87466,-788.1758,368.74414,504.7768,-53.185966,314.9046,306.43747,-512.1865,203.83136,463.95483,93.426735,238.69067,365.9885,-95.34514,158.61688,455.80103,104.0744,213.42888,383.15463,-89.4137,176.4665,458.22662,94.8857,259.38885,388.65945,-87.701035,196.51358,449.52252,87.49582,272.0799,387.02118,-88.51714,174.24515,417.72122,141.45209,186.57333,307.39798,-140.64896,35.01372,380.6429,701.1158,72.975365,299.07767,415.11444,19.996069,312.01028,1290.9656,19.872265,276.81943,1050.8309,28.141487,290.8296,1344.5337,32.956375,245.56898,1110.3851,-125.13522,388.85968,1303.5354,-108.1469,344.9965,1034.043
high_116.jpg,plank_high_hip,786.5441,711.5202,-687.78595,829.6488,707.05023,-672.41516,830.5266,706.788,-672.4878,830.94446,705.8863,-672.5508,828.94507,686.93713,-741.3369,829.0303,666.4858,-741.42505,828.7859,657.1219,-741.3272,823.6398,659.6345,-508.4479,823.7829,576.639,-819.5858,745.9189,672.33545,-612.6531,747.0548,647.33374,-701.15485,652.1549,549.10095,-296.31625,597.2977,391.84103,-750.4779,394.96677,463.28226,-8.517872,329.3315,301.08533,-412.18317,250.26033,449.79178,110.77178,317.60028,366.4002,55.8737,209.75311,446.26044,124.234245,302.7411,385.06766,73.45849,228.94357,450.00092,106.49762,351.59705,382.1753,71.20372,245.41837,440.9782,103.06941,360.8876,375.99518,64.04449,182.66264,395.16745,153.18524,171.18149,307.41638,-152.28876,70.6754,351.09607,710.303,50.543716,312.42297,402.55862,-40.668774,314.39932,1275.385,-53.6203,285.06116,997.2859,23.721748,283.8316,1327.646,-69.99541,262.55847,1052.1526,-107.4606,379.80948,1309.9847,-110.610855,372.6242,990.0085
high_118.jpg,plank_high_hip,767.91376,720.8677,-730.7581,822.25433,706.71136,-715.11597,825.02515,703.9975,-715.3887,827.1876,700.6202,-715.56494,818.7647,699.7006,-799.39276,819.09766,688.72144,-799.7096,818.72424,682.10693,-799.8784,826.1761,653.1469,-545.40955,811.8106,617.0268,-923.37354,738.49457,685.0122,-650.91846,735.256,668.69745,-759.6478,658.04926,561.59125,-316.984,587.6173,418.53378,-882.4739,387.86572,438.50912,-35.243412,260.54572,344.90143,-601.07574,230.76938,431.03958,68.781296,270.9263,412.61465,-161.75291,191.77179,424.2653,77.38424,264.6486,432.21555,-165.9356,204.6032,438.13293,58.56212,318.70203,414.5503,-165.87225,220.78813,430.234,58.672226,325.73532,407.4454,-155.65472,156.09575,408.00906,202.58208,111.75453,321.26413,-202.16383,69.69802,378.5559,866.66113,47.624393,301.08463,505.98514,-13.466072,313.8619,1591.258,-26.13792,312.40625,1237.4971,-0.098632574,279.93085,1658.4694,-138.57733,277.28723,1306.8918,-74.284096,368.34558,1615.685,-179.17822,408.7871,1210.8164
high_119.jpg,plank_high_hip,772.1959,682.6045,-698.6798,822.1542,684.3519,-678.13837,823.01215,691.1478,-678.276,823.6404,692.6595,-678.3807,822.50354,659.756,-744.02405,823.3507,648.5248,-743.814,823.8874,629.4961,-743.812,814.6068,653.637,-490.5725,818.46136,558.78064,-790.97595,734.87085,660.88214,-617.2065,737.2733,632.03705,-702.3001,586.41406,603.8615,-264.15863,631.6174,362.79013,-742.8137,337.91302,542.68304,4.8581457,354.18274,306.01596,-440.32904,181.13463,521.5497,112.07162,344.20465,355.3833,-57.767487,120.39871,518.5801,109.43836,322.42322,377.58096,-49.139637,141.55072,525.18964,90.07036,370.24304,368.04456,-68.86077,170.99234,508.4444,100.02427,380.30795,364.09222,-60.080265,156.60101,416.65662,153.56134,178.04848,281.72382,-152.14069,55.043682,354.22,731.4099,27.164927,295.80365,346.0371,-133.11815,336.84064,1353.2448,-131.45755,253.81871,983.5028,-148.89912,303.30286,1403.669,-144.07365,219.33522,1041.1085,-242.92865,409.42868,1313.125,-238.171,330.31836,894.55206
high_120.jpg,plank_high_hip,778.8707,680.75995,-586.0878,826.78015,682.15845,-567.7875,829.18976,682.1652,-568.1268,831.82227,681.68335,-568.37634,827.61646,667.20544,-642.22766,830.3769,655.19666,-642.0527,833.2846,646.28815,-642.0532,826.8814,630.29926,-394.5909,833.8616,574.1324,-731.13654,745.66187,658.3443,-509.11862,746.341,639.70135,-605.7375,624.5415,559.7901,-166.68066,638.045,367.1253,-746.2835,355.77206,457.725,79.764725,320.4367,452.42627,-554.7009,262.64307,409.09525,168.48639,370.96133,586.0681,-124.79244,222.58864,387.63504,161.55977,361.9354,640.44037,-134.2763,243.893,416.48004,149.31673,420.07416,612.32336,-121.98184,263.68726,409.00748,158.60333,424.697,589.8312,-114.1371,129.15088,408.73428,168.9603,138.06668,290.7486,-167.76964,-65.064186,495.66064,756.869,-7.8538227,305.21576,382.5623,-237.08084,426.13403,1420.7867,-215.92877,292.70612,1032.5111,-247.8107,389.65668,1477.0994,-230.9546,253.81778,1093.4349,-367.70154,496.21692,1382.2661,-324.32727,366.4868,951.8543
high_121.jpg,plank_high_hip,793.7408,679.1718,-493.66718,839.3664,672.56354,-477.89246,843.3045,671.9991,-478.3443,847.3458,670.7033,-478.69736,833.67615,656.25165,-554.2118,833.39294,646.0154,-554.0455,833.33044,633.31384,-554.04,841.29443,606.4862,-333.9627,823.80286,554.4945,-671.22626,756.173,658.0096,-427.84225,746.6952,638.91925,-524.47687,639.20776,546.0181,-111.364784,637.60364,379.23254,-681.87427,379.68774,514.4403,109.04527,346.04517,454.79657,-477.0418,362.29294,461.4209,156.7435,428.30298,533.5269,17.539057,350.18723,433.03015,159.57278,432.11157,577.3164,36.601303,375.1145,454.83527,176.57236,485.81976,548.927,38.022633,380.9676,450.7329,162.40923,482.15988,534.74695,28.693722,181.1296,372.63373,164.08516,176.29202,272.20383,-162.60004,-29.688873,456.3052,575.1149,-64.51054,322.29105,219.12857,-190.66862,419.8716,1094.3936,-252.49594,276.44742,730.3198,-206.36621,392.34964,1137.7023,-275.76566,242.80116,778.5536,-303.52948,493.3833,1044.1942,-365.3061,344.43726,628.6573
high_122.jpg,plank_high_hip,800.5409,659.95465,-595.2495,843.98486,648.6324,-571.59814,849.7171,650.31616,-572.0907,854.402,652.21277,-572.49475,836.7555,629.0642,-641.55286,835.6647,614.4041,-641.3478,834.523,602.5789,-641.3213,834.1334,619.1291,-405.8532,822.17285,526.7632,-711.00006,763.94885,647.45703,-523.18585,751.20636,617.27625,-610.8868,648.23517,566.2311,-198.2895,621.7543,342.39517,-680.8795,392.89575,571.2634,25.64604,358.67242,425.57794,-481.02728,358.62885,552.4727,59.33676,450.70386,526.6338,-54.336353,347.01004,544.2889,58.140907,460.66666,574.21014,-47.21126,372.19244,555.5928,66.27622,512.05756,543.55615,-32.465214,376.33868,544.297,61.582695,506.79456,532.04663,-41.628838,207.5814,385.90198,151.08598,208.23647,264.49936,-149.6582,34.25337,466.57428,665.608,49.013786,301.15958,328.0188,-100.752716,445.19348,1267.4358,-122.32031,276.8012,917.0752,-110.4578,417.38675,1319.98,-133.94305,249.70863,972.4138,-207.0476,528.9925,1229.3123,-226.56146,349.28427,836.92175
high_123.jpg,plank_high_hip,772.3948,621.9591,-824.03455,819.5533,619.701,-805.31274,823.2721,622.1409,-805.76013,827.546,626.0068,-806.1481,815.464,595.7636,-872.41736,816.32196,582.85175,-872.6114,814.73193,565.57184,-872.62537,805.12274,609.77094,-631.1086,813.2908,490.117,-925.8806,731.17725,606.81323,-743.8373,721.01587,570.23926,-828.19586,647.1013,531.8478,-405.87115,613.5165,319.44376,-884.34045,422.54083,515.4397,-200.71811,284.77808,575.448,-763.1232,334.9035,499.64154,-274.75632,317.40518,763.23285,-522.718,316.25412,486.40005,-305.25354,312.03232,832.10864,-587.36505,340.48322,505.12613,-345.54385,379.79492,812.38257,-554.865,346.03918,500.34177,-296.29926,381.90445,792.56573,-510.93594,222.97127,382.68256,130.47722,211.65483,257.20135,-129.77228,67.277916,416.72513,705.1665,61.716164,284.55786,423.0632,-43.77083,398.28802,1365.1077,-58.057728,270.07062,1059.0681,-51.38954,374.85605,1426.9136,5.2374077,261.1646,1118.3169,-136.25912,464.16504,1357.6067,-144.9074,341.0601,1000.8008
high_124.jpg,plank_high_hip,760.5342,597.5778,-711.40076,806.69385,590.10913,-685.853,810.3175,591.78406,-686.3904,814.34784,593.5949,-686.99493,803.1323,571.08734,-750.84686,803.8916,558.28406,-750.92065,804.49097,545.2603,-750.75745,811.07513,548.1577,-524.11523,793.9563,460.5428,-804.44714,712.8926,577.663,-642.0615,704.34357,549.49915,-722.4692,631.0542,486.05038,-311.97107,536.28674,339.2298,-802.74976,430.38608,543.50525,-56.29827,264.743,624.4171,-734.37646,370.61182,590.57404,-71.08183,278.0388,870.4047,-589.4775,367.58774,603.6233,-94.51729,275.11633,943.2937,-686.5604,389.79236,618.19354,-147.13751,344.2597,931.5348,-648.69684,385.5403,603.92267,-96.75629,346.59183,909.55804,-582.2869,201.97241,350.59198,135.366,169.51724,235.60165,-134.40501,65.266594,457.29312,640.87335,50.914616,274.79205,374.90628,-61.65264,440.40283,1277.8014,-77.567535,252.5151,968.26117,-71.59565,412.31354,1337.3816,-3.890152,231.79723,1021.4169,-153.34717,524.79095,1296.4086,-174.43968,325.3338,936.66656
high_125.jpg,plank_high_hip,768.3477,552.15936,-713.9133,821.4414,550.3485,-690.61884,823.34955,559.6676,-691.19116,825.11414,564.5256,-691.6631,815.3541,523.7679,-755.2739,810.409,511.4776,-755.4865,808.8141,494.16248,-755.6469,775.02344,539.6295,-522.3032,796.22675,418.13617,-803.10333,728.2666,545.1575,-640.1751,711.302,502.2067,-720.4788,606.1225,470.52966,-314.8616,554.09814,336.70416,-798.4583,393.32123,551.07605,-255.5947,272.41602,568.81036,-752.9178,413.71283,646.0174,-500.84033,349.1447,796.1502,-615.4617,428.55524,658.72186,-562.6432,354.16565,863.8763,-697.0592,455.3897,686.6855,-586.8423,413.24762,843.8877,-672.0586,444.1396,670.91473,-522.5632,410.17303,823.4931,-609.77673,187.67334,349.23642,135.36151,179.67055,240.67897,-134.85374,51.39984,458.01038,705.2302,103.49441,422.98126,399.31427,-60.246887,442.05005,1352.759,-16.37764,381.7433,1058.0837,-65.8539,420.83655,1412.6555,-25.95663,352.91293,1117.0991,-159.47853,509.21332,1347.9458,-112.71353,445.3341,1037.1422
high_126.jpg,plank_high_hip,778.5962,508.8132,-840.6118,831.31213,515.00464,-821.1463,833.9349,522.5676,-821.6485,835.6314,530.1457,-822.08,824.7889,474.55637,-881.61,821.61957,463.68207,-881.75995,816.5232,442.5302,-881.8501,783.7246,523.0652,-642.9178,804.0536,371.01895,-903.6077,734.2315,510.40918,-760.8772,723.0289,472.87018,-835.2021,619.80194,478.0487,-426.58026,575.4197,295.98682,-883.45776,430.20874,574.8408,-499.45114,282.56506,539.92755,-853.52594,468.90814,697.1697,-860.9684,363.63818,796.2364,-769.36346,485.56857,719.27484,-940.6589,368.07715,866.7214,-865.42285,512.9767,741.4291,-963.5953,428.20563,853.2048,-837.3908,499.73175,720.2814,-886.2949,426.25055,833.30707,-764.8253,218.0726,345.48254,125.72763,194.70811,214.78859,-124.81325,87.43183,461.88565,693.22925,81.616936,337.62473,389.71133,-23.378086,431.46133,1324.5161,-29.628658,284.3954,1004.16925,-28.608818,402.52008,1381.6066,-38.3757,258.19318,1058.5356,-137.51685,493.69708,1321.3696,-137.8652,338.3689,961.84204
high_127.jpg,plank_high_hip,782.6885,491.6419,-821.47,831.5864,497.80383,-799.91724,833.1504,509.28748,-800.36005,834.7163,515.0079,-800.7853,823.39526,464.40613,-854.3139,820.5615,440.65253,-854.5999,818.2605,427.3929,-854.5321,785.17346,502.4892,-636.7841,800.3229,335.79556,-871.6287,728.83844,493.551,-749.99945,724.9098,448.78885,-816.4426,621.98737,423.8189,-422.63333,546.9697,295.34158,-877.61774,489.5905,523.57623,-356.27148,284.5343,572.6992,-812.8888,510.9948,670.67035,-582.833,326.11023,821.5432,-749.89716,525.8242,707.03534,-658.2073,318.55197,884.3618,-870.1807,546.53723,724.9635,-719.85785,375.23923,879.64746,-855.58826,532.2399,701.98267,-622.09924,378.31818,860.5713,-754.81836,210.71957,308.64655,132.62296,182.29742,217.06602,-131.96773,101.38519,408.31036,722.62195,143.22784,415.59167,397.17896,-3.2608223,385.1267,1311.2366,20.74768,355.1375,998.08606,-13.898678,358.64618,1364.4037,4.2819595,322.4532,1049.494,-87.3797,456.2998,1345.4824,-68.79126,430.59848,1011.0754
high_128.jpg,plank_high_hip,790.6117,495.75238,-590.1368,831.5909,486.91492,-578.76196,834.6588,488.90472,-579.3067,837.8199,491.23453,-579.9085,822.6941,468.23248,-632.1801,819.32153,458.3611,-632.29315,816.5937,445.00543,-632.14404,830.8582,436.36108,-466.557,798.38525,377.8496,-691.622,743.97394,485.3622,-536.9186,734.73987,465.86194,-601.424,678.6026,341.54404,-262.33978,496.0399,307.56024,-704.0088,548.7364,435.07117,-22.297037,236.84023,575.46234,-631.58075,561.1192,593.44025,-71.54932,306.83148,795.6259,-534.4439,584.4049,634.2652,-119.029854,306.19788,850.098,-647.0613,586.9507,652.5563,-186.36725,364.8639,833.4045,-647.90704,568.5387,630.4811,-106.6481,368.62823,815.568,-545.9899,222.97931,225.90373,145.85025,163.2444,197.76535,-145.2082,94.61002,327.6575,608.70856,90.52979,391.0027,266.15753,-27.711916,334.91525,1135.7327,-60.568626,339.29175,819.2949,-44.852364,316.109,1191.0127,-81.54298,300.62677,873.1458,-88.64059,439.89816,1207.625,-132.93448,445.47482,864.317
high_129.jpg,plank_high_hip,787.435,505.25266,-606.16174,829.7712,500.9364,-593.9717,832.5147,502.2677,-594.4596,837.423,504.22406,-595.0034,821.74677,483.87384,-647.8106,817.6194,469.88654,-647.93054,813.86383,456.87186,-647.7642,827.1689,442.04083,-476.97473,793.3164,372.9007,-705.28534,739.2694,492.19006,-550.9694,729.41614,468.26923,-616.16455,686.2208,340.56262,-297.57056,483.04657,289.1602,-703.3239,609.7067,447.23718,-56.121998,278.20798,559.00287,-664.0065,671.9849,609.16376,-106.689545,283.22644,766.27655,-644.4964,742.194,631.2242,-168.1407,257.8866,871.8279,-782.66327,749.20703,625.73157,-239.08795,318.24982,866.85364,-778.37244,724.9749,599.2093,-143.88853,324.91028,851.7269,-657.2938,228.69238,227.97124,131.62389,161.24832,197.18495,-130.86247,97.56203,318.00635,628.9794,70.28403,346.0178,327.5849,-19.741745,330.32095,1178.3448,-45.73677,302.4595,890.0003,-34.97383,313.28326,1236.1257,-62.867756,271.51935,944.5868,-75.48344,426.65414,1260.3677,-99.53152,390.56735,938.6842
high_130.jpg,plank_high_hip,773.5895,496.0771,-517.62213,816.90356,491.65765,-499.7129,821.5836,493.7145,-500.2463,825.3192,495.24435,-500.7211,808.3065,472.4177,-557.61804,804.84064,460.41653,-557.7053,801.5028,447.5176,-557.55286,819.3698,430.888,-371.37967,783.8447,372.89468,-621.57263,728.994,483.76132,-460.5139,721.14136,463.77634,-531.9187,707.4292,315.23984,-197.08961,483.2583,291.99072,-635.8956,636.0009,450.06604,25.570105,278.97244,554.05273,-624.31024,741.8597,586.4011,-87.21755,320.0082,734.4343,-546.3708,771.92664,617.7462,-146.09735,330.2588,843.44135,-669.09674,772.2335,613.9952,-206.39606,393.56897,825.63776,-661.62177,750.17755,601.2105,-121.358376,389.097,731.37274,-556.53815,245.87341,209.44897,160.31439,131.61421,178.48326,-159.49466,169.80084,387.58298,636.20435,87.67201,367.92255,263.95786,43.678284,399.6579,1173.715,-35.134506,330.3058,815.29425,25.217524,376.31787,1230.3986,-51.259766,299.25598,867.31104,-21.079626,518.24475,1309.5574,-102.72714,432.16162,891.5075
high_131.jpg,plank_high_hip,765.5359,511.3996,-534.0405,810.1258,501.55353,-524.6682,814.06165,500.37277,-525.22815,817.94855,499.20862,-525.7797,798.27783,489.95032,-583.8425,794.5279,480.4018,-583.92725,789.10065,467.24872,-583.8423,808.9911,421.331,-422.7313,770.5047,395.07016,-675.85803,720.9577,495.1436,-483.04352,709.1886,480.13712,-555.83215,715.3246,311.02393,-246.0225,450.57114,294.98737,-680.33606,647.57153,446.47784,-14.423014,283.27258,558.075,-658.95764,709.11035,608.3224,-121.61849,307.59875,768.9041,-593.8003,776.9867,630.3613,-180.59995,316.6842,854.50494,-723.02295,778.3822,626.9119,-245.68576,380.90274,836.35895,-720.77954,735.5755,614.6091,-156.48584,391.43185,775.4485,-607.0252,228.85283,203.89383,164.95273,128.30191,184.44756,-164.32513,136.93277,363.67123,643.8369,64.69906,368.32593,284.18195,19.424763,386.35443,1218.3363,-61.276924,339.34814,861.04443,0.26301384,365.87872,1279.8107,-78.42609,308.90704,915.8125,-32.216522,514.87646,1343.2747,-122.00665,451.13425,925.14886
high_132.jpg,plank_high_hip,737.1765,529.7462,-541.67645,782.95685,518.56866,-532.2667,787.4901,516.77637,-532.774,792.2046,515.17126,-533.2049,772.53735,507.02066,-594.62634,769.563,495.75333,-594.65753,766.521,484.0299,-594.5275,792.6242,440.04175,-420.1336,754.96246,401.18372,-692.3811,695.9236,509.99298,-487.65503,685.1151,495.4707,-565.34595,718.80707,308.71616,-246.54686,438.8637,298.1208,-668.15967,667.73004,426.86658,17.776682,257.41238,569.62616,-649.9442,722.67285,581.23737,-80.80127,312.44012,732.88416,-546.43896,773.3963,619.90076,-132.67247,323.0564,853.47754,-661.5646,759.2566,619.13965,-196.35674,386.09204,786.485,-667.0303,739.303,591.82056,-114.059,392.90002,729.80444,-560.54675,237.43852,167.75684,171.81512,115.32883,159.69136,-171.21611,223.00674,323.34747,650.6988,123.193985,352.09378,256.07803,88.426315,321.7434,1215.8043,-5.6322002,288.63385,850.8683,65.00665,294.10696,1275.8668,-27.402601,250.45908,906.812,26.202824,447.34085,1384.4496,-60.47261,393.4907,957.22534
high_133.jpg,plank_high_hip,738.54517,532.7725,-579.1094,786.6907,520.2418,-566.244,792.0742,516.7491,-566.6962,797.92413,512.9983,-567.10565,772.9143,509.6786,-631.0536,768.6097,497.7881,-631.025,764.8025,486.50534,-630.88605,795.0884,434.1572,-437.2696,749.39874,405.74527,-721.8253,694.4495,512.2063,-518.7129,684.0048,497.64874,-599.5669,720.25867,328.0045,-242.96242,433.2531,284.6675,-707.6577,634.23395,463.47757,-20.69994,253.76978,558.576,-686.5942,657.33795,611.405,-191.32935,371.66443,712.98456,-514.57025,742.4675,633.59344,-248.82211,413.38382,807.78156,-618.9792,723.93524,621.9956,-306.1594,483.0971,772.5125,-625.891,716.35706,615.366,-224.90462,475.82092,754.83954,-528.5937,267.6552,174.95172,187.32373,104.06814,170.11263,-186.45448,196.60912,322.5264,662.19336,58.712498,344.92795,238.18094,75.60441,324.8114,1209.9231,-35.352634,295.94122,791.56433,51.36525,294.04123,1267.0121,-54.98631,259.9433,843.4736,23.38272,455.30057,1381.3403,-71.73779,403.4505,884.95483
high_134.jpg,plank_high_hip,728.6449,522.6489,-595.9455,779.416,513.80286,-585.6517,784.3619,513.0446,-586.0944,791.297,513.1351,-586.4943,768.0408,499.2313,-644.1974,765.3241,487.4633,-644.2941,762.8468,473.55426,-644.1159,786.7156,441.12643,-468.1174,749.6532,391.05457,-722.166,690.60535,508.33673,-539.4167,679.61487,490.01837,-611.917,706.4517,299.79047,-295.24393,434.39975,300.32925,-698.53754,664.89984,443.95178,-47.51548,196.84091,549.2333,-682.1599,724.2761,609.03687,-155.24953,333.6238,722.6371,-585.57904,770.3287,634.8806,-210.59465,351.80435,826.5665,-703.1488,772.8981,630.499,-272.93237,416.6718,732.8126,-707.052,749.06445,618.1881,-188.37048,411.317,714.781,-598.71265,254.51399,164.9482,163.18558,128.19743,154.19635,-162.44373,157.85703,277.4221,650.2264,62.152527,293.36462,343.44818,44.910545,276.5168,1225.1393,-37.002964,275.62927,895.22754,25.554657,251.96126,1285.7355,11.281557,264.52414,945.20886,37.259186,351.83084,1361.3296,-67.919785,381.52255,949.8794
high_135.jpg,plank_high_hip,729.6741,535.46387,-534.1211,775.6726,525.62604,-521.30273,780.3655,523.0217,-521.7184,785.3173,520.2578,-522.1098,764.82306,514.8356,-587.7822,762.4884,503.67105,-587.7306,759.67505,492.85492,-587.66736,788.5993,446.37454,-394.45798,753.6572,416.25748,-688.0499,690.306,515.8145,-475.39047,678.988,500.79965,-558.7888,715.7291,329.9769,-205.22047,465.73724,291.48828,-681.1658,632.13464,443.8352,17.39465,298.11298,516.58936,-659.3314,621.8737,580.60333,-134.50679,359.857,729.34644,-434.42752,643.73956,623.4724,-184.74196,386.01648,809.84454,-514.4981,631.21124,625.7439,-239.12216,449.2224,783.4087,-516.78644,609.25635,601.9011,-166.35771,436.55182,703.94214,-441.76254,241.60846,182.72946,185.45625,126.050995,171.59921,-184.79102,186.27802,357.81918,642.05237,63.18992,375.83066,198.28693,70.991394,364.31232,1143.8955,-38.38616,308.2174,728.92883,48.86217,334.2769,1196.1858,-56.21766,269.4617,779.78546,12.973118,491.6307,1310.2758,-86.67749,407.35297,829.09796
high_136.jpg,plank_high_hip,745.94147,530.8668,-543.41144,790.2392,520.0479,-533.7501,794.5569,518.3388,-534.1716,799.1511,516.6291,-534.5442,779.8224,508.70004,-591.6216,777.3352,496.5181,-591.6175,773.9885,486.0203,-591.4248,797.58905,442.19894,-424.57062,759.72156,403.9007,-676.24664,705.45746,515.3645,-490.4937,695.97546,499.8024,-562.1386,724.7519,311.80347,-251.2153,442.3195,309.4886,-654.2899,668.8672,448.9304,-15.03599,278.1102,564.04913,-640.1316,734.6536,590.27924,-133.80574,359.32892,726.3009,-523.5627,765.46985,628.44464,-188.29942,381.16547,839.1287,-633.3062,769.14685,627.1286,-247.16006,446.53183,815.32166,-630.4216,746.781,612.64185,-166.4819,431.8949,729.07263,-533.77936,285.266,193.65538,160.61095,153.4213,180.04642,-159.78468,199.0877,364.98062,618.8656,103.096115,375.92712,254.82684,85.25891,340.77927,1162.0605,-6.4383125,312.6638,796.7964,70.62195,311.5312,1219.3892,-28.04575,280.3822,847.6337,43.48358,383.94113,1318.1984,-57.33179,399.53284,890.18506
high_137.jpg,plank_high_hip,747.0544,541.017,-505.39764,792.5469,529.9087,-493.60248,797.5732,527.3191,-494.0216,804.2042,525.17883,-494.30435,782.2567,520.64105,-554.00714,779.56354,510.75165,-554.0308,776.71594,499.1805,-553.82684,806.3866,446.27075,-377.20914,763.43494,419.25455,-641.4202,706.079,523.71295,-450.68335,695.6212,510.115,-525.6631,726.05005,319.51447,-207.6914,435.04642,312.9534,-626.20416,663.8789,428.43427,37.515587,220.26508,525.5531,-594.0937,723.957,580.87463,-79.34192,368.21072,715.6347,-442.0966,765.8556,617.5717,-133.10953,384.89734,816.9465,-541.01746,765.7916,627.31805,-189.61835,454.75055,731.6405,-544.2041,743.805,597.3091,-111.0122,451.46915,716.0831,-453.2648,269.013,183.52066,170.72672,139.08224,178.1856,-170.03638,180.87845,325.8904,649.0625,75.46495,364.4143,278.1564,85.27275,311.5257,1189.6101,-13.775091,288.04715,836.18115,70.720894,283.1534,1247.8661,-32.34616,251.51364,888.95996,26.542892,416.53082,1348.8564,-51.585342,373.79358,930.06586
high_138.jpg,plank_high_hip,984.8822,503.30185,-95.248276,1001.16895,490.95056,-82.95578,1001.28894,488.71277,-83.04344,1001.58514,486.4496,-83.12912,1002.11865,489.70224,-126.11383,1002.7385,486.77698,-126.16969,1003.5388,483.69452,-126.23912,993.672,461.93622,18.345758,994.9088,461.78012,-177.9057,966.007,496.5004,-49.67956,966.0078,495.66394,-107.3065,870.7633,436.1679,199.30399,893.5629,472.78937,-248.64453,823.9613,569.35974,274.68878,840.0018,612.5984,-244.83441,934.8709,587.1681,282.20404,962.32007,612.8869,-78.91136,980.04364,596.2472,296.31876,997.985,620.24347,-96.061615,982.9495,585.77264,301.78217,995.0353,600.325,-90.30219,974.89575,580.968,282.70993,981.9757,593.68176,-73.560265,624.8056,464.18073,142.53104,626.0942,474.8117,-142.43248,429.95062,515.7562,274.19763,413.02673,496.72687,-156.75496,260.5854,514.8551,415.10974,196.74298,507.02942,-187.41324,227.97874,501.0472,426.21017,161.11224,494.28915,-198.60184,243.10184,581.8551,381.6359,158.06221,587.0341,-324.02228
high_139.jpg,plank_high_hip,986.2798,503.12735,-86.44042,1002.60144,490.6469,-74.7856,1002.7097,488.3843,-74.88175,1003.02295,486.0834,-74.97339,1003.5684,489.60825,-117.94953,1004.1677,486.80368,-118.01184,1004.9676,483.81763,-118.099045,994.5497,461.55753,22.946188,995.8664,462.0632,-172.85904,967.38776,496.26935,-42.143383,967.35156,495.57617,-99.68559,872.73254,436.77066,202.46606,894.0996,472.95654,-244.9505,824.9481,569.2767,278.94537,839.3792,613.15643,-237.28107,935.21814,587.79474,289.05423,962.62744,613.9877,-70.20667,980.0963,596.40967,303.35934,997.7058,621.2218,-86.95566,986.93274,586.86584,308.9615,994.79584,601.0592,-81.63227,974.9903,581.0563,289.68042,981.92456,594.4034,-64.95265,626.9199,465.2408,142.63887,627.1371,473.71655,-142.53636,432.24017,515.4558,268.70105,414.37393,498.6721,-155.12784,260.47012,515.7223,407.5627,195.87115,509.85168,-185.38303,228.3357,503.3609,418.5064,160.1722,496.29456,-196.42664,245.76611,582.9545,373.9193,160.86942,593.5526,-321.08963
high_140.jpg,plank_high_hip,986.0449,503.63593,-83.98513,1002.20654,491.0669,-71.72864,1002.2684,488.8875,-71.804855,1002.5288,486.66794,-71.84853,1003.2062,489.59357,-115.80822,1003.775,486.5516,-115.88207,1004.5257,483.368,-115.95501,994.241,461.99445,29.53593,995.4257,461.24274,-170.56718,966.785,496.85437,-38.31756,966.70154,495.48935,-97.10636,870.85986,434.0064,213.38962,892.47284,473.12665,-244.37698,819.92004,557.8611,290.76968,836.6798,609.94025,-245.36841,929.6619,583.73706,296.9278,958.7674,612.6496,-89.31511,977.45496,593.46075,312.05075,997.87244,619.91815,-107.02119,980.21735,583.80176,315.20605,993.44543,600.26495,-102.14493,966.396,577.7706,296.6717,979.1748,593.4249,-83.96425,624.2931,461.0325,148.29993,623.2087,478.03745,-148.152,431.27142,513.5843,297.66528,413.53217,502.07013,-195.73587,255.9211,513.4493,444.9082,190.37021,511.2394,-277.74908,213.73718,505.32526,455.76996,151.49094,497.11072,-295.30597,241.2011,588.2688,413.11478,169.29843,604.5949,-423.13443
high_141.jpg,plank_high_hip,986.38434,505.31656,-60.807785,1002.2722,491.6649,-47.82002,1002.2299,489.24548,-47.8846,1002.2815,486.91684,-47.92359,1003.2446,491.02487,-94.6732,1003.7932,488.236,-94.754875,1004.47266,485.41306,-94.83563,993.3058,462.99817,53.83768,994.9523,464.04773,-158.8334,967.43604,497.25757,-14.996508,967.9004,497.21674,-77.3618,870.6924,436.61993,240.4379,892.0316,470.86453,-241.92352,818.949,559.6008,309.9575,835.7242,609.5747,-231.60423,926.06757,584.6996,298.1529,949.9563,613.6836,-49.703926,972.74036,592.59265,310.4187,994.887,621.2064,-64.087456,979.2445,584.6654,312.28702,989.5049,601.1025,-60.46288,964.5886,580.46094,296.17294,974.71985,593.8072,-43.99824,627.41724,459.8337,154.30536,627.305,478.3916,-154.16019,432.08527,513.31274,276.4606,417.02808,501.2561,-202.82729,249.29962,511.51953,401.8318,198.6865,513.86115,-277.19537,217.51569,489.0985,409.95346,151.98804,498.18985,-293.63474,237.48029,585.7953,362.05267,199.14197,607.5951,-421.03406
high_142.jpg,plank_high_hip,986.931,504.3275,-50.320015,1003.2062,490.5277,-36.691334,1003.15643,488.1757,-36.75606,1003.2181,485.91586,-36.79481,1004.16187,489.93338,-84.86284,1004.6402,487.2593,-84.95246,1005.25134,484.53845,-85.031296,994.00696,462.18127,64.11994,995.52014,463.30035,-154.50597,967.8669,496.7767,-4.913198,968.24316,496.634,-68.993065,872.55664,438.59537,250.13821,892.0034,471.80646,-241.54391,824.4042,565.46796,314.31583,838.4961,610.18463,-231.36583,934.0051,585.96674,291.3191,952.6448,612.7774,-41.384777,982.7893,594.96045,303.2391,995.86926,620.34143,-56.09526,984.6963,584.823,305.80093,991.0155,599.539,-51.190346,970.7901,580.6883,289.52997,976.34753,592.4692,-34.838306,626.8765,460.23743,157.21423,626.0597,477.7881,-157.05962,431.8011,510.91098,279.4019,416.29388,504.34344,-169.15216,244.62845,517.6107,401.7134,205.06706,525.90564,-214.2676,210.1828,504.71982,409.80502,159.49918,512.4362,-227.42607,245.62119,597.2403,361.0509,185.02933,614.6636,-347.59488
high_143.jpg,plank_high_hip,989.238,503.41333,-61.442726,1005.52356,490.252,-48.32037,1005.52625,488.04025,-48.398937,1005.6633,485.8713,-48.45356,1006.3754,489.5114,-96.07106,1006.8188,486.87753,-96.15614,1007.38586,484.11646,-96.23101,996.43604,462.13358,52.744003,997.58844,462.01883,-163.91858,970.28345,496.54086,-15.854481,970.48035,496.11993,-79.40383,876.313,439.67706,236.82054,893.78204,473.3564,-245.29941,826.68164,565.45386,297.0728,838.9279,610.38727,-225.02596,937.38837,586.87396,273.98145,954.2005,612.60596,-23.446558,984.0547,596.2416,284.03488,996.4557,619.82007,-35.30439,985.5763,584.7823,289.5949,990.7859,598.5013,-32.86347,972.43396,580.85144,273.26816,976.2731,591.6,-17.536495,628.6824,465.18628,151.91199,627.9534,479.2399,-151.7721,437.60736,520.91614,270.85623,419.43976,504.3213,-169.58426,255.1928,533.55414,398.1683,209.8542,529.9091,-218.34138,221.58134,517.1265,406.71008,153.69286,522.66046,-232.44104,244.80167,599.0545,355.11227,187.75658,619.833,-357.40796
high_144.jpg,plank_high_hip,988.3601,503.88553,-56.02442,1004.53217,490.39166,-42.789223,1004.5348,487.9905,-42.86828,1004.6475,485.66342,-42.919735,1005.3613,490.101,-90.71449,1005.809,487.60513,-90.80009,1006.379,485.02725,-90.87535,995.4812,461.86636,58.162502,996.7921,463.33035,-159.27737,969.3169,496.4151,-10.4594145,969.7456,496.47415,-74.19714,875.01904,440.1891,243.47217,893.2061,471.4427,-242.9132,826.97577,568.52966,304.1705,838.67615,610.2527,-224.93547,936.69543,587.3,275.93024,953.9843,611.9584,-26.425907,983.41064,596.39734,285.24222,995.9271,619.32007,-39.217075,984.8009,584.9414,289.79413,990.3135,597.8775,-36.587418,971.4338,580.77295,274.56458,975.9612,590.69366,-20.629265,628.0484,465.27216,153.6554,627.78107,479.81238,-153.51788,437.00748,520.50726,274.62875,418.78998,504.2395,-171.4519,255.81097,532.8593,404.06213,208.32843,528.6991,-219.33434,222.18579,514.5204,412.85275,155.18985,522.5006,-233.05687,244.18018,599.73584,361.85034,186.78078,618.9115,-357.83997
high_145.jpg,plank_high_hip,987.6459,504.3013,-64.06585,1003.9233,490.93283,-51.13888,1003.98254,488.4737,-51.22132,1004.1385,486.07315,-51.282497,1004.6819,490.6677,-98.02299,1005.1504,488.16153,-98.099365,1005.72,485.5849,-98.1788,995.2803,462.1341,48.901054,996.4365,464.55487,-164.12123,968.625,496.51492,-18.917099,969.1202,496.7012,-81.39581,873.9493,439.40646,233.04535,892.96985,472.0566,-245.74562,824.7539,566.9177,297.25827,837.2822,611.2522,-234.08066,936.59296,587.55774,276.09222,952.5659,613.3161,-47.370457,983.1006,596.32983,286.58466,995.53784,621.04846,-62.062534,985.1685,585.8086,289.81866,990.68854,599.9847,-57.42656,972.5705,581.9295,274.64664,977.0392,594.158,-41.26394,630.06934,463.92603,151.76627,628.8511,478.2678,-151.62149,437.17096,519.50366,274.5927,418.51556,501.19077,-172.20512,256.3077,533.68713,405.76343,203.97733,519.7848,-215.64787,215.33142,525.3426,414.60748,164.15219,506.03168,-228.7361,240.89233,598.177,363.73935,176.49147,609.85944,-354.80493
high_146.jpg,plank_high_hip,985.81506,504.22662,-47.53524,1001.8734,491.24014,-34.409702,1001.9625,488.64914,-34.47433,1002.1921,486.13824,-34.51325,1002.8531,491.14783,-82.333694,1003.5098,488.5867,-82.41159,1004.34033,485.983,-82.4784,994.4098,462.05304,63.75664,995.98505,464.8456,-153.96895,967.1081,495.84586,-2.989881,967.75586,496.29752,-66.75656,871.21063,436.89142,247.12889,893.3353,470.53238,-239.25888,822.6767,560.75714,306.73676,838.20215,608.496,-228.63478,929.17566,585.5047,273.78516,954.5096,612.3595,-39.54287,974.0856,594.1673,283.88577,996.2424,619.7267,-54.93221,980.45135,585.72644,284.79163,991.06555,599.8267,-49.730495,966.42487,581.14404,271.16052,976.9055,592.53577,-33.117275,629.03754,460.47443,154.58704,629.08765,478.9046,-154.4748,433.50677,511.67682,274.04016,417.96768,501.98877,-160.42326,252.24353,523.75165,397.8155,203.87943,525.7699,-195.65408,217.50488,510.29285,405.99673,161.99226,514.2993,-207.72002,244.90894,598.1776,355.85544,203.58604,613.404,-327.63715
high_147.jpg,plank_high_hip,987.5873,504.19785,-65.40197,1004.0036,491.4827,-52.030365,1004.1513,489.18387,-52.096718,1004.5094,486.84738,-52.136757,1005.04456,490.5088,-98.17639,1005.7211,487.70105,-98.25469,1006.5946,484.7523,-98.32526,996.73083,462.30292,51.36234,998.19855,463.1294,-158.11848,968.86786,497.06088,-19.029037,968.8323,496.16644,-80.53903,873.3086,436.19894,238.44928,895.2186,473.72128,-241.18842,823.41846,559.16223,311.1446,839.7262,610.01843,-237.21117,933.82965,584.74695,311.41074,960.50806,613.3427,-58.994884,980.98724,595.53015,326.72186,998.87756,620.49646,-73.89421,983.8191,585.26154,330.31235,994.84955,600.08777,-69.19451,975.1075,581.544,310.7034,980.0831,593.25244,-53.036156,624.6328,462.1607,154.72186,624.61237,478.07355,-154.58688,431.0907,514.6963,285.2414,415.23773,501.76443,-188.06058,240.85721,515.4886,414.3195,191.06964,517.87537,-255.74098,206.40427,503.46613,422.92017,150.90927,504.42584,-271.6759,241.01608,594.8042,375.02985,174.4651,610.1255,-397.10736
high_148.jpg,plank_high_hip,987.4413,503.85834,-62.760105,1003.93115,491.20993,-49.43314,1004.06323,488.97995,-49.50155,1004.40125,486.73303,-49.544228,1005.00073,490.12164,-95.28718,1005.69336,487.28494,-95.36479,1006.57935,484.3015,-95.42426,996.53046,462.46893,52.219234,998.0309,462.68414,-156.30507,968.77167,496.90094,-17.276247,968.7615,495.94778,-78.49316,872.83875,436.4456,238.78119,896.8143,473.46646,-241.37657,823.0333,559.12897,311.04913,840.1248,609.67444,-237.18106,933.8884,584.75287,307.34372,960.82764,612.8767,-60.08451,980.6454,595.08386,321.64587,998.84814,619.89667,-75.49186,983.4309,584.5947,324.51556,994.61206,599.49207,-71.006615,974.8004,581.03815,306.30542,979.8546,592.583,-54.256973,625.502,462.28958,155.56218,625.53595,476.62537,-155.4122,432.5208,512.171,296.2061,415.53552,499.63297,-190.13075,243.8652,516.50836,432.96893,193.7363,516.26984,-264.58545,220.71194,504.30978,442.4742,152.37454,501.9358,-281.35736,242.76474,593.8513,397.50858,174.85721,610.4152,-407.91266
high_149.jpg,plank_high_hip,987.93524,503.9795,-67.35003,1004.3295,491.41718,-54.08264,1004.4543,489.1948,-54.148552,1004.78735,486.92697,-54.188538,1005.39734,490.31357,-100.07232,1006.06866,487.4851,-100.14835,1006.92444,484.48376,-100.21094,996.80725,462.30487,49.490887,998.30444,462.56653,-159.5601,969.22577,497.1422,-20.928566,969.16656,496.16254,-82.32625,872.8651,436.00824,237.21313,895.63855,473.44385,-242.22256,823.04126,560.10065,313.25742,840.2106,609.86926,-240.04198,933.5979,584.98755,316.96085,961.10095,613.34454,-65.04993,980.5963,595.3114,332.95505,998.9728,620.2042,-80.50134,983.40466,584.8482,336.47495,994.80444,599.8708,-75.736206,974.7295,581.25665,316.37112,980.1722,593.08716,-59.212334,624.5763,462.95023,155.40346,625.0477,477.80215,-155.264,431.41068,515.3791,292.67505,415.57407,501.61273,-193.0429,240.7999,516.3137,425.66498,190.42282,517.13666,-267.4763,205.32967,503.5477,434.79547,150.47437,503.53778,-284.1592,241.157,594.81854,388.71555,172.63397,610.59326,-410.39935
high_150.jpg,plank_high_hip,987.11945,504.3179,-73.86556,1003.4048,492.16763,-60.967484,1003.5851,489.8717,-61.03184,1003.9729,487.52493,-61.07585,1004.44775,491.2264,-106.69942,1005.1694,488.47537,-106.7712,1006.0735,485.59613,-106.84205,996.33026,462.51938,41.256393,997.8627,464.25812,-166.71935,968.32336,497.1271,-27.77842,968.4331,496.3625,-88.82534,872.0537,435.0931,228.77007,894.9614,473.4873,-246.91489,822.3682,559.4579,309.2846,840.04724,609.8084,-248.12727,931.9632,584.1857,317.3538,961.07495,613.0367,-78.8265,979.5785,595.0689,334.91986,998.59467,620.2818,-95.95292,982.2001,584.5907,337.27045,994.68616,599.9625,-89.16504,968.0918,578.2572,316.5769,980.32715,593.0713,-72.55743,625.3101,462.30783,153.00464,626.06,478.7047,-152.88708,430.6889,514.21674,292.42896,416.0016,502.32144,-179.43831,249.97993,515.52924,429.87836,202.23053,515.21783,-232.28445,217.77481,492.63458,439.68112,156.33533,499.17996,-246.16031,239.50894,585.3803,395.29498,174.49277,599.664,-368.41068
high_151.jpg,plank_high_hip,985.3491,505.73608,-61.709,1001.5105,493.43997,-48.871223,1001.6914,490.88266,-48.93826,1002.05884,488.30243,-48.984352,1002.48627,493.1168,-95.768265,1003.23474,490.50793,-95.83597,1004.1956,487.88,-95.91087,994.66766,463.3099,50.644646,996.3553,466.99152,-162.56837,966.71875,497.5989,-16.692263,967.1764,497.69553,-79.23116,870.5655,435.1682,237.0882,893.90295,471.68045,-246.87682,824.7241,568.4029,309.0016,840.0079,609.69916,-243.16629,931.57947,584.8428,297.28528,960.7594,613.05084,-65.91448,979.51904,594.0699,310.87225,999.48944,619.8625,-82.46093,982.65375,584.7511,312.8857,995.35425,599.2411,-75.87468,969.8926,580.7613,295.65607,980.89233,592.38116,-59.50209,625.5813,461.99762,155.29013,626.1543,478.15396,-155.18472,431.42532,514.8649,294.81976,414.643,500.92746,-184.33281,252.92813,517.82733,437.46545,201.652,511.4296,-236.1307,216.92554,506.16315,447.63507,155.65784,495.04736,-249.60263,239.03648,591.22626,403.12872,166.64493,595.8604,-373.64838
high_152.jpg,plank_high_hip,983.202,506.21057,-60.416916,999.5566,493.62357,-47.32828,999.7938,490.91635,-47.396126,1000.1256,488.26697,-47.44135,1000.45746,493.74725,-94.4585,1001.2389,491.192,-94.525604,1002.155,488.63715,-94.58725,993.2634,463.42285,52.66466,994.8532,467.49628,-161.79825,964.82983,496.99942,-15.36714,965.68427,497.76358,-78.16885,870.2063,434.49503,236.97855,893.03845,471.28232,-245.1069,822.3546,563.4148,307.01846,836.85315,610.2007,-234.4126,926.277,584.2076,288.53006,950.2556,612.40625,-46.213284,971.31714,592.55566,299.30048,994.0433,618.43524,-60.304855,978.6671,584.0956,300.0329,989.0028,598.713,-56.377007,964.92993,579.9088,285.90848,974.4215,591.42847,-40.418262,627.52563,461.05692,155.59467,627.3417,478.4008,-155.4826,433.04764,515.2324,290.24945,415.99115,500.91064,-193.89178,253.6454,516.85187,428.1507,199.40956,510.80838,-257.44025,218.4475,506.22046,437.61295,153.9122,495.92303,-272.352,240.28394,591.39526,393.61636,167.31677,596.79315,-397.8023
high_153.jpg,plank_high_hip,985.70764,506.4767,-63.380127,1001.7364,493.4454,-50.363525,1001.8657,490.89188,-50.44176,1002.0619,488.4122,-50.497074,1002.56946,493.25653,-97.46843,1003.2007,490.64392,-97.53674,1003.9212,488.02582,-97.58769,993.92334,463.9893,49.17018,995.37384,466.8116,-165.03284,967.0907,497.7642,-18.547504,967.6886,498.16293,-81.33338,871.9367,437.9891,235.81041,892.5304,471.95154,-249.22433,823.4479,563.8467,305.9733,836.45514,611.3314,-240.52454,930.0414,586.4864,284.5337,950.9598,614.29114,-61.258858,979.4055,596.1146,295.16443,993.2749,621.233,-77.71297,981.4048,586.25726,296.4004,988.479,600.4516,-72.94147,968.1422,582.0257,282.08524,974.8267,593.36725,-55.481106,627.3449,461.83588,157.26534,626.4606,476.80856,-157.11935,434.69373,517.7319,303.86542,416.39105,503.7137,-193.1836,258.32892,515.3389,450.25296,193.5419,515.94525,-266.06998,225.8773,494.44855,461.0127,151.13274,501.42828,-282.4181,243.53009,587.17175,418.78406,169.79663,609.6058,-409.88672
high_154.jpg,plank_high_hip,986.5084,505.69064,-63.274544,1002.45496,492.57086,-50.512093,1002.5302,490.0123,-50.58533,1002.6742,487.5109,-50.636276,1003.2704,492.54764,-97.03502,1003.82214,490.06366,-97.102776,1004.4574,487.539,-97.164856,994.05164,463.11996,49.28653,995.4633,466.3274,-162.3898,967.6531,497.14676,-18.080261,968.3111,497.67334,-80.19211,871.37756,438.03778,232.29639,892.4073,471.86362,-241.69768,823.78394,564.967,301.67538,836.80884,612.5656,-236.91187,932.6544,586.12335,288.62024,951.37335,613.2404,-63.30875,981.2383,595.92065,302.1534,993.3523,620.9065,-80.328606,983.21893,585.9927,304.5303,988.5803,599.7413,-73.96511,970.3021,581.79706,287.349,975.282,593.49695,-57.080208,627.05743,460.5922,151.0245,627.29517,476.5301,-150.89879,433.0547,512.8446,269.51956,417.1848,502.85605,-159.23395,246.43272,521.46094,392.54565,204.49944,523.0171,-195.76591,210.3706,508.29904,400.90732,161.493,512.0097,-207.94295,243.0524,597.37024,350.9342,179.75998,612.2479,-328.2312
high_155.jpg,plank_high_hip,984.07776,505.65952,-63.053635,1000.21063,492.63943,-49.4974,1000.3628,490.01196,-49.568764,1000.611,487.44437,-49.613186,1001.1548,492.67807,-96.53103,1001.8706,490.14133,-96.60181,1002.7142,487.57913,-96.650024,992.85767,462.92902,52.961525,994.4009,466.44397,-161.08118,965.6367,496.82266,-16.962698,966.30347,497.53278,-79.72872,868.75684,436.67224,238.38347,892.895,471.56006,-242.00284,821.6207,571.602,307.24307,836.9347,612.124,-237.74431,926.20593,586.5799,286.675,952.3121,612.05536,-61.020943,971.63464,593.1839,299.49362,993.80994,617.4127,-78.729965,978.03467,584.06067,300.2287,987.7456,596.8588,-73.20258,964.98474,580.35815,284.5368,974.61194,589.92065,-55.14359,628.7015,460.1879,153.82848,629.4823,476.37354,-153.72534,435.17624,512.872,279.84796,418.91495,502.24792,-162.20702,254.80756,530.1824,407.83466,207.23686,531.56287,-204.12566,217.20944,514.4615,416.6666,160.67703,519.04425,-217.12486,243.80333,598.6474,365.0077,207.23163,615.61475,-339.80298
high_156.jpg,plank_high_hip,982.82745,506.41635,-62.53252,999.161,493.42822,-49.148705,999.375,490.6871,-49.219513,999.6887,487.9993,-49.26448,1000.0601,493.6918,-96.61623,1000.8194,491.19147,-96.68445,1001.71094,488.67728,-96.74117,992.50916,463.60342,52.48777,993.9696,467.65,-163.18681,964.405,497.16653,-16.708408,965.3372,498.1685,-79.92289,869.0503,436.47528,237.63853,892.7726,470.79007,-245.65706,823.32874,572.28094,307.28214,836.74066,611.29486,-241.33673,926.1942,586.44965,286.35428,950.87305,611.9943,-62.98606,971.53815,593.3563,298.94495,994.1272,618.0783,-80.63727,978.0185,584.7656,299.31827,988.1914,597.96826,-74.90131,964.6072,580.75165,283.9069,974.0515,590.47595,-56.99581,626.0186,460.46417,154.00172,627.2266,475.92502,-153.89395,432.49585,513.21924,269.87234,416.2346,502.07147,-161.69539,246.2545,523.88403,392.4895,205.1606,520.76965,-194.59108,216.89084,511.07483,400.5339,162.85294,510.4615,-206.41013,243.84125,597.8779,348.30927,177.60464,611.3537,-328.09933
high_157.jpg,plank_high_hip,983.5193,505.74612,-65.608055,999.7228,492.85834,-52.19171,999.8752,490.2345,-52.263992,1000.1129,487.65775,-52.310547,1000.6798,492.9239,-99.210434,1001.407,490.41174,-99.280975,1002.2446,487.8724,-99.3394,992.46954,463.1125,50.678032,994.0815,466.7651,-163.06766,965.0238,496.8308,-19.310175,965.912,497.5876,-82.01554,868.77875,436.84775,237.2934,892.87604,470.70398,-244.8005,822.5044,572.12177,308.92392,836.83655,611.22504,-241.23206,927.0144,586.6846,292.1494,951.46655,611.6768,-65.87029,972.2694,593.5076,305.45367,993.9499,617.64124,-83.59508,978.59467,584.7448,306.39636,987.93506,597.3898,-77.877686,965.5392,580.8831,290.06323,974.2734,590.1273,-59.947926,626.1506,460.80054,154.47295,627.6012,475.7384,-154.36624,432.67166,513.8003,277.60468,415.87714,502.37656,-170.30733,247.55539,524.15564,405.1134,202.87689,526.65686,-216.658,210.37305,510.82642,413.80038,154.72043,513.3123,-230.18233,241.78368,597.3455,362.23254,175.86505,617.05853,-355.01404
high_158.jpg,plank_high_hip,985.3002,505.5775,-85.74411,1001.69183,492.64484,-72.27996,1001.86194,490.14206,-72.356094,1002.16895,487.61896,-72.41313,1002.61523,492.25922,-117.442276,1003.29663,489.62448,-117.50053,1004.1147,486.92444,-117.55202,994.19495,462.99902,32.696167,995.5732,466.18106,-172.96222,966.8773,497.2541,-38.908504,967.2744,497.4025,-99.251175,871.7344,437.27368,221.42043,893.02905,474.50525,-252.41132,822.93225,566.0933,296.41592,836.729,614.81683,-249.19977,928.68195,587.4708,289.2963,951.20026,615.18616,-77.2917,978.0978,596.5661,302.68216,993.43896,622.1458,-95.09488,980.4068,586.5086,304.8739,987.8531,600.62354,-89.75462,967.96313,582.2627,287.80765,974.52795,593.3811,-71.8448,628.2146,462.73865,152.37703,627.5652,475.90536,-152.26506,434.5672,517.99896,276.03427,416.79968,500.09702,-175.29518,253.25577,519.9801,409.71024,201.62692,510.96,-220.04916,215.10109,509.66284,418.9895,155.60432,494.17505,-233.26984,238.5434,591.3906,369.37726,167.97882,600.17633,-359.7741
high_159.jpg,plank_high_hip,984.27,506.17227,-73.82612,1000.513,493.41046,-60.625668,1000.6723,490.9561,-60.704388,1000.95874,488.50034,-60.762283,1001.5225,492.85956,-106.14888,1002.2702,490.15662,-106.21319,1003.16174,487.4166,-106.275696,993.3612,463.93585,41.446976,995.05133,466.56815,-165.78088,966.0388,498.26175,-28.096138,966.63184,498.22345,-88.90776,869.9957,437.25638,227.97418,893.39,473.0961,-247.38678,819.3312,566.5767,302.01947,836.0501,614.1498,-246.66351,926.4241,587.28455,291.10428,951.2312,614.76245,-83.366974,972.4852,595.1326,303.80267,993.63824,621.73737,-102.02127,978.9968,586.04974,304.76355,988.0034,600.2247,-96.9061,966.1018,581.71674,289.06918,974.51666,592.94824,-78.077866,627.8901,462.26785,154.9831,628.0097,475.63663,-154.86154,434.36966,518.13947,289.13315,415.7752,500.40866,-187.29341,255.17448,520.5449,427.894,191.72238,510.42123,-249.59439,215.4831,514.33124,437.7343,151.66486,496.3392,-264.75146,240.64552,592.7359,392.13232,165.58273,606.6238,-393.26367
high_16.jpg,plank_high_hip,902.58636,752.40485,-995.88464,989.1438,762.7936,-966.5287,991.2239,762.18427,-967.05817,994.77466,759.9416,-967.94794,994.26196,731.66614,-1092.5402,999.9933,719.1203,-1093.1921,1005.5856,690.3027,-1093.6726,1011.72095,684.8429,-633.6539,1014.197,602.1472,-1198.9742,854.78845,711.6045,-841.31555,859.1125,685.4013,-1003.342,859.8728,585.43677,-210.26193,680.8063,318.24466,-997.0245,504.68338,519.6834,444.5208,214.79712,171.18948,-704.51666,305.29562,550.51575,648.22437,369.18634,450.942,-167.24536,246.14328,570.8721,662.48413,388.0278,544.33624,-131.859,287.54446,583.1285,592.75964,473.5933,501.19836,-116.84467,303.30466,562.33704,620.1726,471.91125,468.60938,-135.21878,6.907482,564.9022,274.82553,-71.932076,380.01648,-275.31366,-640.52545,616.30286,733.401,-743.67804,418.15146,156.24338,-1190.7281,673.31146,1507.8552,-1333.582,447.29684,634.6159,-1280.3004,648.3027,1559.2052,-1435.8119,401.62878,666.5554,-1324.2981,851.68805,1251.7664,-1455.9656,637.57355,170.40039
high_160.jpg,plank_high_hip,982.95874,504.82623,-73.89485,999.3332,492.5231,-60.661182,999.4876,490.16336,-60.740074,999.7612,487.77722,-60.798225,1000.3424,491.80365,-106.51375,1001.07007,489.10437,-106.58001,1001.94855,486.37164,-106.63368,992.444,463.0825,40.342247,994.3357,465.87482,-168.24042,964.6491,497.3767,-28.50023,965.2249,497.14563,-89.64753,868.89453,437.01013,223.68364,893.32104,472.20087,-248.69534,821.81244,572.87463,291.46234,836.6925,612.45807,-243.18167,927.5101,588.1731,274.03235,954.5574,613.8996,-68.26235,972.65326,596.70764,285.40387,993.956,620.2988,-86.29085,979.42615,587.7504,285.81244,988.6196,599.6464,-81.12011,966.4059,582.03046,271.51242,975.0424,591.915,-62.81275,628.9507,461.56378,152.46552,630.0205,475.50473,-152.34651,432.42792,511.67535,273.10257,418.2411,499.5759,-162.19318,250.52509,515.83606,402.9723,199.79828,515.7187,-203.39694,217.66614,496.31845,412.0334,158.3388,501.6762,-216.56639,240.4678,586.323,362.94342,174.37656,606.0929,-341.44232
high_161.jpg,plank_high_hip,982.6346,504.5933,-77.641624,999.29144,492.40164,-64.6482,999.46533,490.0629,-64.72385,999.76776,487.65796,-64.784386,1000.2494,491.6278,-110.389626,1000.95264,488.92877,-110.45022,1001.822,486.14948,-110.50076,992.29736,462.51102,36.664703,994.15686,465.42593,-171.6384,964.2977,497.00714,-32.115673,964.60504,496.69778,-93.11851,869.7358,436.86246,219.7953,893.1696,472.3338,-251.59125,822.5421,573.58734,285.79987,837.7215,612.5178,-243.63995,930.46027,589.2038,268.03433,955.46643,613.77356,-60.20126,973.8474,597.9829,278.75757,993.84125,620.6733,-76.82389,980.97504,589.10046,280.0351,988.9629,600.3649,-72.15844,968.44794,583.0801,265.7977,975.82983,592.47296,-54.793137,627.7692,461.99725,150.55075,629.41675,475.53024,-150.43718,431.4851,514.8495,261.85443,416.99103,500.20908,-155.78113,251.087,518.0757,387.15125,200.69923,510.53836,-179.07413,217.0386,505.88156,395.7774,162.63535,496.99823,-189.84361,238.20538,584.50433,346.55908,166.63425,591.823,-313.1211
high_162.jpg,plank_high_hip,981.86163,505.3538,-68.559944,998.47363,493.24518,-55.62818,998.70374,490.83014,-55.704876,999.04407,488.3494,-55.765537,999.38965,492.59058,-101.722885,1000.1358,489.87067,-101.785645,1001.02875,487.0722,-101.8398,992.09204,463.14102,43.920822,993.827,466.0398,-165.78224,963.85144,497.32977,-23.682745,964.1963,497.1364,-85.09919,868.9718,436.5541,224.66682,892.75146,471.40515,-246.29898,822.4655,573.63904,290.36017,837.0226,612.01544,-238.38997,930.1175,588.82184,270.7985,956.5239,613.97424,-57.57644,973.3928,597.57574,281.09888,994.18976,620.6967,-74.12902,980.503,588.6975,282.19327,989.5142,600.3146,-69.42287,967.97424,582.6874,268.42584,976.59717,592.52356,-52.115116,627.6753,461.96432,150.69954,629.1554,475.3723,-150.58224,432.03003,515.0172,262.35568,416.92825,501.58264,-155.88004,250.5647,515.58496,387.9329,199.5633,514.1296,-183.257,216.41849,504.2961,396.71204,160.11314,499.2794,-194.31607,239.39919,584.587,348.85373,168.97397,595.4142,-316.40686
high_163.jpg,plank_high_hip,985.5347,507.8632,-86.78934,1001.85547,495.29565,-74.81508,1002.08795,492.80594,-74.8932,1002.4506,490.25812,-74.9649,1002.77313,494.8787,-119.04826,1003.5504,492.24643,-119.10049,1004.47015,489.57687,-119.15371,995.2938,465.12946,22.80357,996.7268,468.5126,-179.25009,967.2498,500.07086,-42.70577,967.65186,500.1287,-101.97284,871.4283,435.87982,201.77597,893.9166,474.20035,-250.99652,821.34247,563.27936,282.8851,835.7693,612.69855,-253.89249,927.2784,585.514,289.98227,951.4153,613.4651,-95.266914,973.2812,594.06244,306.37234,993.56726,621.4935,-114.31688,979.9287,585.4496,306.29178,988.00995,599.6428,-105.40892,966.46027,580.76276,288.48337,973.9202,591.5615,-89.01274,628.1031,462.41415,143.6739,628.66406,475.2672,-143.53442,434.94696,517.3351,274.29172,414.9906,498.5988,-143.05794,262.51422,522.1703,411.27948,206.06519,507.03055,-157.83324,229.24828,509.97946,421.5186,169.46648,494.72617,-166.75636,244.7034,583.5332,376.7799,166.4404,586.2386,-285.754
high_164.jpg,plank_high_hip,985.3461,509.01022,-77.67744,1002.0415,495.8409,-65.90227,1002.33185,493.1473,-65.98994,1002.684,490.47415,-66.069,1002.7133,496.17896,-111.6463,1003.40424,493.80145,-111.699875,1004.1794,491.38593,-111.75385,995.16693,466.07376,28.756887,995.98376,470.37415,-179.87184,967.22723,500.20294,-34.757687,967.6938,501.05768,-95.912766,875.6897,438.48514,211.59422,892.5768,474.55667,-257.63434,825.1892,562.9849,290.27008,834.37744,614.13116,-247.24823,933.3435,586.9121,289.77545,949.80334,612.9445,-65.50055,980.2755,597.6825,303.88617,991.71814,621.55945,-80.73471,982.2649,587.3212,306.18356,985.8519,599.4617,-74.99439,969.3755,582.18414,288.74506,972.0679,592.2901,-59.646538,627.40765,466.0803,149.44472,625.2456,474.17606,-149.31064,436.6778,520.3384,303.4522,414.77502,498.96344,-162.85034,268.30847,523.43555,460.23746,202.26865,501.06833,-198.08882,236.78409,510.88907,472.57965,167.59445,493.8145,-209.44226,246.21841,583.71265,433.5107,161.60378,586.5847,-332.2281
high_165.jpg,plank_high_hip,984.47986,509.62015,-65.980804,1000.9649,497.00302,-53.908955,1001.2532,494.3861,-53.99488,1001.5988,491.75394,-54.06292,1001.6721,497.00635,-100.4648,1002.37823,494.4497,-100.5311,1003.1619,491.87503,-100.58045,994.26056,466.45297,40.71138,995.1688,470.2912,-171.60638,966.4221,500.76962,-23.03469,966.8651,501.2769,-85.24192,874.1583,437.69397,221.2156,892.28265,473.9486,-250.2075,825.02325,563.96185,295.04248,834.2311,613.26874,-237.81952,931.01917,585.9999,282.09903,950.9827,613.43085,-55.281937,978.8146,596.02454,292.97815,992.03784,621.4456,-70.32014,981.4114,586.36633,294.33575,986.63684,599.4707,-65.86507,968.33673,581.54767,280.16934,973.05286,591.5081,-49.574234,627.4656,461.2009,153.57237,623.80884,473.71716,-153.41373,434.87607,516.9376,320.70825,412.38623,499.78235,-185.56868,266.53445,519.74915,481.62015,195.48383,517.1576,-260.51157,233.27255,503.80637,494.38318,148.62201,505.41486,-276.90854,250.21454,592.5538,459.39908,167.95074,608.5316,-403.0172
high_166.jpg,plank_high_hip,985.0461,508.38654,-75.62477,1001.5381,496.20743,-63.512264,1001.79474,493.76605,-63.597633,1002.13806,491.2697,-63.667492,1002.32666,495.7966,-109.09906,1003.02277,493.21008,-109.16195,1003.81177,490.55902,-109.206,994.6039,465.82822,32.911865,995.5626,468.9998,-174.79745,966.7755,500.30014,-32.017708,967.1223,500.38562,-92.89224,874.3894,437.65793,214.085,892.6017,475.1783,-252.04897,824.5191,563.46454,292.3852,834.3019,613.9761,-241.70557,930.896,586.07294,287.74228,951.2381,614.95593,-63.978477,978.302,595.7987,299.9189,992.3972,622.37415,-80.283165,980.93567,586.1924,300.2683,986.66144,600.09155,-75.72629,968.1073,581.5927,285.69687,973.2478,593.3856,-58.590256,627.4403,460.80502,152.15628,624.2656,474.09348,-152.00894,434.1236,516.8262,304.35144,413.65826,500.89584,-179.63013,266.8079,517.6908,458.07922,195.88821,511.929,-242.64223,227.27383,509.77374,470.1322,156.5287,497.2837,-257.70966,249.2656,590.16223,432.96475,164.89215,601.9722,-384.07532
high_167.jpg,plank_high_hip,985.4064,507.85062,-78.50421,1001.9603,495.57336,-65.81735,1002.17395,493.15988,-65.90274,1002.5111,490.6907,-65.977646,1002.81915,494.97034,-111.52998,1003.5066,492.30316,-111.59344,1004.31506,489.56592,-111.64941,994.4966,465.5257,33.588135,995.6589,468.33252,-174.62595,966.9843,499.58594,-33.769577,967.1689,499.454,-94.76226,873.96326,439.0065,216.71335,892.48096,474.76233,-251.76932,822.2112,566.05115,287.76727,833.54065,614.26495,-243.39906,929.4241,589.4573,274.6275,950.03424,616.6301,-62.680984,977.5348,597.7919,285.8107,992.9785,623.98364,-78.338776,980.1062,587.8431,287.90765,987.4263,602.5315,-73.514694,966.66473,583.2977,272.96964,972.67224,594.77576,-57.104305,626.39825,462.06027,153.2312,624.5422,473.95718,-153.09198,432.18817,516.6047,295.27448,412.06793,501.60217,-173.6206,267.30273,518.6921,442.27005,197.48558,514.12915,-221.44951,227.21967,511.36432,453.4466,163.00362,498.76535,-234.52246,249.71677,588.9363,413.76666,164.52625,598.1658,-359.87933
high_168.jpg,plank_high_hip,984.5952,508.5756,-81.293495,1000.7605,496.46436,-69.13726,1001.0414,494.00888,-69.23722,1001.50586,491.46524,-69.33517,1001.51764,495.8243,-115.0123,1002.18964,493.10165,-115.076614,1003.0437,490.26688,-115.152596,994.274,466.02716,29.297628,995.1196,468.33978,-179.16762,966.27966,500.4076,-36.753063,966.3983,499.94934,-97.89552,874.05066,441.4374,212.52426,893.2588,474.22052,-254.71713,823.29407,573.5276,280.55966,835.63367,614.6216,-243.29083,932.6153,590.3361,267.2366,959.8611,616.49005,-61.75802,978.5332,598.21295,278.4907,995.46704,621.86755,-76.703964,981.69434,587.60266,284.89987,991.6953,600.9938,-71.50649,969.5558,583.45044,267.32538,978.8218,594.37225,-56.099106,626.6941,465.82916,151.00067,623.6921,469.48923,-150.86298,437.59567,522.4172,293.78268,409.4746,499.0883,-167.5867,270.8086,524.3302,447.99545,200.18364,512.3907,-206.0627,240.32211,512.10974,460.58505,163.21373,495.7946,-217.57742,247.90942,587.8096,422.91437,155.74704,595.3849,-346.2146
high_169.jpg,plank_high_hip,983.5222,508.30557,-87.02902,1000.30774,496.56238,-73.43172,1000.5735,494.22675,-73.5154,1000.96875,491.76556,-73.59614,1001.1652,495.8226,-118.75939,1001.88104,493.15714,-118.81662,1002.7068,490.3988,-118.867,993.60785,465.90134,30.664711,994.678,468.91772,-176.25816,964.9269,500.0907,-40.625534,965.23773,499.6949,-101.18828,872.5781,437.47815,215.16632,892.55865,475.64072,-251.1159,822.84357,566.4156,286.20367,833.1134,613.67535,-244.86865,933.5336,588.6359,275.12354,952.5579,614.8303,-61.380672,979.6843,597.4927,286.64966,994.1263,622.6252,-75.991684,983.602,587.0839,290.23135,990.1483,600.82434,-71.190956,971.9043,582.5389,274.0985,976.5863,592.70166,-55.71665,627.7202,458.76633,154.68541,626.4672,473.85922,-154.5683,431.35364,514.56354,296.76517,412.58347,502.296,-180.446,266.0893,516.9593,441.05252,199.17255,513.8736,-234.3106,230.68234,502.6845,451.8225,162.79514,496.64572,-248.08038,247.44461,587.1783,411.10065,162.85236,598.48883,-374.91022
high_17.jpg,plank_high_hip,934.39026,740.3763,-1423.0101,1020.38947,747.5784,-1407.6162,1037.7255,759.9315,-1407.7002,1040.8019,761.624,-1407.9198,1038.7782,706.9848,-1514.7675,1040.7263,691.1622,-1515.0597,1043.8828,657.59204,-1515.414,1034.0027,705.43854,-1099.3385,1041.1785,558.9869,-1596.5941,867.938,715.7068,-1280.0355,873.64905,665.5242,-1421.707,828.1188,680.16205,-683.8186,713.3174,300.8478,-1351.559,484.54498,669.9793,-38.563793,269.04034,189.00801,-883.837,299.87503,640.0748,152.85178,423.923,389.13162,-319.25153,239.43616,641.2391,171.49283,441.79486,461.74808,-308.65698,275.24634,651.949,136.50243,529.34625,421.7868,-284.26282,298.9477,629.9219,139.47125,531.2977,402.88345,-293.7843,155.8528,535.8485,231.92706,79.98868,324.52768,-230.63736,-43.44822,518.54065,1258.1017,-162.93327,311.18625,706.9789,-221.43303,374.93985,2348.813,-286.21313,236.05869,1722.8643,-230.62726,322.7962,2450.2178,-282.5195,178.9817,1823.9728,-353.90985,453.56412,2359.245,-414.65756,352.99234,1610.4344
high_170.jpg,plank_high_hip,980.8158,508.7472,-89.38324,997.93427,497.16818,-76.078354,998.27734,494.69763,-76.167984,998.7316,492.14587,-76.2554,998.7938,496.5574,-121.1487,999.5759,493.8679,-121.21079,1000.4503,491.1241,-121.28006,992.1465,466.27667,27.00739,993.1696,469.57678,-178.60886,962.3114,499.8047,-43.38722,962.67224,499.54663,-103.63242,872.0377,438.90634,209.61119,892.60583,474.65872,-252.41225,823.1655,572.4608,280.27316,833.3992,612.9955,-249.65234,933.18884,588.8978,271.01834,955.80286,613.9334,-72.42636,979.0737,598.3679,283.3643,993.8659,620.47626,-88.40934,982.56226,587.9947,287.41586,990.51514,600.4402,-82.956,970.1489,581.63696,270.3557,977.31775,592.38806,-66.856834,627.1007,462.84525,151.0575,626.31604,472.19394,-150.9284,436.63376,518.7226,274.2588,412.1042,498.3584,-158.19449,262.06985,532.8342,410.17883,198.96564,511.4849,-183.021,228.5891,522.6931,420.0869,163.3183,501.4921,-193.45514,240.94124,595.7553,373.62854,160.81139,597.86,-320.39496
high_171.jpg,plank_high_hip,982.16504,508.58386,-76.42514,998.79346,496.94427,-63.510498,999.08496,494.43872,-63.601257,999.54865,491.8033,-63.690685,999.6329,496.35065,-110.22237,1000.3675,493.6414,-110.30075,1001.2776,490.85184,-110.376526,993.0071,465.42978,36.157757,993.97186,468.96304,-175.94261,963.82214,499.82455,-31.420197,964.05994,499.52448,-93.580536,873.6146,440.26392,222.09032,893.55786,474.55847,-255.4603,823.2001,573.57294,284.27478,833.81665,613.58875,-239.49368,933.75415,590.3385,265.2254,957.8274,614.75684,-42.87699,979.1741,599.9312,275.77252,994.4043,621.2809,-56.307186,982.2629,588.92957,282.26938,991.10474,601.2971,-51.13343,970.2188,583.94916,264.96274,978.1787,593.5153,-36.666992,625.172,462.45673,156.31123,621.9537,471.08533,-156.16693,435.195,517.6299,313.52032,408.28918,501.30786,-170.8928,272.73785,525.47784,476.72134,194.43619,520.94226,-215.48758,241.2041,514.6676,490.04544,155.99709,505.29486,-227.87451,248.92815,586.5587,455.39258,158.97937,603.47955,-356.32635
high_172.jpg,plank_high_hip,983.1731,509.62073,-68.35544,1000.0427,496.54993,-55.851616,1000.3555,493.81113,-55.93811,1000.83185,490.98938,-56.016697,1000.77454,496.4861,-102.5713,1001.4457,493.8869,-102.642815,1002.2693,491.24448,-102.70926,993.52185,464.92896,41.628532,994.2698,469.67126,-171.03966,965.0497,500.25043,-24.14988,965.3376,500.5165,-86.540924,873.28015,438.76776,228.24045,893.13995,474.3302,-251.237,823.1438,572.8849,295.54608,834.9757,615.0561,-240.61128,932.0862,589.8564,276.88443,958.58673,616.4471,-57.00145,978.8742,597.8969,288.3326,996.078,622.5045,-72.20766,982.3294,587.8717,294.1761,991.5785,601.091,-66.34246,969.96594,583.7575,276.6932,977.87976,593.8525,-50.779785,624.707,460.01587,156.95189,622.28894,471.5644,-156.81113,433.97525,516.54565,324.14487,409.9729,500.8296,-173.68411,275.58548,525.61,490.86258,196.8034,520.39154,-229.75851,231.95831,521.1764,504.65015,151.08307,506.36377,-243.5628,252.43579,592.8632,470.20215,169.25041,610.43665,-370.38193
high_173.jpg,plank_high_hip,984.9684,509.4919,-72.022514,1001.20795,497.0721,-58.819687,1001.5118,494.37177,-58.897827,1002.0143,491.55927,-58.960743,1002.03156,496.95084,-106.09714,1002.75995,494.37643,-106.16922,1003.6841,491.72302,-106.22933,994.9281,464.92926,42.26381,995.86194,469.62308,-172.74683,966.6623,500.7407,-26.547756,967.07,500.9083,-89.603455,873.02356,436.67844,233.82697,893.97253,475.83447,-257.36053,824.5626,570.5011,303.49734,835.48035,613.72876,-244.03429,931.94763,588.1032,289.1704,957.88293,615.04956,-49.374046,977.6476,597.6551,301.60776,993.1953,622.033,-63.13031,981.26294,587.2836,306.11462,989.0213,600.532,-58.29554,969.0982,582.82794,288.40018,976.1976,593.3409,-43.001842,623.47516,458.42865,161.48282,621.08527,473.7912,-161.34903,429.0963,515.24695,340.5766,406.2046,500.4829,-205.83702,260.16904,523.11725,513.39655,189.51831,516.4476,-290.3503,223.99475,513.2849,527.1453,148.5332,503.01486,-307.7647,241.74945,587.87964,492.4807,157.89871,605.33093,-439.36658
high_174.jpg,plank_high_hip,987.93286,507.6756,-84.28769,1003.7759,495.67004,-70.53845,1003.92737,493.57812,-70.62196,1004.3043,491.3836,-70.68914,1004.76556,494.3475,-116.9386,1005.40967,491.4997,-117.01657,1006.2387,488.44562,-117.08988,996.58813,466.34784,34.704784,997.459,466.173,-176.16895,969.6939,501.07047,-37.172005,969.27734,499.76575,-99.03095,872.4624,439.40698,225.28587,893.4142,476.24976,-255.26381,823.77167,575.219,284.3545,836.4392,614.78906,-251.47012,932.2235,592.2766,260.58136,959.0369,616.6545,-69.51446,978.8458,600.3075,272.34882,996.5274,622.886,-86.303085,981.2103,589.8248,279.37067,992.152,602.928,-79.94247,968.60016,585.3142,260.69928,978.8907,595.99896,-63.227142,623.83044,459.03012,156.54677,622.1962,474.45178,-156.41132,428.8941,512.8536,305.7536,408.85727,502.65802,-163.51672,258.09555,524.47107,458.54037,199.0051,523.24475,-199.62944,221.07724,516.71826,470.38007,154.78638,506.83914,-211.61858,240.7164,591.45715,427.59235,169.19925,606.2131,-338.00464
high_175.jpg,plank_high_hip,986.93024,508.28986,-89.198006,1002.75073,495.98718,-75.47465,1002.91907,493.95056,-75.56253,1003.31006,491.83087,-75.6336,1003.73627,494.42606,-121.671906,1004.40454,491.50665,-121.754715,1005.26843,488.39972,-121.827995,996.10583,466.8194,29.451683,997.0173,466.34735,-180.3875,969.08936,502.29852,-42.233673,968.8425,500.5654,-103.74773,872.35504,440.27487,218.572,893.05774,474.7885,-258.13895,822.3605,574.9132,280.26822,836.2152,612.04004,-252.6344,931.0586,589.96265,257.13403,957.27185,613.13434,-66.44629,978.12585,599.49207,268.72256,996.221,620.0095,-82.54692,980.16675,587.58154,274.79404,992.2125,599.9382,-76.821754,967.254,582.52026,256.78815,978.51044,591.962,-60.378742,625.43616,459.73233,155.76671,623.4989,472.94266,-155.62807,431.6192,513.1624,294.97226,411.01562,502.59082,-152.5392,260.53226,524.8324,442.15558,200.67548,523.8638,-177.84552,225.92972,514.526,453.47714,150.07526,507.53497,-188.6932,243.98761,587.7161,410.4741,175.31235,604.7367,-313.32187
high_176.jpg,plank_high_hip,986.4817,507.77563,-104.82501,1002.5778,495.76196,-90.480835,1002.7461,493.9559,-90.57229,1003.13525,492.01892,-90.652115,1003.44885,493.8068,-135.48328,1004.01526,490.7199,-135.55965,1004.76086,487.37402,-135.61737,995.6074,467.21536,18.772476,996.11505,464.7236,-186.26202,968.54364,502.35345,-56.482967,968.0777,500.11368,-116.611084,872.3034,441.03644,209.73315,891.7707,473.36536,-259.95197,825.083,575.3999,273.5072,836.27594,612.82684,-259.95273,932.74854,590.849,251.17084,958.567,614.7588,-85.24069,978.9557,598.88074,262.24588,997.86755,621.44525,-102.89859,982.2418,587.5745,268.7661,996.5431,602.10834,-97.911156,970.65155,583.22894,251.11661,980.408,593.4354,-79.88216,626.44183,461.30368,155.2092,624.2385,472.423,-155.07082,432.32208,514.9921,317.73755,410.5104,502.7842,-168.36952,265.66254,530.1173,481.9159,198.58356,525.39087,-216.92435,231.52138,521.3817,495.27298,154.12788,507.5806,-230.65085,250.1284,593.345,454.1191,170.48993,609.91705,-362.82687
high_177.jpg,plank_high_hip,985.87555,507.65247,-93.81962,1002.12646,495.80304,-80.09563,1002.3129,493.93646,-80.186554,1002.7231,491.95404,-80.26221,1002.9186,493.9802,-124.90689,1003.4673,490.92056,-124.98175,1004.2091,487.6705,-125.04662,995.18317,467.08328,25.963188,995.78174,465.2695,-178.29169,967.8372,501.71515,-46.50971,967.32227,499.56622,-106.49677,872.0387,440.5846,214.94855,891.6743,473.51614,-252.5244,824.4607,574.2946,282.66486,836.5162,612.3247,-258.07388,933.5218,590.5417,265.13654,961.0754,615.4248,-97.15351,979.8719,598.9495,278.0324,1002.2653,623.81586,-116.83412,987.0496,589.1591,283.5734,999.4815,603.91406,-110.25421,975.24536,584.22876,265.08966,984.9899,595.75616,-91.521225,625.6565,460.54562,153.68817,624.01294,472.27075,-153.54877,432.87958,514.58307,310.8133,411.07977,501.97653,-160.70282,261.05728,532.3599,470.945,196.32877,525.7936,-204.81757,225.69684,523.93396,483.90915,144.80069,515.5726,-217.99075,248.63312,593.1329,441.45096,172.61719,613.45087,-347.92267
high_178.jpg,plank_high_hip,982.6631,507.83142,-87.48821,999.15845,495.88745,-74.40288,999.3744,493.46066,-74.49447,999.7749,490.9392,-74.58408,1000.01154,495.12732,-119.91108,1000.692,492.4098,-119.98359,1001.5807,489.63776,-120.05702,992.9888,465.41245,27.453953,994.17114,468.48193,-179.6598,964.14825,499.69254,-41.757946,964.4263,499.00757,-102.45268,873.0016,440.7643,214.40881,893.0411,475.17224,-256.71878,823.3684,574.7256,279.84174,833.84644,612.1918,-245.81229,932.45874,590.45166,265.68466,955.3457,613.0103,-54.53858,978.5521,599.5143,277.21774,993.0341,620.65173,-68.66632,981.338,588.35736,282.76074,989.1031,599.8679,-63.748135,969.30115,583.3912,265.30206,976.15875,591.506,-48.716084,626.5935,462.14157,155.23798,624.3253,473.01956,-155.11775,432.11606,516.96124,307.983,408.59918,501.06488,-168.05502,268.7955,526.83014,467.57825,193.28247,521.079,-209.344,236.77402,516.268,480.34024,154.92398,504.72952,-221.71072,248.31073,586.25256,442.26215,158.00537,602.9124,-351.4776
high_179.jpg,plank_high_hip,980.8792,508.206,-88.564766,997.8164,496.3891,-75.568375,998.11084,493.9145,-75.66189,998.52344,491.3294,-75.7602,998.6842,495.76956,-121.22031,999.425,493.05957,-121.288155,1000.26917,490.29355,-121.36508,991.49744,465.55292,25.861065,992.60864,468.87195,-181.7955,962.3355,499.42706,-43.085495,962.69415,499.1151,-103.90073,872.754,440.37732,211.35843,892.1619,473.9038,-259.19302,823.8954,576.2621,280.12567,832.62524,613.8019,-246.72205,934.5564,590.7191,270.20856,953.60156,612.7045,-53.06232,979.4357,600.68787,282.4272,993.47546,621.1959,-66.57105,982.5636,589.5658,287.8818,989.9277,600.9752,-61.605164,970.81616,584.40015,269.84668,976.959,592.7342,-47.252106,625.6756,464.02234,153.73236,623.9465,472.2749,-153.61113,436.64087,519.54694,296.4543,409.0905,499.36664,-160.53053,274.0407,521.4634,452.2846,200.65433,510.44357,-186.14459,244.82391,509.4876,464.7903,165.59235,494.42386,-196.33995,248.14629,577.30176,426.77954,155.2967,589.76935,-323.94803
high_18.jpg,plank_high_hip,951.36176,821.4642,-1741.1304,1039.3623,772.1741,-1741.8678,1043.8055,766.20135,-1742.1272,1049.6831,758.75977,-1742.8516,1034.3226,746.6712,-1851.3389,1033.8365,734.7103,-1851.9414,1034.8856,706.6113,-1852.1758,1041.3055,685.3422,-1479.7844,1005.8295,622.46594,-1972.8611,882.82776,754.51855,-1607.4106,859.7918,718.40607,-1750.0804,850.6232,609.21545,-1021.65906,656.2122,372.75055,-1751.6694,510.19882,585.5222,-402.02496,201.27429,416.356,-1274.1943,397.49435,643.03894,-197.1327,307.02612,568.955,-633.5331,368.74252,640.5845,-211.41425,318.33804,618.73444,-662.9007,404.6789,661.24603,-278.05972,403.16208,575.3784,-666.456,411.13205,650.45624,-221.39395,411.6223,557.85474,-627.05634,111.727005,531.7038,311.19278,-24.342537,411.02914,-310.17386,24.075842,610.25226,1295.0576,-252.27408,525.7227,681.4468,-119.556274,512.70776,2528.4434,-192.13242,446.98096,1777.632,-145.94621,461.11584,2644.7512,-162.62985,373.65707,1891.8108,-188.40874,643.9496,2548.1147,-241.87544,603.4573,1737.6648
high_180.jpg,plank_high_hip,986.6403,508.4492,-86.0398,1002.3263,496.3756,-73.34631,1002.46387,494.22452,-73.43753,1002.8307,491.97598,-73.51967,1003.29517,494.9945,-118.356255,1003.92346,492.0619,-118.43544,1004.7529,488.97202,-118.5005,995.52094,466.78976,27.221613,996.577,466.93958,-177.69133,968.35846,501.57037,-40.835377,968.3319,500.05286,-100.955414,872.8242,441.203,213.37805,893.772,475.05283,-255.9347,821.7932,574.5769,281.10507,835.4861,611.5126,-247.28891,930.7605,591.0863,267.17816,956.0956,614.264,-67.43558,977.5011,600.904,277.86,993.6896,621.1435,-83.88797,979.46094,588.9904,282.78607,989.8846,601.0906,-79.81349,966.7346,583.71936,266.46234,976.9441,593.2391,-62.29128,625.44104,463.04947,153.07109,622.74164,473.80344,-152.91663,436.73767,520.62695,314.0972,409.16962,500.50922,-167.5071,268.86987,529.4204,477.03455,198.16867,517.3543,-219.10103,235.00145,518.7061,490.43463,153.64459,503.93515,-232.87357,253.23418,591.38763,454.01434,193.99788,608.9902,-362.18756
high_181.jpg,plank_high_hip,988.6775,507.8817,-84.0203,1004.40967,495.31152,-69.893654,1004.46405,493.36005,-69.97877,1004.73145,491.30542,-70.043015,1005.45044,493.5327,-116.145256,1006.01086,490.49042,-116.22905,1006.71936,487.2319,-116.30339,996.5431,466.6854,36.757652,997.30054,465.1287,-173.4414,970.8192,502.39816,-36.64127,970.54004,500.41428,-98.2796,872.2546,441.6134,228.133,893.034,474.9737,-255.98723,823.1815,577.25745,285.09616,835.9775,612.38947,-248.92273,931.06494,592.4972,255.74564,956.0306,615.3275,-62.202026,978.34546,600.4848,264.60242,996.1787,621.5952,-78.00225,980.345,589.79443,270.93906,991.85156,601.94604,-75.27601,967.32605,584.09375,255.10893,977.9181,594.2775,-57.04603,623.54846,461.05957,158.65125,621.36597,474.11646,-158.50052,428.55963,515.39905,318.37436,407.5171,502.4937,-192.07877,259.84814,524.6538,477.0386,191.37222,520.8056,-259.42133,221.46103,517.0983,489.06415,151.40933,505.88693,-275.31354,243.58696,589.6241,447.1625,162.95433,605.89435,-408.7417
high_182.jpg,plank_high_hip,986.49756,508.44113,-79.67788,1002.5582,496.33252,-65.7831,1002.72125,494.23444,-65.86451,1003.11035,492.04297,-65.92185,1003.6183,494.84048,-112.24041,1004.3405,491.8728,-112.31967,1005.26825,488.719,-112.39841,995.645,467.03873,40.24481,996.87103,466.2851,-170.7667,968.568,501.78244,-32.36984,968.36414,500.09967,-94.29778,872.34424,441.24527,230.58469,893.38403,474.10736,-251.71236,822.5818,576.0665,296.0883,835.808,611.9161,-250.40437,929.3707,591.3233,275.83646,955.74756,615.0936,-74.66885,977.07825,599.5168,288.1199,995.3485,621.32947,-91.26396,979.0393,587.8195,293.5612,991.06604,601.5823,-86.940475,966.08673,583.2549,275.37335,977.6944,594.16876,-69.075066,625.0955,460.651,157.34578,623.7084,473.0261,-157.20721,430.8348,514.41925,304.23975,410.54175,501.7562,-189.23921,259.3968,522.94904,451.42746,195.27382,519.26355,-251.2927,221.75667,517.2858,462.17902,152.64183,503.67517,-266.3394,240.23593,587.81396,418.09842,169.43733,605.6963,-395.76007
high_183.jpg,plank_high_hip,982.8273,508.6866,-80.95244,999.31946,496.7855,-66.87868,999.5468,494.2749,-66.96023,999.9498,491.67664,-67.030975,1000.1782,496.15717,-113.47649,1000.8766,493.39938,-113.550766,1001.7651,490.58383,-113.6174,993.1227,466.08856,38.515816,994.39026,469.19714,-173.43384,964.5041,499.92746,-33.95835,964.765,499.38998,-96.05061,872.48,439.16125,228.76987,893.94476,474.8704,-254.64369,821.4783,574.0375,290.79922,832.5454,613.1869,-245.7711,929.58344,588.89417,265.36136,950.9265,612.7517,-52.501522,977.52075,598.6131,275.6702,991.84155,620.90546,-66.951416,980.3235,588.15155,280.9222,987.78516,600.73395,-62.28894,967.60803,583.194,264.45096,974.81116,592.43243,-46.48707,625.82043,458.8961,160.7731,623.90216,474.33447,-160.65555,430.2173,513.79504,306.98077,409.74057,502.23523,-176.94969,257.6441,524.93475,457.50977,198.24097,523.85333,-225.42616,220.27412,518.2694,468.76868,154.70883,507.88794,-238.83905,242.60724,589.5933,425.88678,168.41469,608.1355,-366.79996
high_184.jpg,plank_high_hip,982.57947,508.16608,-82.20964,999.13477,496.25635,-68.946434,999.3582,493.78748,-69.03537,999.75354,491.21542,-69.12019,999.9826,495.4916,-115.200356,1000.66156,492.695,-115.27742,1001.5176,489.8468,-115.35066,992.7176,465.6646,32.728413,993.92944,468.6564,-177.35443,964.07526,499.70096,-36.488907,964.24243,499.0321,-98.061516,873.65607,440.5988,221.47281,893.96704,474.92398,-257.85925,822.30164,574.94995,286.5467,832.1872,613.4782,-245.7208,931.6863,590.0558,267.94186,952.6471,613.90674,-52.242588,978.6207,600.0973,279.1048,992.5402,621.97217,-66.810295,981.50024,589.25806,284.2155,988.89514,602.0108,-61.580692,969.05896,584.12427,267.17703,976.2196,593.81024,-46.180058,626.32794,461.0678,157.93752,623.4856,473.44833,-157.809,431.50372,514.88226,304.00748,408.9496,501.5994,-162.80438,262.44263,528.6076,459.47058,197.45857,523.7023,-198.92763,228.45642,518.1872,471.73663,155.15317,507.36044,-210.80219,250.52803,589.29,431.80237,168.58746,607.6091,-337.3619
high_185.jpg,plank_high_hip,982.1485,508.3641,-87.778564,998.7131,496.4255,-74.462135,998.9874,494.02042,-74.55435,999.4126,491.5151,-74.643654,999.5806,495.53995,-120.11108,1000.31036,492.71207,-120.18878,1001.1746,489.83414,-120.25293,992.59796,465.8781,27.79417,993.5371,468.40472,-179.73512,963.79407,500.09088,-41.987972,964.04834,499.37946,-102.82243,874.3936,440.52704,217.229,893.7879,474.18732,-259.91275,824.0344,574.9452,290.0385,832.1837,613.702,-247.06482,932.7795,589.76013,277.9628,952.76556,613.3007,-56.91908,975.2223,598.67664,289.19244,992.23267,621.41156,-71.81901,981.6078,588.67664,293.85016,989.04614,601.4983,-68.37191,969.2081,583.41675,277.07022,976.0495,593.1558,-51.69969,626.91705,462.16452,158.28888,623.33624,472.7123,-158.15459,433.49545,519.475,317.63574,409.69464,501.70517,-172.25664,277.04724,525.333,482.4093,198.3551,522.8248,-223.4774,234.24731,519.6865,495.86743,160.41,507.5154,-237.03163,252.63763,592.0764,459.37244,170.39772,611.8494,-365.69348
high_186.jpg,plank_high_hip,984.22107,508.4441,-89.50281,1000.4448,496.35574,-75.20171,1000.6357,494.00116,-75.279724,1000.9968,491.56256,-75.33682,1001.36957,495.46588,-120.896164,1002.07227,492.67038,-120.969765,1002.9509,489.81284,-121.03959,993.65204,466.11026,33.15673,995.0339,468.30585,-174.70763,965.8188,500.47034,-41.393696,966.203,499.75992,-102.31067,873.0795,438.90543,225.32883,894.02106,475.05295,-254.04431,822.0558,571.84644,294.03882,832.5134,613.5261,-246.0076,930.2148,588.07275,278.58398,952.09845,613.74005,-58.71653,974.38904,597.3688,290.77725,992.6836,621.6757,-72.83446,980.9596,587.64734,294.6173,989.2725,601.7246,-69.25111,967.98553,582.4752,277.527,975.81775,593.36597,-53.058834,626.19415,459.00253,160.80984,624.88354,476.17496,-160.70691,429.37106,513.7834,316.95398,410.2677,503.71378,-205.988,257.15335,521.565,471.09442,192.00635,521.02,-285.09824,219.74327,512.4065,482.44296,149.60907,505.71295,-302.0853,241.22882,588.655,441.21066,168.01094,607.2136,-432.93634
high_187.jpg,plank_high_hip,987.0562,509.00864,-87.391884,1003.0913,497.1702,-73.85765,1003.26263,495.2291,-73.93753,1003.6542,493.17752,-74.007126,1003.8745,495.5897,-118.72629,1004.42413,492.6426,-118.79523,1005.1623,489.5305,-118.89189,995.9354,468.13153,30.627277,996.5964,467.01752,-173.45064,968.94727,502.57785,-40.647316,968.4302,500.5239,-100.56729,873.24677,440.7662,221.38837,892.5897,474.0683,-253.39407,824.3753,575.3938,290.8458,835.8828,613.2385,-266.04758,934.3779,591.5332,278.09753,964.3623,617.682,-113.31584,980.9297,599.5184,292.85443,1004.4918,625.3668,-134.29208,987.80035,589.54193,297.55566,1002.4484,606.2894,-126.401596,976.2937,585.0067,277.92743,988.1891,598.8344,-107.35229,626.1045,461.29245,154.32173,624.80646,474.00153,-154.20245,431.44852,512.8828,303.70557,408.8152,504.42502,-165.63951,269.5147,525.14685,461.53915,199.32126,507.27502,-188.89902,236.62701,513.82574,473.83783,167.73582,489.8261,-198.76619,251.01459,584.7814,432.85754,160.22922,585.5852,-324.28513
high_188.jpg,plank_high_hip,986.70844,510.50858,-108.028275,1002.8775,499.54874,-92.75982,1003.04553,497.89194,-92.843506,1003.3906,496.04147,-92.90276,1003.6737,497.43927,-138.9945,1004.25476,494.28006,-139.0704,1004.99146,490.7416,-139.13243,995.94104,470.23663,21.504126,996.31055,466.5175,-188.87122,968.9023,505.215,-57.853397,967.8936,502.52048,-119.45093,873.5605,442.02307,216.48721,892.08405,473.06326,-265.986,823.1664,576.39246,275.15955,833.19763,612.7573,-267.41388,928.96265,592.4414,237.19405,953.1945,616.5469,-88.26679,974.4114,601.3586,244.97552,989.9972,622.4493,-105.604065,978.1189,589.7428,250.63367,986.6702,602.3624,-103.03793,966.6051,585.11755,235.97089,974.26465,594.80505,-83.457634,626.96716,460.84924,160.40483,625.1374,477.11017,-160.26944,430.4035,512.2937,310.4246,411.34296,506.4448,-183.97844,257.65958,523.4603,463.34076,186.73592,521.2395,-237.78885,221.93108,510.96533,474.65375,149.72969,502.93655,-252.45364,251.98734,592.2835,428.91055,195.7183,607.20483,-384.52408
high_189.jpg,plank_high_hip,984.048,511.6477,-95.581116,1000.4364,501.25848,-80.97467,1000.7187,499.84726,-81.03844,1001.15405,498.1688,-81.066086,1001.3237,498.47134,-127.07164,1002.0967,495.07623,-127.14341,1002.91376,491.29465,-127.18973,995.1167,472.5963,31.898115,994.9984,467.6276,-177.51474,966.2366,507.03192,-45.714077,965.2484,503.51187,-107.10553,869.66895,440.04767,226.99588,891.0664,474.6696,-256.62268,821.9115,572.2463,288.9185,833.8231,614.0186,-264.11487,922.9059,588.7899,260.6871,949.4807,617.3925,-91.468315,965.86456,595.58636,272.4651,986.69604,623.4698,-110.94916,973.35266,585.6287,274.29456,984.8468,602.0714,-105.25178,960.38727,580.3433,258.75195,971.19385,594.52264,-85.743164,629.46124,454.2667,159.47589,628.2522,470.31412,-159.3767,429.46,505.97513,287.8491,414.68298,502.71863,-185.48615,254.18979,520.3985,424.64294,183.4626,503.7881,-230.07639,218.78583,504.02844,433.9054,157.57846,491.02805,-243.5571,244.17346,588.09375,383.53195,163.05637,580.4648,-373.25577
high_190.jpg,plank_high_hip,983.92975,511.87143,-50.722946,1000.4944,501.5744,-36.608204,1000.7,499.95703,-36.66741,1001.07776,498.20703,-36.6973,1001.3219,499.26932,-84.34091,1002.0093,496.1987,-84.40922,1002.858,492.96625,-84.45057,994.4892,473.09134,66.73184,994.7549,470.10544,-149.54576,966.0062,506.54715,-4.1924477,965.11096,503.8697,-67.553314,870.57306,440.59235,251.81152,890.5375,473.31436,-233.02826,820.8664,575.1024,297.97476,835.481,611.518,-226.0322,925.26013,592.8193,244.99402,948.2267,619.7409,-41.049515,967.9877,599.19244,249.93744,988.0038,625.75806,-57.68658,975.76654,588.81226,251.79697,986.23346,604.4078,-53.282833,963.46045,583.0688,241.87422,972.1805,596.4799,-35.134926,630.3823,448.0298,161.34311,628.23047,467.47357,-161.19994,430.0232,501.30624,289.81128,413.7616,506.46613,-176.9937,261.3952,512.65735,422.84805,203.77429,525.6451,-233.67021,224.15825,499.29428,431.88052,163.46967,512.7653,-247.8351,257.9928,587.04944,383.68854,190.31583,612.6064,-369.51398
high_191.jpg,plank_high_hip,980.32263,513.17896,-73.82831,997.296,503.8742,-57.334587,997.5615,502.38474,-57.402798,998.00543,500.74924,-57.459568,998.1554,501.3556,-106.76487,998.94507,498.1784,-106.83679,999.9097,494.80258,-106.90116,992.50146,474.79202,60.55815,992.8522,471.36493,-163.16644,962.6422,507.35886,-22.026903,961.67206,504.15045,-87.7029,866.2787,438.52783,256.0155,890.24,471.20877,-247.14088,821.75055,575.4255,315.4054,834.7352,611.26154,-253.61528,926.645,593.6655,275.28806,948.0866,620.5927,-69.01372,970.8313,599.5689,285.35687,986.10077,627.2333,-86.14433,975.63916,589.6035,290.7959,985.58014,607.2102,-80.45564,964.0321,584.3805,273.80698,971.07654,599.1461,-62.5379,627.4199,442.78674,163.87534,627.82886,459.0699,-163.74072,420.21222,495.99545,224.1404,411.606,500.46423,-175.26842,230.46906,503.31573,314.3462,185.30057,518.78,-200.20828,195.79807,486.0787,317.74814,141.58109,502.95746,-211.10287,201.10802,574.68225,245.43375,166.61781,599.1484,-341.05542
high_192.jpg,plank_high_hip,976.0953,511.7547,-54.249413,993.06226,502.30157,-39.285587,993.3209,500.94202,-39.378067,993.7552,499.44098,-39.447227,993.86755,499.62833,-88.42057,994.59485,496.43036,-88.479706,995.41187,493.10715,-88.5484,988.6394,475.41666,67.11701,988.80115,470.66898,-155.46556,957.9164,506.14624,-6.7670755,957.01324,502.77707,-72.17644,865.84827,441.46185,254.25188,889.21906,473.13055,-240.38153,823.8169,576.04407,290.94202,834.6948,610.30176,-237.08083,933.4094,595.3517,232.93977,950.8937,618.5587,-44.608307,971.5869,600.2892,239.02881,989.3747,624.96265,-58.41417,978.6539,592.0011,247.46657,988.50476,606.1953,-52.38498,967.00073,587.8538,232.1322,973.78625,598.796,-37.970024,629.855,442.7404,163.79596,626.2324,450.31076,-163.66254,433.23227,503.11203,262.5437,415.2011,497.37167,-167.55525,247.00722,530.2794,377.7045,199.39117,522.9861,-207.84615,217.5459,501.60617,384.79742,166.45169,508.74673,-220.03897,252.06505,587.07446,329.34985,183.82332,612.2253,-343.21008
high_193.jpg,plank_high_hip,975.49976,510.96463,-61.08076,992.55444,501.10724,-45.954113,992.82745,499.6693,-46.05144,993.24554,498.03268,-46.120296,993.1554,498.2381,-94.49981,993.69965,494.8289,-94.58452,994.26807,491.30353,-94.690735,986.74524,472.85138,61.98357,986.56714,467.98862,-156.92946,956.6815,505.1227,-12.879329,955.4497,501.33118,-77.35532,863.26526,438.58255,255.99626,887.55945,474.21225,-243.24945,826.1207,573.6026,293.91025,836.536,610.8565,-237.60866,932.70605,590.2515,242.8187,951.5038,619.0586,-43.68086,973.508,596.34,251.39893,991.9864,626.5746,-56.910137,977.3642,587.02905,260.53543,990.8685,605.25714,-50.298294,965.7766,584.00525,242.63762,975.6552,596.8678,-36.559456,632.40344,434.94205,172.90729,628.4164,446.8763,-172.80911,433.87894,497.38385,282.72058,412.89456,497.31982,-205.09186,247.78244,523.5037,406.28433,200.0397,525.37085,-284.05093,215.37842,497.81567,414.25174,144.35425,506.35117,-300.99106,251.3139,581.6745,365.42987,182.77832,618.51337,-428.85117
high_194.jpg,plank_high_hip,972.9541,510.12036,-30.695618,990.43896,499.97958,-17.628326,990.669,498.3826,-17.73865,991.0541,496.71072,-17.815401,991.058,497.6414,-67.25637,991.5674,494.531,-67.35108,992.1173,491.46265,-67.47112,984.2894,471.6887,75.4946,984.0064,469.1208,-148.20769,953.69824,503.73795,12.152531,952.8612,500.70215,-53.65097,865.23956,440.72626,258.05957,886.07776,473.2003,-234.58261,827.5357,571.85455,275.6474,835.2572,608.95935,-201.42111,932.8504,592.2715,203.8983,949.3075,617.06085,20.029915,976.17706,600.25665,205.54013,990.101,627.5471,12.294997,984.5511,590.2126,217.46231,990.8841,604.59357,17.094704,967.62915,585.05725,203.93726,972.1887,594.1025,27.389126,634.75775,436.8405,168.76685,628.8645,442.83716,-168.65952,447.2252,501.9985,294.8637,418.10126,497.26422,-191.10338,268.55167,511.25266,435.4575,208.01628,529.60986,-270.3886,237.56897,491.1869,445.958,168.9666,510.8919,-286.9319,255.61852,584.25586,408.3516,210.49045,613.5294,-407.70523
high_195.jpg,plank_high_hip,970.26196,508.33044,-10.723733,987.3114,498.06815,4.8633814,987.4856,496.42523,4.765238,987.8672,494.7,4.693449,988.0641,495.85406,-47.274586,988.60767,492.84787,-47.372467,989.27435,489.9598,-47.495354,980.8267,469.6798,104.0752,980.97565,468.18457,-129.50977,950.54254,502.38272,34.422546,949.7892,499.43698,-34.302097,864.7537,433.81964,294.53625,883.7577,477.77356,-227.57437,831.994,570.0543,307.7097,834.451,612.8919,-189.46031,937.6677,591.1946,237.81923,950.11597,618.3016,43.66635,980.7372,601.45184,242.0732,990.6279,626.59357,36.68575,984.2207,590.11804,254.01503,989.875,603.41394,43.302082,971.3626,583.6688,237.60907,974.76044,594.6185,52.37256,638.55115,434.80478,179.73717,632.227,445.53418,-179.61826,446.7105,501.8257,273.98587,421.51303,498.24088,-222.2844,267.29984,511.6012,389.738,211.40164,534.0486,-318.94678,224.40674,495.78952,396.80914,165.397,510.3158,-337.84198,255.71765,585.2614,353.42197,213.64235,614.3193,-463.39105
high_196.jpg,plank_high_hip,966.3793,506.46948,18.948458,983.2573,496.03418,34.52622,983.4413,493.99805,34.425957,983.86316,491.88138,34.34737,983.98315,495.1775,-16.768675,984.57776,492.66153,-16.859905,985.4071,490.10864,-16.976938,977.85767,467.52676,126.5062,978.584,469.56503,-103.22302,947.21924,497.27725,60.853073,947.22546,496.29227,-6.8065925,864.2154,428.1708,309.1266,883.3182,475.9965,-208.76953,832.08093,564.72034,319.1732,836.87244,610.8779,-170.6984,935.34393,591.6554,249.32123,950.9214,616.97406,58.01423,981.81226,601.19116,254.42572,997.3634,627.21533,50.372574,984.50714,589.84924,265.69016,996.3223,605.0746,58.412834,968.7373,583.85864,248.76208,979.6455,596.2641,66.773125,640.5622,427.9594,177.30325,634.5045,440.22397,-177.19058,457.1669,499.83206,232.19298,426.4653,495.60675,-199.68742,272.5843,510.87955,310.2032,222.62077,525.6673,-273.31885,232.51999,488.6196,313.15097,179.7808,506.81995,-289.08173,263.62378,584.6591,266.40585,224.83765,612.3613,-406.8735
high_197.jpg,plank_high_hip,965.18494,505.47302,19.363197,982.25555,494.73795,34.147713,982.4664,492.80502,34.041397,982.9272,490.7485,33.953312,982.9645,493.5247,-16.466665,983.5138,490.91217,-16.547678,984.2941,488.24237,-16.654922,976.4585,465.3409,121.924805,976.8379,466.55078,-105.10764,945.96655,496.23944,60.12566,945.6631,494.68988,-6.6252418,863.92816,424.0821,302.40543,884.29254,474.39258,-207.55853,827.0611,554.3211,314.63864,836.57745,609.0455,-170.40277,924.12445,586.4901,232.63895,950.63416,616.3896,51.889732,971.9783,597.4301,234.10272,996.22504,625.0629,43.333336,980.1731,588.3417,242.48567,995.099,603.87787,50.881226,964.3434,582.8293,230.85889,979.2175,595.92676,60.55502,641.235,422.83325,176.41968,634.66626,437.73727,-176.36838,460.39862,497.75336,295.22433,422.7586,493.77744,-198.87527,286.64606,515.2279,426.4973,219.85583,521.766,-279.57074,245.92819,501.85388,435.75488,176.70853,497.26727,-295.93332,279.52258,584.58,402.5516,225.74521,612.75665,-412.30963
high_198.jpg,plank_high_hip,968.86584,505.10974,9.210323,985.7897,493.00595,24.674206,985.7495,491.04156,24.565025,985.95715,488.97134,24.476034,986.4136,491.92773,-27.11625,986.6326,489.36737,-27.20543,987.0763,486.75385,-27.337791,977.457,464.23312,119.332214,977.51697,464.833,-112.86819,948.1351,497.0352,52.585674,947.611,495.74295,-15.720306,862.64655,427.24692,305.40457,883.8207,474.08185,-215.24376,831.78455,559.9592,317.31152,838.1103,609.4913,-177.64131,928.7936,587.29675,239.72136,952.6877,616.98663,42.639954,975.4123,597.68787,242.19534,996.839,625.4726,32.30364,983.05615,588.17865,250.32173,995.2649,602.76984,38.540512,968.52356,582.82465,237.80794,980.0903,595.51117,50.50272,642.27747,424.48306,180.04233,636.4865,436.78885,-179.95139,461.13177,496.93933,289.71692,424.00995,493.86404,-224.78558,275.99597,526.4742,416.32562,218.36072,523.38525,-316.64282,238.17776,519.198,424.9379,173.57922,497.65936,-334.7498,269.56573,588.7841,386.02777,223.25604,615.5012,-459.17438
high_199.jpg,plank_high_hip,963.3661,504.4948,11.985227,980.6061,492.9187,27.640305,980.8235,490.54254,27.540813,981.2143,488.18698,27.44497,981.25195,493.04938,-22.738895,981.8078,490.93176,-22.814188,982.5438,488.87396,-22.94142,975.0049,464.71182,122.79694,975.7136,468.87134,-102.93869,944.0778,493.5102,55.457783,944.5285,493.82498,-11.048989,864.67535,423.03394,308.06818,884.8731,474.81534,-206.01617,830.67255,554.3001,324.68542,840.2902,610.42737,-189.91508,937.56506,589.6409,261.29572,960.3095,618.28766,3.2106667,981.8761,597.8107,267.33414,1000.6711,624.13684,-11.503067,990.34033,589.9371,277.91467,998.59875,605.138,-1.4691101,970.92114,584.6537,260.83917,984.3163,598.4277,11.51923,640.6384,424.88248,176.44037,634.50714,437.38843,-176.3483,461.78766,499.75262,262.82797,426.2785,494.50046,-204.57465,271.7148,524.3267,378.88007,220.83463,513.9352,-266.7873,235.00287,515.45905,386.30542,179.72054,495.95795,-280.9894,270.9729,579.47614,343.74304,202.33688,608.5714,-403.14355
high_2.jpg,plank_high_hip,917.6802,692.1666,-1381.6132,998.5924,696.2349,-1367.9286,999.9586,698.7412,-1368.3623,1001.93854,700.42316,-1369.0831,980.2571,657.90045,-1451.167,975.2356,639.5764,-1451.3518,970.07904,620.4041,-1451.1587,968.1376,650.9747,-1082.2806,948.6856,520.46515,-1454.3651,850.88745,682.2733,-1249.5463,843.4099,633.1935,-1356.0854,807.18494,516.04126,-707.5597,636.3062,366.2489,-1245.3694,486.34628,417.40662,-150.75267,279.08118,419.86658,-839.1607,349.9542,462.38318,43.956867,395.0909,559.2783,-316.6304,328.20288,468.3588,37.500015,410.78577,599.6962,-346.17996,346.78656,481.89417,-8.717649,497.5201,548.82886,-356.97864,349.27698,469.5095,27.137545,498.91876,534.57324,-319.07895,162.01126,364.88684,280.9756,91.98447,257.1815,-280.44525,7.3646603,476.9087,1153.0938,-178.4952,304.54987,640.61774,-189.05821,360.3271,2159.2502,-311.23782,285.2863,1569.1652,-214.13763,297.45422,2253.5356,-313.999,226.4328,1662.4377,-310.86627,490.20667,2186.8013,-427.78802,463.63083,1524.2815
high_20.jpg,plank_high_hip,998.68933,786.34985,-1200.6652,1107.6106,737.768,-1168.4288,1085.2627,793.41,-1168.9363,1088.0137,806.93085,-1169.5924,1082.0293,702.56146,-1257.7052,1084.4213,669.361,-1257.7675,1080.6985,658.22577,-1257.9872,1071.9884,757.1032,-901.06274,1040.0177,574.4817,-1290.2705,937.84717,786.07764,-1084.3116,915.0078,682.7317,-1195.9512,840.1526,710.2154,-592.1239,730.1413,337.09543,-1170.7966,502.03986,652.02765,-136.72295,328.05142,253.7211,-813.5206,282.37195,668.7987,87.44133,282.73038,348.2539,-345.7338,234.35834,693.48846,110.085205,258.89435,362.2145,-357.85886,240.42921,691.65814,77.397194,323.59137,353.06503,-360.17563,257.67267,662.4204,72.191536,339.48615,356.45804,-347.96936,214.99464,444.16403,221.19724,188.13432,254.30565,-220.34972,47.413124,487.79263,1158.5671,26.591568,253.51518,712.7307,-81.977905,361.5512,2168.0251,-102.865814,209.39108,1724.1688,-79.99584,308.6923,2262.1455,-99.17366,175.52231,1822.7906,-222.93205,449.04407,2201.2617,-242.70905,339.5693,1684.584
high_24.jpg,plank_high_hip,939.44574,717.92676,-1006.76996,1001.9802,713.12164,-988.5299,1003.1765,713.9225,-988.70496,1003.8964,714.026,-989.05084,1001.6857,690.22296,-1076.3427,1001.6207,680.558,-1076.3967,1001.1024,671.58453,-1076.6002,993.1519,682.03107,-745.91943,987.3719,613.0876,-1142.7328,891.3459,696.8068,-897.05273,894.8953,667.1258,-1010.6513,769.72144,633.39056,-451.836,758.7127,374.02588,-1018.3712,462.5019,499.3451,23.705212,363.92596,216.39061,-648.94403,330.5498,446.75732,312.1112,310.32086,241.727,-103.992775,299.4491,425.5152,340.71808,289.57,251.15561,-77.67367,321.3589,442.15247,319.051,340.12286,235.85243,-96.134834,334.01273,437.27222,306.3702,351.67493,239.79337,-103.39209,186.46262,407.6809,206.57135,176.7356,276.44705,-205.81976,28.64064,332.21826,1002.40625,1.231761,249.17557,542.4623,-236.99313,262.24738,1828.4691,-243.37602,183.56833,1383.078,-250.34879,216.27164,1901.9562,-253.21097,139.64853,1469.5403,-364.42773,331.2909,1791.8699,-360.16626,283.68567,1291.609
high_26.jpg,plank_high_hip,934.64667,716.5883,-1149.2731,1022.6538,730.19324,-1134.9419,1020.7648,730.9822,-1135.2177,980.84283,793.6031,-1135.3809,1026.3489,709.2291,-1208.6537,1030.5581,679.8934,-1208.5518,1031.1533,670.26526,-1209.2108,979.18726,749.7822,-915.58594,1032.3348,604.8872,-1258.0236,867.4608,691.5036,-1052.3477,881.92474,652.37476,-1151.1056,690.1422,742.09607,-668.79584,791.5364,353.6925,-1133.04,256.64777,715.4922,-411.4593,383.58002,251.29582,-791.21765,-67.4095,739.8894,-448.62762,345.61975,235.09407,-450.63605,-145.36847,761.6908,-478.60437,313.50513,242.04112,-460.7433,-157.54893,765.4125,-541.31555,348.40976,207.23773,-512.9062,-112.60518,726.7688,-483.7715,354.54572,219.85892,-469.81726,140.81439,437.835,139.11821,195.70251,260.46814,-138.21056,42.36888,373.5862,1149.0902,43.525124,267.3912,761.6047,-116.219086,317.96716,2259.3193,-86.190506,229.17743,1898.6484,-114.84821,292.5932,2359.9626,-84.48076,203.74913,2004.615,-261.5708,361.8812,2245.042,-228.65935,286.26736,1807.4531
high_3.jpg,plank_high_hip,915.4501,722.7756,-1000.8755,1001.25757,719.51715,-988.1156,1002.43353,719.81024,-988.5696,1004.8353,719.4649,-989.2545,984.83276,686.66345,-1100.0776,982.23157,672.5066,-1100.4991,981.3087,642.9704,-1100.5312,998.0814,644.7368,-746.3154,972.3935,562.08167,-1243.091,852.355,708.4077,-884.927,850.3058,668.33484,-1027.875,823.5959,470.0417,-380.11417,681.28784,359.24997,-1091.2083,491.46164,442.52264,213.63922,309.08768,478.7979,-579.13293,349.80804,452.68182,530.9441,442.24057,618.7579,322.42102,316.23123,455.49707,544.7202,457.85028,676.1521,368.5728,341.32587,470.71585,476.90173,532.41437,625.35114,341.75113,346.78882,460.33014,508.99518,532.1381,601.784,332.9196,80.80535,394.95575,268.50717,-7.051327,291.20642,-267.51,-371.3129,429.70834,804.65967,-495.07703,306.64746,282.0536,-837.1868,395.90182,1556.8389,-974.61597,253.02254,782.7439,-911.1445,353.30386,1616.7494,-1049.8713,185.91544,821.31866,-962.8629,552.1588,1425.7681,-1092.5433,438.67636,487.4104
high_31.jpg,plank_high_hip,287.02014,278.25702,194.7512,251.25568,284.26788,188.97995,248.84666,284.9933,188.3375,246.58337,285.74216,187.53726,256.5561,286.9992,146.54405,257.34216,292.38684,146.66913,258.09076,297.42322,146.15948,244.33762,317.3091,186.05908,263.02374,331.50845,-2.1780133,307.2836,291.35605,208.20697,310.41672,300.84103,152.94994,317.67438,431.00864,156.1305,378.82745,372.89655,-56.67187,550.60114,448.3907,234.69995,606.47766,433.8929,-156.27145,653.50037,344.66153,262.31656,660.08844,379.8445,-187.32893,671.2908,327.80423,252.63562,680.6745,370.59293,-204.09305,653.4295,303.2902,236.35532,648.5675,378.92133,-182.3378,651.81555,310.17822,251.44997,642.0708,378.9892,-183.46722,767.7728,556.10876,31.694221,779.0055,519.35223,-32.14473,935.3368,514.0005,455.531,931.7524,522.048,468.86826,1103.3486,525.78046,888.1286,1098.8857,554.38794,885.3979,1134.8737,523.6828,932.8231,1128.7574,562.1294,938.40704,1144.7725,549.83936,926.94617,1147.5121,578.5797,966.5065
high_35.jpg,plank_high_hip,274.29254,319.3264,-143.18843,232.61429,322.27728,-133.64525,230.73486,321.5242,-134.10344,226.99615,319.28934,-134.72078,229.10072,337.64474,-209.74968,225.73212,340.48557,-209.47742,220.21545,342.70178,-209.57935,215.80109,358.3772,-10.408172,208.5302,383.77844,-359.5343,309.14252,342.4866,-78.247856,303.9543,350.17526,-178.76593,364.7203,511.28757,126.56134,347.95822,438.00082,-412.78668,668.0348,505.45108,263.79224,643.2466,503.0818,-506.0299,761.019,450.0894,266.18634,726.7054,444.3128,-436.69772,780.4935,456.16177,257.37006,751.633,432.89725,-472.99167,750.79803,438.78656,222.38747,723.15643,446.8536,-453.79044,751.78357,434.85788,248.54324,720.05383,455.61002,-432.0078,912.32306,538.0022,185.12444,946.71313,523.22076,-184.42766,1158.0935,504.0353,632.5302,1243.5657,543.4821,258.4329,1438.8782,522.51965,1141.7247,1534.9274,560.4656,646.36804,1479.9875,546.5167,1187.3347,1576.0464,599.27435,692.5757,1543.285,469.08633,1156.6455,1631.6737,487.86398,604.9021
high_36.jpg,plank_high_hip,223.93219,284.63568,391.04916,210.96146,315.11395,377.7804,207.19803,331.55405,377.32,203.76266,333.2145,376.69678,208.4478,312.62653,323.47202,205.57098,312.77502,323.70572,201.31592,311.57797,323.45352,189.1375,362.5317,336.27628,193.62366,350.16754,83.966255,266.8483,325.5196,390.67487,264.63333,325.24414,318.17334,336.0224,498.5103,284.77573,290.02966,377.81635,-16.193405,634.83734,473.6508,362.69476,601.2592,423.4145,-85.52787,750.22595,446.4793,514.11676,712.21497,430.91125,-13.18158,788.13696,457.2549,501.84467,757.2035,431.5039,-23.171995,754.3328,443.42572,511.9511,730.1387,443.24915,-30.134295,745.18933,437.07214,516.75806,717.271,447.07434,-18.9145,869.10376,504.3869,78.23495,882.8858,473.39548,-77.201355,1185.7216,482.3508,438.1862,1228.8722,527.76514,272.0857,1509.3135,523.3624,931.2776,1550.7307,545.5658,684.9531,1557.8229,541.2511,975.9817,1600.9695,568.48584,734.78784,1611.3743,510.80225,915.41205,1644.8993,515.4309,643.9847
high_37.jpg,plank_high_hip,260.35297,291.087,202.38478,195.47585,299.29654,200.71292,198.01262,308.77106,200.27855,193.69789,309.6058,199.71437,197.5866,296.0377,120.8323,195.79552,301.913,120.91699,193.99368,307.59268,120.526566,177.86476,372.29437,237.26631,172.58186,373.56622,-129.56155,270.76724,322.32623,235.81717,268.64203,325.41336,129.81096,315.14877,467.59537,258.5569,321.28537,426.69293,-213.78119,607.29315,453.10757,424.5958,582.5638,476.3802,-210.66429,765.82715,411.85883,588.06226,702.8694,459.82507,-1.7688797,821.01263,412.99353,580.59216,751.3791,457.45117,-19.58994,791.3147,405.30972,541.3739,725.70074,449.30112,-32.059143,773.92487,405.19128,571.2405,709.9694,454.4234,-2.785416,879.80316,475.42502,84.14459,899.3096,490.0024,-82.9671,1250.4144,460.8337,282.365,1277.8302,532.1547,65.42015,1605.074,490.53107,711.04224,1612.4939,562.3978,451.99814,1654.1486,509.9082,743.905,1665.3564,581.1337,491.04144,1708.5103,474.7579,611.8666,1695.1093,545.6007,311.13702
high_38.jpg,plank_high_hip,311.6192,311.23105,-484.8129,260.0454,309.74274,-468.25452,258.2103,304.5889,-468.63754,256.61362,299.2329,-469.1199,256.89224,330.6783,-546.8895,252.10564,344.83646,-547.1024,247.27348,359.06512,-547.5829,212.55219,354.69266,-265.17535,196.42441,431.9966,-629.4065,331.98035,332.6748,-387.29797,326.98584,365.16556,-492.13132,345.9626,395.96564,-62.22378,375.93237,616.97144,-537.49255,631.88416,382.02313,233.0281,696.8366,709.9894,-483.3354,787.7878,383.13507,285.89838,824.668,633.061,-386.22107,841.5457,386.89883,279.83148,872.977,607.32056,-412.10995,811.50085,378.73453,233.89,832.5791,604.80396,-431.50177,795.90814,389.32227,270.15723,815.0862,611.50836,-388.07916,942.5302,443.06488,147.28976,975.71893,576.97595,-146.8519,1240.7368,445.88586,699.0775,1300.3813,534.9231,362.89597,1518.2423,463.69998,1349.4484,1599.9952,541.3754,910.5399,1558.0574,485.66794,1409.4084,1635.6666,573.83923,966.0377,1636.862,396.49985,1336.9707,1730.6045,463.8848,805.2442
high_55.jpg,plank_high_hip,948.2666,736.8549,-880.36194,1013.8668,771.5607,-915.7666,1010.1464,780.4467,-916.08813,1006.3024,789.30194,-916.4761,1027.6616,744.3364,-947.4581,1034.7186,733.13794,-947.5249,1041.7498,721.72046,-948.37964,998.5193,782.05334,-821.82263,1042.1986,693.4487,-966.32477,900.0958,733.49414,-819.1629,918.3765,697.2366,-860.5262,727.3733,789.0561,-572.3285,840.1348,469.83685,-792.1373,349.06055,702.53284,-184.58815,543.9148,326.42038,-370.39093,156.8242,701.402,-22.987013,480.10907,276.25772,-6.1536446,110.844345,722.34424,0.57987505,471.61533,268.34024,8.664251,123.31491,733.35065,-57.413925,496.81958,256.9978,-19.865635,153.35925,707.26074,-45.833893,494.62183,273.8993,-16.446877,204.9466,464.43457,72.809616,286.29736,304.68878,-73.70592,94.35215,413.70456,1068.2147,112.78017,293.8084,867.5481,-25.597582,368.84424,2021.9386,37.040794,290.0493,1861.6575,-15.738716,347.45712,2116.7678,76.65783,282.47495,1964.1753,-51.97479,376.72122,2034.9507,-81.048065,311.07227,1858.4797
high_56.jpg,plank_high_hip,923.91516,764.6457,-1758.3905,1021.5244,754.5881,-1750.5785,1021.96936,752.7671,-1750.7632,1022.55554,751.3409,-1751.2548,1029.7516,721.7582,-1840.199,1031.0991,714.4354,-1840.702,1037.2283,691.14044,-1841.4086,1023.26575,707.4449,-1422.803,1014.63184,655.9785,-1826.6951,877.9005,731.009,-1602.1189,889.3214,695.68933,-1718.8943,755.41815,752.78955,-885.1965,766.01575,399.96173,-1641.1836,368.22498,702.4497,-210.246,294.47064,275.06982,-1385.3405,216.60641,666.732,65.45081,240.84244,309.53525,-1093.2842,178.30142,658.96436,96.71935,218.49281,316.95264,-1144.0201,197.30865,683.0559,34.50686,274.89865,294.57834,-1179.4689,213.35754,665.51483,45.343876,284.36804,302.21848,-1107.7797,133.26662,516.9001,277.71582,166.86417,333.07736,-277.79974,-37.96386,500.84348,1528.6456,-87.93375,326.57916,931.4245,-212.8499,436.36047,2834.3655,-228.90321,307.14496,2212.0098,-224.3259,393.11948,2964.08,-214.74652,255.63698,2347.354,-336.6737,560.5601,2877.1106,-378.36725,448.89258,2162.236
high_57.jpg,plank_high_hip,978.75977,731.89496,-950.4218,1050.8839,706.6171,-930.13544,1053.1395,705.27734,-930.4906,1054.6946,703.1675,-931.0712,1044.4896,694.2446,-1014.1854,1042.343,685.76245,-1014.3597,1043.537,666.8384,-1014.5332,1041.5996,655.7837,-704.4506,1028.5778,608.7949,-1076.2742,927.10645,700.5561,-847.7903,927.65247,677.9295,-954.5945,792.7228,606.99493,-434.60086,742.42993,387.4322,-964.2239,462.89984,499.14713,2.3142245,333.25833,272.46335,-639.27924,380.37598,489.41727,257.30768,341.1457,318.27374,-201.79367,370.30948,483.45557,282.22665,340.4928,326.9981,-203.8034,394.78253,493.60703,262.60852,401.98483,307.26752,-221.2453,398.3449,486.19485,253.42924,405.23254,310.11963,-205.75665,208.82922,426.5524,205.6285,179.44913,310.60754,-205.12901,39.33423,349.94626,986.973,22.445732,294.91718,582.51105,-50.50843,296.21768,1783.0621,-65.444374,265.45807,1419.0637,-30.723553,267.32608,1862.4553,-179.60808,227.8204,1509.0826,-251.05598,395.1759,1813.7194,-252.3157,393.9013,1412.119
high_58.jpg,plank_high_hip,967.1272,785.69635,-1581.1989,1056.4362,757.314,-1560.144,1059.9933,751.53125,-1560.3246,1064.375,744.5416,-1560.8518,1035.8713,736.0937,-1666.0127,1031.5574,724.36383,-1666.5942,1027.3445,711.631,-1666.8108,1044.7015,686.94324,-1249.5071,1001.72394,630.81384,-1721.0082,907.7107,755.75085,-1437.8247,904.01154,726.541,-1573.078,850.87555,604.3412,-786.50757,679.0915,420.58203,-1532.201,509.72015,416.8746,-195.87677,240.43953,286.7714,-1026.9407,307.78653,393.17688,95.35524,252.04373,370.24762,-254.3702,267.46823,379.33713,116.76344,250.3109,392.85184,-222.13553,282.69305,396.34448,80.42758,320.7123,356.90997,-231.6407,292.16833,390.07468,84.54321,328.73856,351.6579,-242.87247,140.76523,448.29935,316.48447,51.058044,344.26462,-316.69916,-92.5309,501.7733,1320.5663,-226.83133,406.78192,684.1993,-276.20764,404.4852,2439.0881,-321.95166,317.74426,1748.0333,-300.2659,350.7342,2544.939,-313.31577,244.4928,1862.7915,-380.5853,532.35834,2495.017,-431.70425,465.97647,1751.3024
high_59.jpg,plank_high_hip,1007.8223,749.9562,-1362.2944,1079.9989,736.84705,-1351.907,1082.1506,734.7181,-1352.135,1085.2773,731.74304,-1352.7783,1076.7239,707.82294,-1456.4377,1075.6547,697.9222,-1456.8035,1075.6536,687.38153,-1456.8301,1078.5035,674.1412,-1066.0542,1049.8977,603.39307,-1540.1893,940.2308,723.26654,-1227.1129,919.3963,686.1133,-1362.8143,875.32825,596.0795,-628.0555,729.3231,377.78644,-1353.4058,509.35165,571.6325,-2.6418755,344.46692,472.12772,-807.19666,340.44128,621.11487,244.23073,434.35013,608.5616,-24.423523,299.69653,624.41644,258.8388,444.44067,652.03394,-0.92971504,333.1562,632.29456,195.2515,519.60864,606.1234,-12.166494,341.84677,618.17865,224.82977,522.45544,591.8567,-13.822582,154.47145,471.01724,298.51172,63.166103,386.63583,-298.47214,-75.942726,516.2869,1209.5378,-254.40976,437.93646,586.54517,-323.36652,494.6966,2237.121,-454.31128,401.29272,1487.1405,-366.02136,452.9025,2333.4897,-466.62085,334.12823,1580.7594,-412.9518,646.95197,2264.6062,-564.5094,569.58276,1405.515
high_6.jpg,plank_high_hip,963.29315,700.9747,-1347.3796,1028.8604,700.24475,-1318.7825,1046.6947,707.352,-1319.0917,1047.4735,710.50104,-1319.8085,1027.2325,656.25824,-1406.1566,1022.60046,638.31415,-1406.3904,1023.65784,599.6564,-1406.4031,1009.5263,656.03046,-987.4326,993.6747,520.5209,-1374.7188,892.4536,687.81274,-1201.9279,897.6336,632.4814,-1312.4253,822.51245,597.9235,-598.5949,708.83923,331.92368,-1190.9565,491.65643,555.5736,-48.26237,347.83514,312.8585,-807.46423,383.38696,576.7721,175.70374,451.96588,421.81345,-282.1623,369.47098,587.87286,190.87477,465.33453,458.10284,-283.62943,390.8062,593.4988,156.10828,552.0499,415.37183,-305.56125,391.9594,576.4602,164.44206,552.19995,405.22678,-287.64005,180.06645,368.20175,269.58047,100.900406,255.42242,-269.28116,7.0427217,424.7568,1119.1808,-136.75632,220.17552,623.7289,-221.49704,298.2866,2072.8909,-347.2699,206.67871,1496.1663,-248.65717,234.63998,2163.875,-358.71344,155.82948,1584.696,-343.86285,441.47104,2109.5015,-478.42645,386.0263,1425.3253
high_60.jpg,plank_high_hip,915.3909,778.9621,-1594.2798,1018.6838,782.0816,-1581.7206,1018.22034,778.40466,-1581.6101,1057.8026,793.7653,-1582.125,1015.2544,737.19403,-1697.0608,1053.0201,720.48956,-1697.7778,1052.3992,710.983,-1698.4263,1049.9812,725.07104,-1186.0696,1038.4486,601.23224,-1723.4175,889.9817,767.96075,-1400.2346,884.527,693.742,-1554.169,933.45795,667.23663,-479.46973,769.2903,359.43655,-1510.3081,504.78458,688.03845,395.75223,340.40134,332.58255,-1054.2946,296.29034,718.3313,844.5388,323.04327,462.32675,-284.6856,223.96762,726.8065,954.0432,297.76,512.9202,-222.93555,270.1172,744.6765,879.8507,372.8792,487.82773,-206.81036,291.93192,720.38544,829.90015,387.16403,470.9691,-244.92923,152.55237,690.5409,333.05148,50.541363,537.3281,-333.0988,-305.60306,722.0414,1188.4337,-444.349,621.6282,406.02902,-650.01715,794.7681,2241.2913,-798.1308,637.3061,1282.5083,-700.7349,783.5173,2336.2532,-829.8352,603.07446,1373.1006,-791.16223,912.9379,2194.168,-963.8225,758.8775,1078.2313
high_61.jpg,plank_high_hip,946.4656,759.0842,-1497.0747,1052.5693,746.99567,-1451.0293,1055.2325,747.2976,-1451.6736,1059.8425,746.0308,-1452.724,1052.4496,716.2982,-1598.1378,1054.2229,703.45593,-1598.9353,1057.159,689.3752,-1599.7776,1050.5414,683.5258,-1000.6947,1045.7435,602.3595,-1657.8917,900.8636,738.1775,-1293.074,903.1516,703.437,-1483.6973,850.9657,648.91614,-455.4707,708.96576,333.07062,-1448.1924,490.41382,853.2935,109.31949,284.555,339.28986,-1683.6323,419.95435,781.78503,208.6837,527.2248,605.26544,-1782.4036,387.1159,764.43695,236.81644,578.9098,700.7704,-1874.7498,446.8471,767.1297,200.64182,680.13885,621.2194,-1820.1992,453.1167,759.44086,201.38396,671.57556,619.62726,-1751.7661,57.46106,673.54926,271.7716,-5.6311226,447.29443,-271.6552,-541.06573,719.209,1004.8261,-626.50903,503.3769,408.73566,-1042.1361,796.3334,2071.8525,-1191.7267,553.9906,1221.0623,-1118.0663,785.8326,2158.125,-1278.3933,522.77216,1284.7852,-1186.3147,927.78577,1769.9255,-1342.8795,720.2491,725.6101
high_62.jpg,plank_high_hip,955.42615,721.6346,-1084.6892,1038.0924,721.0217,-1079.8486,1040.7222,719.6053,-1080.1504,1044.7302,717.1821,-1080.515,1022.88855,700.3709,-1198.907,1022.9499,692.36005,-1199.067,1022.8613,682.9825,-1199.0851,1040.0511,650.69366,-869.6338,1012.584,595.93536,-1408.2758,891.4104,696.70557,-978.9242,888.40173,675.36865,-1132.7601,842.006,540.90485,-497.05203,697.50275,400.83768,-1285.0793,508.1886,563.76385,-22.73193,352.24057,527.3367,-807.53424,421.9946,598.6126,45.958992,549.2464,587.32684,-4.0856957,392.32452,594.21173,35.18498,586.98157,632.1254,18.99442,433.4182,620.4304,-16.014954,654.93066,571.48254,7.2205076,438.59344,606.6155,22.80711,647.4675,556.3362,9.381081,129.15352,478.974,271.72232,43.567223,395.84186,-270.38156,-176.7385,510.32547,1083.765,-312.38583,421.72635,473.98486,-508.77518,561.1213,2036.2958,-680.9973,468.5584,1316.7897,-573.7265,535.7239,2115.1882,-731.936,427.6354,1389.3065,-595.2877,728.21674,1933.5278,-816.9611,650.6605,1081.4174
high_63.jpg,plank_high_hip,990.428,711.48413,-776.3108,1055.9681,687.2038,-764.9597,1057.8661,683.1522,-765.4878,1060.5061,678.1622,-766.13837,1039.4209,681.89545,-853.42676,1036.108,674.6616,-853.38324,1034.6392,654.1693,-853.19025,1033.4087,609.75635,-581.83887,1009.09985,573.6052,-971.97864,934.92346,692.1579,-688.99133,930.0852,669.93164,-800.8225,855.5314,495.48633,-266.82776,704.9884,383.82858,-963.33673,557.91846,508.69785,185.71443,350.69885,500.99387,-712.26434,536.7774,608.0484,349.1043,493.82562,639.16583,-189.15546,540.9017,619.4284,352.75742,512.3228,687.4415,-212.14368,565.9227,648.25183,303.21985,588.50226,644.6489,-221.31595,560.13336,632.8392,328.59662,587.1197,626.27985,-189.72293,221.04134,341.01538,254.04065,158.03796,267.1783,-252.66788,16.6708,453.4264,974.44727,-133.68819,343.92096,456.26056,-213.3241,423.24683,1761.6685,-385.04785,341.83774,1209.3789,-249.1896,382.9162,1833.2615,-412.37473,297.91943,1284.396,-300.3662,556.3334,1754.6056,-498.0074,483.59027,1119.8245
high_64.jpg,plank_high_hip,939.5028,735.36395,-1160.9987,1010.4699,707.9586,-1130.3602,1013.25104,712.0415,-1130.7472,1017.7951,707.5549,-1131.3976,1004.1812,698.34064,-1276.9419,1002.7899,687.7388,-1277.4604,1002.6715,663.29706,-1277.5326,1012.3895,623.8164,-828.89514,984.03076,581.3662,-1480.3391,877.23694,702.61694,-1023.12616,863.32007,673.969,-1210.8755,831.85657,524.18555,-406.1219,646.373,388.9529,-1351.6289,549.43225,588.2786,137.5339,303.29562,481.13547,-811.60034,444.2707,622.22766,273.39755,435.2425,532.69226,276.00607,426.17935,638.3591,273.2341,458.16254,571.33966,341.18198,450.90298,642.96606,209.23035,527.3981,516.81635,313.9703,448.1883,628.9462,244.03357,522.5631,498.81656,291.35522,57.16233,453.27054,319.30603,-45.96936,343.4204,-318.43686,-421.02933,523.9358,947.0924,-563.2841,407.99652,300.83997,-911.6153,535.84467,1809.8247,-1078.1694,393.1991,915.96,-994.40076,498.86948,1879.0881,-1163.1987,329.6661,964.4154,-1030.6178,713.9725,1672.1581,-1192.1903,601.09344,592.71313
high_65.jpg,plank_high_hip,924.9561,743.13763,-1050.5906,989.43774,719.058,-1024.9492,993.90625,714.6438,-1025.3185,998.4354,708.8733,-1025.8262,982.5159,709.06476,-1170.3752,981.7636,697.8773,-1170.6273,975.6499,684.3481,-1170.4667,989.7089,626.2646,-762.7909,963.42725,590.1035,-1408.5334,874.8026,711.2762,-926.08276,868.09094,695.49695,-1111.9194,876.37177,455.02722,-360.42474,656.4953,396.27515,-1378.1708,689.6136,495.32715,65.26748,347.29916,554.7695,-1004.56934,627.37775,565.3727,-58.70604,570.1906,638.7887,-41.843357,633.8497,565.14215,-106.56986,709.5729,660.2028,-21.078045,651.55994,578.62164,-154.28738,697.5862,611.08746,-22.30946,633.2206,574.8152,-91.99872,679.26,593.6346,-21.607933,110.66451,389.18655,378.85684,-11.839147,369.34885,-378.25543,-264.85843,482.72806,1088.3735,-443.31848,434.96393,383.0507,-700.573,497.56815,2024.7368,-915.4933,477.31424,1121.7772,-778.76337,455.4781,2105.103,-978.51996,413.8717,1192.3469,-797.6159,686.11786,1957.3085,-1054.3187,710.16205,911.54614
high_66.jpg,plank_high_hip,938.578,728.5093,-960.61304,1004.55206,716.0626,-946.313,1009.84375,711.65814,-946.8598,1015.7444,706.98865,-947.5182,996.8313,703.87384,-1061.0469,995.1517,696.8301,-1061.4849,994.1089,688.64417,-1061.4688,1018.9216,627.19086,-724.15106,982.6806,598.5678,-1231.2864,887.3883,695.27234,-853.3088,882.4334,677.3184,-999.6051,850.5932,457.80936,-345.47806,664.82043,382.6756,-1180.5116,576.99634,466.60287,133.46086,311.78583,577.6525,-810.1816,448.0153,563.0294,200.59598,454.73834,707.61383,-56.204865,426.01855,573.19806,182.84898,474.77124,758.431,-58.426228,444.05795,593.40186,109.40192,547.7623,703.4272,-76.68414,440.6773,582.44476,167.33138,545.58905,680.5077,-50.096397,130.49538,353.46396,312.01453,13.694851,313.29327,-311.27698,-219.46037,455.04126,857.2894,-389.846,364.6446,302.72827,-652.0965,464.4188,1660.9224,-833.86237,388.2604,894.655,-727.1736,425.55438,1729.1694,-896.69165,328.95117,944.6231,-756.19415,648.862,1580.322,-958.39905,605.2254,656.13745
high_67.jpg,plank_high_hip,936.35803,711.1865,-1164.2299,1015.9839,709.1047,-1136.5773,1017.5287,709.098,-1136.8562,1020.0454,714.44617,-1137.3715,999.3794,691.5832,-1249.5911,998.1096,670.09436,-1249.6738,996.4668,655.84375,-1249.4392,1015.43,645.0642,-827.4384,991.8401,559.18134,-1333.6875,878.96106,692.9575,-1026.2462,876.52527,658.04474,-1171.0345,861.88385,553.96796,-409.88702,720.28754,360.00674,-1254.1067,585.7229,586.4732,140.10265,454.8076,519.59875,-883.18164,478.1095,607.6816,274.5817,548.2434,631.354,-152.19382,446.26605,607.1562,270.42957,575.69653,681.38043,-146.69218,478.28314,617.6001,210.77127,649.56354,625.17004,-151.21887,482.22476,606.18384,248.39236,643.8872,609.56854,-140.30235,169.77307,415.96527,313.26694,73.398285,322.1458,-312.45093,-80.08026,540.8958,1043.9165,-264.41348,360.30685,421.9817,-435.58273,496.37897,1924.4084,-621.52527,380.98697,1153.69,-495.4927,441.5534,1999.2356,-667.1857,321.54843,1220.492,-560.86127,681.9761,1875.514,-772.0981,592.2763,955.67596
high_69.jpg,plank_high_hip,925.5405,730.4449,-952.6515,991.0241,713.49976,-923.0897,994.4531,710.3553,-923.5425,998.35236,706.38403,-924.1114,985.0788,700.8308,-1051.6951,984.00916,685.4387,-1052.0919,983.02356,671.47266,-1052.0868,990.2512,637.01263,-661.6375,967.62726,580.2189,-1231.4492,869.95825,701.6948,-833.9646,857.36487,674.2143,-997.6919,815.94214,502.82858,-267.64905,619.59735,384.64838,-1197.0188,522.943,548.68085,176.96089,340.0905,574.03973,-771.4646,383.81024,606.1031,182.8479,442.75604,667.58374,140.59183,354.24515,613.4527,154.45212,468.49026,720.037,158.16771,382.36957,630.3234,81.04491,544.4321,666.15,136.03593,381.82635,618.22577,146.302,536.8177,643.7266,150.44943,112.064255,416.86295,322.06866,48.60111,320.6842,-321.15442,-260.08228,516.57434,951.2458,-431.90036,412.05563,325.52197,-709.4714,497.69672,1812.3804,-894.22363,392.86517,947.2025,-786.05505,455.32953,1885.521,-967.8931,326.09744,999.3226,-821.41425,676.56726,1731.866,-1008.04175,599.4984,686.7455
high_70.jpg,plank_high_hip,926.5513,735.73773,-996.3817,994.5755,714.45654,-956.39716,997.94763,709.59705,-956.8074,1002.1862,703.7877,-957.4822,984.33966,703.2495,-1096.5823,984.38794,691.26807,-1097.0533,985.1864,672.2983,-1097.0137,1008.0842,626.96625,-648.03284,984.4201,590.5894,-1269.1194,882.119,705.7989,-858.9143,871.92456,682.43115,-1037.3057,871.92993,497.644,-250.31192,661.4041,395.16522,-1217.0056,629.6998,575.07935,208.7841,330.03525,459.67874,-811.04407,547.3608,650.55255,155.82977,467.35733,603.85925,100.36714,540.86426,665.4846,123.57927,489.97345,661.3335,125.503845,567.5506,674.55,58.601803,572.9137,616.6881,116.44973,554.878,661.9613,121.06026,568.60175,591.32007,115.94122,160.2569,357.82782,343.3792,27.84422,291.1019,-342.82483,-202.54224,447.85004,971.9797,-382.8078,330.3877,332.84244,-667.9485,413.65646,1851.5513,-854.323,294.02167,973.68286,-744.3189,364.80682,1930.1674,-922.1265,223.07152,1032.8644,-782.3474,598.06287,1823.9868,-974.23303,499.22858,763.3218
high_71.jpg,plank_high_hip,900.02936,740.1586,-1304.5775,972.834,717.9115,-1285.216,977.17163,713.8654,-1285.8424,982.7201,708.82825,-1286.8406,961.3077,702.3008,-1403.8073,961.22986,682.03345,-1404.3442,961.5233,665.78314,-1404.6565,980.14557,632.6808,-1010.7554,954.7733,565.0286,-1530.6647,855.2339,707.821,-1171.4823,839.05634,681.7687,-1322.26,889.22363,533.2894,-619.68835,642.5925,365.44232,-1345.9717,664.2738,673.90045,-96.32125,253.77606,565.851,-1044.6234,585.9513,706.19226,-100.52011,470.06824,803.41693,-460.98602,577.0591,709.0895,-136.40573,503.56717,890.83777,-496.58118,601.364,713.8286,-214.4343,596.383,829.03046,-494.70078,587.90643,708.12177,-132.15512,592.6454,792.89105,-450.39722,164.90268,453.22745,285.15054,21.179094,342.79034,-284.82346,-264.6594,541.02356,955.438,-425.815,424.3836,408.84344,-732.7794,592.3036,1899.3542,-920.0824,430.96478,1084.1942,-816.3862,563.01373,1986.0508,-996.62726,371.92953,1143.1285,-829.55597,800.11523,1828.138,-1034.4753,638.9798,826.73883
high_72.jpg,plank_high_hip,867.0389,718.96893,-1530.8926,935.7581,706.61334,-1505.829,937.4241,707.39575,-1506.6454,939.4071,706.26917,-1507.9478,937.4726,678.13727,-1625.7855,940.28455,663.7388,-1626.8267,942.7875,637.7596,-1627.9407,956.4701,646.71936,-1114.0953,943.0719,562.89514,-1644.7026,810.7244,706.93884,-1348.2579,813.0027,665.29944,-1502.7251,843.50354,697.9508,-574.4891,666.4796,335.2913,-1410.8257,531.42847,803.0252,-99.39042,264.1084,332.38962,-1349.5352,480.8332,661.36224,43.416756,389.7901,443.4494,-1210.9756,446.03455,619.6447,51.12129,404.5022,474.16843,-1226.4119,498.78387,609.49396,40.042225,477.9688,430.974,-1247.1199,501.78818,616.7446,43.352364,479.22226,422.53268,-1207.2228,58.923416,638.0444,283.1142,-8.21785,372.2435,-283.71536,-559.4538,641.0633,508.73145,-617.35156,400.1261,0.23552024,-1081.9219,692.4404,1077.8218,-1161.2258,399.08533,329.4122,-1159.5232,674.93915,1111.2671,-1220.8481,347.12973,352.36414,-1250.8251,835.1942,798.4811,-1366.966,557.24786,-72.41974
high_73.jpg,plank_high_hip,878.5273,744.1292,-1404.1252,942.802,723.82684,-1392.6318,952.0218,719.9609,-1392.9456,957.49,713.38074,-1393.6232,935.98706,712.8458,-1527.5847,935.33624,700.3695,-1528.1001,934.62024,680.7452,-1528.2944,956.87286,631.4289,-1124.9258,928.3869,592.8951,-1728.832,828.1708,708.0873,-1271.9323,811.59753,687.16943,-1446.338,869.6415,495.66022,-674.9823,648.5818,373.04953,-1574.2068,656.9042,528.9257,-50.540337,303.23102,507.9104,-1121.7255,526.9223,566.21655,14.027433,422.32263,678.26636,-285.49298,502.01035,560.4328,-6.5389276,433.92853,741.40594,-279.3926,524.33704,569.15326,-70.6152,517.4678,687.345,-285.5162,518.71643,566.6946,-13.335125,519.86804,660.6302,-269.1583,151.407,436.36014,357.30823,14.089546,365.21738,-357.12766,-146.88855,566.564,1234.1261,-339.41254,454.15576,529.6096,-514.72534,602.3398,2326.3022,-697.15393,520.4107,1410.939,-581.3794,566.769,2427.6401,-736.1481,459.5352,1501.8601,-608.7125,794.6806,2336.2104,-830.09125,751.07275,1277.3054
high_74.jpg,plank_high_hip,878.4863,710.08234,-1213.2823,941.4403,709.139,-1186.255,944.0979,710.8114,-1186.969,946.87976,711.1991,-1187.927,939.062,676.18823,-1292.5164,940.1013,656.3169,-1292.882,941.4282,624.88354,-1293.146,943.31696,637.5687,-868.3173,941.94775,536.0136,-1333.7246,823.29285,692.6011,-1065.3506,817.2936,646.63336,-1200.2363,848.65796,553.5786,-424.7685,693.4613,352.79715,-1221.0667,607.426,672.0364,-6.19513,322.508,564.3455,-1101.877,526.70355,694.21094,-32.710922,494.69434,813.29175,-725.45483,497.73944,690.98883,-44.824806,524.0401,902.8683,-782.2067,532.5092,703.8863,-108.14521,599.1352,850.8839,-746.7762,530.34375,698.0578,-58.90106,592.3685,817.6604,-705.0223,135.44028,441.98297,289.2663,31.200743,315.6525,-289.06036,-242.05078,577.138,910.4855,-395.5147,410.43182,324.0249,-678.3371,627.8287,1731.2654,-904.0215,429.31442,903.8585,-754.8705,597.3659,1801.6802,-980.2009,370.1627,950.4988,-796.99646,822.3888,1648.9685,-1052.174,630.9473,645.0866
high_75.jpg,plank_high_hip,874.51294,685.5153,-1250.362,934.4577,689.72723,-1210.8142,936.96594,689.66656,-1211.5586,940.1749,689.2953,-1212.5474,932.72876,662.2533,-1318.6366,934.0228,648.0031,-1319.2888,936.11566,632.8453,-1319.9634,942.46216,627.20215,-855.2489,935.36774,538.79144,-1333.0756,822.7237,660.94507,-1091.6631,820.81433,627.6434,-1230.4052,819.01135,563.9247,-405.6036,672.2193,332.50208,-1202.4547,548.31757,611.45355,143.82448,304.3874,352.33975,-1182.105,463.26788,595.8259,216.43094,483.5473,670.14594,-995.6284,425.52515,588.05255,214.79047,518.63184,765.62683,-1049.337,472.86713,597.0053,150.45895,593.34973,719.05035,-1023.3235,472.35718,593.63727,192.71207,583.3139,685.9592,-975.86554,92.61888,469.12033,282.05347,18.455868,308.9917,-282.68097,-436.13947,477.92114,893.37683,-501.06766,351.76672,299.0697,-924.6128,549.8493,1682.5508,-1035.5873,350.26526,839.88416,-1007.01465,527.0626,1747.1052,-1119.7643,286.43015,887.64044,-1043.1118,735.5811,1524.8439,-1154.0797,538.67615,522.7466
high_76.jpg,plank_high_hip,859.6107,699.265,-760.29,918.8361,692.564,-735.692,920.8774,691.86914,-736.1742,923.4518,691.05756,-736.8731,914.53503,672.53015,-855.3454,916.11993,653.49725,-855.37036,917.51715,636.55206,-855.34674,929.3745,624.0861,-469.01434,918.1289,547.0351,-991.5305,817.1161,671.3043,-637.3087,812.22626,645.9952,-787.29517,797.8213,507.0485,-127.49947,638.6591,361.70386,-943.18304,525.2077,521.1024,273.2976,298.69043,511.275,-690.6884,397.7441,584.85547,311.09454,441.35938,723.29297,39.044266,369.35632,604.4022,282.16946,468.0022,810.3405,44.536224,389.91788,622.13495,210.67834,538.79724,758.83344,29.108217,387.43716,603.21814,276.2722,528.67017,727.3655,47.849957,78.21266,366.72324,266.4154,-4.841748,287.48593,-265.25775,-379.94922,382.47504,767.7709,-497.12286,312.7448,221.71759,-850.025,359.5191,1458.133,-985.43,259.63214,671.0247,-923.70996,320.30252,1510.7595,-1059.2385,192.78448,708.8947,-957.9786,503.40695,1295.0159,-1092.7363,427.26562,370.6479
high_77.jpg,plank_high_hip,856.5191,712.7676,-873.2193,918.33826,703.7316,-845.795,921.4489,700.0095,-846.1966,925.5657,695.4208,-846.8114,920.6106,689.6336,-960.2026,925.0406,674.2821,-960.3762,927.05396,659.84766,-960.1643,938.94586,625.5647,-595.2931,937.0387,577.49457,-1103.4493,811.2312,673.3248,-759.3922,811.2094,652.72205,-905.17975,813.5114,467.90515,-273.62372,653.4943,356.26996,-1050.7615,586.4204,500.82162,142.68939,341.32126,517.01263,-795.8733,467.3758,570.14594,131.08118,486.3822,673.4081,-150.02031,451.4656,580.3342,107.48193,515.0642,735.15924,-161.96535,466.93573,591.68835,57.283497,590.935,685.784,-160.65666,461.63272,580.123,104.55553,583.1934,661.09827,-139.42517,163.48141,318.23685,294.6307,103.94446,238.31897,-293.94174,-80.96152,420.28674,912.7475,-237.46605,281.90378,395.12515,-417.9684,334.4023,1755.9866,-542.1157,250.06653,1095.5624,-469.7036,278.38333,1829.1128,-581.1782,190.60356,1160.4377,-522.9105,478.12112,1718.786,-650.3181,420.19507,953.7316
high_78.jpg,plank_high_hip,861.99066,701.1975,-1103.7643,916.1756,693.0457,-1079.5499,919.2329,692.81903,-1079.8994,922.76526,692.6299,-1080.5382,916.301,671.8934,-1199.6754,919.5254,657.91125,-1200.071,922.1756,640.54224,-1200.049,925.08966,635.15234,-814.6497,930.02344,541.2305,-1342.0535,816.6467,677.5598,-979.8136,806.671,644.1323,-1131.1074,831.23236,528.2666,-434.91788,643.9289,335.3822,-1225.3276,631.5113,627.6231,-46.796997,310.66376,514.8952,-850.22925,516.02057,654.38837,-90.59036,472.2098,728.60925,-61.509285,493.53046,660.2298,-118.22549,495.80554,815.6542,-47.165318,512.0279,674.91486,-172.30989,577.519,766.6376,-36.9395,507.0578,662.2484,-117.659805,575.11914,735.5713,-39.05969,181.05368,387.9109,270.40524,104.21205,250.616,-269.6487,-134.6282,448.85983,887.4802,-277.6258,305.5583,369.56662,-513.07574,392.9953,1753.4398,-660.5749,256.5554,1042.8528,-573.46466,347.12943,1828.7717,-712.62823,199.42493,1099.8503,-627.6521,551.5796,1671.4316,-791.02386,419.03833,813.47345
high_79.jpg,plank_high_hip,839.8296,708.12604,-799.14667,901.0741,693.329,-783.1216,904.4086,689.54834,-783.52264,908.227,685.7133,-784.0818,894.90125,682.1624,-888.93365,896.9684,671.71484,-888.94904,899.6766,656.3894,-888.7476,917.1312,621.83954,-581.0069,906.04504,574.22455,-1048.7748,804.16846,675.2947,-702.34564,797.42236,654.5077,-836.81976,792.85187,457.28616,-280.00275,633.8937,365.33542,-1017.839,552.48175,473.52582,93.03481,319.35043,584.8379,-804.5977,425.25754,554.8633,82.20535,464.17145,758.3899,-207.57428,405.57007,564.8636,51.829243,493.66388,827.4248,-232.59793,418.2674,583.8515,-4.921718,561.37463,777.11945,-234.8826,413.86093,570.8391,52.516426,551.99756,751.91956,-200.38943,155.59764,347.87018,279.06274,91.86301,294.24814,-278.21356,-118.15339,465.99402,829.02014,-275.37213,346.86597,330.4472,-466.31628,429.90833,1605.4397,-629.91284,322.2651,954.3072,-523.2238,382.33908,1672.1141,-678.2428,265.57565,1009.534,-567.6304,588.64655,1541.4119,-748.74255,490.77048,781.8506
high_80.jpg,plank_high_hip,837.5303,701.9592,-778.21564,897.31555,688.318,-758.1327,904.2838,687.20544,-758.6889,907.64764,684.74023,-759.3739,894.84045,673.8971,-858.02783,896.9784,655.9341,-858.0444,898.6991,641.68146,-857.9129,903.68933,618.86554,-546.8058,902.661,546.01526,-989.3946,794.9429,669.0127,-678.9124,791.9122,643.00037,-806.159,764.3043,492.10318,-258.84122,658.06714,358.17682,-963.59717,536.01086,520.5911,77.8021,348.2791,576.3462,-812.9526,449.5849,566.99756,53.995903,477.88025,726.2504,-353.91455,432.1958,567.9492,24.491842,503.16833,790.5359,-398.01282,456.2758,584.4904,-18.99309,572.3721,743.20966,-387.81766,454.91754,574.37646,30.953543,563.43176,719.82654,-345.794,152.86714,364.61765,254.05983,65.148705,308.34738,-253.24188,-71.01988,506.5541,886.57214,-216.25725,355.38184,392.82214,-358.01636,466.13583,1695.6445,-478.62228,356.03516,1108.247,-400.42358,418.62073,1766.407,-510.2214,310.54398,1175.0562,-465.7699,603.7367,1656.264,-592.4348,502.26538,984.14435
high_81.jpg,plank_high_hip,832.61646,684.59717,-827.17053,896.1592,681.22675,-801.571,900.16956,679.998,-802.2003,904.51953,678.78406,-802.9586,890.9514,660.3221,-896.12585,885.4377,647.4244,-896.1797,884.95044,633.98303,-896.1115,905.18823,617.1534,-580.2938,885.53784,537.59015,-994.2081,792.53564,659.2615,-725.98425,782.96204,633.13477,-845.38904,781.3425,512.833,-316.76852,596.4155,377.73004,-972.4732,587.177,605.4231,-33.164772,325.76532,610.7949,-858.77966,493.89282,673.9011,-199.90709,509.0306,798.71344,-461.84277,486.63666,690.10394,-234.5662,558.96716,860.41095,-528.9615,503.20227,692.4264,-285.11896,630.1598,809.9307,-497.42603,494.82864,676.9163,-229.36975,612.951,791.7632,-450.93918,211.80667,382.86792,243.7027,120.85069,278.3133,-242.63838,144.70909,609.63983,784.8262,-76.90744,371.5048,341.0577,-52.215557,565.6151,1519.5889,-191.91364,391.80566,1009.28015,-77.82852,519.3346,1589.5908,-200.64467,360.64114,1071.3232,-146.0978,702.48773,1558.0751,-272.74295,541.0638,948.61426
high_82.jpg,plank_high_hip,848.1568,696.37836,-683.4002,903.9582,678.63007,-664.0451,908.63696,676.4354,-664.7602,913.3118,674.0689,-665.51917,894.55756,668.0452,-752.4479,893.1383,651.3148,-752.4289,891.3744,640.9347,-752.39996,907.1504,607.94476,-489.21597,878.54016,549.85956,-874.85376,806.38745,664.7852,-601.66406,794.4312,640.31824,-712.9926,806.8262,448.71283,-269.42178,591.9776,393.90488,-871.71844,612.2145,595.5335,-32.025047,377.45856,639.4269,-812.67957,567.8115,705.8782,-207.78993,553.7909,809.7458,-528.5947,574.14307,726.7995,-249.48701,602.9541,868.878,-615.605,584.3157,741.37305,-310.02716,672.6925,816.2798,-592.67053,572.6454,725.6582,-242.28539,656.7435,798.22504,-526.39233,227.9902,339.09222,216.11177,144.6757,263.9191,-215.11864,134.89273,545.40405,743.6371,-26.274939,384.587,366.176,-51.85116,520.8111,1458.1267,-152.37793,410.16882,1025.2651,-74.10786,485.73135,1525.8464,-166.6319,384.50912,1084.7932,-140.3282,646.3567,1475.8748,-224.57353,532.266,966.2286
high_83.jpg,plank_high_hip,840.3814,675.7962,-588.34863,900.4109,671.35016,-569.1655,903.59503,670.3241,-569.75323,906.9465,668.9725,-570.38116,894.4325,657.3145,-657.8293,894.85834,640.50757,-657.7667,894.4962,627.96936,-657.5929,900.6165,606.3547,-406.80814,888.4893,533.4008,-797.9642,797.9113,654.29285,-512.5216,789.19836,626.62317,-624.6278,780.2603,417.60114,-183.99155,588.998,394.86838,-818.851,588.83057,526.4249,69.99534,329.81418,634.95337,-741.22565,562.7334,643.71124,-73.31864,504.9333,812.84827,-447.36444,572.2228,666.869,-119.17967,543.133,874.155,-533.91113,590.8772,680.5399,-176.49112,615.25543,831.05426,-511.75043,579.3242,664.097,-107.61282,603.4277,811.0822,-444.61023,184.76883,330.61148,209.84534,121.25431,268.19296,-208.53833,59.369347,465.19156,774.594,-3.134613,296.38263,375.09222,-104.968636,454.10516,1464.708,-165.72327,316.71466,1048.0823,-130.07193,418.26926,1527.7614,-177.88353,287.36032,1110.2046,-171.03436,577.0838,1481.7039,-235.04498,430.3255,1014.41705
high_84.jpg,plank_high_hip,840.2888,673.2657,-686.8307,901.12915,669.79846,-665.5327,904.6814,670.2216,-666.136,908.3069,670.3412,-666.66956,893.64624,646.5409,-746.89966,892.56866,634.8222,-747.0165,891.09985,620.9601,-746.96387,896.19275,608.9581,-488.91956,879.3265,528.02136,-849.1361,793.1886,654.5406,-606.5546,782.70044,624.8397,-709.5924,769.46106,451.6829,-262.6154,569.5644,391.89343,-844.4325,547.5622,521.9248,-23.943205,303.41937,639.63696,-740.9903,492.94684,610.8196,-180.12392,479.7487,801.2695,-459.97382,492.72314,623.35516,-222.63803,518.4757,856.7278,-544.5203,512.1386,640.3946,-280.4985,591.266,811.9277,-525.52216,504.82953,627.1904,-212.52255,579.62915,795.107,-458.54205,211.3678,328.09003,198.94112,149.2016,256.17825,-197.9429,87.120735,433.42657,791.85925,27.26675,275.09995,403.1745,-60.88318,413.22852,1496.5513,-122.568756,257.5746,1095.0782,-85.6167,378.4166,1563.9039,-140.1012,226.88014,1157.3394,-125.99827,533.764,1535.6721,-178.0354,367.37225,1058.3098
high_85.jpg,plank_high_hip,842.8248,683.30927,-796.1829,897.75543,684.38385,-784.77014,900.88776,685.954,-785.2893,903.7417,691.1683,-785.713,890.9596,654.3699,-862.15186,889.54663,641.72046,-862.0692,888.2785,627.16064,-861.93414,899.36914,623.40454,-607.7977,876.0315,535.0253,-951.8808,800.24475,668.945,-711.95953,780.3815,627.4315,-809.8248,720.5327,514.5248,-371.19617,605.454,399.9709,-910.30396,513.23975,542.4879,-124.35616,389.003,644.7433,-807.6612,445.55664,600.9603,-218.09894,525.19037,797.37897,-559.01953,431.28174,599.1631,-255.95856,565.16187,856.1885,-637.2486,453.50024,621.18945,-302.0419,630.58746,810.4496,-620.7245,453.58304,610.6736,-243.34618,616.585,794.7391,-557.3403,184.48544,369.10812,189.40991,146.81111,263.60098,-188.55017,22.944689,423.38428,851.2082,14.7662735,294.57333,453.35446,-132.22792,403.1819,1599.8793,-179.54276,264.4784,1187.5935,-156.19885,369.97705,1667.6233,-197.51215,226.00192,1254.943,-225.14604,508.17154,1584.3235,-270.81595,359.74982,1127.0442
high_86.jpg,plank_high_hip,858.7426,716.6903,-649.96716,902.6321,703.2078,-632.4269,906.3095,701.9039,-632.89417,910.7211,700.11945,-633.2534,896.5112,688.9562,-705.3893,891.8187,679.0132,-705.432,890.13434,668.6484,-705.2119,901.73047,638.1237,-476.19543,877.91284,576.6778,-794.0457,806.9463,681.9667,-576.9715,797.92474,660.33136,-667.5542,744.90405,498.90863,-269.5415,581.37463,423.5962,-762.1686,521.7802,496.20428,20.709593,301.14163,545.0622,-617.6975,429.86444,581.48,3.8805742,463.96152,715.6691,-330.29178,417.47742,587.2125,-11.511267,494.44788,771.8408,-386.5882,430.02222,606.11285,-58.810463,565.3942,734.4261,-382.50333,428.0156,594.6112,-18.232233,556.2835,717.68585,-330.94202,231.3146,328.47495,188.20016,167.16217,268.92044,-187.27628,90.677475,317.26978,738.3768,51.880436,291.11066,393.8168,-56.77845,323.27835,1380.4047,-102.112564,267.7911,1032.0824,-83.21556,285.64322,1441.6799,-128.40974,231.10793,1090.6252,-115.92697,434.05673,1412.4524,-61.370716,319.10712,1016.6607
high_87.jpg,plank_high_hip,861.6635,715.76196,-589.1179,909.6734,704.85266,-568.7014,912.70715,703.083,-569.1422,916.06104,700.2667,-569.49963,905.4193,691.20435,-644.7378,904.8777,679.3477,-644.7315,903.7393,667.18964,-644.5292,905.3537,629.43274,-417.3389,889.7049,581.8667,-754.7455,810.88965,687.9677,-518.31854,803.7534,664.7475,-614.5031,724.7968,480.91608,-227.28363,601.7565,465.02463,-752.5772,487.45377,440.42215,24.738218,329.73935,642.9406,-625.13354,380.0566,472.7735,56.58476,462.83264,840.6111,-289.0758,363.4912,459.2921,50.25276,488.64166,913.357,-340.1673,374.27914,482.36786,7.2170157,556.3452,879.57117,-319.92285,375.7569,479.47824,38.374783,546.06824,853.65015,-280.97662,237.565,324.58237,156.83636,198.64774,278.92944,-156.17252,79.98025,290.164,721.82385,58.444176,286.6372,393.78375,-76.46656,292.08612,1331.2822,-88.79959,254.30598,1031.1556,-100.28093,266.14053,1390.1497,-113.678345,218.67516,1093.8351,-130.0903,375.54282,1354.541,-123.66632,337.28485,1036.7994
high_88.jpg,plank_high_hip,837.45483,735.8416,-633.76697,896.4342,724.32056,-605.30475,899.803,722.91345,-605.7267,902.9585,722.7984,-606.20917,894.3112,709.312,-681.6382,895.92316,696.9997,-681.6957,894.2207,684.5473,-681.4829,898.5786,655.2867,-423.82538,887.86835,601.16724,-759.1587,793.3124,708.176,-552.98895,792.8314,683.87445,-648.9757,734.53766,501.48618,-196.06436,599.7767,455.18207,-766.09955,489.05414,451.6751,46.465397,335.66888,574.8324,-599.11487,361.21674,483.56717,100.56116,332.14188,745.2115,-263.10217,336.82706,471.44638,90.95921,327.83572,800.13617,-318.30365,348.32062,491.25745,58.130527,396.3283,778.8524,-304.75308,352.74826,487.06912,84.072044,402.77197,755.2874,-259.52905,257.69894,313.5098,188.32442,179.87424,286.56613,-187.81824,87.0663,304.27557,748.2972,44.535683,295.66226,387.26657,-7.7223015,274.35995,1384.6409,-137.4698,256.69208,1021.0758,-133.21301,257.58142,1444.4219,-166.89548,218.53828,1080.6625,-46.49903,343.18436,1406.1696,-176.91989,371.74237,991.0684
high_89.jpg,plank_high_hip,846.1544,740.15405,-537.968,908.4134,723.86786,-517.82587,910.42126,722.7059,-518.3117,912.3817,720.4371,-518.76776,900.5764,708.2361,-590.8674,901.3395,693.7312,-590.7397,900.2219,683.46875,-590.664,892.33734,660.1797,-365.65628,882.40344,596.39954,-686.62646,797.1947,708.88965,-467.50827,794.3699,693.9564,-559.4758,720.44836,536.31793,-182.1566,649.3667,447.23248,-650.69086,448.05988,486.01877,25.296766,385.25732,476.75732,-524.81464,349.25748,492.2927,87.18868,519.6052,562.42487,-192.03677,328.8544,480.58987,98.483894,547.98413,604.20776,-204.9548,344.93298,495.87805,88.29629,608.60297,565.91516,-193.13554,352.12445,489.8939,83.10545,596.44165,552.5845,-185.4765,226.83997,350.05118,158.22568,206.08315,284.73196,-157.44513,73.569565,314.82312,664.30237,32.638893,288.81903,341.40088,-101.19477,309.21106,1251.9197,-128.85504,272.34976,933.0857,-127.62196,280.6593,1304.6326,-152.93141,243.11467,988.7164,-168.40915,403.20673,1237.9774,-193.32455,363.40234,895.91095
high_9.jpg,plank_high_hip,951.1765,731.8688,-1041.8037,1016.9446,701.638,-1014.34937,1030.7893,700.7746,-1014.7821,1034.852,697.2539,-1015.5117,1007.0807,688.82056,-1129.0336,1004.08435,670.2703,-1129.2113,1001.1666,657.1187,-1128.9088,1007.8197,629.45386,-734.3533,981.44745,564.7611,-1243.7021,888.4321,706.9807,-916.7246,884.3341,681.19,-1062.4875,836.9201,528.26105,-369.5081,686.06573,354.90616,-1156.0033,520.88617,533.9265,178.44858,341.57486,431.29926,-735.1746,453.22894,581.8209,354.20364,514.2439,553.1988,72.21291,447.2918,587.168,353.86157,547.06696,603.50653,95.591125,480.18018,596.4822,303.04056,632.603,552.2642,75.01469,473.7397,583.0955,334.28015,622.58966,535.0342,77.41264,145.77023,325.97504,322.61185,102.45281,230.42557,-321.79898,-118.06606,420.12872,1014.0698,-281.215,249.6792,444.07275,-480.75696,315.23303,1927.9896,-645.0775,218.28564,1197.3037,-532.3945,251.77539,2009.4211,-684.46936,153.20471,1269.2683,-619.71326,480.0022,1904.0624,-796.28564,408.46365,1042.7599
high_90.jpg,plank_high_hip,847.2554,734.6853,-579.71106,907.24133,727.2541,-555.73566,909.25964,725.9493,-556.1451,910.94836,723.48944,-556.5593,905.21497,709.7052,-633.4828,904.0044,702.179,-633.3759,905.891,684.67456,-633.27997,894.0027,668.9639,-377.75916,894.7804,599.53467,-722.4938,801.7093,710.0657,-500.8096,799.69006,686.5512,-599.2285,688.80225,578.80493,-168.20235,696.12213,375.9649,-672.7729,399.86804,582.91425,44.123646,446.04752,417.14612,-535.62616,356.90497,582.2393,49.686375,611.25806,493.83673,-169.29147,349.16507,573.0017,68.282845,649.0679,536.1474,-160.29434,374.57678,584.98303,71.314476,706.9591,499.9547,-142.5014,379.51843,576.7025,50.1993,689.3273,488.9495,-157.54395,238.67877,346.78024,169.28596,227.36931,269.6734,-168.28397,64.057625,320.07858,697.6316,54.167664,293.77914,345.29922,-77.0298,308.739,1262.2632,-16.08839,278.69574,941.82153,-94.03206,281.36844,1313.8196,-117.74212,243.42918,997.6208,-156.43292,392.4446,1247.2924,-160.80597,358.1859,898.305
high_91.jpg,plank_high_hip,845.17303,721.07184,-550.3965,897.3179,714.44916,-533.33203,899.60315,712.941,-533.7503,900.85516,710.4596,-534.1351,892.20764,698.9103,-606.38727,890.3665,690.87445,-606.29816,889.85815,673.7987,-606.1829,885.84827,659.7349,-383.57144,870.6869,603.09174,-707.65393,793.6598,695.7916,-481.68652,788.67645,673.8957,-574.3311,679.7589,551.5828,-216.09808,683.2813,396.05795,-681.28906,408.16956,562.44275,-32.77159,458.7576,518.4539,-690.0589,355.72095,605.57324,-58.00943,692.11365,626.3116,-535.5901,347.75894,601.2387,-56.233276,755.37286,674.6506,-580.2944,370.14014,618.6458,-78.41767,808.4855,628.8321,-557.9928,373.3758,609.7562,-68.7596,780.8534,618.1246,-531.4343,234.49486,348.63263,153.02519,210.85039,283.34976,-152.16882,76.53686,330.9929,673.9022,52.389126,304.09958,338.3206,-89.1828,344.98944,1209.1287,-106.00618,297.79892,890.7061,-108.45827,320.8559,1259.5225,-130.4935,270.03098,941.4411,-167.43608,430.94012,1211.5122,-162.76335,378.43176,859.895
high_92.jpg,plank_high_hip,823.4211,740.95984,-515.8589,873.61487,734.435,-495.923,876.02856,731.58716,-496.3469,877.60657,727.46906,-496.76608,870.9936,722.01,-577.02313,870.48895,715.59784,-576.89795,869.6416,707.33673,-576.7637,873.3978,665.6579,-331.91254,871.6009,627.8499,-692.25336,781.1822,712.2602,-439.4141,778.65283,694.2438,-542.518,673.69415,555.96124,-136.0946,666.53656,408.27762,-663.33167,386.9074,566.37494,52.2876,411.16522,492.33487,-612.44836,341.07224,574.67236,-5.4818716,616.2325,584.20135,-385.2362,334.9638,562.7622,-1.325112,667.70703,627.88464,-412.7165,359.4626,576.4937,-12.87086,728.32526,583.50586,-400.95624,361.97922,571.2682,-12.453786,705.91516,570.89056,-381.2247,216.82222,348.50073,183.43542,190.05878,296.21103,-182.53006,53.183907,327.36008,687.6431,27.42838,306.98578,320.05002,-29.497757,309.06982,1207.1309,-132.34198,296.95084,859.7987,-132.53401,296.08215,1255.4755,-158.20494,267.54193,910.1986,-174.89488,416.1451,1214.0427,-184.34608,397.06445,829.4415
high_93.jpg,plank_high_hip,818.5283,742.7601,-507.18927,866.2952,731.7604,-486.42517,868.1614,730.1174,-486.86185,869.53094,727.35034,-487.27658,862.8699,721.7197,-563.11005,864.0961,709.8782,-563.0112,863.8252,701.2068,-562.92365,856.3514,672.9186,-330.88013,857.73157,626.4294,-670.62585,776.83215,706.1989,-435.9314,773.60767,687.43616,-533.4937,647.459,568.86975,-162.3204,667.67896,413.47375,-658.6444,355.0627,565.14215,-10.116356,420.1979,509.83734,-655.87103,274.9015,558.72015,-33.60112,623.2012,616.6943,-466.34668,253.57086,541.6928,-28.080997,674.3552,668.76996,-500.20233,277.64493,555.9194,-40.059006,730.0537,625.3557,-472.65414,287.595,552.1323,-39.32971,706.4569,610.66254,-457.10263,202.05609,359.70605,170.79419,193.94849,296.1649,-169.9869,41.89156,342.09177,676.76355,13.631077,314.37668,336.89847,-27.748547,326.8998,1264.0593,-62.273293,302.52518,924.2732,-145.69284,307.28012,1318.8097,-166.7297,263.84134,978.2718,-207.39957,416.33347,1260.3674,-202.49657,387.5408,882.42676
high_95.jpg,plank_high_hip,830.24695,743.6134,-676.76825,879.7006,735.32025,-657.0222,881.4023,734.98254,-657.2899,882.443,733.49817,-657.5947,875.5751,716.61066,-737.91205,874.0496,707.17944,-737.82196,871.8673,697.25446,-737.8866,863.1138,680.6925,-465.57724,858.0973,634.2619,-830.13916,789.5159,721.8449,-592.8978,783.7198,696.5003,-696.90375,643.07745,608.76984,-216.5999,663.84106,405.81433,-796.53125,364.82397,533.178,80.54695,376.22836,326.677,-534.28125,271.659,473.81992,246.14633,379.768,393.16327,-51.596718,243.6915,450.48004,259.6024,372.91623,415.72656,-34.680984,261.71915,466.64566,265.88687,424.4195,392.60934,-49.556805,276.59885,461.25778,246.8679,427.56412,384.63297,-50.581696,156.03455,392.4231,187.09892,181.60408,302.93216,-186.06148,53.375584,347.51733,852.5084,26.41541,304.95038,431.54636,-169.74658,331.9028,1543.5515,-200.38849,250.67003,1144.8583,-189.96553,298.7946,1604.1163,-217.40327,212.55554,1214.1853,-272.0008,414.22272,1512.3667,-304.24835,339.77612,1059.921
high_96.jpg,plank_high_hip,841.2538,723.8756,-979.5832,890.7736,727.74347,-964.01434,890.7702,729.5871,-964.1986,887.82166,741.3866,-964.4717,889.6056,700.13965,-1040.2603,887.8201,691.1432,-1040.2261,894.3645,672.59875,-1040.4384,869.82227,701.2071,-740.004,875.3848,624.466,-1088.2231,799.10895,698.5401,-879.77185,797.6031,669.28674,-979.5775,638.3385,657.74097,-422.68652,678.2132,400.31708,-998.95703,340.23257,605.559,-72.55532,372.89563,314.20682,-657.88153,228.4215,575.5121,102.94427,346.62378,391.04608,-160.16312,192.10565,566.6249,125.058586,332.08682,409.7351,-148.88103,210.31923,585.5559,116.80272,379.57797,395.107,-156.81546,229.89952,571.36835,97.18777,387.34064,391.82916,-158.96437,147.04993,436.47818,198.36229,176.43938,289.46536,-197.5733,72.59939,408.19577,1065.5903,47.368702,295.73178,622.52924,-88.381836,410.23502,1918.0919,-105.94269,286.8306,1504.9775,-99.6396,372.03647,1996.4746,-107.73609,252.80353,1590.5272,-199.82037,511.19415,1913.0414,-228.08679,401.05704,1439.8977
high_97.jpg,plank_high_hip,812.82544,738.6038,-660.3839,861.1217,729.2845,-639.04834,862.7959,726.7744,-639.3662,863.4246,723.41315,-639.7416,857.027,714.836,-711.89795,855.4519,708.17816,-711.8557,854.4744,694.05554,-711.73517,850.8371,676.98804,-455.7088,843.3276,639.6075,-781.82367,772.85876,708.0142,-579.50586,769.7269,690.0984,-672.802,650.364,588.38055,-229.56296,654.0248,412.49097,-741.4214,371.67273,532.0449,62.877556,392.19342,367.01727,-493.04974,244.96716,520.99475,190.82639,394.65604,500.2295,-37.921017,212.93484,513.61005,205.73077,393.8241,533.3427,-37.00399,230.50717,521.05,195.86653,453.18317,512.51776,-31.889456,244.62979,511.6207,186.45471,454.50647,499.88107,-31.625164,160.14923,382.89575,191.26878,164.45724,302.374,-190.4097,74.11094,368.51367,797.54395,39.23686,296.53235,437.00983,-103.35614,338.48734,1468.5977,-119.76695,275.62112,1117.8032,-119.7197,301.75293,1529.6368,-138.25179,244.45049,1179.8022,-182.86232,426.3323,1460.3972,-188.32184,386.0674,1061.0363
high_98.jpg,plank_high_hip,813.352,745.10425,-719.0875,862.79663,737.13904,-691.74963,863.98914,736.4835,-691.95105,864.8136,734.7555,-692.18756,860.94653,716.3103,-777.1808,860.05133,707.7791,-777.1704,858.7649,699.3332,-777.2222,847.4704,687.1036,-473.68958,848.13965,638.0169,-859.8709,773.8932,715.6518,-625.4404,771.17255,690.69995,-735.78235,641.8116,624.4657,-214.45001,674.42773,405.79242,-826.58075,365.8368,502.89255,51.869488,348.34393,306.36758,-532.7606,233.98376,438.79974,184.25516,314.16965,323.7695,-4.7922277,192.85916,419.45154,198.61386,294.9685,338.0488,21.077688,209.8276,437.1816,196.42255,339.68195,326.39734,18.67988,230.57106,430.01038,179.37843,349.86172,322.29474,2.9669573,144.19199,410.54187,189.46936,156.1296,301.10617,-188.45016,32.86061,379.34174,863.0018,15.982592,303.0931,436.88544,-167.51678,339.9805,1540.899,-175.43185,263.77298,1144.7129,-180.94926,305.39105,1599.5542,-188.78801,229.66876,1213.1809,-270.91425,408.20508,1510.7526,-277.58807,359.80673,1060.0177
high_99.jpg,plank_high_hip,808.662,720.6439,-703.3686,854.0528,720.91693,-679.2954,853.17145,727.94946,-679.5556,852.4039,728.09485,-679.8974,853.6449,703.1163,-744.86176,854.5973,686.8894,-744.81415,853.55115,676.9803,-744.8953,836.3587,689.7979,-476.7777,846.35406,613.9222,-772.1188,761.82306,695.346,-616.83844,763.8412,664.49945,-700.962,599.41534,626.87885,-251.63098,670.9829,395.02792,-731.9296,327.73688,554.7529,-2.035032,387.37952,306.24445,-478.3876,172.25014,491.48846,133.44836,324.2072,338.93936,-108.43317,114.472496,479.01422,139.89365,301.79797,354.54367,-98.21118,136.58904,487.9189,131.92503,347.8883,347.98187,-109.07086,165.82521,478.2807,127.28283,358.93103,343.86246,-109.29221,151.65611,414.93256,169.3327,167.08209,289.9983,-168.37868,49.081932,416.5704,776.00684,39.759804,302.8953,395.6438,-115.81994,332.43338,1443.4113,-27.841549,267.3984,1072.7036,-119.22027,295.9991,1504.0254,-129.90535,213.01698,1138.6547,-228.94135,379.29947,1441.1528,-229.2262,338.47513,1008.1849
correct_10.jpg,plank_correct,1025.5177,498.1914,29.143642,1044.3936,488.88852,45.077194,1045.1589,485.98972,45.056877,1046.0204,482.91226,45.044983,1044.7275,491.74692,-15.025574,1045.6835,490.8382,-15.086955,1046.685,490.04724,-15.193934,1044.3467,459.03162,145.5778,1044.993,471.7019,-124.91789,1009.84937,487.4737,75.08888,1009.96674,491.18427,-4.30884,922.88074,403.6053,355.40778,948.8663,468.3569,-257.8384,881.9199,544.41315,407.16556,902.12756,608.8753,-248.47461,982.56177,574.23047,354.4647,1009.5352,607.27893,-4.3407497,1033.976,584.8511,371.00705,1057.4956,616.68317,-17.376377,1035.8165,575.56665,378.4103,1054.9324,593.7956,-4.8205066,1020.1387,569.3904,352.72946,1038.8878,585.4282,6.9270163,660.057,404.9067,201.5115,664.1742,441.2003,-201.54053,456.35583,478.92358,198.57039,447.20154,488.15164,-167.02124,244.08264,511.35803,235.01822,231.62918,514.0901,-162.73338,206.71211,490.1038,231.2339,167.39438,492.82303,-170.39015,237.14108,577.7081,146.79956,225.27774,595.1726,-294.3687
correct_100.jpg,plank_correct,992.5593,487.7675,-41.849216,1010.57806,474.90463,-25.356903,1010.5956,472.7228,-25.42331,1010.65094,470.48325,-25.4455,1011.1847,474.25772,-79.28322,1011.55756,471.88458,-79.41309,1012.0149,469.53253,-79.52998,1001.7152,447.02206,81.89216,1002.05115,449.78345,-160.88977,973.7448,482.8821,7.074433,972.98895,481.18152,-64.40414,885.5963,416.22748,287.3667,902.4945,463.34076,-261.7428,860.89813,549.26337,306.511,869.51917,600.63104,-224.256,980.274,577.8466,226.81729,993.9177,600.7789,11.571536,1022.8606,589.3659,232.68257,1030.0511,610.4421,-3.0409815,1023.4392,577.099,240.25027,1027.3461,589.2712,4.3124757,1011.44257,570.9394,225.15454,1015.925,581.68335,20.161907,655.2808,399.3375,192.93535,651.1499,417.0466,-192.95074,482.70972,475.97873,423.25482,442.7853,475.1333,-246.93915,321.0663,502.85367,641.7677,225.14966,525.86597,-371.8643,291.7485,492.4116,660.56757,180.07779,520.91077,-394.76544,325.07867,571.5934,637.2575,242.26382,613.98096,-528.68396
correct_101.jpg,plank_correct,989.0997,487.98608,-28.147623,1006.8436,475.13818,-12.658525,1007.12646,473.17554,-12.734898,1007.4012,471.07407,-12.78038,1007.24066,474.40536,-65.64677,1007.67944,472.136,-65.75588,1008.06696,469.8123,-65.87441,999.59644,447.86942,87.83029,998.869,449.4297,-150.75665,970.67444,482.6505,18.108017,969.7437,480.89545,-52.177635,886.77844,414.68384,283.3425,902.6678,462.10925,-249.04324,860.5056,544.21124,307.51385,871.18866,600.098,-224.56566,976.40454,570.9938,234.66727,995.16223,600.5211,-13.221317,1017.99286,581.7334,240.69388,1030.2266,609.50775,-29.117956,1023.5766,571.8967,248.74391,1028.131,588.03436,-19.351498,1011.5497,566.6219,233.387,1017.7239,580.95044,-4.3724422,661.2809,410.67938,185.68666,655.5681,425.6443,-185.6702,493.72726,488.7043,387.97363,445.33356,479.25217,-219.32095,339.2356,503.4939,592.1668,240.05627,519.97974,-317.9731,305.7994,488.4864,609.6133,196.76804,510.8403,-337.27005,320.2026,577.25934,586.27875,249.89944,596.0134,-464.58807
correct_102.jpg,plank_correct,992.9363,484.0542,15.94009,1008.81213,472.5392,30.030241,1008.8315,470.0993,29.968697,1009.00446,467.5603,29.898708,1009.55554,473.2426,-21.502192,1009.973,471.41922,-21.578697,1010.53467,469.60248,-21.680431,1000.6058,445.49045,115.87052,1001.5113,451.03503,-115.633385,973.2502,476.90564,56.37931,973.2261,476.9965,-11.773159,889.4549,409.83966,297.67328,907.77985,466.91666,-219.89653,863.2417,543.2033,315.5865,873.6029,597.5975,-190.50217,975.98315,570.77814,250.68932,989.43085,596.86383,25.733135,1018.656,579.7173,258.76318,1032.8298,605.18097,14.753214,1018.68713,569.1371,272.23593,1029.2393,585.0579,25.506111,1005.9175,563.71155,251.96964,1016.0796,577.0848,35.44225,663.0123,413.0999,175.58142,657.0257,441.50482,-175.60829,484.54742,489.75412,341.00845,452.92474,492.47037,-198.66434,318.57602,514.85974,509.04602,252.89517,525.14325,-276.72018,281.32877,485.2022,522.50134,184.40247,511.14603,-292.66507,323.37234,571.0292,497.0729,254.99222,592.337,-407.73877
correct_103.jpg,plank_correct,996.92316,483.66763,-21.71296,1012.9509,471.57513,-8.250481,1012.91473,469.4188,-8.315283,1013.0771,467.11584,-8.368925,1013.6665,470.99075,-56.56079,1013.91846,468.44437,-56.60401,1014.34534,465.8983,-56.691647,1003.4535,444.5677,80.39143,1004.06006,446.27472,-136.74315,978.35864,478.1772,19.346268,978.09766,476.72977,-44.51716,889.76794,412.8263,264.55048,908.58716,464.50998,-234.88376,860.6456,543.11694,278.44904,874.69495,597.0002,-214.86716,974.1835,573.02625,210.59323,990.84705,597.0304,-21.783714,1019.5043,578.1794,216.49117,1037.2058,603.53094,-36.710445,1020.49243,568.5632,226.72075,1032.3851,583.51953,-25.171024,1006.73676,564.56036,210.69746,1013.54126,575.6103,-12.713623,663.2573,424.09152,169.5463,658.4629,447.29526,-169.51903,494.6322,495.45636,335.0025,460.37308,501.3329,-209.94478,327.95062,510.08563,504.43237,251.10721,513.3649,-298.13663,295.1469,482.40393,518.0453,209.17194,500.1522,-315.03375,318.57208,576.7442,495.51697,261.22205,589.2951,-430.39972
correct_104.jpg,plank_correct,994.23047,486.56015,-23.274513,1010.92456,473.8244,-9.767655,1010.87286,471.64896,-9.8202715,1010.9966,469.27792,-9.868756,1011.7644,472.96124,-58.01126,1012.1886,470.28064,-58.03679,1012.7988,467.3786,-58.102535,1003.03564,445.14618,78.80879,1004.27136,446.49728,-138.23866,976.32477,479.79242,17.447475,976.3587,478.41364,-46.36185,885.40515,413.87756,265.5467,909.6273,460.55994,-241.15826,861.2906,547.70325,290.8015,877.2096,596.9078,-244.81352,969.1786,572.54724,218.6331,994.3103,597.48926,-82.15264,1017.6931,580.13086,226.13274,1037.5665,603.8376,-102.21039,1018.3135,570.9968,234.08035,1033.0208,586.526,-87.07924,1004.96063,567.08154,217.94467,1019.1916,580.3092,-72.67015,654.6469,435.93832,169.3791,652.38165,454.63538,-169.37946,487.27032,501.65875,351.90555,448.3406,505.6727,-195.49887,322.8563,504.42624,534.1158,242.7815,517.8813,-268.21164,291.99097,482.69763,549.4087,206.87549,500.78217,-282.8004,319.8795,578.5764,529.6937,254.07596,597.03705,-395.59647
correct_105.jpg,plank_correct,996.7762,486.27112,-25.683907,1012.7673,473.5926,-12.956341,1012.5896,471.2807,-13.010704,1012.5145,468.82825,-13.06212,1013.64044,473.227,-60.24443,1014.02985,470.69107,-60.257053,1014.5608,467.96976,-60.318638,1003.30286,445.23755,72.21702,1005.1891,446.9159,-140.52193,977.8533,479.42328,13.925928,978.4027,478.77658,-48.64987,888.2073,411.50082,255.05907,912.458,462.25272,-238.18864,864.4685,541.32666,289.56683,877.97046,597.28436,-247.46112,975.481,571.94037,235.24756,996.9577,599.057,-100.07839,1016.4572,575.9923,246.8934,1038.116,606.3467,-122.10056,1017.7905,570.7398,254.40271,1032.0282,587.31793,-104.052,1004.7649,566.7888,235.28961,1018.55316,580.55524,-90.101135,656.468,436.77374,163.31117,654.1609,457.0215,-163.34518,490.42618,504.3725,336.02887,456.7836,505.7615,-177.05705,327.29895,507.10892,513.07947,250.52472,516.87067,-234.00717,297.2252,483.90146,528.0498,206.40698,501.61453,-246.95586,312.20392,579.74414,506.98654,256.9455,597.20886,-355.6152
correct_106.jpg,plank_correct,993.50024,488.10156,-24.394056,1011.14026,476.37134,-11.050176,1011.05457,474.06302,-11.1072445,1011.091,471.6042,-11.158085,1012.07227,476.103,-59.54152,1012.5476,473.6348,-59.570114,1013.12695,470.98862,-59.64966,1002.82825,446.8067,76.43712,1004.2962,450.31595,-141.97986,974.8285,480.21765,16.02431,975.2249,479.6084,-48.208244,885.9746,411.1479,261.70703,913.04395,462.6474,-240.68886,859.1117,542.089,291.20242,875.1212,597.6468,-245.51636,967.5711,570.86444,227.1151,994.76855,596.18414,-81.6294,1014.94617,578.38403,236.96213,1035.1111,604.7883,-100.4653,1015.9171,569.93976,245.94772,1030.4052,584.35077,-84.05468,1002.1235,564.9058,227.3168,1017.04126,577.74817,-71.3774,656.17255,433.7006,166.34569,654.33887,456.44962,-166.33545,492.45987,500.00085,359.695,448.8165,502.6632,-190.28851,330.66132,514.4249,549.6081,241.54114,520.50824,-260.6892,302.60406,486.04865,565.60315,206.19092,508.66635,-274.7016,315.3722,576.2558,547.8053,251.423,593.6275,-386.03857
correct_107.jpg,plank_correct,992.5624,486.69263,-1.3250289,1009.36273,474.99777,11.125159,1009.4592,472.64758,11.071737,1009.6669,470.31433,11.020814,1010.2632,475.07166,-37.6168,1010.8285,472.74548,-37.644596,1011.5242,470.40204,-37.72564,1001.3866,447.3601,93.066864,1002.76013,450.0726,-126.3111,974.45996,479.99683,37.37077,974.44183,479.45084,-27.11747,887.0352,409.91397,272.72223,909.7232,464.31427,-223.88075,859.5356,538.48846,298.61285,873.6669,597.2273,-213.09094,963.02124,571.6557,237.74539,988.16943,599.032,-29.890196,1008.2423,578.7375,246.72314,1035.338,607.8029,-43.410286,1014.806,569.7886,256.66162,1030.1528,587.4222,-29.549654,999.86584,565.1596,238.22981,1015.196,579.92773,-19.81628,661.5848,426.26486,167.09235,656.5134,452.25018,-167.068,488.7799,492.9314,348.01703,455.54794,501.51596,-196.38167,323.3592,509.06146,524.15704,257.86118,514.3888,-282.54352,292.49252,480.23044,538.79236,214.82831,499.7615,-298.36877,315.32382,576.3212,519.508,264.62518,593.1489,-407.3766
correct_108.jpg,plank_correct,993.26733,482.2496,-43.0569,1009.96985,471.67642,-28.172073,1009.9753,469.88672,-28.238419,1010.1543,468.18277,-28.299744,1011.0856,470.60645,-76.565056,1011.6643,468.07645,-76.634094,1012.39075,465.74982,-76.74292,1001.73285,446.96936,70.65034,1002.7307,444.50897,-146.70512,974.56995,476.80176,2.0958636,974.44617,474.91333,-61.788555,886.58215,411.52777,268.2608,908.7661,465.15298,-245.10443,859.8461,539.7911,286.38092,873.15424,597.3894,-223.60461,970.58466,572.96484,219.335,987.5266,596.28375,-9.253072,1014.21783,580.21967,225.8209,1033.7949,605.97406,-20.64119,1014.85547,570.78564,237.99823,1028.5405,585.4651,-11.187952,1001.0132,566.7904,219.89114,1014.18097,578.12933,-0.21659882,662.3572,424.19705,178.90677,657.2495,451.1576,-178.9605,489.07562,497.4771,362.6383,456.843,506.0838,-218.31418,329.9632,516.68524,547.8103,247.84485,525.5393,-311.481,290.62097,490.2616,562.7959,182.47119,511.7869,-329.43848,323.62485,583.76794,539.5597,260.2054,601.2947,-450.5509
correct_109.jpg,plank_correct,990.7106,483.21545,-10.45326,1007.1333,472.72714,2.5490136,1007.2394,470.8531,2.4885914,1007.44604,469.04498,2.425759,1007.99805,471.85095,-46.136776,1008.5405,469.41318,-46.191986,1009.10815,467.1435,-46.30854,999.50635,446.89688,89.29994,999.9954,446.3666,-129.3434,971.70624,477.75928,30.417473,971.2782,476.3292,-33.9346,885.1761,410.5252,273.6056,907.47955,466.86743,-226.8502,861.9937,540.2445,291.93564,871.79297,598.6756,-211.10884,966.21045,571.88293,229.09682,986.88715,598.1217,-15.676216,1013.09875,580.0782,237.63979,1032.0704,607.5306,-28.024292,1013.36334,570.2556,249.77188,1027.3018,587.5062,-14.973242,1000.0949,566.4569,230.05438,1008.3893,579.1225,-5.7260695,662.4987,423.8073,171.24298,658.2097,452.98978,-171.2846,487.33484,495.727,334.979,454.9588,504.53934,-190.91824,318.24927,512.50824,502.13712,255.58487,524.67645,-264.3008,287.2091,487.7198,515.55316,191.82568,508.03748,-278.9854,309.5984,577.7452,490.68954,262.92203,594.7514,-389.3971
correct_11.jpg,plank_correct,1026.5256,495.19983,16.642418,1046.1289,486.32776,33.053482,1046.902,483.4804,33.020905,1047.833,480.4299,33.00275,1046.8286,488.59848,-27.902912,1048.017,487.44934,-27.954552,1049.2706,486.3902,-28.071259,1045.0442,455.83542,137.20529,1045.8099,468.77835,-136.93262,1010.625,485.67462,64.068054,1010.7944,488.41718,-16.395243,922.85126,405.74167,353.2872,949.31104,467.95663,-270.67233,882.2062,545.27,408.05334,902.1306,607.7852,-269.7743,983.80743,573.5195,348.9688,1011.6395,607.222,-38.897778,1033.9116,583.63995,363.9084,1056.468,615.0563,-56.88724,1036.3257,573.41064,369.53003,1054.2183,592.48773,-42.845535,1020.70306,567.3715,346.17572,1038.8789,584.9411,-27.7306,660.2292,408.70966,204.83115,663.67584,443.33856,-204.87317,456.16766,484.46393,202.94708,444.7126,486.22116,-169.20673,249.93362,516.43225,255.82985,209.8465,509.6946,-155.68715,205.8728,496.947,253.82297,163.52242,492.8584,-162.83038,234.0422,584.1243,167.77988,221.79126,593.1337,-293.42474
correct_110.jpg,plank_correct,991.60284,484.24365,-16.886585,1008.24646,473.37598,-3.8681011,1008.3635,471.33893,-3.9309773,1008.55743,469.34378,-3.9947524,1009.0618,472.86087,-52.665195,1009.5824,470.51123,-52.71299,1010.099,468.30347,-52.828186,1000.19196,446.7451,82.85725,1000.68414,447.94272,-136.38591,972.3636,478.45407,23.8302,972.0123,477.30585,-40.70581,885.82086,410.12637,265.67157,907.45123,466.463,-233.2476,862.0736,539.9053,284.28964,871.52844,598.4781,-223.25499,966.9197,571.7797,218.6602,986.9557,598.4115,-37.17229,1013.2715,580.0455,226.48056,1031.8833,607.45685,-52.568954,1013.53424,570.5347,238.02866,1027.2773,587.8223,-38.71901,1000.34924,566.77386,219.29922,1008.4624,579.6426,-27.44733,663.4492,423.8594,168.70883,658.9756,452.49573,-168.7298,488.37244,497.34937,323.19058,457.26993,505.58383,-175.00043,321.75842,510.50098,486.2185,256.24405,524.1265,-228.08153,290.70187,480.81235,499.26935,216.41858,509.41656,-240.34377,310.5826,574.18823,472.7864,259.41522,592.0772,-349.30798
correct_111.jpg,plank_correct,990.2135,482.71225,-17.810242,1006.48096,472.05515,-4.581055,1006.552,470.1851,-4.648561,1006.74695,468.39798,-4.7184343,1007.37805,471.16602,-52.73591,1007.9026,468.737,-52.786404,1008.48035,466.48422,-52.904907,998.94867,446.26974,82.78209,999.6298,445.70273,-133.4418,971.36523,477.17807,23.101234,970.98267,475.75848,-40.57908,884.7484,409.98788,267.3267,907.39514,466.54855,-231.55203,861.3282,539.3387,287.20004,872.40137,597.9685,-221.55923,965.2082,572.171,224.89041,987.5348,598.5441,-34.71496,1006.4983,578.3769,233.51381,1032.5929,607.45685,-49.641068,1013.0927,570.3003,245.61401,1027.5859,587.2349,-36.24397,999.3912,566.9429,225.88654,1008.4674,579.22833,-25.140333,664.08594,422.5216,169.86688,658.7814,451.82645,-169.91148,490.15436,497.71844,328.11444,457.4347,505.0132,-180.61311,326.57516,511.99255,494.42844,255.9967,524.2126,-238.34547,291.85956,481.53223,507.81277,216.52725,509.2611,-251.18558,315.36658,576.10834,482.88608,258.99734,591.24457,-361.5802
correct_112.jpg,plank_correct,991.57684,484.58887,-20.37809,1008.15,473.94217,-6.0681367,1008.2715,471.91052,-6.1330338,1008.46564,469.94534,-6.1927814,1008.97205,473.3822,-55.211216,1009.5032,470.9651,-55.266792,1010.03,468.66968,-55.38138,1000.0253,447.0922,85.88784,1000.3839,447.93143,-134.80554,972.2545,478.54767,22.214672,972.00653,477.35303,-42.732887,885.148,412.324,275.3508,906.90906,465.7513,-233.28546,861.6924,542.01,289.73688,870.9071,598.59235,-219.94559,965.62256,572.11835,218.24411,986.1332,598.3962,-28.406687,1007.24243,579.04315,225.79651,1027.3497,606.0919,-43.44326,1013.4186,570.6478,237.3675,1022.1776,586.44495,-30.006176,1000.07837,566.6142,218.73935,1008.13293,579.3776,-18.577059,662.58844,422.76804,173.90439,657.93115,449.3676,-173.91302,487.66504,494.6901,343.27734,455.5133,502.1057,-192.6782,320.72757,512.966,516.79126,256.673,523.0191,-266.1103,288.3444,489.55026,530.8351,215.48245,509.48016,-281.24026,314.17465,579.1152,504.96017,267.01932,596.3276,-395.04898
correct_113.jpg,plank_correct,990.1776,482.90247,-26.887825,1006.5178,472.72995,-12.157792,1006.5838,471.15753,-12.229943,1006.7752,469.61627,-12.290088,1007.51825,470.74258,-60.987732,1008.0652,467.91287,-61.049797,1008.6328,465.2222,-61.16813,999.21277,447.4232,85.20857,999.14215,442.56903,-133.3447,971.3196,478.02676,17.904757,970.72925,475.3444,-46.411877,883.4795,413.41266,274.98325,906.77277,463.45676,-229.32751,860.7272,547.1587,284.54715,871.86224,597.8827,-214.64432,965.0241,574.0298,208.38045,987.13434,598.6525,-20.604355,1006.7032,579.93304,213.78142,1031.8855,607.02563,-35.24005,1013.33685,572.03827,225.39656,1027.295,587.01605,-23.224432,999.7938,568.3352,208.44183,1008.5858,579.24524,-11.398331,662.24866,424.43906,171.69434,657.28033,448.7539,-171.73749,479.98297,494.59195,294.9057,456.73987,502.88568,-188.56989,304.8488,495.18253,441.52618,255.61536,520.21686,-246.28967,276.4574,477.6788,452.66113,213.90231,505.4746,-260.01328,293.41254,570.9006,414.76477,261.00174,593.458,-375.8645
correct_12.jpg,plank_correct,1031.0276,494.53403,-4.209404,1050.2551,485.78677,12.779412,1050.8357,483.2957,12.735461,1051.5944,480.58395,12.725205,1051.2672,486.50644,-47.538513,1052.4403,484.7383,-47.59407,1053.7517,482.93954,-47.707855,1048.4441,455.56396,124.22387,1050.0737,464.66663,-147.39969,1014.29456,486.0694,46.332886,1014.77997,486.9412,-33.448563,922.8046,406.07993,345.93445,952.20544,463.41147,-272.39215,880.827,546.0723,409.8523,904.2799,607.7725,-273.15167,985.15857,574.3238,359.8875,1011.30975,607.09503,-49.511837,1035.1472,582.8601,376.33197,1058.4551,615.18555,-69.1455,1037.7295,572.726,379.78818,1056.5928,591.9562,-54.727474,1022.26324,566.89734,356.70972,1040.8961,584.22144,-38.506844,661.23145,407.48157,202.00397,666.98785,441.79596,-202.04092,456.0753,482.30765,202.51128,444.02484,484.5086,-163.57108,246.51009,519.4938,259.7209,225.71811,514.0611,-145.09901,207.1214,493.1464,258.4067,162.32983,492.37933,-152.05121,230.62729,584.7614,170.62741,216.31946,592.73755,-284.08475
correct_121.jpg,plank_correct,690.3473,420.72406,-469.328,691.57166,416.54053,-483.38574,693.64655,415.66876,-483.3559,695.63995,414.75092,-483.32068,684.0834,418.97113,-486.28876,681.33673,419.56558,-486.39136,678.542,420.11887,-486.5015,697.73987,410.01706,-456.37143,672.6122,417.41568,-471.414,692.9896,417.71582,-448.4598,685.06824,420.6233,-453.09882,708.4315,403.82883,-345.09952,659.6144,405.70642,-388.86322,715.6218,390.0343,-264.4212,621.62164,380.46594,-349.65338,715.3275,375.6647,-223.91937,602.65375,330.70282,-334.58633,718.7506,370.98685,-237.38724,599.33966,317.29092,-364.05237,717.56946,369.12518,-238.19893,597.0548,318.5147,-366.6727,713.8235,372.9045,-221.43675,599.4467,325.50223,-335.53482,675.8139,369.22617,15.85927,655.0556,363.10587,-15.86178,682.57477,382.39722,272.5053,677.10803,364.36865,215.83864,660.6921,355.75745,578.3462,661.4054,352.29718,529.12805,655.2764,347.97336,611.6585,657.0016,346.56534,562.3386,652.9618,353.04135,622.98914,663.7113,352.998,562.81
correct_122.jpg,plank_correct,660.9045,339.63824,-444.16232,655.64154,351.19992,-470.5219,650.64404,354.0324,-470.5553,645.69916,356.70593,-470.80112,672.0598,344.44495,-470.2741,677.54346,342.63074,-470.39667,682.9426,340.7329,-470.40652,639.5043,367.9866,-453.2359,696.71027,342.69785,-447.86658,653.07654,341.12878,-417.4499,669.4868,333.69345,-416.82166,613.95825,395.09833,-353.2,736.5811,336.25156,-356.4027,554.7744,378.75586,-178.90933,749.8528,293.00552,-167.2217,567.1929,314.86185,-160.93993,691.17737,250.09337,-100.33247,554.61035,308.39062,-183.88365,691.8856,240.66312,-119.65034,571.33716,304.26257,-194.98033,675.3407,253.90161,-135.3104,578.6128,303.91135,-161.3163,672.30707,260.39612,-102.24356,625.1757,342.03925,6.920047,702.1787,311.0716,-7.3031807,615.3732,399.34033,458.47675,694.8331,370.68533,476.22272,624.4093,468.74603,913.17615,675.23474,448.68723,907.8159,631.92865,478.48764,967.1569,670.58954,461.9587,960.3492,623.41077,470.46793,980.6164,660.7783,452.31433,970.83685
correct_123.jpg,plank_correct,670.7431,358.45126,-778.3573,666.1045,369.1568,-790.2783,662.6508,370.97028,-790.3124,659.1736,372.65698,-790.47095,676.9426,365.47137,-788.73413,680.4853,364.8811,-788.80853,683.93744,364.21176,-788.8832,653.2521,384.3848,-720.17725,691.7971,371.3364,-712.9758,664.8557,359.90463,-737.7794,674.80994,356.21005,-735.9359,630.0042,403.55646,-555.9742,721.6365,365.61105,-562.9848,578.96796,360.6893,-506.8089,734.8968,296.997,-524.73254,557.5156,302.8594,-529.0548,700.5747,239.04236,-568.2663,545.19946,295.88608,-569.2821,700.0961,225.15106,-618.3859,559.6828,293.2392,-593.8239,686.6128,234.52434,-636.3187,571.91394,297.16135,-538.54626,684.1388,239.8598,-576.8611,637.1699,360.3786,11.609922,682.2192,333.71814,-11.516836,614.5737,405.16205,240.4222,697.3352,370.1801,58.58869,587.4701,448.34183,571.4292,677.26855,396.90466,415.17563,584.86035,448.08734,604.4819,670.78296,397.6847,452.15265,569.7083,465.6868,569.8557,681.409,405.01224,411.5581
correct_124.jpg,plank_correct,655.4546,335.47083,-403.52484,650.5376,344.99387,-426.05524,645.96136,347.42603,-426.11557,641.40656,349.7568,-426.3781,664.89246,339.0598,-423.61484,669.6842,337.29962,-423.69348,674.3981,335.4572,-423.75616,634.84106,359.92798,-412.1277,685.475,337.13477,-398.68637,647.7599,337.46204,-380.88025,662.2095,330.78174,-377.75916,608.6162,386.8942,-332.65997,726.5612,332.26346,-318.85208,548.37244,372.20923,-222.96785,743.4478,286.27756,-167.14433,561.78436,313.375,-236.30377,690.19745,240.14134,-128.27994,545.7941,318.05527,-268.61887,683.59204,235.01962,-148.07817,566.47095,307.30457,-273.6704,668.0825,248.47241,-161.14311,573.9894,306.8351,-236.23898,665.82916,254.79425,-130.71368,624.22125,355.9148,9.936658,692.9619,325.5097,-10.205432,599.3866,417.1701,394.58136,682.53784,388.48688,406.68735,612.308,472.831,800.0028,656.80426,445.37222,799.60504,621.9034,480.6564,848.0104,652.0614,455.05786,845.99365,600.00604,473.14502,845.96,639.2955,448.87042,840.2957
correct_126.jpg,plank_correct,662.0774,331.05954,-379.98914,657.34406,341.0047,-408.6341,652.41,343.70624,-408.6949,647.51306,346.29254,-408.945,673.1125,335.59,-402.6173,678.2588,334.3795,-402.69974,683.3375,333.0941,-402.75467,639.04895,360.34354,-418.48343,695.1278,339.112,-387.3094,652.9465,334.79135,-365.0859,668.02856,328.57162,-356.8598,604.2116,391.44867,-345.37054,731.6277,342.15878,-310.82852,536.58624,371.2291,-233.52202,752.46094,293.6888,-130.25406,551.95483,319.15817,-245.68365,701.855,253.30057,-48.810154,545.86957,315.5492,-278.31448,702.8385,244.16228,-60.90868,566.7108,315.66913,-280.8346,687.7355,257.24738,-74.251114,572.04175,315.1251,-244.47653,684.4495,263.2637,-49.9177,619.28314,352.33075,3.9967375,696.5197,328.18344,-4.1491547,593.83984,403.52063,398.61783,687.92633,383.63074,405.90192,606.8757,469.6631,814.628,660.1501,447.506,815.8469,614.7679,479.08914,863.9802,654.1594,459.61993,865.04224,601.5868,471.46326,867.0491,645.16016,446.30045,866.25494
correct_127.jpg,plank_correct,650.6316,351.53915,-1133.0555,655.2527,344.3581,-1190.1178,657.76465,343.7657,-1190.0327,660.2168,343.13742,-1190.2067,647.05396,346.3514,-1189.3096,644.26,346.95493,-1189.5388,641.52704,347.44376,-1189.3735,664.77856,334.47745,-1156.4546,634.7133,338.6075,-1153.5015,652.9376,346.00797,-1084.4178,644.11066,347.66852,-1084.4386,680.1431,346.11462,-855.31976,611.126,346.0797,-903.7136,648.3332,429.0736,-581.21405,580.124,432.9992,-567.96454,685.2733,484.27795,-608.50946,582.88934,527.1608,-444.64935,701.90155,498.78995,-696.7091,577.66516,556.3864,-529.6912,697.76953,499.16528,-717.45496,590.1339,546.9984,-550.98474,688.83325,492.3342,-622.1258,592.5405,536.88434,-455.1355,653.73206,315.02216,8.858364,648.61865,309.19522,-8.521159,652.40576,404.05518,719.88806,635.51465,404.39362,716.3705,624.2356,431.33002,1567.4214,626.46063,437.90024,1567.0502,614.23303,436.60132,1663.3982,616.7143,444.79678,1657.0989,626.8695,441.7009,1682.8778,634.5836,448.01938,1645.5498
correct_128.jpg,plank_correct,653.40625,321.163,-335.09946,647.7808,332.39667,-359.22653,642.4622,334.89395,-359.28497,637.22784,337.2603,-359.5543,666.37274,327.7546,-361.56888,672.3513,327.09012,-361.68207,678.2533,326.36032,-361.72733,631.1838,353.82178,-356.61542,695.5889,336.34766,-361.0173,646.6594,325.33057,-316.63354,664.06177,320.29837,-318.74664,598.0366,392.71063,-286.07498,741.01556,344.5164,-297.21735,550.77124,378.71048,-140.70503,764.06256,292.83545,-133.22665,562.377,304.00235,-143.23654,716.68396,246.97673,-79.229935,551.2946,296.17877,-156.5649,719.6455,240.65335,-87.348366,565.3441,302.17963,-166.52368,702.4869,252.9498,-97.79061,575.1599,303.95508,-143.8454,698.85004,258.56772,-78.26346,629.5618,343.65488,-0.2653845,710.42883,325.29758,-0.21447895,623.18207,403.74988,384.51758,710.02026,384.26587,416.44757,638.58795,448.16455,766.6471,687.2724,441.3955,778.8019,648.1656,456.333,811.977,682.7395,451.0566,821.86316,636.49146,441.8944,810.40106,674.51135,442.97827,816.1494
correct_129.jpg,plank_correct,668.69226,303.09512,-162.35022,660.46924,313.89374,-173.9555,654.7089,316.33142,-174.01048,649.1159,318.59805,-174.28163,680.3098,309.52774,-172.96967,686.257,308.87842,-173.02478,692.17004,308.1784,-173.04266,638.6298,332.21698,-146.57263,706.87537,317.04443,-134.67502,660.3702,306.25137,-139.5326,678.8728,301.6573,-136.9015,596.2049,366.09256,-104.63931,751.38086,320.7873,-116.52396,537.1954,380.75415,24.880674,790.4187,285.75986,7.694413,566.7023,309.12997,9.619989,763.49365,235.74396,4.2052975,553.3477,305.2339,-12.911161,774.99316,230.74467,-18.110378,575.3303,302.06442,-19.328892,752.6147,238.62881,-33.988342,584.3919,303.79114,9.22929,745.238,244.72763,0.26520553,628.56757,329.65176,-1.7958183,719.3236,310.48438,0.8741659,615.6172,387.3771,417.58832,721.16766,390.02835,471.50818,635.27155,478.5724,793.45593,686.83746,471.12967,833.6732,640.95636,491.4982,840.8959,683.1753,483.6247,877.2571,648.9855,455.64728,843.8166,671.0248,470.27667,873.31396
correct_13.jpg,plank_correct,1032.0039,492.06012,10.185656,1051.6699,483.799,26.621716,1052.254,481.2695,26.59068,1053.057,478.4967,26.585703,1052.6931,484.9998,-32.737247,1053.943,483.55667,-32.8015,1055.3375,482.10587,-32.924137,1050.2585,453.50623,134.97664,1051.6106,464.40118,-131.83794,1015.4318,483.58554,59.387947,1016.3667,485.094,-18.89375,925.2759,405.1223,351.26187,954.1183,463.1484,-258.78577,878.8455,542.0115,409.78458,903.6148,605.96326,-251.73648,986.16547,573.061,363.15262,1011.4424,603.90497,-16.48552,1036.7842,583.0105,377.46283,1059.0692,613.2292,-31.911695,1039.7637,572.18536,384.13864,1056.9441,589.5708,-20.674732,1023.979,566.091,361.09814,1040.8615,581.61365,-6.1621075,659.54474,407.09796,200.62714,663.21234,439.90244,-200.67046,447.9328,476.79733,187.83554,444.26428,485.84076,-166.82104,237.2641,514.0108,229.37878,213.78372,508.2676,-161.28738,177.90744,490.23132,226.51314,146.865,473.91504,-169.52344,225.83133,584.1997,139.25414,213.12115,594.4187,-299.7256
correct_130.jpg,plank_correct,669.35925,325.57657,-529.4199,655.6888,338.61224,-559.29877,647.838,340.08282,-559.2227,640.0537,341.36847,-559.4324,679.6326,336.45844,-559.5333,687.5024,336.39133,-559.65546,695.37634,336.19763,-559.4549,627.6085,348.36777,-531.5241,710.9027,338.68408,-531.3242,658.8987,320.19974,-496.36887,683.67303,317.99792,-497.18793,599.1458,369.89178,-408.10242,761.9835,337.46606,-403.02563,552.82666,372.42233,-135.87465,805.30145,321.2988,-123.00338,557.472,309.41992,-64.27456,760.6398,266.7437,-28.05599,539.96765,304.71313,-81.690765,768.4805,260.2551,-43.67838,557.0165,299.33878,-102.221436,746.6163,266.4706,-62.961166,564.4693,300.2608,-67.316086,739.7458,271.8798,-30.682812,630.70935,343.59027,0.072988406,727.2739,325.94437,-0.82144976,624.3621,422.9441,573.713,719.6681,407.3577,610.8476,629.20154,483.74863,1114.1835,693.17175,474.36127,1129.5315,639.64185,486.22348,1178.2974,687.0039,487.01727,1190.3016,620.4471,461.71118,1204.5436,673.8089,462.3166,1210.235
correct_131.jpg,plank_correct,671.75653,367.32416,-1223.4153,668.19696,367.11334,-1288.2745,665.9341,366.20297,-1288.1854,663.5693,365.28632,-1288.4308,672.062,370.73828,-1284.9138,673.10986,371.81995,-1285.1996,674.2156,372.72742,-1284.8701,655.7984,352.75897,-1271.9001,668.45404,361.638,-1257.4736,664.66486,353.14575,-1177.0619,669.1754,355.6023,-1173.7034,653.2007,336.0856,-941.41724,654.794,361.8911,-1001.4661,572.5476,374.70255,-600.2909,662.5785,451.4394,-588.18854,588.08484,393.81958,-535.3676,661.0365,514.8866,-356.6054,595.98114,403.59018,-603.237,665.9978,543.15765,-431.1545,597.02637,411.31766,-627.8724,666.9321,530.9764,-439.07404,593.5212,404.44678,-547.08856,661.6617,519.2735,-360.6319,644.06665,306.33902,6.071309,673.26746,301.16333,-5.474312,653.14264,395.37805,875.85443,660.28265,397.36932,893.8709,634.31,427.01617,1870.2461,655.4966,443.92224,1879.157,630.2962,436.44553,1984.8577,642.1266,453.75238,1985.3729,639.8168,424.01407,2050.82,669.757,451.71716,2018.5527
correct_132.jpg,plank_correct,661.6127,302.13092,-1377.7561,649.43604,314.96945,-1460.8953,641.16425,317.10712,-1460.7151,632.75525,319.14954,-1460.9199,671.63477,312.9908,-1449.6238,678.73303,313.14465,-1449.8497,685.97424,313.0531,-1449.4105,613.7472,332.58835,-1468.2185,693.14526,320.41205,-1415.5464,645.5226,301.0923,-1331.4915,668.5253,297.28818,-1317.7833,561.48315,368.1266,-1127.5864,753.37573,340.34818,-1116.9775,471.14868,379.88617,-713.8152,833.57794,328.98727,-623.1283,516.28357,349.90564,-554.7633,805.3541,257.94022,-409.34192,515.407,353.52496,-618.84845,818.642,243.7111,-471.64465,537.2197,361.44437,-637.7869,793.909,250.48062,-505.12628,542.3472,356.9022,-557.9924,783.28015,256.45352,-418.64487,598.8587,337.43182,-9.508484,713.9554,315.39813,10.060616,610.1725,390.8321,958.20935,686.1189,371.93826,1002.86444,613.15643,444.99384,1989.8447,683.1609,437.9411,2046.27,621.08026,464.4955,2107.689,691.27747,466.80463,2163.431,597.9268,421.94464,2172.8074,669.3545,425.01984,2221.2686
correct_134.jpg,plank_correct,662.6474,324.4993,-443.43695,654.4577,333.34286,-470.07047,648.52795,335.56683,-470.049,642.6486,337.654,-470.30157,673.7745,329.43948,-468.23987,679.82886,328.93677,-468.33554,685.8243,328.3493,-468.31683,632.2863,350.84335,-465.90533,700.3556,335.09036,-454.30444,653.1134,326.57306,-423.2032,672.0397,322.25348,-420.8299,600.0496,395.42523,-378.3158,747.4956,341.2586,-373.12244,524.2842,388.5861,-211.8316,802.7057,303.916,-197.78459,545.9034,312.90295,-199.48907,743.6938,256.72964,-143.11061,535.1763,308.01395,-224.65181,744.002,248.80136,-162.1414,556.06775,307.0531,-235.22433,721.667,260.2688,-171.63008,564.14417,307.7327,-200.65178,719.5844,265.46252,-142.83963,626.8409,331.46927,2.3783047,713.6673,313.82233,-2.8297756,624.6414,398.90176,483.31116,711.75793,396.68686,514.42865,633.5578,450.3953,975.1809,686.39307,450.2732,983.3664,642.53735,458.5362,1032.2235,678.1326,458.33215,1036.8727,624.37634,445.63522,1033.6663,676.2412,451.9803,1027.6942
correct_135.jpg,plank_correct,654.28625,307.5809,-308.58203,642.8608,320.37378,-325.9405,636.11707,322.71442,-325.90173,629.5206,324.8709,-326.22086,664.64136,316.1175,-326.46182,671.63135,315.56128,-326.5888,678.6106,314.91528,-326.6016,620.3043,335.84952,-295.67648,695.6416,320.14975,-294.61746,646.8008,306.1202,-280.88104,668.5525,301.97272,-281.59833,591.97266,364.92303,-235.1781,755.1123,316.8302,-232.33112,545.76605,363.59445,-35.639786,805.1323,290.13623,-42.794945,548.93774,296.92575,-7.3546114,747.90765,247.81099,8.102426,534.8385,288.44406,-21.2166,751.25757,243.66312,-1.6800206,554.58167,281.3298,-28.102846,730.5851,253.46725,-13.079061,567.52454,286.94455,-4.864457,727.14343,258.51285,8.534688,629.9297,325.02142,-1.4376463,721.26794,296.3912,0.39772537,627.15674,403.1567,512.3367,708.1333,383.97363,555.8284,633.70074,479.1614,990.8967,688.77106,453.36618,1016.3734,642.92346,488.16452,1049.3036,690.1416,479.024,1071.7007,624.9598,450.77393,1063.7087,681.1625,455.9719,1079.0692
correct_138.jpg,plank_correct,650.8032,449.16803,-997.51843,666.7925,436.36072,-1041.1132,689.2988,434.98083,-1041.2196,701.94025,431.45508,-1041.5262,637.4139,438.28912,-1046.0938,627.93024,436.87787,-1046.2855,618.2837,435.41153,-1046.4836,716.9404,396.37323,-1006.65295,598.5326,402.34604,-1030.0083,663.4307,431.99088,-955.5795,631.61017,434.63806,-962.3533,775.6855,343.1995,-767.1112,517.5613,345.21973,-823.62726,842.61237,431.07828,-575.247,408.46136,426.34085,-646.91174,852.8334,587.92786,-620.39685,409.33392,575.57965,-692.58716,861.9839,614.5913,-703.92004,395.44205,604.9366,-794.5045,842.43195,604.71265,-742.7759,415.9108,602.14233,-820.4739,824.5039,593.52075,-639.73114,429.16467,592.3087,-707.5695,679.93866,221.36914,25.199678,569.47815,226.49951,-24.799292,697.8209,326.93307,554.9604,577.1613,346.3616,551.7359,651.727,359.8625,1372.9805,575.77216,388.4137,1345.9338,637.2705,350.29297,1463.7183,567.09375,383.02557,1429.0378,664.6835,432.75748,1436.7823,587.3154,449.09363,1380.9612
correct_139.jpg,plank_correct,666.5302,454.0289,-1354.4545,682.86914,435.60486,-1385.1558,696.2207,430.9165,-1385.2904,704.0034,427.7133,-1385.6714,651.1429,438.0174,-1392.7107,643.7664,435.77216,-1392.8516,629.20935,427.9099,-1393.0232,723.9255,388.77808,-1269.6469,599.5288,398.77325,-1303.1606,683.2379,441.8436,-1282.3573,632.234,437.1911,-1291.8688,812.12836,351.96042,-993.02625,519.14087,343.01038,-1051.1284,884.0905,502.95557,-979.871,399.48364,437.49777,-1044.0242,857.8606,592.5292,-1197.2142,405.30054,573.54706,-1240.4238,865.3948,616.83105,-1320.2485,389.03183,598.5783,-1384.8511,839.48944,595.2616,-1354.0906,414.89453,596.8021,-1410.0417,822.1936,580.62476,-1222.2764,428.37622,585.6098,-1262.438,688.6896,202.407,28.794802,562.3182,207.41872,-28.741158,702.2151,320.68234,661.2023,571.9481,338.00507,649.12415,665.8454,354.7073,1617.7979,583.5131,367.893,1577.1777,655.17615,344.92178,1717.7899,579.6403,359.05737,1670.8962,678.92975,444.2925,1654.5693,587.58734,430.5979,1586.7302
correct_14.jpg,plank_correct,1033.3763,491.06094,3.9915934,1052.2529,483.38354,19.26844,1052.7784,480.93826,19.221718,1053.3989,478.3459,19.20377,1053.5574,484.18533,-38.207882,1054.819,482.51602,-38.27526,1056.2036,480.83566,-38.37631,1050.5973,453.4164,122.965744,1052.309,462.3216,-135.5832,1016.48987,482.76157,51.439533,1017.26514,483.99606,-24.525099,926.104,404.1005,332.17102,954.85046,462.08,-253.6074,882.86505,542.0672,387.48358,906.20215,607.9153,-238.93549,986.8617,571.38336,349.75162,1013.7393,607.48737,-1.1536682,1037.5897,582.1346,365.3058,1060.7448,616.67847,-14.479581,1039.6234,571.4661,371.57318,1058.8243,591.7555,-2.4891057,1023.28357,565.8689,348.0164,1042.2621,583.53033,9.334742,666.0615,405.9309,196.29198,670.1419,438.66177,-196.27411,461.55432,476.79385,198.0567,450.6845,485.55975,-164.23578,249.28604,505.83105,241.65619,223.42438,507.8671,-172.36092,216.46725,479.92426,239.39987,158.09189,486.0605,-181.72247,234.17435,580.8033,161.34386,222.7605,597.0539,-307.2286
correct_140.jpg,plank_correct,646.54565,429.10013,-1406.122,664.4221,414.6664,-1444.2811,675.0718,413.33347,-1444.3641,685.62897,411.73068,-1444.7009,644.6182,424.69742,-1452.589,635.8446,416.7951,-1452.7318,623.8566,415.0586,-1452.8969,719.33057,388.2896,-1332.5073,600.44,386.05374,-1369.6001,660.8622,419.05795,-1331.5564,627.33167,420.494,-1342.3602,818.26636,357.28546,-1045.151,514.031,346.79858,-1099.0604,890.26843,513.60364,-1032.3058,403.93896,439.2784,-1092.8978,851.7999,586.43726,-1238.9113,397.00912,569.4909,-1275.5104,857.0727,598.34814,-1361.9305,380.86218,600.74475,-1420.519,830.4681,585.7844,-1392.9685,405.00677,591.12,-1442.7361,816.4117,578.32556,-1262.9058,421.71994,591.9522,-1295.9214,696.05316,210.37244,26.834013,565.74554,212.46893,-26.896612,708.43286,324.86142,723.08093,567.9371,343.22617,710.093,666.11743,367.2999,1705.2126,579.7887,381.29004,1661.9133,653.82513,359.55362,1808.4703,577.2648,372.1265,1758.5028,669.3265,448.023,1754.6968,582.75085,444.83496,1679.8839
correct_142.jpg,plank_correct,665.26636,449.59848,-1272.6307,686.35016,429.01505,-1304.1681,698.5663,424.13785,-1304.225,705.596,420.98853,-1304.5717,641.20856,415.74115,-1302.9296,631.21484,413.3738,-1303.0438,621.07733,410.92764,-1303.1421,725.1373,384.3945,-1201.8284,599.83,388.6421,-1197.0265,684.7552,436.5034,-1204.4996,637.80365,422.73227,-1202.6665,797.4099,344.5636,-930.4389,509.45197,335.3861,-950.37646,881.96967,480.67725,-904.38116,396.70825,453.97516,-944.2855,843.69476,594.95,-1064.0592,412.21344,588.44574,-1113.6443,855.881,625.52966,-1162.297,405.32355,623.9624,-1229.5604,824.5172,612.7166,-1176.9431,432.3685,601.16284,-1240.1846,811.20636,599.42883,-1076.8289,444.00604,591.14496,-1125.8323,708.0779,229.04413,16.460297,575.2725,228.71971,-16.359386,722.1367,346.93533,600.9665,572.15265,343.06024,591.8086,668.80505,379.13165,1489.9788,584.36615,386.1459,1491.9998,656.3494,365.97922,1587.1301,583.1373,377.64212,1587.7559,677.7697,454.14102,1609.595,591.3316,449.69556,1603.4282
correct_144.jpg,plank_correct,650.70056,283.11807,-845.73193,638.2793,301.06107,-888.9258,630.19824,304.3506,-888.82574,622.1595,307.49124,-888.9989,664.0929,295.67273,-887.7032,672.20154,295.40128,-887.92725,680.3036,295.00748,-887.7843,608.792,327.88345,-849.49805,696.9998,307.2718,-845.56213,638.3335,284.85614,-801.5487,662.81793,279.6339,-801.2648,571.30286,367.11426,-652.1121,754.35706,318.06573,-659.1637,520.7931,364.87125,-370.74133,793.17065,296.21436,-361.73947,547.9185,270.73672,-313.34076,733.07184,235.9935,-259.8632,541.05664,259.7444,-345.5295,738.10333,222.60063,-288.2926,560.47736,256.69724,-364.21188,715.58746,232.73412,-308.9046,570.1801,262.51227,-316.58453,709.8532,240.61412,-263.45523,608.1771,331.17505,10.631697,711.50195,304.18024,-10.741352,612.8527,407.73218,660.7086,691.98395,375.7754,656.1061,618.08746,478.72992,1298.1292,684.5713,445.93878,1283.3367,632.4569,479.8848,1369.442,690.1067,472.40555,1353.6315,608.2177,455.9485,1371.407,663.5084,440.79654,1347.3735
correct_146.jpg,plank_correct,625.76855,430.7063,-1217.6548,641.2672,404.20743,-1246.5056,652.5284,401.29654,-1246.6177,663.75916,398.16162,-1246.9586,607.3224,405.2545,-1246.6758,596.3455,402.9357,-1246.8395,585.301,400.57593,-1246.9811,685.91296,360.52237,-1146.8563,578.56396,375.38797,-1148.4366,645.18933,419.88623,-1153.4381,607.98,421.36487,-1153.41,765.8722,339.74777,-883.688,498.8548,327.93176,-920.7711,834.65686,476.98557,-872.9963,375.38977,453.0677,-918.7121,808.50616,576.5367,-1058.9895,401.11182,597.4573,-1091.8148,819.5995,603.70575,-1161.6909,397.18918,638.25964,-1213.8125,791.9571,589.9338,-1173.4637,428.02475,619.50446,-1227.1711,796.70966,572.1205,-1071.6947,437.92145,608.9574,-1105.5211,697.67664,235.69525,16.190418,570.8661,231.34245,-15.871422,702.3121,365.39948,556.16284,565.0321,373.6947,534.97614,661.64923,391.40887,1411.2526,577.78723,398.14032,1377.6196,650.4797,378.70718,1504.0753,577.10205,388.31427,1466.9492,664.99756,452.77817,1504.7236,583.5358,453.81955,1450.6371
correct_148.jpg,plank_correct,657.1428,445.33914,-1231.7255,674.0491,430.96268,-1279.3468,684.14496,428.32922,-1279.4943,694.1544,425.49258,-1279.8804,643.6551,432.7354,-1287.2043,633.6826,431.0098,-1287.3796,623.521,429.2205,-1287.5806,709.77563,387.49063,-1229.0807,600.5645,393.10226,-1265.2561,667.4273,426.50848,-1178.5944,633.7285,429.04974,-1188.8564,780.2737,332.8633,-956.1789,502.83838,337.8344,-1021.5925,850.4839,425.7242,-785.9507,367.23343,424.98923,-864.43286,862.73505,599.9892,-885.86316,382.03485,581.12476,-976.2859,871.46844,627.5336,-993.1217,372.437,620.7129,-1112.0122,850.87305,612.74554,-1042.0033,382.82684,609.4674,-1137.9635,830.44995,600.3675,-912.05566,397.16913,598.47687,-995.06384,671.7563,201.84276,24.538273,555.6134,211.26497,-24.07646,697.36523,307.87784,658.576,559.42883,333.83066,663.0303,640.7327,343.85547,1635.0927,558.5221,376.06342,1612.8297,624.66534,331.1293,1741.8971,546.94055,368.3715,1711.3574,661.1718,416.62488,1706.2485,576.1706,445.42728,1656.4032
correct_15.jpg,plank_correct,1034.6477,490.82727,8.181827,1054.1979,482.57394,24.159384,1054.8635,480.0979,24.114275,1055.6849,477.4175,24.096214,1055.3708,483.71558,-34.684555,1056.6522,482.27478,-34.745686,1058.0693,480.8329,-34.86309,1053.3611,452.47327,128.89316,1054.5045,462.76324,-135.71664,1017.9309,482.30478,55.913628,1018.69006,483.8445,-21.780422,926.65,402.7329,341.1142,956.5435,462.00244,-260.75775,882.934,541.4435,389.9129,906.92377,606.2512,-250.99168,988.2183,572.8508,333.96375,1015.4123,604.86053,-12.803346,1039.9847,583.1028,347.4599,1063.9524,614.3757,-27.209137,1042.9253,572.1735,355.1198,1061.809,590.3137,-14.690967,1026.6941,566.2815,332.1842,1045.2776,582.43243,-1.9907761,664.6612,405.2114,198.69148,668.3434,437.54358,-198.70537,458.37082,474.62244,195.24405,446.92474,484.90057,-161.52625,243.08948,507.19998,238.59862,218.79242,505.04828,-152.60599,198.30319,478.80713,235.83443,158.4642,483.13528,-159.97133,230.13557,581.5,151.77121,216.42654,595.48535,-284.87933
correct_150.jpg,plank_correct,625.1777,414.19092,-1521.8068,644.3085,395.3648,-1537.9253,655.6855,393.81436,-1537.9474,666.97424,392.05124,-1538.3501,620.85834,401.1892,-1539.409,607.5866,398.96103,-1539.59,596.4304,389.1723,-1539.7203,712.3599,356.38455,-1345.0966,570.11316,357.30487,-1351.0049,643.5361,402.8529,-1420.0017,608.5206,402.4619,-1421.3816,794.4673,326.9714,-1013.9601,481.98532,309.41672,-1050.7329,887.5892,517.39374,-1064.3912,372.68387,440.2183,-1128.3547,858.3086,622.7436,-1374.6608,376.39694,595.77435,-1412.0911,867.2879,652.6099,-1517.6427,364.1882,641.4417,-1562.5405,830.8678,639.4032,-1537.0239,408.6927,636.10516,-1582.032,813.3656,620.90045,-1397.641,416.7209,617.6786,-1432.7014,701.9448,162.29968,5.0267715,556.3646,161.73859,-5.3424826,733.0689,317.0476,660.9346,555.53076,312.70837,689.796,674.0874,356.59674,1701.4783,571.89,363.98563,1717.147,658.2682,345.89038,1812.8541,571.7951,359.9043,1825.0824,687.34814,442.67014,1779.5027,574.5121,432.50488,1778.2153
correct_151.jpg,plank_correct,622.6848,404.0241,-1889.5201,648.57367,397.34024,-1940.5989,662.19666,395.8262,-1940.5996,663.8494,389.67838,-1940.9651,620.89154,395.8005,-1948.4055,609.2854,394.20868,-1948.5334,599.92664,393.8142,-1948.5023,705.01556,352.4707,-1798.7659,573.6495,367.66083,-1832.2303,638.078,388.4472,-1791.6222,604.8168,388.4088,-1801.4304,811.9953,329.8894,-1439.928,485.91202,299.29166,-1502.3436,902.0785,514.507,-1510.3839,359.98996,425.28796,-1662.6161,864.0484,613.59875,-1887.0215,380.53455,585.28143,-2130.2866,869.64355,646.49963,-2084.087,362.30554,633.8097,-2357.207,847.9229,618.53613,-2113.471,394.06433,610.2417,-2378.5312,832.483,595.7785,-1919.5533,404.32013,597.13934,-2160.9126,692.125,163.23557,25.787327,550.23486,164.55008,-26.096912,712.0391,312.43146,951.2843,538.8805,316.99435,932.74585,654.3356,366.17398,2274.821,558.48926,372.22272,2249.053,641.20276,361.3283,2416.0737,558.43335,370.64395,2388.3018,667.256,442.2906,2365.1902,554.29535,433.9067,2328.1729
correct_152.jpg,plank_correct,642.64557,419.63483,-1777.46,659.0283,398.51755,-1796.2981,670.8145,397.16983,-1796.3513,686.82275,395.60828,-1796.8484,623.6237,395.24628,-1796.5575,611.237,392.8146,-1796.7302,600.27747,391.822,-1796.784,709.2817,349.8735,-1583.2067,569.1328,351.88766,-1585.0496,649.8615,401.22586,-1664.8857,617.3508,402.50275,-1664.9303,809.3926,307.51575,-1215.8867,475.25726,295.62125,-1243.243,913.287,519.62286,-1320.1996,354.52417,446.8295,-1407.8611,866.9174,626.8684,-1676.7537,378.28244,605.02216,-1805.5093,869.72546,650.5833,-1831.1749,369.89426,649.1089,-1976.1554,831.60486,632.4943,-1847.1438,410.55304,634.8283,-1989.6467,817.93567,614.90356,-1698.0017,417.77917,623.37775,-1825.6099,705.38153,145.84035,10.7189665,548.2681,146.40242,-10.958863,732.18933,309.79156,749.3045,549.2684,314.73856,755.8552,676.515,345.06442,1907.6655,569.6714,350.61377,1910.5432,663.98035,333.96103,2029.8683,571.15466,341.83804,2031.4456,686.77704,427.4266,2007.9426,568.8219,417.00073,2004.0378
correct_153.jpg,plank_correct,633.7525,436.48294,-1719.3267,654.24194,415.7878,-1742.5507,669.27704,414.0363,-1742.5798,684.8951,412.03683,-1743.0283,618.03345,409.7533,-1741.2087,607.66956,405.07397,-1741.3885,593.0814,392.88095,-1741.5024,711.14655,367.1106,-1555.2178,565.5851,358.27475,-1550.2666,660.8051,422.87277,-1617.8613,615.5224,417.7863,-1616.0085,806.7323,328.11185,-1196.7549,477.1414,307.9615,-1219.8448,910.7529,529.63214,-1274.8435,358.57394,452.77234,-1349.3462,861.7291,625.24255,-1602.899,351.07867,609.0687,-1691.1102,860.2515,654.2235,-1753.5195,337.2461,642.1641,-1855.0903,830.3988,625.6773,-1774.6453,373.6946,633.41254,-1874.8645,816.6806,609.56726,-1625.9976,389.25757,628.4757,-1713.2615,742.15063,160.58817,8.5992155,557.13806,154.34741,-9.012872,733.55774,332.7016,708.1428,534.2266,326.8586,713.9267,665.14624,363.18835,1820.6593,551.7239,361.32153,1831.7019,650.7057,348.8119,1937.5281,554.4345,349.6687,1949.2444,664.24976,454.304,1902.8008,547.7992,436.30203,1915.716
correct_154.jpg,plank_correct,634.8311,436.60922,-1698.8794,655.88983,417.42245,-1716.6185,671.53955,415.64478,-1716.6432,687.47675,413.54892,-1717.1045,618.2034,411.70325,-1715.5107,607.6854,407.26358,-1715.6816,593.2894,403.3177,-1715.7799,712.3892,368.07578,-1516.738,569.0171,360.3504,-1512.737,656.407,434.20685,-1594.2056,616.9666,428.76257,-1592.6195,810.1384,328.0807,-1159.8784,477.86066,304.49643,-1183.6597,908.18774,526.3911,-1218.917,364.77966,443.7716,-1303.1768,852.3274,633.339,-1533.3154,360.21368,609.79095,-1648.4487,857.2647,660.5318,-1683.0186,346.7714,644.32495,-1812.3813,822.2766,641.5958,-1708.4219,375.6051,632.3247,-1832.2073,807.7556,623.4969,-1557.9924,389.75174,619.55237,-1671.1488,741.2268,160.01584,9.271605,558.4137,156.30504,-9.626607,739.84106,331.92252,688.8226,544.3362,318.56006,693.2235,675.7971,360.6521,1782.583,563.6869,358.63486,1793.152,661.5083,346.88794,1897.6287,566.3064,349.23895,1908.5688,681.2739,452.21573,1862.5153,559.93585,433.29547,1872.461
correct_155.jpg,plank_correct,636.43463,433.59317,-1633.7393,659.11346,412.07404,-1652.0056,675.82056,402.8194,-1652.0217,691.9961,400.09058,-1652.4739,621.76196,400.50882,-1650.1305,607.3731,396.44186,-1650.2981,592.62994,393.34964,-1650.435,715.2621,351.03424,-1460.6445,569.0765,359.92932,-1452.4525,666.796,420.1864,-1533.0432,616.97986,416.03378,-1530.0398,813.20557,321.7268,-1109.8453,469.0297,301.68295,-1140.1093,906.28955,524.98114,-1135.1426,358.16766,440.37173,-1220.4739,857.76184,634.11993,-1436.0143,348.9529,612.67365,-1519.2017,864.7136,656.1017,-1585.071,336.72144,650.6156,-1681.8213,830.26843,644.38715,-1615.5775,362.87988,636.6717,-1704.2078,812.6348,624.9252,-1463.3131,377.586,629.68335,-1543.145,713.0588,170.7084,13.9646225,548.0718,163.92548,-14.260531,738.4506,336.22134,666.16364,535.3281,332.1085,655.25726,674.0094,359.94434,1734.7113,556.8655,361.46658,1724.383,658.7097,346.19138,1848.2701,559.7728,352.27283,1836.7047,680.9229,452.4145,1810.6886,553.7045,434.94925,1793.729
correct_156.jpg,plank_correct,641.16754,428.2816,-1840.0876,657.2124,412.8717,-1859.6722,658.48584,399.13672,-1859.6967,670.11566,397.07852,-1860.1893,622.0983,408.59708,-1862.1887,608.48584,396.47873,-1862.3986,597.3823,393.658,-1862.467,713.56683,363.3927,-1644.1163,571.2517,360.04532,-1656.0967,647.2865,403.0131,-1725.5775,617.75256,419.81018,-1728.6903,802.3178,307.9637,-1254.5059,472.26733,297.32788,-1289.5874,900.0248,492.78943,-1336.1371,368.85162,428.53845,-1445.274,877.3217,622.2369,-1716.2697,363.76614,616.2796,-1881.3318,879.1603,651.2177,-1888.6224,353.3096,652.5004,-2073.7178,849.70715,647.29,-1925.3948,385.65955,643.12915,-2087.7383,832.5513,626.458,-1748.8885,397.55276,629.594,-1904.9255,706.4287,142.35846,3.612431,546.0065,137.1686,-4.042682,751.6648,330.23553,722.5428,559.26447,321.08853,757.63794,702.99994,349.43768,1928.5627,579.59894,349.36664,1960.7495,690.8939,334.5395,2054.0256,577.6686,340.10428,2085.5312,720.0776,434.17142,1978.4353,587.91986,416.13983,2013.6975
correct_157.jpg,plank_correct,637.12146,434.6315,-1725.8882,656.7555,404.67117,-1740.5748,673.4161,402.92218,-1740.5822,690.5261,400.10413,-1741.0248,619.95294,398.54752,-1740.5597,605.9686,394.518,-1740.7554,594.2799,391.7701,-1740.8403,714.3893,349.74393,-1519.4241,567.54553,358.8429,-1519.9741,667.2024,422.06323,-1611.3422,617.1041,417.26477,-1611.1411,812.3953,312.02252,-1150.0315,464.626,309.95074,-1177.5812,908.47406,509.1447,-1258.973,357.95844,455.06778,-1336.2471,880.3594,631.2007,-1629.4229,368.022,622.30096,-1740.957,881.125,661.5252,-1787.6543,358.87283,665.16095,-1915.2197,848.26575,658.76495,-1812.2263,396.76947,648.00885,-1927.0546,832.9196,638.70734,-1655.4047,406.79956,633.6864,-1761.3197,714.45654,142.84702,4.647691,544.58234,142.98474,-5.0817113,762.3278,315.52448,701.2285,559.0517,302.73193,682.2186,713.8589,341.13293,1820.0377,589.90247,350.36697,1845.1218,700.72363,327.96783,1938.7427,592.82477,342.56024,1968.467,721.9019,432.80237,1917.8657,598.2241,423.4174,1959.5901
correct_158.jpg,plank_correct,624.17596,410.83118,-1714.5066,651.8346,400.63675,-1730.2095,655.93085,387.78778,-1730.202,667.85406,385.95038,-1730.6447,616.3825,395.87534,-1729.9518,603.4177,392.71695,-1730.1403,592.2657,390.69916,-1730.2312,710.371,348.8686,-1506.9197,567.61475,358.67004,-1506.3331,644.71405,401.2697,-1599.2198,612.48364,416.68066,-1598.5253,806.20557,323.64526,-1136.2338,468.44977,310.7081,-1166.9386,905.686,518.94086,-1240.3984,367.1016,447.98657,-1325.0587,864.3317,621.0264,-1600.6687,363.72162,602.07214,-1699.1487,872.8832,651.62476,-1755.6896,353.91815,643.928,-1866.7181,837.8933,632.29315,-1775.9729,393.15842,630.3493,-1880.3688,822.35425,612.5123,-1625.5073,403.19928,613.9621,-1720.1075,705.57666,157.40005,12.808641,541.2597,153.90883,-13.284551,745.9657,321.82904,710.3694,540.3675,317.65298,684.6131,683.3151,352.29053,1810.6697,568.46674,353.69775,1800.3773,667.5565,340.76,1927.9174,573.89215,345.28552,1919.4081,684.8617,438.87753,1906.7347,567.3963,421.93002,1900.8282
correct_159.jpg,plank_correct,644.5153,425.4897,-1695.6687,649.4689,386.72296,-1711.4768,662.30664,384.70294,-1711.516,694.4966,395.86697,-1711.922,622.3878,398.6426,-1712.4652,608.61536,395.18115,-1712.6301,596.9054,392.98337,-1712.7001,715.27295,346.79346,-1492.4095,570.7507,360.07352,-1496.4661,671.1075,421.31583,-1581.6566,620.2593,418.78528,-1582.4962,815.96625,314.6758,-1116.9244,463.41824,307.4674,-1148.7957,905.1583,482.59003,-1219.0168,354.2651,432.56573,-1272.5989,873.2057,615.1932,-1604.3875,366.8727,602.3859,-1639.945,883.0069,652.25256,-1761.3877,355.0624,648.36914,-1807.9353,846.7883,636.8777,-1787.0632,396.31085,630.49414,-1822.8672,830.3539,617.7255,-1631.3121,408.23654,606.8935,-1660.6404,712.17255,141.05693,1.5555023,541.9169,142.80724,-2.006035,764.6686,308.8568,689.99023,558.70276,302.82397,687.5513,726.58606,358.41275,1803.279,586.4538,342.93936,1823.0275,698.39795,326.01733,1921.0596,590.0642,335.1455,1943.2158,724.2565,431.10623,1890.2808,591.11584,414.20862,1918.1232
correct_16.jpg,plank_correct,1042.9153,489.13846,0.90968466,1061.6942,480.0206,15.699413,1062.0309,477.3625,15.663002,1062.4,474.58212,15.665068,1063.0275,480.9733,-41.31462,1064.2549,479.20737,-41.393333,1065.4564,477.42844,-41.5017,1058.0133,449.48975,124.08921,1060.2261,457.46362,-132.71701,1025.5596,480.71176,50.51283,1026.7281,482.03253,-24.888208,931.4375,404.78134,339.99832,960.01697,459.03497,-251.85916,890.8495,540.6695,394.99304,911.87866,605.42847,-240.20966,995.9962,573.6565,346.32693,1026.288,607.19073,-9.653219,1044.5299,584.42566,359.75378,1071.1115,616.1264,-25.97377,1051.955,573.8274,366.27136,1068.2655,592.11304,-15.1124115,1036.0781,568.4527,344.5427,1049.8639,582.94794,0.21199083,666.3874,404.7652,193.93634,669.6662,435.13306,-193.94531,457.89917,469.74643,175.89507,445.44263,486.2949,-153.58966,232.77,500.1037,205.7231,213.84186,510.24353,-150.11816,182.08626,473.3319,202.03935,161.71634,482.3162,-158.62558,228.39157,576.14526,111.429634,215.58682,599.6731,-285.7835
correct_160.jpg,plank_correct,640.3085,436.98935,-1802.832,659.7057,410.86542,-1825.0928,675.2356,400.83777,-1825.15,691.60144,397.91614,-1825.6262,622.40674,398.2993,-1826.4088,608.6211,394.4903,-1826.5735,596.8169,392.29318,-1826.6736,714.5375,349.65387,-1620.085,571.22046,360.62372,-1628.0809,667.1924,421.77774,-1691.8524,611.49646,412.37946,-1693.7816,828.0511,323.36005,-1253.8478,446.36978,297.15912,-1274.625,912.0602,512.4535,-1381.267,332.62512,448.15112,-1453.9545,874.8439,623.7535,-1784.1731,361.211,605.4715,-1904.3279,883.56335,652.3813,-1951.3401,359.3363,645.5087,-2088.8706,851.87866,638.8871,-1973.9337,393.25476,637.02075,-2101.6733,832.63025,629.8736,-1809.594,391.21533,618.3629,-1925.98,709.2468,135.3553,-2.178214,540.36005,138.04521,1.7209727,767.2143,303.9714,741.55853,556.3079,304.16187,775.8733,699.3417,328.10095,1942.2825,574.6983,327.18924,1994.0195,683.24976,312.2961,2068.4456,575.245,314.4773,2121.472,708.9477,419.45044,2039.0867,578.95905,398.97897,2098.0303
correct_161.jpg,plank_correct,640.49756,428.28458,-1796.6431,660.2863,404.44992,-1818.6168,676.033,401.864,-1818.6609,692.265,398.72913,-1819.1404,625.4109,399.6407,-1820.4589,611.70123,395.6574,-1820.6249,596.83826,393.2018,-1820.7367,714.81903,349.03128,-1612.8379,571.9547,360.8486,-1623.1459,660.9155,423.95065,-1686.184,609.4604,405.78888,-1688.7107,828.6828,321.3361,-1236.2006,447.35428,286.99005,-1260.7253,906.60767,460.3962,-1306.7749,348.9151,424.27753,-1387.3484,878.399,620.7165,-1689.6019,357.03934,594.7842,-1791.4407,887.76416,649.1789,-1858.157,339.95926,632.33545,-1973.3799,855.532,636.5312,-1888.7593,373.8391,623.5994,-1995.604,836.02484,631.2623,-1718.6165,391.86578,609.9073,-1816.7993,710.33606,132.39851,1.5464144,542.98395,133.88455,-1.8656476,766.44415,307.62723,716.8609,555.73175,315.67734,743.96063,697.41693,334.03973,1897.0718,573.70245,333.49063,1935.8656,681.23865,319.4452,2019.7126,574.0858,321.59695,2059.391,706.09607,435.35873,1962.2715,576.7968,405.37756,2004.5441
correct_162.jpg,plank_correct,642.68,428.19824,-1797.9469,662.15894,405.49292,-1818.8242,677.8997,402.69974,-1818.8763,693.81335,399.1767,-1819.3401,626.97565,400.67987,-1819.6782,613.01263,396.729,-1819.87,597.7906,394.2182,-1819.9926,715.6427,348.85214,-1607.2942,572.07556,361.85532,-1613.5164,667.54614,422.5686,-1685.2809,609.35803,409.79248,-1686.7109,829.8837,324.02298,-1228.6393,462.5496,300.96387,-1249.9124,901.4192,481.07617,-1311.2274,341.29684,427.0388,-1389.041,881.6378,610.06836,-1704.4836,352.45154,596.1803,-1811.5818,890.4749,644.71155,-1871.7781,342.0056,633.8383,-1995.6256,862.391,635.03534,-1902.081,375.7473,623.4369,-2012.7064,847.9187,619.0228,-1733.1218,392.37524,609.1884,-1835.1344,709.01276,132.25569,-0.6952888,541.7121,135.94246,0.3673269,765.4046,307.30472,727.2876,560.28455,315.53644,745.63525,711.5164,321.22675,1907.4924,583.29156,321.6401,1940.6711,697.31775,303.44885,2030.3152,585.17523,307.999,2065.51,727.00635,415.97937,1981.4546,589.48016,389.07175,2024.674
correct_163.jpg,plank_correct,643.44653,428.18494,-1973.5146,661.4623,406.06577,-1999.9573,676.46185,403.71057,-2000.0026,691.8019,400.42386,-2000.4563,626.19543,399.88763,-2001.9908,612.05835,395.46616,-2002.169,599.8719,392.90024,-2002.237,713.43024,362.3457,-1780.9663,570.7836,362.8065,-1792.3689,663.17255,425.309,-1853.105,609.14984,404.48438,-1856.0449,830.16345,322.52008,-1375.0952,466.1828,299.4195,-1404.0554,919.47577,528.2557,-1483.4299,341.78735,443.52158,-1611.4902,884.23737,617.3389,-1870.7881,368.1152,603.75995,-2112.5486,891.7125,653.5086,-2046.2324,367.52335,646.33154,-2314.5396,870.647,634.8777,-2069.1355,399.98535,635.7108,-2324.3281,850.3191,631.70544,-1896.7539,404.32196,617.8087,-2134.8167,703.1553,136.5647,7.7610416,537.8616,136.05135,-8.306726,754.7605,307.31418,843.4219,551.43384,313.83893,840.0559,696.2033,337.0949,2122.3655,575.62354,332.43237,2151.7427,683.2742,320.64932,2256.8845,575.5204,318.93213,2289.7852,706.72656,435.82626,2222.358,579.6796,399.6447,2268.6384
correct_164.jpg,plank_correct,645.3185,435.08795,-1894.2969,662.78064,411.63806,-1917.1923,677.0421,403.0928,-1917.2502,692.4118,400.11337,-1917.7294,627.0953,398.9464,-1918.5176,613.33563,394.69714,-1918.6812,601.2817,392.29962,-1918.7639,715.0292,350.64096,-1701.7593,572.4213,362.27695,-1710.359,663.9789,423.1786,-1778.017,623.22705,416.78815,-1780.0464,830.3257,322.42435,-1315.6216,462.26944,294.73322,-1339.8013,916.1718,511.11243,-1440.9008,336.5445,438.9546,-1533.8159,880.25116,621.21826,-1847.6809,367.49966,602.1754,-2016.8772,880.979,657.63416,-2020.0038,360.2264,631.67175,-2210.303,857.9709,636.43994,-2045.5635,398.13553,635.61127,-2223.0112,833.38434,636.6844,-1874.6885,402.2485,617.893,-2039.2833,708.43176,129.10959,1.2890686,539.4143,129.93767,-1.7297775,764.9087,305.47705,779.7165,558.55554,308.96335,795.181,703.0081,337.65305,2012.7935,578.5711,331.6295,2057.745,688.98987,320.43875,2141.3003,577.99963,318.54074,2189.4272,706.1218,436.13016,2095.6719,584.05896,403.13043,2155.5686
correct_165.jpg,plank_correct,644.3566,425.77347,-1952.9299,662.50354,411.20264,-1981.4358,676.6781,402.90265,-1981.4717,691.9974,399.9839,-1981.9244,627.0635,398.6728,-1984.4941,613.42804,394.47415,-1984.6577,601.4148,392.12445,-1984.7085,713.5394,363.03558,-1773.4932,572.80304,362.72617,-1789.0508,664.2849,422.62354,-1836.815,623.3618,416.21823,-1840.8448,828.9525,321.53754,-1372.6357,467.4272,290.31427,-1409.289,915.49426,509.1411,-1484.7266,343.45383,428.96338,-1603.9515,880.9478,619.165,-1895.2283,366.94748,600.8296,-2110.4502,881.0332,656.46844,-2076.2234,355.79453,641.99896,-2317.293,858.74927,635.66724,-2103.8984,397.29352,634.5008,-2330.2131,838.3902,632.2586,-1924.392,401.27365,616.9528,-2134.7651,704.7613,130.56784,6.8661733,539.97766,128.29434,-7.385318,760.0945,304.3935,829.3689,555.34607,310.64868,836.62976,699.41437,339.10504,2105.649,577.1259,331.64246,2139.4949,686.6338,323.0117,2238.9565,575.85077,318.7405,2275.335,706.2041,436.51547,2186.9688,579.15076,402.0963,2233.5513
correct_166.jpg,plank_correct,651.4322,429.1578,-1951.904,669.9518,406.87573,-1973.4355,682.40906,404.00934,-1973.474,698.09033,400.0517,-1973.9556,630.90265,402.57983,-1974.287,616.8153,398.40262,-1974.4666,604.56976,395.6522,-1974.5728,719.62213,348.05527,-1740.3998,574.4296,361.8421,-1746.963,673.5386,424.16177,-1829.2572,626.59576,421.07224,-1830.7356,834.26086,324.3939,-1324.1736,446.976,285.04257,-1345.1947,910.4164,512.8716,-1400.3406,354.02042,433.8583,-1482.2656,883.3673,616.1063,-1796.1818,362.1803,599.2237,-1917.0647,890.2566,651.6453,-1974.3584,351.02127,640.436,-2107.8394,859.3792,642.04517,-2005.6078,394.50653,636.5673,-2132.6167,845.60583,633.4939,-1826.4951,400.44235,610.0363,-1943.9216,734.8255,142.37794,0.045353033,543.53503,133.66557,-0.5719387,772.7936,307.45926,778.0104,555.3331,317.31815,801.456,717.9487,341.55298,2034.4944,577.74036,322.3367,2078.5447,690.9735,310.0642,2164.7068,578.7499,308.24017,2211.5686,709.5892,420.75125,2097.2642,580.34467,391.75897,2152.4468
correct_167.jpg,plank_correct,647.84814,426.4623,-1899.7263,666.59753,403.58563,-1921.0378,679.1172,401.36246,-1921.0878,694.8089,398.33975,-1921.5782,627.6122,399.1711,-1921.6603,613.88904,395.6254,-1921.832,602.0583,393.6153,-1921.9392,716.1771,348.91077,-1694.6016,573.35815,361.94968,-1699.9463,670.2466,421.16583,-1779.956,611.09216,403.25095,-1781.0643,831.2855,324.16986,-1289.9725,446.08688,286.52042,-1309.6962,907.92505,510.3343,-1369.0195,346.77008,432.43253,-1442.2117,881.97516,622.4334,-1757.6588,364.48004,596.9677,-1863.0889,889.1902,651.09955,-1930.605,354.48633,631.49097,-2049.4272,858.7578,640.36005,-1960.4261,396.20255,632.8856,-2072.9966,840.7044,633.4044,-1786.7478,402.27322,607.35944,-1888.8525,710.62695,133.7397,0.949276,541.05835,133.76303,-1.3617903,766.3562,312.23386,765.74677,552.1975,320.13092,779.9043,697.8074,336.26337,2003.0991,571.59985,333.5723,2041.8776,682.1926,320.16513,2131.7266,571.84985,320.33615,2173.4448,706.0409,434.88068,2071.2827,575.48065,404.58264,2120.91
correct_168.jpg,plank_correct,643.17206,429.05637,-1878.3778,663.9912,406.5406,-1899.6515,680.9691,403.86746,-1899.7417,697.389,400.4465,-1900.2317,627.4505,401.19568,-1902.2178,612.7756,397.0647,-1902.3997,600.9516,394.48807,-1902.5477,716.6104,363.7115,-1683.5342,571.81384,361.57355,-1696.6375,671.52026,423.30045,-1762.8167,608.3799,407.47058,-1766.1775,826.55,325.94373,-1289.5549,468.1372,299.8434,-1318.8674,903.7357,506.74277,-1386.6163,341.38647,417.60458,-1472.9448,886.3986,629.3991,-1793.93,351.5718,594.5943,-1910.0586,884.4702,655.63904,-1969.3892,328.18082,626.94556,-2103.9412,864.22363,645.3653,-2000.0885,359.96667,619.2329,-2119.5305,844.15436,635.23584,-1824.1221,376.67816,605.38086,-1934.1812,708.7328,142.43271,5.112425,544.05334,140.8261,-5.5364127,776.20966,316.56113,772.73627,568.2029,324.1068,766.45374,724.3039,324.45844,2003.7822,593.58374,325.3944,2033.6519,710.21655,306.09766,2132.5037,594.6194,310.56158,2165.9,728.4087,416.5359,2078.8682,599.2551,389.7968,2125.2437
correct_169.jpg,plank_correct,994.9675,513.0375,-63.169594,1011.10583,498.58997,-48.482132,1011.371,496.31943,-48.495888,1011.76996,493.97714,-48.52081,1012.18634,497.25043,-96.96198,1013.0814,494.34015,-96.99879,1014.08704,491.35214,-97.043144,1002.78046,471.52762,46.803383,1004.04456,472.35632,-173.79324,978.4805,510.44016,-19.945604,978.186,509.19128,-83.966286,877.19214,443.88992,217.26877,903.11633,486.77264,-251.77286,819.4685,560.24194,282.9935,834.12177,617.7604,-249.0813,941.58624,594.22925,242.05649,959.19385,624.4564,-79.09626,983.21387,592.80005,248.26974,1002.17114,625.5952,-96.8347,988.4387,587.8934,242.48312,996.04175,604.30817,-86.91779,975.728,584.2689,236.74469,983.43146,599.17596,-71.028046,635.4356,504.2886,151.3077,630.842,536.2158,-151.26604,428.84402,512.6527,262.8072,406.16602,536.71375,-113.43263,245.32031,493.18567,399.87878,189.35463,518.92456,-71.15256,211.7078,475.0934,408.98047,158.98318,491.6256,-71.26646,230.37979,552.6866,357.97296,157.54498,583.1606,-175.75713
correct_17.jpg,plank_correct,1042.8174,486.6708,19.808882,1061.7341,478.47253,35.78777,1062.1714,475.5718,35.76626,1062.6512,472.5898,35.76693,1063.131,480.0891,-22.384665,1064.3983,478.61264,-22.461132,1065.6818,477.15796,-22.565128,1058.4594,448.12558,145.95966,1060.3599,457.511,-115.61223,1025.4991,476.76245,69.672585,1026.817,478.46317,-7.0778184,934.88293,403.80798,360.17484,961.21533,457.7879,-245.96997,894.4181,541.91113,407.2044,914.7376,604.20276,-231.60623,1004.5533,576.6084,340.50677,1029.4532,605.42957,13.286406,1054.0245,589.18427,348.92828,1072.1448,615.1435,-1.835972,1055.5092,576.9329,357.32516,1068.7363,590.52966,6.8103848,1040.5676,570.9495,338.3856,1055.7812,583.25635,22.920746,669.4866,403.04034,200.9482,671.40375,432.42673,-200.98306,458.7541,474.23804,185.67245,447.80472,482.79437,-168.42635,239.37141,502.97568,222.09335,218.40736,508.0341,-161.41513,198.94168,484.6612,218.9538,158.79596,491.92255,-169.25606,226.9963,581.5351,134.92911,213.71732,595.10895,-295.95398
correct_170.jpg,plank_correct,994.0738,515.1048,-65.20598,1010.6998,500.53186,-50.61094,1011.103,498.17972,-50.61645,1011.65466,495.74985,-50.640068,1011.4934,499.299,-98.71232,1012.30383,496.38586,-98.739784,1013.1959,493.43182,-98.78549,1002.9591,473.2015,45.935978,1003.3557,474.05045,-172.9857,977.5758,511.73407,-21.613485,977.2525,510.59967,-85.233,878.99817,447.62143,215.21272,901.5888,485.99533,-249.9399,826.8246,571.933,282.91135,833.1421,617.45233,-246.35847,944.64197,595.60974,251.56035,956.95374,623.94763,-72.65743,988.96533,592.8969,259.8033,1003.0781,624.81525,-88.772514,991.11786,587.4551,257.0432,996.1769,603.5225,-79.01472,978.9715,584.4263,247.95355,983.02905,598.4489,-64.43284,635.5316,504.50742,151.10747,629.889,535.2297,-151.09402,423.7458,512.54016,248.3411,406.1435,534.0112,-122.062675,239.62196,481.32825,372.6184,183.90149,507.50507,-87.063835,207.35039,461.71725,380.68347,159.9094,479.81265,-87.88326,215.48805,544.4848,328.36792,148.07407,569.19794,-191.0704
correct_171.jpg,plank_correct,994.5444,518.42596,-62.193077,1010.6196,504.19046,-47.27841,1010.9726,501.77,-47.275578,1011.4551,499.24133,-47.30471,1011.4675,502.99802,-96.39827,1012.2551,499.93427,-96.41322,1013.09766,496.94888,-96.44289,1003.59625,476.51093,48.80135,1003.8919,476.87604,-174.41963,978.13446,513.9781,-18.86937,978.05786,512.8731,-83.73648,879.6329,447.0414,213.59454,902.2267,488.64166,-250.5609,823.73505,562.7854,282.00342,831.5679,619.2176,-239.21976,943.7316,597.0187,251.79384,955.51215,625.223,-49.03313,988.7879,594.8323,260.4335,999.8495,626.45135,-62.787624,990.63916,589.4247,257.58276,994.521,604.8748,-52.98343,978.19556,585.8272,247.94966,981.0883,599.6063,-40.419373,635.9572,504.7756,150.42609,629.2504,536.1195,-150.43896,423.0402,512.1087,225.19281,405.1144,535.23474,-102.0118,233.25238,479.71704,330.46445,187.0285,510.55408,-46.232666,200.03716,458.6813,336.44885,163.00163,481.07825,-44.441467,202.04689,531.3733,280.38574,151.6467,574.14954,-141.91385
correct_172.jpg,plank_correct,995.08636,516.89,-75.942955,1010.0982,503.14743,-59.293816,1010.3203,500.77927,-59.298515,1010.69147,498.3886,-59.340813,1010.8904,502.24402,-107.757935,1011.62524,499.40186,-107.76147,1012.4535,496.6695,-107.76213,1003.38245,476.5885,43.357727,1003.5122,477.0801,-176.47528,978.02185,513.1239,-30.352348,978.29456,512.146,-94.21065,876.83344,445.90445,216.53816,901.4801,489.31894,-253.03091,819.8449,559.8068,293.37408,829.5083,619.81055,-249.69994,937.7473,591.6597,280.26187,954.4384,621.9441,-71.754326,977.6172,592.6018,292.94937,995.3379,622.36896,-88.672554,985.41943,588.04297,289.32315,991.1874,601.36755,-76.76192,971.33636,583.6693,276.41745,977.7691,596.2813,-62.90108,633.26465,500.67953,152.42795,627.8067,534.7839,-152.42438,417.92346,505.009,201.73038,401.37445,530.38196,-103.605644,212.09106,471.05908,294.01498,184.30756,512.338,-33.02591,176.81683,437.43008,297.4748,158.6235,482.43893,-29.581642,195.48218,521.0439,224.25737,140.78453,576.4171,-129.5212
correct_173.jpg,plank_correct,996.8855,517.71857,-80.54967,1011.8529,503.4512,-63.896088,1012.08923,501.09464,-63.910908,1012.50397,498.7172,-63.964966,1012.58496,502.43353,-112.245834,1013.2709,499.59183,-112.23979,1014.0802,496.86578,-112.23888,1004.34705,476.96085,39.036846,1004.1642,477.23288,-180.34666,980.07904,514.2205,-34.90628,979.8894,512.89496,-98.62381,878.3124,446.75568,214.37202,901.6254,488.60266,-256.25586,812.1874,557.60443,292.65558,826.64417,616.5566,-258.82028,931.0841,588.3472,279.6534,945.9645,622.4748,-88.61865,974.734,587.18353,292.0871,994.09515,622.7375,-106.61602,978.9971,584.18335,287.33957,988.3387,601.3721,-92.84023,964.3334,581.1615,275.35074,972.71545,596.792,-79.10753,633.8539,501.1028,150.70508,628.64636,534.63586,-150.6671,418.17688,506.2186,199.57895,404.15546,531.1456,-99.72515,211.89526,470.85583,293.45154,193.33427,515.8543,-16.503828,182.08408,457.79544,296.8416,162.89554,485.00974,-11.276059,168.63312,515.648,218.82622,144.04095,577.94653,-107.36275
correct_174.jpg,plank_correct,997.53345,518.24426,-68.77437,1012.5241,504.13272,-51.517906,1012.73773,501.84915,-51.507545,1013.1266,499.55865,-51.5504,1013.19214,503.02383,-102.90498,1013.7982,500.15936,-102.89814,1014.5216,497.37854,-102.91397,1004.97437,478.0891,53.330803,1004.3731,476.97125,-179.41154,980.5,514.595,-22.507175,980.1608,513.1721,-90.11853,880.2345,448.01328,227.43163,902.59827,487.7616,-261.56094,814.78076,559.15045,291.41156,826.5709,616.07513,-248.99686,939.26904,593.225,249.11606,950.2845,623.3529,-44.279343,979.1267,590.7965,255.8351,995.0188,622.94995,-57.755165,986.725,587.5511,254.28064,989.30237,601.447,-46.683067,973.48987,584.52057,244.8034,973.9065,596.7471,-34.52273,633.30817,503.96558,156.86703,627.68304,535.14825,-156.92134,415.0121,506.23615,203.6215,401.58533,528.9315,-109.92606,210.60928,471.81293,294.51627,180.63037,510.59286,-36.322716,182.0651,457.93146,297.87015,160.41867,483.52777,-32.169926,164.53537,511.25607,222.93253,132.43538,572.8302,-131.6914
correct_175.jpg,plank_correct,997.9465,518.21765,-70.05618,1013.03986,503.97516,-53.478016,1013.2118,501.81494,-53.484253,1013.55835,499.63663,-53.526836,1013.9556,502.45157,-103.70857,1014.6437,499.51535,-103.719864,1015.43567,496.6513,-103.7361,1005.1416,477.89932,49.238285,1005.12726,476.73447,-177.50928,980.9421,515.49603,-24.296272,980.57794,513.4541,-90.205246,879.0502,447.9607,225.25806,902.9721,489.44843,-258.85416,810.9256,556.03064,308.6103,825.20685,615.7237,-254.74698,926.4694,593.94415,297.8749,940.95654,623.3647,-69.439705,974.1432,592.06934,311.02466,991.9713,622.3432,-86.33434,978.1327,588.5382,305.60474,987.50214,602.8523,-73.049194,961.7701,585.43365,293.2828,971.3458,598.68494,-59.659996,629.4828,504.55685,155.18039,625.99005,535.19904,-155.1683,410.69778,508.99423,207.53702,395.84595,527.4356,-102.40071,207.98627,478.9276,308.91544,179.27524,510.6999,-25.141249,180.81738,455.397,313.20096,153.75473,482.02988,-21.226826,170.20795,519.6268,239.88222,135.78453,575.1003,-122.00164
correct_176.jpg,plank_correct,997.12744,521.1004,-55.02896,1012.09973,507.17496,-36.80855,1012.23865,504.72372,-36.806892,1012.5656,502.25784,-36.853786,1012.8773,506.62372,-90.43318,1013.51044,503.898,-90.431015,1014.30914,501.19006,-90.48222,1004.7438,479.40698,71.991585,1004.7241,479.8566,-169.8162,980.10266,516.70807,-7.2750783,980.08484,515.5587,-77.61508,880.9136,451.20407,250.34088,900.35205,489.15625,-259.03778,820.1531,570.35345,318.32834,824.9175,615.4541,-251.45322,934.45386,598.51556,279.5401,945.4905,622.9614,-45.60123,979.51587,598.4932,288.18832,994.0376,622.8131,-58.56216,982.73956,590.81866,289.78784,989.63904,602.7211,-47.321507,967.69336,587.6937,276.56754,973.6572,598.2444,-35.515762,627.7091,507.5178,164.07132,622.51215,532.47125,-164.15042,402.8601,509.7223,203.00247,392.3773,528.55493,-125.01123,199.86942,478.12668,294.69693,164.96524,505.3243,-50.6958,166.28146,452.19086,297.73572,132.34077,476.41724,-46.45782,149.56891,518.8609,217.59506,113.28758,565.5006,-150.07242
correct_177.jpg,plank_correct,997.8015,520.41364,-49.752586,1012.9772,506.16898,-32.0192,1013.1456,503.63074,-32.011055,1013.47974,501.07706,-32.055656,1013.5367,505.94388,-85.748474,1014.02246,503.42993,-85.741035,1014.6566,500.8955,-85.77595,1005.54596,478.14383,73.477356,1004.90356,479.9235,-169.00085,980.62555,515.6031,-3.2704024,980.30334,514.8505,-73.79434,882.42316,448.9449,248.987,900.261,490.30768,-259.6902,826.24304,571.203,320.9924,826.65906,619.50824,-251.9594,945.38354,600.27454,284.61688,955.2704,624.184,-47.198086,984.23474,599.59265,293.00534,997.5366,624.6191,-61.6557,990.2902,592.3107,292.762,994.94904,604.8651,-50.02262,977.82355,589.4111,280.8486,978.7729,599.69934,-37.193905,627.52673,507.01123,163.25914,621.4509,532.9179,-163.34665,403.95444,507.28976,205.00928,393.0983,526.74506,-118.66829,198.59917,467.9321,295.55606,165.98804,506.6822,-42.925014,167.8627,449.95465,298.76178,144.58478,479.50037,-38.362083,148.33778,511.5532,220.5011,114.61418,568.539,-138.70935
correct_178.jpg,plank_correct,997.81323,521.5033,-56.218254,1012.7719,507.30005,-40.13604,1012.91736,504.78815,-40.13111,1013.22595,502.2566,-40.16131,1013.37024,506.8461,-90.99926,1013.8605,504.2,-91.01838,1014.49005,501.54904,-91.04712,1005.51086,479.05743,60.762257,1004.7367,480.13663,-169.70755,980.8304,516.8653,-11.092541,980.5173,515.70074,-78.08837,881.7195,450.55978,229.89622,899.1627,489.99203,-250.47705,824.4232,570.76166,297.07666,825.1179,620.4533,-243.68996,937.64307,598.385,262.8345,948.9422,625.1333,-50.662846,980.08545,597.78107,271.9906,995.0947,624.99536,-64.71526,987.2383,590.902,270.16812,990.123,604.0523,-53.367104,969.8349,587.77747,259.25836,975.2857,600.078,-41.118095,630.0092,505.7723,153.89578,624.7986,532.5377,-153.88544,417.03558,514.0029,230.77664,399.722,525.49335,-100.778915,223.29944,489.07877,343.75665,177.44034,511.3765,-34.20084,194.1864,478.94662,350.06778,141.25302,487.3039,-31.470695,211.47331,554.6506,287.83853,139.43631,575.1146,-132.6787
correct_179.jpg,plank_correct,995.9529,521.2022,-59.394203,1011.4735,506.96127,-43.814354,1011.6725,504.33496,-43.810776,1011.9827,501.74088,-43.84288,1012.0232,507.21143,-93.31658,1012.54407,504.92816,-93.3303,1013.1575,502.65918,-93.354195,1004.6738,479.13678,54.340538,1003.7558,481.61688,-169.90292,978.8046,515.82184,-15.422573,978.73914,515.54926,-80.66543,882.6621,448.89514,219.84804,899.5441,491.06604,-246.5512,826.6751,570.77673,286.3731,826.19006,621.601,-239.90181,944.148,599.1026,259.37604,950.5133,624.83203,-52.96719,984.0272,598.38916,270.0325,996.3833,624.8365,-67.54325,989.92847,591.72284,269.45502,991.3148,604.01276,-55.681477,977.1858,588.79553,256.73074,976.2451,599.77704,-43.572174,629.6953,505.92175,150.17006,623.6597,532.18134,-150.16814,418.50497,516.0268,225.40817,401.677,527.867,-87.02485,223.5864,490.81274,336.07013,181.57422,517.5874,-17.502949,195.62961,479.05322,342.2802,155.88135,490.8221,-14.788409,211.51657,556.0328,281.63773,147.64275,583.6566,-114.272095
correct_18.jpg,plank_correct,1045.141,488.983,-5.8620973,1064.5144,479.57623,8.82671,1064.9834,476.98398,8.778528,1065.5657,474.2446,8.772785,1065.8231,480.4839,-47.003864,1067.067,478.71436,-47.064476,1068.2878,476.9403,-47.160027,1061.6511,448.436,115.85552,1063.0862,457.585,-135.5715,1028.27,480.0462,42.96517,1029.2455,481.13083,-30.934093,933.843,401.97394,323.02844,964.0996,455.33923,-248.3696,891.1781,540.4791,366.61047,913.5846,604.34454,-239.99281,994.20337,571.20264,307.91595,1025.6332,606.347,-18.516659,1044.6144,582.1479,319.36386,1075.4332,615.68726,-34.586723,1046.7124,571.32544,327.30942,1071.9802,592.9056,-22.245926,1030.1748,566.48413,306.80264,1050.7631,583.07965,-8.30615,664.05615,404.58582,184.89001,668.0636,432.9654,-184.87587,448.72726,472.9363,172.48236,443.66898,483.73724,-145.57538,227.77264,504.6539,200.09848,206.7746,507.61853,-138.2589,179.54388,477.14362,195.9878,151.31805,494.73477,-146.2104,220.7605,581.68726,104.95606,212.40593,596.1238,-271.0281
correct_180.jpg,plank_correct,997.0116,523.18884,-58.83267,1012.0796,508.65704,-43.202347,1012.21204,505.97495,-43.203197,1012.4755,503.31528,-43.23275,1012.74567,508.92175,-93.422104,1013.2814,506.59357,-93.433945,1013.93506,504.28156,-93.45691,1005.2426,480.7316,54.239902,1004.7363,483.36218,-172.93338,979.9823,517.7756,-14.873041,980.05554,517.4919,-80.9853,881.99554,447.85852,221.462,902.68274,492.3209,-249.43526,819.6355,557.68805,297.47296,825.61273,619.4666,-243.61755,936.69305,597.0634,284.84863,946.2788,623.74194,-60.311966,976.7993,593.7004,298.9259,993.2465,624.266,-75.72032,981.1345,589.9162,295.8371,988.84406,603.961,-61.609684,968.1061,587.14465,281.67682,974.2203,600.05084,-50.09367,630.8831,504.07166,151.50003,625.8823,532.5266,-151.48636,415.9477,508.02954,218.59886,398.95538,526.1646,-91.988434,215.71793,481.39832,323.62186,176.76353,515.35614,-26.241333,193.07782,468.3178,328.922,146.26834,492.6496,-24.352829,212.26575,552.7565,265.76282,145.84213,584.5943,-125.83296
correct_181.jpg,plank_correct,996.65955,522.73035,-58.941387,1012.05005,508.5136,-43.313477,1012.1974,505.978,-43.306084,1012.4719,503.42526,-43.333797,1012.7301,508.40256,-92.811584,1013.3011,505.9527,-92.82162,1013.9948,503.4918,-92.8444,1005.2789,480.74866,54.567635,1004.82776,482.43796,-169.73001,979.40906,517.4778,-15.085041,979.4999,516.8429,-80.3517,882.46985,447.71832,219.55365,903.69434,490.8173,-246.2004,824.09863,569.39795,286.6404,827.268,620.4786,-240.59003,938.59644,598.97144,263.12698,948.2954,624.10803,-55.933784,980.3435,598.3635,274.46506,995.2176,624.7694,-70.86043,987.41833,591.61804,273.10916,990.72095,604.5143,-58.49564,974.1388,588.5744,260.19366,975.98755,600.37286,-46.396805,630.3834,503.27728,149.59016,626.94183,531.20105,-149.58592,418.42975,513.8676,211.29594,402.3731,527.5296,-84.93216,220.55157,487.3249,311.1094,184.89632,516.65405,-12.253095,196.17023,477.96402,315.8849,157.07883,491.51837,-9.501099,212.76466,555.0464,251.17099,195.55786,597.2443,-108.787
correct_182.jpg,plank_correct,997.2425,523.2206,-61.004395,1012.75543,508.56525,-45.086765,1012.9724,505.9387,-45.08809,1013.3351,503.2692,-45.129555,1013.34564,508.6189,-95.21607,1013.9389,506.1397,-95.22712,1014.6698,503.636,-95.24696,1006.06476,480.49414,54.278584,1005.49774,482.42517,-173.36887,980.17566,517.7777,-16.758461,980.06805,517.3647,-82.899895,883.44226,449.38843,221.93901,901.9162,490.2218,-252.65245,825.95306,571.4888,290.68677,826.0304,620.4851,-247.7542,941.56305,601.0016,260.0275,947.9713,624.4247,-54.810234,982.1925,600.35095,269.10052,994.6863,624.8952,-68.2554,988.6223,593.2275,268.45966,990.4233,604.98883,-56.74784,975.39417,589.9549,257.1047,975.5908,600.94836,-45.36097,629.0504,506.4935,153.21997,624.2732,531.7917,-153.22212,417.06793,516.0156,257.77707,401.78076,525.62994,-102.40963,235.81754,496.65137,394.12997,182.8288,510.0334,-41.772728,210.16045,488.2347,403.12885,160.12753,489.22827,-39.40784,214.71484,554.97687,346.65085,141.50185,572.1196,-138.2984
correct_183.jpg,plank_correct,996.949,523.1587,-58.001328,1012.4907,508.746,-41.914997,1012.6773,506.15997,-41.915916,1013.00726,503.52707,-41.95805,1013.15234,508.67584,-92.346466,1013.75336,506.1879,-92.352905,1014.4951,503.67078,-92.37258,1005.68384,480.72626,57.770523,1005.27893,482.5905,-171.23941,979.6158,517.7055,-13.590239,979.61646,517.1741,-80.14423,882.3187,447.7013,224.78874,903.42737,490.6469,-251.46399,823.5393,568.5495,294.6878,827.3579,619.74677,-248.07188,938.9049,599.4737,265.29187,948.8504,623.9673,-55.503265,980.89386,599.34644,274.60657,995.2314,624.62024,-69.24356,987.8551,592.40314,273.24066,990.93286,604.6953,-56.79763,974.57996,589.158,262.07904,976.3893,600.592,-45.67438,628.46655,505.4289,153.50842,624.7033,531.5751,-153.51956,415.5993,514.8337,252.57265,400.93295,524.8404,-103.943565,232.06001,492.7091,385.4391,181.85371,506.6413,-39.6979,206.57059,480.08276,393.9378,158.069,478.19116,-36.680046,215.31189,553.13904,335.23892,138.32715,566.4306,-133.65239
correct_184.jpg,plank_correct,998.05023,523.5872,-59.156097,1013.1941,509.1115,-43.51235,1013.3783,506.5325,-43.527103,1013.7388,503.9657,-43.57302,1013.9464,509.14703,-93.30852,1014.5948,506.7437,-93.31836,1015.4046,504.3546,-93.335815,1006.2271,481.233,54.63812,1005.78015,482.976,-171.48079,980.7103,518.7988,-15.218023,980.68335,518.08234,-80.98305,882.4378,447.36887,221.8051,903.0073,491.98004,-250.22865,818.0293,554.6033,304.58875,824.54895,619.7877,-247.17685,934.7511,598.3568,292.65506,943.58167,624.92834,-61.18469,976.2726,595.89813,305.24173,991.6672,625.37463,-75.64478,980.8459,591.49854,300.89258,987.6533,605.49207,-62.174377,967.05347,588.1932,288.97797,972.4256,601.5632,-51.17859,629.80035,506.44614,152.88191,627.1235,531.8153,-152.87195,416.4402,516.86127,249.06485,401.6189,525.62317,-119.13782,234.65858,500.1697,383.7293,183.8953,497.99112,-63.1778,206.46202,489.45773,391.93723,155.9362,479.6669,-60.484524,216.81427,568.3614,331.39935,133.91869,552.58856,-154.7363
correct_185.jpg,plank_correct,997.4852,523.32324,-58.951565,1012.72266,509.17773,-43.087906,1012.88525,506.5954,-43.094643,1013.20465,504.0187,-43.133224,1013.49194,509.19266,-92.74296,1014.12366,506.7828,-92.7509,1014.91547,504.38257,-92.76596,1005.87146,481.03204,56.01646,1005.68115,483.0661,-169.20912,980.1071,518.3957,-14.602112,980.1855,517.7984,-80.118645,882.2594,446.13324,222.33127,903.6634,492.25775,-247.13489,818.1459,554.14984,300.78275,824.9785,620.1214,-242.91193,936.13684,595.88245,286.10016,945.6511,623.6627,-58.776325,976.9165,595.71234,298.56445,992.5017,625.01227,-73.57359,981.507,590.8304,294.61755,987.8268,603.6024,-60.781933,968.049,587.2368,282.41586,972.66724,598.8384,-49.118492,631.0695,504.82275,152.45975,628.3545,531.8128,-152.45403,417.04483,515.5941,225.92415,402.18317,526.1736,-106.03751,224.8038,493.93127,341.34143,184.99545,506.82288,-39.666714,193.69926,480.70206,347.4693,157.74216,488.7769,-36.43538,210.17682,552.92017,282.7046,139.84088,565.1581,-131.93567
correct_186.jpg,plank_correct,997.48047,524.2414,-57.005234,1012.82654,509.8263,-41.029873,1012.99817,507.22067,-41.040543,1013.3263,504.619,-41.08719,1013.59283,509.8923,-90.98367,1014.22797,507.4824,-90.98647,1015.0248,505.08313,-91.00224,1006.1133,481.4791,58.436836,1005.9844,483.87018,-168.14706,980.24817,519.1126,-12.517622,980.37384,518.5796,-78.441185,882.13196,446.76703,225.11526,903.908,492.12094,-246.88739,817.9223,554.3969,306.1233,825.9547,618.86993,-244.02658,935.96826,595.2525,293.9878,946.206,623.47437,-58.96931,976.61584,595.33026,306.59995,992.9243,625.064,-73.360344,981.3154,590.824,303.21008,988.1068,603.5418,-60.013184,967.89703,587.13416,290.60675,973.1595,598.7272,-48.98485,630.5349,505.3509,152.97899,628.52783,530.9574,-152.99588,415.65076,514.9449,231.78226,401.9535,524.35394,-118.01326,224.82063,493.9222,353.93253,182.96585,497.18683,-55.838524,192.71274,480.83395,360.62473,156.07959,479.51465,-52.52954,210.15198,551.88556,294.4784,131.55261,551.048,-147.47377
correct_187.jpg,plank_correct,997.75806,524.59625,-55.58889,1013.22327,509.93433,-39.070747,1013.45776,507.28537,-39.070076,1013.86035,504.63013,-39.10378,1013.9743,509.8913,-90.4914,1014.66034,507.36798,-90.50396,1015.5017,504.86713,-90.53902,1006.5875,481.88626,62.840916,1006.4428,484.08783,-170.14244,980.66394,519.469,-10.154961,980.71533,518.8219,-77.93678,883.13416,448.77014,232.73477,903.20154,491.54364,-251.87482,820.35767,557.9533,308.6413,825.2978,619.50916,-246.32536,940.12823,600.30994,284.16843,946.64734,624.44604,-55.099037,980.2001,601.06305,294.95367,993.8431,626.3413,-68.55689,987.4403,592.97034,292.82468,989.18054,605.545,-57.241142,973.51074,589.27966,280.6481,973.72925,600.9115,-45.411877,630.9885,505.9339,156.9181,627.46356,531.43414,-156.92645,415.8015,513.60004,228.3609,400.67584,526.0414,-119.73572,222.47037,481.9119,340.99246,175.90836,507.53595,-67.01458,194.75812,478.66238,346.7734,140.71289,481.18353,-65.76257,209.84558,548.5263,279.88696,133.1305,570.28687,-169.36174
correct_188.jpg,plank_correct,997.43604,523.93146,-50.905464,1012.80896,509.50616,-33.730034,1013.035,506.95938,-33.724617,1013.42377,504.43613,-33.75764,1013.5315,509.16837,-85.19664,1014.17896,506.56815,-85.20566,1014.96484,504.04108,-85.24875,1006.1707,481.79202,70.03287,1005.932,483.57498,-162.64972,980.372,518.7253,-4.9458966,980.31616,517.6561,-72.67783,883.95825,449.96918,240.09726,903.3439,490.60406,-247.35165,824.44995,569.569,312.41055,825.4481,619.6093,-241.90442,941.3685,602.6001,282.97388,947.0189,625.032,-51.09035,981.44666,603.19025,293.04306,993.7269,627.5837,-64.821686,987.8781,594.8716,291.9286,989.2176,606.2861,-54.04026,974.2801,590.9508,279.62488,973.7279,601.43243,-41.551437,630.6376,506.47635,158.16205,627.1638,531.5206,-158.19379,414.6275,512.96,205.85222,399.66446,525.7192,-118.94844,215.79865,475.67017,300.8288,174.00642,506.20667,-59.75372,190.21652,467.7045,304.47937,138.70773,479.52347,-57.753735,176.7067,530.0562,231.53125,130.03632,569.1315,-162.28967
correct_189.jpg,plank_correct,997.52075,524.3439,-50.24473,1012.7231,509.6063,-33.08116,1012.963,506.98007,-33.07861,1013.3975,504.3496,-33.110344,1013.5259,509.31836,-84.00272,1014.2628,506.65494,-84.012566,1015.188,504.02643,-84.04607,1006.18787,481.78253,71.078575,1006.44867,483.84424,-159.44243,980.93494,519.0406,-4.1672964,981.04297,518.1261,-71.28074,883.0867,449.8543,242.33781,905.0379,491.19284,-244.47025,822.9987,568.4826,316.00797,825.746,619.49115,-238.21031,934.5032,602.1095,286.85165,944.1599,626.6314,-46.640533,978.1265,602.7218,297.61377,992.2284,628.629,-59.170547,985.8253,594.71515,296.40564,987.5918,606.4297,-49.04309,967.2314,590.555,283.63327,971.62573,601.41656,-37.220375,631.8774,505.2871,158.44019,629.2866,531.258,-158.47188,416.2508,512.6966,220.496,401.08984,525.4294,-133.04205,223.16055,480.15683,325.17395,174.9834,503.08014,-88.95305,193.78296,478.88348,329.92706,151.69418,478.55136,-88.33065,183.88583,534.3251,260.56152,129.07654,563.27563,-192.61734
correct_19.jpg,plank_correct,1044.54,490.65173,-5.5744953,1065.8151,480.23392,11.055795,1066.4802,477.54306,11.010103,1067.2596,474.78815,10.999751,1067.0098,481.1515,-47.993378,1068.3754,479.17877,-48.0474,1069.7645,477.25458,-48.144127,1063.716,447.94153,123.74055,1065.248,456.03708,-142.26701,1028.0046,480.48132,45.31238,1028.6411,481.75018,-32.857468,934.62555,399.2603,335.0159,964.85626,453.2715,-259.76505,896.0837,538.46313,381.49228,919.3021,602.75305,-260.1494,998.37354,570.7323,313.95496,1034.4567,606.1135,-39.76078,1051.5461,583.3267,324.2111,1081.0961,614.55676,-58.562702,1059.3031,573.65784,330.54202,1077.8868,591.653,-45.73921,1037.2715,566.1838,311.47388,1059.4202,582.5823,-29.424671,663.4519,401.9407,192.50555,668.5122,430.9813,-192.50131,454.878,473.75024,194.83507,443.8291,477.96835,-157.42444,228.58182,509.44574,241.16046,209.1491,505.0,-137.71185,192.46463,484.93475,238.60048,159.58295,475.14926,-144.44012,220.78865,580.1739,148.09706,206.99222,588.4748,-275.56424
correct_190.jpg,plank_correct,998.0171,523.842,-50.734158,1013.5021,509.37817,-33.93972,1013.7432,506.8256,-33.93815,1014.16187,504.29306,-33.978016,1014.21265,509.14825,-84.86731,1014.87256,506.58023,-84.87016,1015.69226,504.0722,-84.91202,1006.8429,481.9141,68.05733,1006.7329,483.75836,-162.36816,980.8872,518.5515,-5.514575,980.80865,517.77734,-72.60677,884.7079,449.4422,238.29779,905.59485,491.59943,-246.9288,825.3993,569.8784,313.56586,826.369,620.60077,-242.22108,942.06635,603.05176,288.60477,947.27527,625.78375,-55.372063,982.0116,603.8133,298.87097,993.86505,628.3938,-70.67614,988.3127,595.1605,296.98663,989.3174,606.9402,-59.997337,974.81433,591.06976,284.95206,973.85425,601.8978,-46.19808,631.67535,505.21017,156.9142,628.1547,532.3429,-156.95135,414.02246,513.51074,194.5846,399.34985,527.1348,-111.88187,208.02574,476.1202,285.18637,180.35088,514.70465,-42.35277,177.54391,464.56393,288.07303,147.27798,488.59918,-38.912415,166.46507,531.0693,208.8042,132.6471,578.56476,-141.08498
correct_191.jpg,plank_correct,997.9192,522.05664,-60.752686,1012.99695,508.36276,-44.020164,1013.1787,506.0389,-44.013535,1013.5666,503.7218,-44.049942,1013.8959,507.36615,-93.667755,1014.6107,504.53897,-93.67671,1015.517,501.78156,-93.71924,1006.29626,481.5579,60.11452,1006.47186,481.48108,-164.57375,981.102,517.41785,-14.823156,981.06885,515.88,-80.23879,884.1111,453.72482,231.83804,904.5941,490.27484,-247.3239,826.0037,572.6828,302.87402,827.4978,617.9208,-241.93108,941.01105,601.6681,274.9614,944.74304,623.7663,-53.028297,981.6261,601.5712,284.2548,993.7456,626.80273,-67.16318,988.18616,593.1159,284.28394,988.7523,603.7722,-58.864716,975.0366,589.2439,271.97638,972.74054,597.9826,-44.636124,631.541,505.17517,153.95715,627.7708,531.85895,-154.00377,415.0454,514.775,195.0107,400.39917,527.559,-107.39693,212.76657,476.84793,284.5279,180.68939,514.04156,-39.301907,188.80032,466.42847,287.70343,145.7381,489.55786,-36.750034,175.16354,529.5151,212.16736,137.46991,577.6728,-140.80595
correct_192.jpg,plank_correct,997.8018,523.9167,-63.949055,1013.57166,509.73734,-48.25684,1013.8478,507.22638,-48.255028,1014.29736,504.71786,-48.28239,1014.10913,509.46158,-97.95196,1014.66907,506.91193,-97.97629,1015.3674,504.38348,-98.00391,1007.2653,482.3441,51.258247,1006.49976,483.23416,-174.94641,980.50757,518.87854,-19.509296,980.1889,518.05475,-85.23192,887.0073,450.7026,220.57816,903.6084,490.75558,-253.65228,829.10815,572.8192,294.03616,826.9265,620.9401,-248.46361,946.11426,602.3615,261.7993,947.4478,624.33234,-58.009773,984.76184,602.80554,271.20718,993.7572,627.49713,-71.83298,990.3531,593.64703,268.69693,989.2699,604.1194,-60.852894,977.80835,589.8292,258.34207,973.6331,598.3396,-48.621403,633.15906,505.91873,154.90073,626.96985,532.6693,-154.89561,424.77158,517.2247,274.9596,403.27103,529.7346,-119.65498,245.49683,495.74655,418.07837,183.83975,512.8417,-81.30624,215.44019,485.36606,427.90204,147.89177,489.14612,-81.79572,233.00473,566.6554,376.19504,146.13025,575.72546,-185.0602
correct_193.jpg,plank_correct,997.7932,521.37634,-59.46831,1013.0696,508.02542,-43.535267,1013.25195,505.88007,-43.532658,1013.63336,503.7348,-43.55618,1013.84106,506.72107,-92.6237,1014.4449,503.83923,-92.6476,1015.2154,500.96228,-92.67967,1006.4617,482.21136,57.934044,1006.16077,480.44342,-165.2714,981.0082,516.9221,-14.404377,980.6499,515.34674,-79.28916,884.8437,455.10803,228.20764,902.8775,489.38684,-246.22714,831.96313,576.1105,293.0204,830.8777,618.32355,-241.24529,945.47876,602.13605,250.50919,946.67755,624.66705,-53.6937,986.32983,601.9838,256.82797,997.27386,628.22577,-67.60528,992.09595,593.7601,256.06628,991.67053,605.38245,-59.552567,978.8684,589.9104,247.33112,974.8273,599.1161,-45.310093,633.27655,505.03308,154.04329,627.47815,531.21027,-154.05794,420.9843,516.7537,258.76523,404.1064,531.13947,-127.28102,240.29453,491.8815,391.17914,182.17934,512.153,-95.23239,213.03806,485.01755,399.73938,144.72977,488.86642,-96.97536,223.79044,551.54535,343.95312,146.62845,574.0172,-205.26047
correct_194.jpg,plank_correct,998.6061,521.3723,-62.326008,1013.72186,508.10648,-46.261806,1013.89233,506.09674,-46.26432,1014.2787,504.06903,-46.282967,1014.47437,506.38217,-95.47867,1015.02734,503.37424,-95.515015,1015.73926,500.35965,-95.553055,1006.9072,482.56506,55.496143,1006.2967,479.66882,-167.78923,981.59546,517.21204,-17.016531,981.07117,515.1518,-81.97377,886.3797,455.55795,228.67393,903.0535,488.74442,-248.4497,831.2805,576.4025,297.31952,829.5828,617.8768,-246.89774,944.8993,601.95166,259.07996,946.4275,623.9501,-65.19038,986.16833,601.86664,267.42157,997.0714,627.30945,-80.72013,991.8094,593.712,265.62128,991.4691,604.8442,-71.375916,978.3029,589.9097,255.75717,974.7842,598.7555,-56.551598,634.0195,505.15298,154.57365,626.2694,531.8266,-154.55057,424.90646,515.2882,268.774,403.44354,533.9796,-128.4469,241.07791,498.01202,407.27216,183.63101,521.4059,-103.997284,215.7674,483.86417,416.15442,143.47359,499.95645,-107.44892,232.94579,567.1201,361.33783,196.82278,594.2952,-218.35701
correct_195.jpg,plank_correct,997.8354,523.665,-60.86817,1013.1387,509.63907,-45.773464,1013.355,507.16006,-45.766582,1013.7491,504.67575,-45.786934,1013.7356,509.2259,-95.43596,1014.2794,506.61786,-95.46642,1014.98975,504.03857,-95.49463,1006.7212,482.54095,52.207634,1006.2863,483.5713,-174.49823,980.6803,518.77325,-16.907066,980.46686,517.926,-82.767075,886.71906,451.35858,224.38261,903.2276,490.64627,-255.20294,828.66113,572.3838,302.89062,826.40106,619.9205,-248.65913,945.7789,602.0573,271.97028,946.36426,626.01764,-54.423603,985.51685,601.4488,281.81616,994.9304,628.7106,-66.74043,991.0814,592.9945,278.99985,990.20233,605.74536,-56.670662,978.1055,589.35284,268.6704,973.7648,599.9043,-44.947376,632.463,506.37222,157.14217,626.52625,532.7358,-157.13705,426.11456,517.20197,310.0712,404.13605,530.47723,-142.91542,255.616,500.4943,477.8391,182.77417,514.4771,-131.45186,228.20023,487.2935,490.46808,146.92139,490.69177,-134.84583,240.2726,569.3595,447.4879,144.19217,575.86554,-240.74115
correct_196.jpg,plank_correct,998.7216,520.33093,-62.707806,1013.7464,507.42575,-46.99709,1013.90137,505.41675,-46.992943,1014.2683,503.3884,-47.01014,1014.5482,505.97046,-95.60006,1015.1378,503.1302,-95.62923,1015.89746,500.2364,-95.65286,1006.77734,481.93958,54.14112,1006.4983,479.71124,-167.31381,981.6074,516.44116,-17.726385,981.26416,514.7168,-82.094925,885.2277,451.58865,226.08263,903.3774,489.5882,-247.13916,831.6904,575.2705,296.51086,830.1846,618.8676,-245.26949,945.4125,602.94934,258.83734,948.19934,625.5077,-63.213745,986.47833,602.6813,266.91858,997.8541,629.02576,-78.42097,992.15643,593.98083,264.84668,991.99475,606.2844,-69.84071,978.65295,590.02747,255.44742,974.9491,599.7401,-54.94567,633.1753,505.2544,154.37976,626.7935,532.3912,-154.36977,425.51727,517.75574,276.42206,404.0374,532.7937,-129.12175,246.10187,498.89352,421.18622,183.45139,517.3,-104.91296,216.06061,485.77908,431.099,154.74289,487.43826,-107.745575,232.09134,568.8324,379.25586,194.8688,592.3453,-217.29535
correct_197.jpg,plank_correct,999.1637,519.3579,-63.80274,1014.2453,507.0321,-48.15178,1014.4032,505.2443,-48.15761,1014.78015,503.45062,-48.18028,1015.0641,505.0925,-96.46709,1015.6409,502.14615,-96.500336,1016.35425,499.04065,-96.53443,1007.1576,482.01,53.780273,1006.5515,477.82175,-166.57036,981.9573,515.8703,-18.624893,981.5499,513.61725,-82.651276,885.2304,455.45007,227.40355,903.6077,488.5897,-247.96175,830.5957,576.4159,298.76492,830.42694,618.723,-248.37231,944.5417,601.4713,262.6874,951.6558,622.52673,-69.06091,985.39795,601.7111,270.839,996.8301,625.2296,-84.92759,990.8246,592.67694,269.54822,991.71265,603.95557,-77.71538,977.4358,588.6679,259.69458,975.5404,597.8123,-61.55583,631.6452,506.1582,154.17793,626.3187,532.14154,-154.1558,424.35715,518.04785,286.43176,403.29706,529.5316,-128.97392,250.00374,505.56155,439.00232,182.9289,514.75464,-102.42981,217.47528,489.24844,449.93027,146.27063,492.19205,-104.850655,235.52406,570.2132,399.06906,146.10889,577.56726,-215.64116
correct_198.jpg,plank_correct,999.783,520.1335,-69.02478,1014.86743,507.4779,-53.41281,1015.0274,505.57812,-53.41874,1015.3995,503.65637,-53.442307,1015.7427,505.74026,-101.74037,1016.35834,502.86313,-101.77161,1017.12024,499.9108,-101.79962,1007.68567,482.0584,47.728806,1007.39185,479.06738,-172.03223,982.6429,516.47394,-24.063196,982.3264,514.3834,-87.93557,885.6531,451.41895,219.25226,904.13684,489.64584,-250.64944,830.23535,574.08167,293.45892,828.7771,620.41266,-250.39862,942.9496,600.9937,267.432,947.2263,624.1217,-73.129486,983.9418,601.02045,278.29123,995.208,626.564,-89.34821,989.5184,591.88873,276.0776,989.6044,603.7196,-79.791626,976.1209,588.063,264.31485,973.1751,597.9801,-64.89629,631.3775,506.38385,151.66708,626.92615,533.8392,-151.64034,421.60468,518.0574,267.00812,404.91806,529.5645,-112.18606,247.59575,496.9782,405.8916,187.5074,515.0193,-69.8323,217.13345,484.9798,415.38568,150.53052,492.9375,-70.64179,237.52057,567.21313,362.09515,202.89502,595.3976,-177.24245
correct_199.jpg,plank_correct,998.53973,521.4144,-69.92053,1013.4906,508.5703,-53.87258,1013.64874,506.5476,-53.883644,1014.0164,504.53445,-53.91629,1014.3767,507.01544,-103.046875,1015.03143,504.09317,-103.07026,1015.8529,501.17242,-103.09947,1006.63635,482.66312,48.737446,1006.64355,480.36694,-174.23923,981.3492,517.48517,-24.255049,981.20374,515.6954,-89.09069,885.1535,451.42508,221.4144,903.6926,490.97012,-253.13638,825.6839,571.68805,296.488,826.8347,620.20416,-250.6965,943.4307,599.50854,272.7899,948.839,624.8255,-67.74153,984.26624,600.2307,283.51288,997.23303,628.4154,-83.138954,990.02594,591.58105,281.93744,991.2367,605.6462,-72.89455,976.4568,587.6367,269.8071,974.5853,599.5343,-58.983555,630.2715,506.25958,153.08405,625.3587,533.6011,-153.08005,421.67023,514.1046,261.5517,404.75763,530.4566,-116.41058,238.06812,487.5099,400.1925,181.35384,512.6408,-72.108765,212.7449,474.18546,409.526,144.5538,488.57404,-72.36367,207.22684,540.739,353.55313,145.15,575.3735,-178.28568
correct_20.jpg,plank_correct,1048.1157,486.5366,4.79688,1068.8816,476.67227,20.12472,1069.3564,473.81848,20.07806,1069.993,470.87488,20.068943,1070.2297,478.3311,-38.038677,1071.4772,476.713,-38.100544,1072.8057,475.142,-38.20649,1066.5261,444.7687,126.13449,1068.2891,455.12103,-135.32507,1031.3676,476.4294,53.207417,1032.3346,478.3616,-23.628628,935.56793,395.2174,335.5146,966.363,457.85092,-252.1101,888.04016,533.6241,389.89075,920.09326,604.4094,-241.3278,997.5766,566.9267,345.06088,1032.0825,602.3899,-3.5030646,1050.3208,578.1486,360.8835,1084.0839,611.4186,-16.440884,1051.927,567.4435,369.01038,1074.3654,586.78217,-3.8480082,1035.0695,562.6024,344.36072,1057.7449,578.87085,7.451709,663.7006,399.72095,191.01141,667.6006,434.0489,-191.01987,449.14948,469.38144,181.31732,442.29193,477.36914,-150.44568,228.33737,500.8307,209.1773,197.9617,505.73346,-145.61781,176.62735,477.87695,204.77339,144.04071,472.08334,-153.79054,217.8316,579.5293,114.45344,207.12878,591.06384,-279.70618
correct_21.jpg,plank_correct,1046.1809,487.45834,8.9847555,1066.0353,477.72092,26.210289,1066.9626,474.71417,26.169321,1068.0295,471.57187,26.154089,1066.6721,480.3197,-33.2233,1067.9985,479.01617,-33.27936,1069.42,477.80386,-33.3824,1067.0046,446.15005,135.75636,1068.0751,457.8562,-131.61513,1030.2484,476.42517,58.109646,1030.6566,479.77444,-20.406876,939.16003,390.69568,349.17474,967.5849,456.7062,-260.47592,892.63904,534.611,395.27716,913.8679,603.3264,-246.9273,991.7819,567.1779,335.74756,1022.8657,598.65857,7.0809393,1045.6221,578.52374,349.48367,1070.5454,609.07275,-4.695949,1048.8667,567.77344,358.63672,1068.0569,586.2655,6.795741,1032.1498,562.9139,334.6085,1049.7108,576.9202,18.016678,663.6006,392.9727,201.01413,668.479,429.86664,-201.04515,444.86206,471.0341,187.48828,441.2052,477.46277,-159.2162,219.53789,502.05933,218.01384,201.73103,504.84628,-152.91713,168.61575,479.51486,213.34543,149.78493,475.40967,-160.59569,211.30234,577.32513,121.538605,204.45667,588.88324,-285.76706
correct_22.jpg,plank_correct,1047.3219,485.68976,12.524966,1068.0629,476.39328,27.98257,1068.8091,473.5605,27.945927,1069.7413,470.51602,27.932346,1069.3003,478.1845,-29.795132,1070.8098,476.79187,-29.84251,1072.3635,475.46252,-29.942492,1067.6323,445.15735,131.17982,1068.7716,457.5183,-129.01631,1030.2102,476.26144,59.652184,1031.0566,478.39545,-16.752481,940.6153,389.51447,336.97415,968.87195,456.1443,-252.13376,895.58594,538.45215,379.88388,917.3186,601.517,-240.02075,995.87555,565.4198,316.78027,1025.8815,599.73346,3.1497498,1048.9912,574.9484,328.66864,1078.2632,609.19867,-8.921708,1056.8845,566.0387,337.77164,1075.6989,585.0229,2.6440337,1039.941,560.0575,315.67667,1054.3706,575.54675,13.904575,664.75867,393.49487,194.70749,670.6904,429.93634,-194.73604,448.49716,468.69504,181.11554,438.26965,479.31857,-152.30164,215.5469,496.0269,203.0819,203.97977,506.58786,-148.5238,175.82741,474.6283,197.69354,147.7641,474.24707,-156.50677,209.25919,570.27325,107.21661,203.02722,589.2716,-277.28363
correct_23.jpg,plank_correct,1048.5503,485.3389,6.993334,1068.6193,476.3016,23.046318,1069.5063,473.2457,22.995527,1070.5537,469.9759,22.968754,1069.4398,478.78088,-35.456116,1070.7688,477.58414,-35.502926,1072.2108,476.4569,-35.594727,1069.5616,443.44647,127.46765,1070.2894,456.83127,-135.86073,1031.2943,474.3266,54.316895,1031.5184,477.43326,-22.972149,941.2549,387.8628,332.5298,969.51917,454.53204,-259.80658,896.4525,536.9952,371.90106,912.95166,601.7464,-248.1114,995.6347,564.07874,304.158,1023.9493,596.45593,-6.686909,1048.6472,573.9093,314.67395,1074.1632,607.39764,-20.005075,1052.6108,563.94226,324.69434,1071.362,582.59845,-9.334612,1035.702,558.53204,303.2419,1051.5,572.8358,3.496173,666.7284,392.66138,193.2876,671.58295,428.87497,-193.29477,447.5913,470.16934,185.21606,442.19208,477.3721,-150.88243,219.6891,499.6355,216.96176,202.95032,506.12262,-137.86147,179.71194,475.8985,212.44281,150.37488,472.7956,-144.78282,207.01408,569.7165,121.00688,200.7182,589.02045,-266.7426
correct_24.jpg,plank_correct,1056.8341,481.8806,-20.587484,1076.9087,472.83286,-3.8223395,1077.3232,470.33603,-3.8642097,1077.8447,467.80576,-3.8780632,1078.3806,473.52386,-60.21171,1079.7046,471.7135,-60.27287,1081.061,469.9716,-60.363106,1073.6362,442.54218,111.19232,1075.7887,450.78583,-142.87463,1038.6531,473.8677,30.939463,1039.5962,474.85617,-43.71868,943.2366,394.29,328.16766,973.3146,452.6758,-260.5863,905.94727,542.9798,372.06964,923.6218,602.3044,-250.61983,1007.5514,567.9084,314.3659,1037.2902,601.32184,-7.795888,1060.0826,578.48474,327.03876,1084.9789,608.8256,-21.618765,1062.2407,566.3518,337.891,1081.0359,582.7734,-11.478184,1045.6118,560.27893,314.24518,1064.0134,574.7683,2.136116,664.9945,392.6635,193.50938,672.1658,427.27448,-193.55518,443.40967,465.5136,182.43155,439.21066,477.43475,-149.34187,213.19885,497.47406,213.15866,202.04028,507.64462,-137.09978,160.83305,472.66995,208.75923,145.46928,473.89618,-144.74168,206.87161,569.09314,114.19455,201.0833,588.82996,-271.4378
correct_25.jpg,plank_correct,1059.0901,483.43912,-24.782158,1079.3838,474.09555,-7.192501,1079.8123,471.5873,-7.241798,1080.392,468.9753,-7.2668133,1080.7822,474.06418,-64.21453,1082.0748,471.76358,-64.274155,1083.457,469.47876,-64.36854,1076.582,442.19858,111.431564,1078.7145,449.03088,-145.48177,1041.0524,475.23676,28.586994,1041.6241,475.34122,-46.965683,943.1244,393.93338,326.25848,973.26263,449.56866,-257.09988,906.13434,545.1496,368.60822,925.1415,603.15405,-252.43011,1013.323,568.9545,305.28156,1041.9471,603.78015,-23.415318,1064.0771,578.70984,318.3996,1090.3209,612.4012,-40.403694,1066.4299,566.7932,326.5699,1086.789,585.8414,-26.830051,1050.7091,560.656,304.19403,1070.1191,577.6082,-12.482449,658.4167,389.63782,186.67828,666.6079,423.8403,-186.70267,433.73083,458.8579,200.08362,431.89545,474.7353,-146.54753,209.41043,484.03766,246.22873,194.64012,498.79407,-116.693405,171.82849,464.71585,243.43971,135.67273,477.75357,-122.273544,201.25232,560.364,149.28789,197.28516,585.01874,-250.95595
correct_26.jpg,plank_correct,1059.7944,480.6036,2.512084,1080.4423,470.64236,19.47306,1080.883,467.65314,19.425367,1081.3657,464.6307,19.39738,1081.6176,472.4023,-38.74734,1082.7908,470.8494,-38.799004,1083.9663,469.37595,-38.90309,1076.5594,438.5495,133.44087,1078.4875,449.89374,-128.52768,1041.3757,470.76804,54.123825,1042.3137,472.94696,-22.962683,946.18445,389.7836,356.30734,976.8413,446.6346,-253.33632,906.3986,543.2748,411.0577,927.6623,603.18146,-250.61296,1015.3818,566.9731,362.92316,1044.9575,603.8388,-32.274452,1067.4539,578.29224,378.04303,1094.2349,614.3957,-52.969852,1069.5311,566.76624,384.97586,1088.2883,587.77045,-40.765007,1053.7551,560.34814,361.39722,1072.6063,578.659,-22.515802,665.434,393.36133,198.93686,672.16455,413.67358,-198.9797,436.84555,464.33545,194.01811,435.67084,468.736,-172.75317,199.39548,488.74353,235.24217,181.11183,480.2822,-159.24474,155.87227,475.06656,232.03255,131.54132,460.33868,-166.55276,198.03607,565.293,141.90154,187.57423,575.6491,-300.34064
correct_27.jpg,plank_correct,1059.7003,482.9004,1.6612221,1079.4159,473.65036,20.245983,1080.016,471.25177,20.199463,1080.8022,468.71027,20.173647,1080.6611,473.75082,-38.15866,1082.088,471.56744,-38.214424,1083.6505,469.32916,-38.309372,1078.6439,440.98157,136.72595,1080.5487,447.94153,-126.417175,1042.2341,474.04114,54.080944,1042.8706,474.68362,-23.295532,946.26025,387.1049,349.64917,978.9087,444.11438,-241.1778,905.3785,537.8179,393.8994,929.19995,600.78253,-231.80557,1015.78644,564.09924,333.4586,1048.9808,600.4208,2.859663,1063.409,571.7262,347.4861,1098.0403,607.3851,-11.541028,1070.8983,562.5978,355.30084,1093.7633,582.08813,0.0017998295,1055.5712,557.2408,332.1788,1078.1821,574.49805,13.369174,669.5264,388.17685,194.72046,678.2459,418.34003,-194.74185,438.87527,454.86664,205.26527,433.01074,472.3448,-162.62573,196.72269,475.7616,237.33713,197.9462,494.43112,-155.67468,151.59106,463.29684,232.74094,130.27417,463.48233,-163.49983,206.79428,563.0953,144.3354,193.58783,575.9845,-292.5969
correct_28.jpg,plank_correct,1065.3966,480.90686,-12.7871,1085.8918,470.8824,5.7763357,1086.4897,468.2893,5.740023,1087.1752,465.60712,5.7159176,1087.04,471.5384,-53.718307,1088.3934,469.51395,-53.772537,1089.7524,467.49646,-53.873253,1083.9407,438.00006,127.059204,1085.3994,446.175,-141.35472,1047.0767,471.68915,41.452217,1047.9548,472.50888,-37.41691,951.5487,385.14615,350.32092,981.70264,443.3906,-264.81744,908.7811,541.8202,392.203,928.8104,600.4664,-260.58917,1016.6251,568.6381,317.59494,1047.8588,601.62396,-19.384396,1071.1133,579.4657,328.99506,1097.9651,611.2831,-36.79396,1073.6238,566.2622,337.20886,1094.1716,583.96436,-24.812912,1056.6493,560.8738,315.74255,1076.7134,575.11786,-8.710428,667.5986,386.35654,198.7959,671.1199,418.5154,-198.85724,432.8393,455.09848,213.72276,427.50412,471.77603,-157.95708,198.05743,483.55762,260.45422,187.35913,496.07254,-127.4448,156.76033,454.55447,257.38705,125.17967,465.67355,-132.65532,195.4158,560.2877,161.8711,184.23795,587.2237,-264.29407
correct_29.jpg,plank_correct,1065.3741,479.93698,5.065688,1087.0593,469.11072,21.786366,1087.7462,465.92035,21.743605,1088.4241,462.67117,21.721416,1088.0515,471.71774,-38.30828,1089.327,470.3505,-38.34602,1090.4922,469.08386,-38.44746,1084.3837,435.91394,134.48367,1085.5673,447.82504,-136.72136,1047.921,468.40445,56.238487,1048.9513,471.4054,-23.503876,956.1883,382.69492,358.2893,986.6568,445.35278,-263.68234,913.7418,536.73645,418.25485,930.91675,602.58826,-263.85657,1026.3118,565.9016,370.713,1053.7018,601.4275,-37.031094,1074.6056,577.234,386.52188,1103.4673,612.1267,-56.168434,1081.1526,567.1554,395.6036,1098.3247,587.31915,-43.331383,1064.8903,559.88763,369.9986,1083.0743,578.1391,-26.59903,668.5544,387.36655,202.55782,671.63055,413.96326,-202.62666,436.8954,458.6927,194.24017,432.30096,464.42218,-171.67879,214.35455,490.73157,232.19162,177.53766,483.91394,-158.85974,150.66968,470.3019,228.49008,127.83562,463.88187,-166.36438,194.85797,566.67474,135.416,183.54652,585.34686,-301.48566
correct_3.jpg,plank_correct,1017.3153,472.6534,177.34596,1033.1385,464.41577,187.81659,1032.7383,460.03018,187.81604,1032.2238,455.30872,187.68143,1034.6001,473.8177,133.29799,1035.0751,475.8129,133.2713,1035.3301,478.11118,133.14436,1023.9109,442.46097,248.00458,1026.3901,472.57608,3.290349,1000.902,464.17303,206.66595,1002.2265,472.27234,135.21544,926.2556,405.12103,404.47708,942.2705,468.36774,-172.50345,887.00793,513.77094,434.81213,896.45483,595.51855,-145.35126,974.6914,580.3485,358.85257,978.01965,614.37604,135.39731,1011.4993,583.4098,354.7494,1005.95935,623.2553,129.69594,1020.81305,586.3072,358.40085,1010.57935,606.3162,128.14665,1006.5626,587.0416,352.5714,997.0673,597.9799,141.73654,676.6992,420.42438,199.04688,677.70447,437.09906,-199.14911,500.22064,501.37897,304.71744,454.73297,483.26004,-246.44089,324.576,533.015,451.8825,221.0419,474.9584,-244.52544,295.37793,524.3387,459.59183,181.63467,452.50317,-249.4449,293.06726,597.70013,402.4173,186.56418,536.0181,-381.11517
correct_30.jpg,plank_correct,1070.4321,479.02194,-12.137946,1091.6272,469.1325,4.1482983,1092.0446,466.35306,4.107166,1092.4718,463.60382,4.1012216,1093.1154,470.23523,-56.656532,1094.4677,468.13422,-56.692528,1095.7314,466.07187,-56.770203,1087.6553,435.5757,121.15599,1089.9314,442.8793,-153.14584,1051.3113,467.2277,41.031883,1052.8014,468.65152,-39.567028,954.20624,381.12216,342.42712,984.036,441.22772,-271.0721,911.77216,531.0579,402.94354,935.7384,597.7837,-270.37952,1024.5403,562.7172,348.66382,1059.2482,599.1457,-41.57633,1073.3013,573.5806,362.4277,1105.1421,608.24347,-60.79538,1080.4489,564.31384,369.95337,1099.8904,583.8344,-47.42031,1064.033,558.80646,347.1341,1084.8342,575.57416,-30.890839,666.36847,385.96732,197.58911,671.148,416.3781,-197.56554,443.4439,459.17758,194.84758,438.7176,470.9003,-159.02606,203.67206,488.19547,229.1163,193.00209,499.74527,-137.65279,149.14268,460.65057,225.26915,134.50539,463.5026,-144.05339,191.53552,567.25,129.04593,183.11409,587.1043,-271.54245
correct_31.jpg,plank_correct,1075.514,480.32468,-10.360046,1095.8657,469.25534,5.1707354,1096.2563,466.2196,5.1313534,1096.6467,463.1033,5.12453,1097.3208,470.75653,-55.435173,1098.7291,468.6532,-55.49574,1100.1719,466.5328,-55.5904,1091.3431,434.24887,121.11429,1094.4689,442.88266,-151.55931,1056.2546,467.69928,42.47665,1057.7048,469.54413,-37.608963,954.76135,380.63284,342.02734,985.0601,439.82562,-272.2717,913.50867,529.13043,400.80145,934.3201,595.938,-263.2266,1027.7554,563.9198,347.1796,1058.4675,597.56757,-19.207218,1079.6387,574.912,360.48645,1103.3868,605.90155,-34.799747,1080.4343,562.7846,370.24756,1098.2953,581.3114,-24.095352,1064.1836,557.298,346.562,1084.1832,573.1575,-8.862062,666.67303,384.96252,196.94803,669.92175,414.04382,-196.93588,438.56665,456.87537,187.2976,434.42764,469.37473,-155.49461,200.42416,488.9666,215.87044,186.2384,497.7977,-143.64883,154.21582,461.38766,211.77702,125.47432,483.32748,-151.29578,196.80038,570.88885,117.09737,189.08801,588.73627,-280.7292
correct_32.jpg,plank_correct,1075.9987,472.7476,1.3833926,1096.8545,462.51874,15.911224,1097.2532,459.2131,15.85658,1097.7056,455.78323,15.842557,1098.231,465.27066,-44.37348,1099.4506,464.02444,-44.426838,1100.6396,462.83337,-44.5557,1093.161,429.8161,124.63086,1094.4163,443.6425,-146.41586,1057.8689,461.4916,51.77996,1059.2063,464.53503,-27.916563,957.76117,380.02173,346.39023,988.80676,441.107,-266.85162,913.91943,528.4393,409.7568,936.28656,596.8509,-259.3967,1025.6659,559.95197,363.9169,1059.1371,598.67694,-31.353313,1074.367,569.0721,380.31247,1109.1454,609.2546,-48.249096,1076.7644,558.8885,389.43335,1103.7731,583.5788,-34.47438,1061.0914,553.3603,363.64398,1087.8885,574.50555,-20.276537,667.3485,382.68668,198.2228,672.316,412.0855,-198.25516,447.7854,458.735,193.53748,437.31964,468.44235,-163.10608,206.49826,488.948,229.6756,176.22002,492.8959,-149.85487,152.88922,461.00732,226.21347,119.0741,459.5338,-156.97424,193.40485,569.1568,135.99158,184.64908,585.64954,-285.77716
correct_33.jpg,plank_correct,1077.9009,471.90112,-1.0883778,1098.9995,461.649,14.57759,1099.4398,458.56772,14.546331,1099.9249,455.37262,14.545452,1100.5734,463.54248,-45.778637,1101.9819,462.04544,-45.851257,1103.3562,460.58075,-45.971855,1095.1442,429.14523,129.46213,1097.2631,439.63806,-142.31305,1059.1628,461.83228,51.505707,1060.7184,464.1662,-28.33172,958.948,378.9882,355.83084,990.70886,439.82938,-266.0807,914.1218,533.9025,407.8096,936.91223,598.8409,-252.20323,1029.7255,562.97327,350.21588,1060.8196,597.29987,-0.99937373,1079.972,572.49023,363.89417,1108.7454,607.39764,-15.287571,1087.8322,561.9291,375.95532,1105.3167,581.2186,-3.9190145,1071.6395,555.23157,350.54797,1090.764,573.3002,9.960625,668.9618,379.94934,201.41559,673.9167,416.28387,-201.45303,433.664,453.48413,186.98868,429.31244,468.94708,-158.39587,192.47928,483.18695,214.9462,171.62773,495.309,-150.39503,140.70056,457.90402,210.42029,114.64985,479.99045,-158.95891,184.96112,569.63715,113.394196,177.42668,590.43695,-292.88196
correct_34.jpg,plank_correct,1079.1008,470.9928,-13.965545,1100.8947,461.0413,2.0792687,1101.4276,458.06992,2.0424435,1102.0111,454.90244,2.0351436,1102.2383,462.39087,-57.883667,1103.6118,460.63412,-57.955658,1104.9486,458.85315,-58.066376,1097.6311,427.13837,118.696976,1098.9283,438.59216,-151.26028,1060.1626,461.06406,39.26826,1061.4574,462.7858,-40.08078,959.27185,375.9681,344.65546,991.94104,438.6117,-271.0609,913.0185,531.944,396.82556,936.9304,598.15564,-260.56827,1029.658,563.3031,339.09518,1062.2722,596.571,-14.7037525,1081.9167,573.5903,352.91504,1111.6632,607.49176,-30.063549,1090.9685,562.4727,364.06958,1108.668,581.0569,-18.95454,1073.9163,555.0719,339.20477,1089.23,571.80475,-4.057636,666.4088,377.857,198.55246,671.6757,415.87085,-198.58524,429.14252,451.97903,200.47537,424.21698,467.9652,-152.14185,191.04805,483.58267,238.2746,170.89566,493.36905,-135.94316,139.45976,458.842,234.5501,110.780334,477.24725,-143.76532,182.82417,567.10345,138.09526,174.1256,584.79193,-278.81046
correct_35.jpg,plank_correct,1081.1641,472.6854,-3.3336115,1102.8354,460.7727,13.064705,1103.5511,457.378,13.028522,1104.2616,453.95496,13.021689,1103.9785,463.57523,-47.30832,1105.4291,462.18225,-47.345985,1106.7546,460.93405,-47.455193,1099.8914,425.92282,128.7837,1101.2292,439.7242,-143.32623,1063.0935,460.70523,49.621677,1064.0581,463.7718,-30.375874,963.4185,372.03308,353.4735,994.50525,437.8353,-263.01547,919.89557,528.63226,412.39456,940.8008,597.5499,-256.3206,1028.4883,558.508,367.03885,1063.4565,596.83466,-20.946903,1082.1328,569.02246,385.46753,1120.3286,608.9565,-37.499664,1083.9062,558.63654,394.3426,1108.6147,581.89685,-24.014463,1066.4976,552.20905,367.03326,1089.682,572.47437,-9.557125,661.5268,373.80695,196.20813,669.9497,405.06885,-196.27257,419.41382,445.97986,194.04327,425.0859,459.83475,-156.46463,169.69531,472.6253,223.26712,167.95291,482.68942,-137.9844,120.6126,455.05298,218.2951,114.18682,460.86484,-145.02133,177.25311,555.6486,119.60908,173.90205,577.2978,-275.43246
correct_36.jpg,plank_correct,1080.2903,472.40274,-6.844137,1101.9478,461.77417,12.156878,1102.6812,458.82837,12.103034,1103.6138,455.81882,12.085806,1103.44,462.98743,-49.08962,1104.9734,460.97345,-49.12236,1106.6664,459.02454,-49.20319,1101.2947,427.56192,133.54677,1102.9407,437.38748,-142.3824,1061.9679,462.51755,47.29939,1063.2828,464.24368,-33.731308,964.0653,371.80832,357.38446,997.19617,436.47562,-266.84576,915.2811,528.51105,397.04126,939.9688,596.57416,-259.77795,1023.2425,558.3785,319.4638,1059.8031,594.07635,-7.981324,1079.1904,568.1189,330.4339,1115.2336,603.29443,-22.936247,1087.8396,558.8604,341.30283,1110.9539,579.0722,-10.604564,1065.7671,553.4436,318.69122,1092.073,570.729,3.105596,668.547,373.4251,204.69176,673.9106,408.13965,-204.71106,439.0471,452.46472,195.45947,427.25867,462.3946,-163.18068,187.89948,485.186,222.77823,176.36722,491.66547,-150.81155,132.51614,455.07443,217.25842,116.54678,461.4147,-158.30884,178.3696,560.2245,118.30349,171.10196,581.71484,-288.10205
correct_37.jpg,plank_correct,1078.8547,469.03687,21.620235,1100.4575,458.1422,39.31894,1101.7295,454.59152,39.280666,1103.1882,450.99088,39.238327,1100.989,462.13394,-22.337536,1102.5911,461.33173,-22.387535,1104.4349,460.5997,-22.493332,1102.5684,424.64502,151.0147,1103.4069,440.0754,-126.69175,1062.4811,455.32065,72.640976,1063.2693,460.35754,-8.910972,969.27734,360.60638,373.25446,999.79004,438.21365,-259.88965,916.65967,522.11694,411.03915,941.0868,594.31116,-239.82527,1022.53485,558.28827,336.12796,1058.5682,592.21204,36.061337,1081.96,570.3432,349.80405,1110.3782,602.33545,26.279459,1085.45,559.9848,362.70175,1107.1526,578.48706,38.54453,1066.2987,554.33044,336.18835,1086.9349,568.9297,48.193966,667.4531,362.6346,205.72452,671.3339,408.364,-205.82048,433.6325,443.02335,231.3352,419.73648,461.21808,-159.92444,183.14877,468.36273,283.0969,164.25342,482.8535,-129.72583,144.96234,448.63434,280.13782,99.9144,455.84866,-134.68774,187.54346,549.8247,190.87845,170.79617,578.11426,-264.71814
correct_38.jpg,plank_correct,1083.198,465.55432,56.145126,1104.7661,455.04993,73.85743,1105.8254,451.81232,73.824165,1107.0997,448.4808,73.7888,1105.7075,458.0786,11.54356,1107.3193,457.0529,11.473008,1109.1393,456.155,11.361347,1106.0032,421.8828,185.04114,1107.1904,436.53848,-94.65637,1065.8098,452.51236,106.59914,1067.0986,456.45676,24.467648,967.65173,361.17325,401.16052,1000.99945,435.79788,-234.38377,917.29376,520.542,426.28818,946.0385,594.26025,-205.54778,1026.5186,560.6817,341.24597,1063.5084,591.67664,87.68793,1084.6473,574.459,349.89468,1113.0477,601.27496,81.594,1087.8057,563.6512,364.94177,1108.7367,576.9153,91.199066,1068.8378,556.4757,341.21356,1088.7961,567.7206,99.41504,670.84436,360.89514,210.58713,676.0263,404.7767,-210.65782,433.16272,447.74023,195.24316,423.72983,460.68008,-177.98769,180.07748,483.67148,217.29907,159.47739,481.42596,-176.6905,136.43105,461.388,211.18176,106.3353,448.70755,-184.94812,173.58574,558.1387,116.45265,135.31323,575.1644,-317.69217
correct_39.jpg,plank_correct,1083.0869,466.23328,21.680473,1104.9631,455.14423,39.416344,1106.0048,451.64648,39.37042,1107.222,448.14374,39.34047,1105.8656,458.44333,-22.975368,1107.4469,457.22437,-23.046247,1109.2471,456.0843,-23.166069,1106.5188,420.91464,153.02133,1108.0916,434.8755,-126.93788,1065.2136,451.61707,73.17328,1066.8403,456.00644,-9.104918,968.3456,360.5776,378.80154,1001.1371,434.13943,-266.47562,917.2284,517.96857,422.38452,948.424,593.9727,-245.27133,1033.3833,559.6508,360.45227,1073.7881,590.2925,43.090027,1090.357,572.9849,374.78412,1127.7827,601.71985,34.80676,1092.948,562.26337,388.79095,1116.7544,575.20184,45.842243,1075.7949,555.6445,360.89142,1097.5507,566.54346,54.94538,664.0591,362.94226,213.7194,669.2059,403.63907,-213.78131,423.26596,447.29935,196.45862,420.54285,456.09088,-171.97144,171.47583,476.42688,220.20103,153.87405,477.4654,-172.03978,129.78192,454.3243,214.24135,103.21205,451.5825,-180.68134,169.9392,553.491,118.02893,164.66815,574.1327,-311.87585
correct_4.jpg,plank_correct,1021.3611,477.95764,100.5764,1038.7748,470.17883,107.962036,1039.2141,466.5643,107.958305,1039.7216,463.27695,107.9193,1038.6925,477.3741,53.09313,1039.2169,478.71063,53.024464,1039.6694,480.2748,52.864574,1033.8406,446.6369,168.15704,1032.5698,471.37915,-77.95693,1005.4802,467.85626,131.52916,1004.3318,476.42993,59.437164,921.3739,410.91776,355.9346,942.7168,470.43338,-230.2257,873.6939,538.49805,398.4538,894.7887,607.1748,-211.17256,962.73956,578.3094,346.0578,989.1537,605.2702,28.611256,1011.2082,589.3405,357.0883,1033.4165,614.52515,16.368944,1015.50574,580.34705,363.6099,1031.2609,594.7487,23.376549,997.08325,574.3026,343.0343,1011.60675,585.629,36.54858,671.62244,411.69827,201.67194,671.85516,443.6201,-201.81282,470.43787,487.12347,216.50476,457.12418,490.542,-179.91258,265.0252,518.636,282.73212,240.45296,520.6735,-170.88295,236.51268,503.2315,282.85022,184.48819,502.16052,-178.42877,248.90643,584.8581,209.5036,232.2625,597.921,-304.82883
correct_40.jpg,plank_correct,1087.9731,466.9779,24.253387,1110.0525,454.95502,43.93441,1111.0579,451.5812,43.89956,1112.2501,448.33237,43.887146,1111.2229,457.759,-19.541105,1112.9667,456.2029,-19.606115,1114.9517,454.77432,-19.716106,1111.2303,422.0121,166.8291,1113.6025,433.31064,-118.89923,1069.7301,453.7752,79.280334,1071.4233,457.94333,-4.6434565,968.478,357.92725,394.69196,1005.3978,430.61322,-253.40253,919.7169,520.4777,434.52945,951.325,592.5204,-235.14136,1037.1902,556.72833,361.53336,1078.4374,589.46844,47.88569,1093.9583,567.11743,374.46536,1131.541,598.04315,38.597816,1096.9335,556.94635,388.10745,1122.1108,573.61304,49.762608,1080.4955,553.16187,361.73688,1103.7444,566.0981,59.89205,669.23193,358.89154,211.01932,673.7103,401.39142,-211.09155,421.6406,437.72647,197.96303,418.3821,453.57834,-171.57718,156.54568,469.0559,214.03725,147.50018,483.249,-167.32603,107.94613,446.34412,207.37558,93.28213,447.34995,-175.46176,166.7421,557.7862,107.2003,158.20648,577.0619,-308.04938
correct_41.jpg,plank_correct,1096.9335,468.5427,-23.846891,1119.4214,457.51843,-4.7870283,1119.9358,454.6955,-4.842956,1120.5592,451.9952,-4.8718247,1121.2361,458.15558,-67.24063,1122.8387,455.70834,-67.28443,1124.5659,453.27255,-67.36311,1117.1775,423.62247,119.844635,1120.1544,427.95697,-161.63046,1077.2845,457.02365,32.17715,1078.3625,458.2673,-50.600426,973.1749,361.80908,347.19092,1008.6645,430.62543,-277.9651,923.3499,519.8712,409.77615,949.5349,594.4282,-276.74533,1040.3474,549.9725,373.71188,1077.0897,590.4233,-32.28087,1096.1049,560.8404,394.92615,1132.2458,598.32227,-48.885387,1104.6068,552.1572,404.74994,1128.3563,574.58325,-32.92441,1081.88,545.40796,374.28638,1108.8298,565.89325,-20.06257,664.0049,365.4035,198.79071,671.9286,400.43024,-198.79874,420.28107,441.906,207.75381,418.7401,452.3835,-148.38614,174.66489,487.044,250.2623,154.59053,488.42203,-128.42181,128.51349,459.22968,246.77934,100.21515,455.45178,-135.67212,166.0181,560.1333,147.43431,156.14597,574.39136,-271.92075
correct_42.jpg,plank_correct,1096.6793,467.4978,-12.665756,1119.3219,456.912,8.208305,1120.1195,454.15836,8.174371,1121.1154,451.3228,8.15426,1120.7927,457.16254,-55.279465,1122.4956,454.65726,-55.31795,1124.3358,452.09448,-55.392365,1118.434,420.59528,139.4382,1120.4974,427.5079,-146.83052,1077.952,457.29974,45.374714,1078.8608,457.70184,-38.684856,975.6085,364.94452,371.32422,1011.9,425.38885,-272.95322,932.2714,527.1767,416.87128,952.9243,592.79376,-263.4571,1039.7855,553.0204,350.85162,1076.5253,588.362,6.226491,1098.591,563.2844,365.2873,1133.1577,598.09924,-7.410795,1106.0237,552.5997,377.58392,1129.2219,571.11566,2.1134236,1083.419,544.8887,351.106,1110.4817,562.1529,16.891205,673.21594,362.5167,209.68063,678.3684,393.83307,-209.68137,416.93207,435.96042,205.59386,416.75534,451.69028,-162.20177,167.98317,477.4657,225.5452,156.30577,493.5276,-150.02283,118.339386,453.8898,218.9499,93.879585,460.18936,-158.52293,173.86945,562.3658,114.05122,163.62262,579.5915,-296.63638
correct_43.jpg,plank_correct,1101.7393,464.67215,-19.06808,1124.245,453.5218,-0.40509674,1124.8192,450.51117,-0.4590622,1125.5139,447.31628,-0.4937228,1125.6865,454.4474,-63.63699,1127.202,452.2709,-63.679268,1128.7217,450.04556,-63.77258,1121.3293,416.593,125.06299,1123.5602,427.01056,-159.54192,1082.4498,454.39178,37.66548,1083.545,455.89783,-45.964226,976.77954,361.04684,357.3267,1012.78357,428.72083,-281.1657,933.9025,526.2118,410.8786,955.28406,593.32074,-273.4977,1048.9563,552.43994,346.11447,1084.452,589.8636,-15.378495,1105.7952,565.14606,361.57648,1135.608,599.31885,-30.996351,1108.3209,551.8137,374.1526,1131.217,570.25366,-16.203148,1090.5612,544.8993,346.68454,1113.4003,561.48035,-3.0087757,666.1345,359.9102,202.77184,675.57,397.23193,-202.82317,421.6715,435.69012,222.2873,419.35287,450.78036,-157.69441,164.94977,463.08832,279.3345,149.06125,473.29068,-115.78561,120.33352,437.04468,277.1772,102.940865,438.01962,-119.86705,159.62097,544.7617,179.16486,148.68187,570.376,-253.24887
correct_44.jpg,plank_correct,1103.4314,455.06363,-2.5268917,1126.7693,443.74997,12.92019,1127.1732,440.30316,12.869694,1127.5117,437.00327,12.846365,1128.2625,446.81778,-47.81803,1129.6244,445.72037,-47.853046,1130.9312,444.75467,-47.951942,1120.3344,411.1424,127.30999,1123.4893,423.95248,-145.94707,1083.4803,444.41147,50.35199,1085.0176,448.2882,-30.099333,982.4694,353.70703,359.765,1014.48303,424.36133,-271.7551,935.4767,523.7393,419.14005,958.4253,590.46655,-261.13644,1049.3385,552.1374,366.1136,1086.7351,592.0871,-19.222141,1106.8967,565.0412,381.58096,1142.0859,602.403,-37.804676,1116.217,554.0025,390.9203,1136.4557,573.9363,-23.838179,1092.581,545.7988,365.5335,1120.1998,565.61224,-8.066035,670.4907,360.12405,205.96295,676.9166,394.92783,-206.00706,428.99478,441.84274,202.67422,423.03726,453.96216,-173.78357,173.40298,468.88773,239.4631,158.26282,479.79056,-163.17656,130.26553,438.6735,235.34064,97.56775,459.30936,-170.81,164.75616,552.6047,140.45111,146.21402,577.2642,-305.71475
correct_45.jpg,plank_correct,1108.051,461.66516,-11.631897,1132.0594,449.64758,4.7178907,1132.5562,446.56744,4.6608977,1133.045,443.3366,4.635337,1133.6101,450.81964,-60.00029,1135.1079,448.65854,-60.03819,1136.5453,446.47906,-60.13085,1126.4767,412.78952,126.03644,1129.2213,422.76328,-165.19992,1088.4302,449.79678,44.50581,1089.8113,451.66232,-41.224632,979.0524,357.07446,358.19086,1015.3584,422.59616,-283.10483,932.9353,519.5526,428.95563,961.4826,591.2478,-286.38132,1053.7842,550.90515,378.04935,1096.869,593.4776,-60.034996,1108.2808,562.40393,396.1694,1146.0355,602.7981,-82.73677,1116.4863,552.3935,403.49298,1140.0231,576.1233,-64.77797,1091.9337,543.9316,377.10748,1123.8586,567.05505,-47.477837,662.5097,358.8881,200.64703,670.803,392.57816,-200.66298,420.45905,437.01956,220.97614,417.4756,447.37967,-155.1591,164.63809,470.02948,282.667,145.34518,475.0744,-117.34847,117.41848,438.81656,281.6374,92.195015,454.78668,-121.927864,155.71442,551.62787,184.37773,143.35297,569.4755,-258.60684
correct_46.jpg,plank_correct,1108.368,458.21765,-18.682495,1132.0078,447.676,-0.8074215,1132.7391,444.97186,-0.87565374,1133.6622,442.08456,-0.91079205,1133.4342,447.8997,-64.45114,1135.0267,445.53726,-64.509056,1136.6514,443.08566,-64.61607,1130.5797,410.9642,121.87919,1132.2023,418.82504,-164.23882,1089.3536,448.6437,37.25281,1090.2749,449.16776,-46.853367,984.6923,356.45963,353.4677,1018.95984,421.691,-286.87488,937.1044,517.02765,407.22583,960.3527,590.1525,-274.15295,1054.7197,549.9731,341.39032,1093.1154,591.04126,-12.49608,1112.5083,563.4853,354.1255,1145.8959,600.7988,-27.994694,1114.6074,549.6757,364.91757,1140.348,571.47437,-14.784713,1096.9313,542.58,340.87204,1122.3102,562.3807,-0.8142401,671.75464,354.9965,207.82385,677.9087,393.70795,-207.83708,430.44775,438.74496,223.85355,415.22018,447.39847,-161.73979,173.19958,468.25345,278.0225,138.15987,469.24396,-136.86351,131.65337,444.16077,275.56583,91.76388,432.54285,-143.41434,160.87048,558.25085,181.35194,139.95834,569.0572,-283.09497
correct_47.jpg,plank_correct,1106.9075,460.5207,3.8442068,1129.9985,448.71536,23.730953,1131.1208,445.27716,23.684132,1132.429,441.995,23.661285,1131.4517,451.11456,-41.935097,1133.4458,449.32297,-41.984802,1135.6508,447.42795,-42.074677,1132.3046,412.7879,149.66093,1134.7583,423.3608,-146.31897,1088.7152,447.07944,60.202274,1090.1521,450.48047,-26.741447,984.05164,347.61923,381.53003,1020.2001,417.94742,-277.2832,932.1321,513.251,431.44498,962.31537,588.2126,-266.9112,1052.2817,549.3162,360.37704,1092.1384,586.26575,8.208286,1109.4423,559.37195,374.0971,1146.2667,594.8207,-4.1037016,1112.9006,548.70496,386.6842,1143.2341,569.0168,7.7037377,1095.4723,542.8055,360.3389,1118.2753,559.5707,20.078873,669.70087,351.05917,215.66782,675.8467,390.3212,-215.71321,418.33612,430.04523,211.13818,411.234,447.49353,-168.93343,163.2648,467.58786,235.69315,136.978,474.32327,-164.60168,107.930336,435.95676,229.56369,86.57238,438.22824,-173.4224,156.50851,556.4761,128.29236,145.01869,575.03546,-312.66907
correct_48.jpg,plank_correct,1106.3429,455.46313,24.89275,1129.6477,444.793,41.992676,1130.7278,441.48788,41.942596,1132.0398,438.20935,41.91294,1131.183,447.2854,-21.51169,1133.2106,445.675,-21.57309,1135.4381,444.23407,-21.661787,1132.5779,408.9326,155.71236,1135.0842,421.34848,-129.80058,1087.9441,441.92502,76.97087,1089.7386,445.55954,-7.0589967,985.9424,344.90674,373.74725,1022.08606,417.1681,-256.8474,933.74036,510.81586,422.239,966.81213,588.63434,-234.4764,1055.4316,548.68604,368.429,1098.256,586.44696,45.1019,1112.0762,558.67883,383.56653,1152.2764,594.54663,37.107613,1115.4832,547.7063,396.95868,1147.5051,567.26917,50.421795,1099.0641,544.3742,369.14334,1127.666,559.09766,57.687016,672.9786,347.5751,210.06415,678.9634,391.86688,-210.0688,433.48846,435.4504,210.50806,415.51935,450.47684,-169.5546,172.3132,462.3223,233.8597,140.32005,470.1425,-184.31564,127.83207,439.62625,228.27524,77.59815,433.96585,-194.6394,162.59106,549.4979,140.04099,134.38896,574.60614,-330.96497
correct_49.jpg,plank_correct,1108.5145,453.26517,19.703432,1132.0653,443.25333,38.103416,1133.2498,440.21506,38.045403,1134.6881,437.09656,38.00823,1133.5706,444.71707,-25.346378,1135.6675,442.82285,-25.394493,1137.9664,441.04593,-25.474163,1135.9789,406.7392,157.2294,1137.8354,418.0022,-128.46106,1090.574,439.63504,73.40222,1092.2825,441.84174,-10.566617,990.9324,344.1774,375.2675,1024.927,413.18094,-255.49097,938.4636,510.77142,412.76004,965.86694,586.30035,-234.11023,1056.471,550.62933,339.51587,1097.5394,586.04926,52.706676,1113.9143,560.71747,349.27966,1153.4421,595.11926,45.833164,1117.2883,548.5894,365.29413,1149.0376,567.3242,57.34995,1100.3025,544.8497,340.43246,1123.2919,557.7045,64.84274,675.22546,345.4423,206.83199,680.76605,387.32742,-206.8347,423.79056,431.3265,189.29816,416.09927,446.8546,-163.85669,164.56398,459.4551,201.32936,136.7569,468.30722,-178.4859,106.244774,432.93488,194.40552,73.4568,432.19412,-188.93892,148.94516,556.3734,96.47843,132.90825,574.71063,-326.2047
correct_5.jpg,plank_correct,1019.17957,493.98828,67.37471,1036.6173,486.89334,81.91133,1037.3958,484.03436,81.90781,1038.2936,481.29697,81.90036,1036.7487,490.39114,21.959366,1037.5106,490.08987,21.874107,1038.3818,489.95685,21.726828,1035.9202,461.37738,173.40863,1035.5028,476.68747,-96.01227,1004.104,485.24643,109.937744,1003.7153,489.14923,31.028713,917.82983,410.83514,378.09354,943.6223,470.65454,-241.62634,873.93097,542.5172,436.33075,892.17944,608.4691,-221.38258,966.0953,573.85,392.1562,993.5101,607.8331,34.421074,1015.64197,585.47986,406.64496,1042.7854,617.7755,23.008057,1020.3168,575.7436,411.69257,1037.5168,595.0203,31.195835,1003.7864,569.68616,389.04312,1019.96875,586.0378,44.1588,670.82465,411.14346,205.84668,673.4101,447.29483,-205.91989,465.8451,485.47092,198.37746,450.52985,494.04486,-177.83078,260.33737,517.30396,232.01767,231.98524,518.0932,-174.2333,218.34259,491.80222,228.64838,170.83702,493.92084,-182.10931,247.87967,586.6818,152.2978,232.86972,601.31976,-305.72714
correct_50.jpg,plank_correct,1115.0084,455.20935,-2.0208082,1138.5071,445.4024,16.833782,1139.4811,442.56445,16.793299,1140.635,439.65912,16.770868,1139.7834,446.14722,-47.6271,1141.5502,443.94037,-47.678833,1143.4246,441.86206,-47.753582,1139.4282,408.19135,143.11987,1141.0656,417.8369,-146.86572,1095.6099,444.02188,54.402157,1096.4552,445.10947,-30.665236,988.48517,345.2897,367.24673,1023.17163,413.91104,-275.9116,932.61743,508.78964,404.95728,960.63116,587.10333,-246.61932,1054.0265,545.15045,332.30334,1092.4207,583.3884,59.444687,1112.4515,555.4924,341.7918,1151.8379,593.8491,54.132915,1116.0642,542.07947,360.1684,1142.4753,562.6812,63.579636,1098.6936,536.3106,334.2003,1120.5603,552.9749,71.43091,672.52325,347.15744,209.86966,678.68225,389.9875,-209.87212,418.89215,429.7658,181.9144,409.84766,446.6404,-154.2422,152.2728,456.6845,189.31273,122.68345,479.15225,-164.30617,89.19178,424.91092,182.09808,66.4254,444.37723,-174.7024,143.91388,556.59576,79.961205,133.79865,576.56946,-309.60757
correct_51.jpg,plank_correct,1120.8511,452.68024,5.4786835,1144.7936,442.02667,22.609041,1145.5122,439.19485,22.548372,1146.4498,436.24048,22.517963,1146.6906,442.54364,-41.683777,1148.4331,440.2468,-41.75325,1150.2612,437.97534,-41.83767,1143.919,404.77945,143.29639,1146.1412,413.7004,-145.88623,1101.2756,441.22284,60.233078,1102.8862,441.99435,-24.73516,990.85095,341.73093,369.40448,1027.7799,412.72653,-272.115,932.37415,499.4392,420.54947,970.6613,586.1403,-238.83313,1056.0625,544.2879,361.4405,1099.8651,587.22394,67.156815,1112.8829,554.3888,374.32462,1157.906,596.927,62.10917,1115.4263,541.14453,389.63504,1152.582,567.48627,72.37883,1098.3225,538.03076,362.72546,1131.3737,558.5791,79.3921,671.35205,345.21893,206.63129,678.36865,378.49844,-206.6292,420.30212,431.69342,182.92142,412.68692,444.72263,-160.4213,154.31729,461.5499,194.95131,128.35655,465.37122,-169.54904,101.50509,438.24524,188.41324,73.08056,436.58527,-179.68025,149.6835,551.10034,89.677795,131.67488,570.2151,-317.1352
correct_52.jpg,plank_correct,1118.9694,451.50778,2.726832,1142.8212,441.9728,20.426767,1143.6565,439.28217,20.357735,1144.6956,436.476,20.318354,1144.6307,442.3594,-43.456818,1146.559,440.07498,-43.518127,1148.5669,437.81415,-43.58783,1143.5232,404.6998,142.20938,1145.9094,413.34317,-145.15051,1099.5977,439.91644,57.754826,1101.2062,440.6981,-26.70041,990.57983,340.38705,364.57416,1026.8673,413.35883,-268.43423,934.1812,499.67212,414.08447,968.1388,586.38727,-236.48138,1057.4089,542.84485,356.0666,1100.966,585.2724,66.65338,1114.9662,554.32294,368.1717,1159.8396,595.85706,61.192574,1117.2743,541.1814,384.0085,1154.5149,566.2407,72.639305,1100.6757,535.17084,357.51633,1132.7233,555.51715,79.0996,671.92053,346.45013,205.35178,678.9819,379.60815,-205.32896,421.82184,435.2605,193.49013,413.3078,445.7998,-163.21524,154.00372,461.43918,216.37985,126.40152,466.66382,-166.89217,106.06705,427.42825,210.98189,65.48611,450.85126,-175.9427,145.1403,549.81036,115.26539,125.95722,568.6806,-312.31543
correct_53.jpg,plank_correct,1120.1854,450.92535,11.284216,1143.8364,440.62927,28.5495,1144.5886,437.6657,28.493616,1145.5503,434.52414,28.47183,1145.6825,441.63773,-35.981842,1147.5762,439.5629,-36.063225,1149.4697,437.53506,-36.155796,1143.769,403.56036,149.3888,1145.967,413.92868,-140.72699,1101.2239,439.26257,66.156,1102.9246,440.85007,-19.06451,991.4725,343.1317,378.0398,1028.3832,411.7769,-271.15897,932.47754,500.96295,429.11313,970.9004,585.23615,-232.89664,1057.6838,544.68976,366.1986,1099.1731,586.2981,81.159744,1113.286,554.7507,378.42822,1156.2343,596.7581,77.87775,1116.4817,541.03204,394.5677,1152.0824,565.719,86.81058,1099.4329,535.3903,367.56372,1131.5696,555.9448,93.257385,672.61725,345.11002,213.39285,678.8294,377.86823,-213.39815,423.8075,428.46088,183.74063,413.54468,442.5018,-165.13368,158.91635,458.22757,189.49081,129.5715,469.62305,-186.66441,104.80858,435.46173,182.36574,73.665085,436.35242,-198.55385,147.4921,560.3832,86.65805,126.49567,579.0492,-336.77585
correct_54.jpg,plank_correct,1120.8953,451.61542,4.547991,1144.9661,440.72934,21.543018,1145.6986,437.66403,21.480427,1146.6252,434.4026,21.454222,1146.8468,441.90628,-42.323105,1148.5979,439.86353,-42.39676,1150.4109,437.8186,-42.489456,1144.3236,403.46432,141.63614,1146.4784,414.21735,-145.43124,1102.1741,440.1393,59.237137,1103.7788,441.95654,-25.109434,992.3465,343.20602,372.2083,1028.7921,413.80875,-273.1497,933.2915,500.18832,431.0758,970.67786,585.68365,-241.28563,1058.0983,543.4109,380.63666,1099.8042,587.13965,59.837173,1113.0092,553.618,395.9693,1156.4161,597.3723,54.411026,1116.3123,540.91504,411.27133,1152.7517,567.41705,64.43063,1099.4253,535.3695,382.33295,1132.2732,558.64545,71.89502,671.7013,342.70328,209.34854,678.29333,377.85345,-209.34714,421.10504,430.17825,184.965,413.3584,443.68063,-163.66432,155.82211,458.30786,197.66618,128.01129,472.01608,-175.16402,102.43393,436.07703,191.08711,73.04253,435.14627,-185.55988,150.22488,552.0355,93.47691,131.10146,572.5043,-322.3682
correct_55.jpg,plank_correct,1121.7927,451.57397,3.364214,1145.8192,440.7564,20.265654,1146.5209,437.74442,20.193825,1147.427,434.5466,20.15974,1147.6918,441.77686,-43.019623,1149.4114,439.6765,-43.089928,1151.198,437.57352,-43.183704,1144.8925,403.61258,139.16043,1147.0945,413.82825,-145.03384,1102.637,440.11212,57.57982,1104.2833,441.71838,-25.968435,992.4417,342.93002,367.1173,1031.1982,414.4495,-270.06528,932.434,499.41534,425.18256,969.6668,585.49207,-240.50647,1057.5997,543.88806,378.33875,1099.2911,587.0435,53.971687,1112.7705,553.6638,393.91663,1156.1847,596.98846,47.87148,1116.0072,540.5631,408.83124,1152.356,567.01575,58.531845,1099.448,535.0836,380.05524,1131.4935,558.12604,66.00083,671.8817,342.76456,206.0416,678.3296,378.23248,-206.0225,421.80914,432.37888,186.25601,414.1542,443.39624,-162.91705,157.11098,461.28888,204.87144,128.72531,467.69357,-171.80075,105.09056,439.1028,198.90129,75.33604,432.8545,-181.78468,148.71564,551.14526,102.849495,129.99973,569.4509,-318.64194
correct_56.jpg,plank_correct,1120.2546,452.18774,5.814605,1144.1321,441.92313,23.30983,1144.9163,439.05627,23.24469,1145.917,436.04385,23.211031,1145.9255,442.5571,-40.73649,1147.8341,440.27338,-40.80044,1149.7269,438.02417,-40.882744,1144.0073,404.16174,144.07732,1146.1046,413.60834,-143.92017,1100.7291,440.6232,60.450485,1102.3976,441.5623,-24.163715,991.21326,340.81616,370.31985,1028.1307,413.24292,-270.10223,933.6885,499.638,421.5953,969.71747,586.0377,-239.37065,1056.4069,543.78925,365.6404,1100.1768,586.13416,63.779987,1113.0745,553.6534,379.20044,1157.6659,595.9895,59.206947,1115.8882,540.9323,395.78064,1152.5493,567.1018,69.74603,1099.0309,537.8522,367.54483,1131.3701,558.17554,76.039215,671.65564,342.46338,206.35988,679.2022,378.56122,-206.35202,421.8904,432.77036,180.25664,415.21063,444.77618,-160.98381,155.33958,461.75854,191.85875,129.79439,465.33044,-171.36461,101.73382,439.65555,185.2763,74.277725,437.14783,-181.33191,147.48288,557.03094,86.73203,130.85583,570.5619,-317.2268
correct_57.jpg,plank_correct,1119.3015,451.42435,5.3666024,1142.7142,442.24146,23.456211,1143.5078,439.5987,23.384548,1144.4906,436.85498,23.34984,1144.3853,442.67728,-39.933083,1146.2322,440.45227,-39.995686,1148.1813,438.2624,-40.063736,1143.228,404.80026,146.18596,1145.563,413.60028,-138.9813,1099.8191,439.92224,60.654045,1101.2079,440.72617,-23.081274,991.00684,341.02853,367.45276,1026.555,412.3956,-262.38123,933.3131,500.88525,402.98065,967.6623,585.9686,-230.6625,1056.3966,543.68335,333.30548,1099.1497,584.4236,73.84044,1115.5438,555.3122,342.6959,1159.0052,595.67096,69.28427,1118.2728,542.32587,360.2506,1153.8813,566.1473,80.65245,1100.8748,536.27136,334.97278,1126.5197,554.8535,86.29866,673.3452,345.9055,205.968,679.38995,380.13412,-205.92181,420.84772,430.40796,181.2844,414.8795,447.8737,-156.48735,154.13116,458.47113,193.40988,131.5612,472.90588,-169.673,101.51142,434.19806,186.81581,74.54769,437.65897,-180.34756,147.55923,551.1795,88.127655,132.41794,572.6208,-315.97458
correct_58.jpg,plank_correct,1118.753,452.07047,2.6624987,1142.2098,442.59915,21.053259,1143.0591,439.86926,20.983467,1144.081,437.04736,20.944603,1143.7954,443.2769,-42.67475,1145.6517,441.1202,-42.735474,1147.6005,439.0141,-42.810654,1143.2216,405.09274,144.51938,1145.4353,414.31927,-142.06305,1099.4843,440.3428,58.154892,1100.8301,441.4244,-26.001398,991.5347,341.17484,367.32785,1026.6973,412.41934,-266.92255,932.21484,500.82965,398.82236,966.96375,585.65625,-233.90541,1055.7977,544.42346,321.99774,1098.4834,583.5853,75.410645,1115.8774,556.9283,330.08945,1157.5846,595.0011,71.70505,1118.6553,543.2323,348.85864,1152.7833,565.564,81.98433,1100.5994,536.8674,323.8288,1125.7056,554.34454,87.67879,672.9078,345.27545,207.90475,678.61786,379.65128,-207.89279,420.03503,431.18546,179.86627,413.43704,447.0536,-157.54366,152.53906,462.5112,189.81897,131.1214,467.77936,-170.97023,100.50808,437.35123,182.79688,73.8501,434.7984,-181.93407,146.41208,556.6798,82.979706,132.32895,571.0172,-319.19913
correct_59.jpg,plank_correct,1119.7754,451.55234,4.5791883,1143.3772,442.17242,22.476843,1144.1681,439.53467,22.406023,1145.141,436.80704,22.374475,1145.1088,442.57178,-40.914196,1146.9833,440.30447,-40.981834,1148.9354,438.0682,-41.045795,1143.7317,405.1704,144.80986,1146.081,413.39005,-140.6376,1100.3506,439.86176,59.817726,1101.9219,440.64856,-24.02292,991.7163,340.29193,366.56995,1027.6729,412.68872,-261.7913,932.96375,499.3966,406.0949,967.5577,585.87305,-229.68446,1056.8372,542.6044,341.69458,1100.2665,585.52466,74.16123,1114.719,553.9774,352.825,1158.8895,596.2573,69.612724,1117.2847,541.2093,369.20673,1154.2302,566.8876,81.95296,1100.3754,535.3126,343.2162,1132.4944,556.3928,87.014114,673.19244,342.58258,204.66597,679.2776,379.7697,-204.61984,421.94672,430.15735,186.24504,415.3557,446.61667,-157.93134,153.38733,459.27942,200.50148,128.6867,474.34338,-171.20613,101.95362,435.6395,194.2156,73.88142,440.38318,-181.77718,146.6814,551.731,96.97892,126.14529,572.57404,-317.96655
correct_6.jpg,plank_correct,1016.36444,498.93927,54.076767,1034.9456,490.5833,70.66123,1035.905,487.78116,70.65054,1036.9832,484.96103,70.63064,1035.0366,493.36966,11.651826,1035.9731,492.7231,11.579204,1037.0172,492.22137,11.446947,1034.9603,463.1609,170.85907,1034.5222,476.30255,-94.83525,1001.2068,489.35748,99.69838,1001.17017,492.5766,21.883293,918.9033,410.87036,377.81937,944.6681,470.28415,-230.72868,871.624,547.7264,425.06348,890.3468,610.2835,-205.42076,967.9135,577.7143,366.23358,993.91656,603.78815,60.461403,1018.31024,587.3572,378.71616,1038.056,610.01086,52.99542,1023.02765,576.4923,386.74573,1036.3793,587.4837,57.771145,1007.2084,571.18115,364.11554,1020.5012,579.84155,69.62126,671.86224,409.29364,203.80196,672.909,446.4821,-203.87617,454.86975,476.39865,201.88611,440.64215,493.51196,-175.59018,251.19629,503.28857,226.66586,229.26308,519.11774,-168.16087,203.18764,482.20505,221.45601,167.88379,489.2514,-175.06366,244.13254,581.96814,138.95474,236.1763,598.8689,-295.277
correct_60.jpg,plank_correct,1119.3596,451.33698,3.5475068,1142.7617,442.14105,21.661741,1143.568,439.4656,21.597118,1144.5718,436.66986,21.567144,1144.45,442.6609,-41.965275,1146.3055,440.47266,-42.030037,1148.2635,438.31415,-42.101246,1143.5383,404.5631,144.53026,1145.7559,413.60883,-141.97153,1099.9065,439.69595,58.91307,1101.3715,440.54117,-25.21576,991.59216,340.24503,365.8036,1027.0023,412.75818,-266.64264,931.9406,500.09195,395.93185,966.64795,585.95734,-233.69498,1055.4304,544.11456,317.89645,1098.4504,584.3907,74.120094,1115.0409,556.4079,326.33133,1157.6356,595.65424,69.77896,1117.81,542.7092,343.79962,1152.728,565.9543,80.78251,1100.2736,536.5606,319.3315,1125.3785,554.80316,86.68103,673.9264,342.56207,206.56319,679.0526,381.1881,-206.55072,421.00275,429.88794,185.68878,412.8186,446.90134,-155.34157,153.26245,461.5521,196.09436,127.671776,471.33893,-168.0481,100.94082,437.77072,189.2775,72.112885,437.95865,-179.02512,147.22923,557.6589,91.91863,131.17485,572.0862,-315.38467
correct_61.jpg,plank_correct,1119.5221,452.73676,11.041184,1142.8907,442.5581,28.848879,1143.7188,439.60397,28.798256,1144.7242,436.5071,28.774204,1144.4001,443.65414,-35.886833,1146.1945,441.57373,-35.956657,1148.1016,439.525,-36.047714,1143.6732,404.57047,148.90573,1145.9392,414.7892,-142.44162,1099.9952,440.83698,65.41345,1101.2828,442.6332,-20.141191,990.62805,340.30872,371.99527,1025.8724,415.4443,-271.4048,932.2863,502.13126,400.6152,965.38025,586.9565,-240.82985,1058.3514,545.6237,319.4476,1099.6354,584.5754,67.05998,1118.1926,558.0154,328.93643,1156.0876,595.1659,62.455368,1121.5936,545.1517,346.14505,1152.9014,567.82764,74.09188,1103.3307,540.3605,320.6609,1127.6984,557.1594,79.92584,671.58594,344.39655,211.08087,677.9983,385.83438,-211.09119,419.2476,429.73752,194.2147,412.3249,446.92117,-159.57437,151.22974,461.16092,205.8645,127.19044,466.93607,-170.77069,99.9345,437.37277,198.8756,72.42718,436.42606,-181.6128,148.83298,553.0894,101.00386,133.669,570.8426,-318.55402
correct_62.jpg,plank_correct,1119.0441,452.26044,9.589959,1142.5112,442.31165,27.496855,1143.3735,439.4249,27.445375,1144.4166,436.39896,27.42131,1144.0334,443.27448,-37.249973,1145.866,441.175,-37.32041,1147.8093,439.1076,-37.412193,1143.457,404.54416,148.45401,1145.665,414.5115,-142.86873,1099.5503,440.49936,64.33908,1100.8494,441.93277,-21.209484,990.1819,340.4346,372.04907,1025.9357,413.1474,-271.93573,931.8021,501.55585,400.3338,965.553,586.5774,-240.29472,1057.6812,545.614,318.0946,1098.6938,584.42236,68.81091,1117.2863,557.7564,327.2505,1155.6248,595.09344,64.26611,1120.8091,544.481,344.4936,1152.182,567.10144,75.71278,1102.6104,539.7651,319.2766,1126.4613,556.29956,81.64703,671.70215,344.2817,211.47958,678.02576,385.6125,-211.49292,419.644,429.9755,195.40895,409.6881,446.41525,-160.55307,151.71921,461.4668,208.41608,127.20394,466.63174,-171.469,100.579796,437.14334,201.60698,72.685165,435.6117,-182.32364,148.77414,553.31494,104.40533,133.20053,570.79663,-319.73758
correct_63.jpg,plank_correct,1118.9178,452.68042,11.502989,1142.182,442.4377,29.934996,1143.0266,439.50806,29.874182,1144.0542,436.43784,29.852812,1143.7067,443.4084,-34.639263,1145.5244,441.26776,-34.711983,1147.459,439.15054,-34.799114,1143.2383,404.63568,152.6958,1145.5215,414.34158,-137.949,1099.4995,440.72394,66.93314,1100.8511,442.29767,-18.39376,990.2822,339.98877,376.5033,1026.1973,412.99506,-263.9433,932.10846,502.3653,403.13654,966.81433,586.95026,-235.50296,1058.2473,546.3253,318.36008,1100.7893,584.80566,67.68283,1118.205,558.5614,327.13504,1156.3264,595.29425,62.154774,1121.8281,545.64197,343.52875,1153.5012,568.2795,74.67472,1103.4678,540.8569,319.189,1128.8948,557.7752,80.679474,671.94574,341.66592,209.17024,678.78424,384.81845,-209.15627,418.87936,429.97806,191.89072,414.56772,447.38843,-158.77916,148.41957,461.06946,204.59457,128.0088,470.04068,-168.13632,96.5435,436.36325,197.61862,70.94936,437.5134,-178.88747,146.30615,553.86053,96.38927,132.06802,571.9284,-317.32324
correct_64.jpg,plank_correct,1118.244,452.34048,10.956581,1141.719,442.56293,29.16117,1142.6124,439.7097,29.112303,1143.7004,436.71497,29.090109,1143.2341,443.3661,-35.43799,1145.089,441.19055,-35.504936,1147.065,439.04565,-35.592865,1143.0109,404.64307,151.42516,1145.0979,414.40704,-139.74872,1098.8948,440.44992,66.07124,1100.1409,441.8496,-19.413683,990.4526,340.37888,373.2904,1026.4001,412.60962,-267.3927,931.60864,501.3703,402.92526,966.75,585.9754,-239.2432,1057.3345,545.4857,319.6542,1098.957,584.0991,65.79495,1116.4747,557.145,328.5893,1155.6324,594.8748,60.50577,1120.0226,543.68915,345.59485,1152.2379,566.7297,71.70562,1102.1954,539.274,320.81235,1126.5568,555.99,78.50806,671.8855,342.6851,208.0465,678.60144,386.69284,-208.06076,417.59552,427.64514,190.1805,412.6471,446.92523,-155.84912,147.91934,459.91333,200.08041,126.09768,468.49707,-163.97148,96.8969,436.8706,192.98567,71.92818,439.89774,-174.39752,148.0582,554.2676,92.60647,134.09146,573.05695,-310.49493
correct_65.jpg,plank_correct,950.1001,344.0506,-1.1272236,961.48975,325.06625,15.227884,960.715,323.2773,15.112163,959.96387,321.41223,15.047742,960.9984,324.1394,-39.569836,959.8815,321.9111,-39.590076,958.6486,319.26886,-39.600555,942.74146,301.65256,122.33192,941.8578,301.18985,-124.80033,932.7562,344.70346,43.477177,931.9585,342.90393,-28.43879,839.1863,323.31104,293.14203,860.40656,322.77588,-264.27182,806.3817,451.8667,343.571,848.94116,466.86752,-384.83798,843.2854,579.0926,229.69547,897.3282,603.6995,-354.81854,876.799,582.8615,233.90161,931.88245,615.755,-424.1316,880.91455,584.4914,175.36118,935.9002,610.89355,-360.92563,873.6632,586.85944,200.47797,923.0232,607.022,-333.41983,618.9312,387.61032,164.07385,633.60626,387.88943,-163.79938,623.0459,567.9071,177.24089,713.9215,579.5235,-197.43472,436.10248,566.08136,310.677,497.84454,556.33374,58.48576,413.7387,533.3934,324.36798,484.1303,518.00903,94.18105,380.15808,592.3393,294.35117,415.23312,595.71564,165.15723
correct_66.jpg,plank_correct,943.19556,342.68668,25.464424,954.50867,325.10352,42.56983,953.96924,323.54385,42.46382,953.3651,321.72977,42.40294,953.4091,323.69073,-13.801943,952.06555,321.1679,-13.842728,950.61365,318.17004,-13.88226,935.007,301.22903,150.49055,932.59344,299.68414,-103.550995,925.61273,344.80634,70.47216,923.7934,342.40024,-3.5261836,831.4472,324.37152,323.1555,856.673,322.0098,-248.55394,793.53125,448.52655,391.4679,848.587,466.75247,-356.0103,828.6781,574.4039,295.92035,896.0656,601.13684,-305.64886,861.7432,578.8026,304.75305,932.1625,613.8913,-370.84247,850.61145,581.3474,248.15872,935.8863,608.6104,-308.17188,860.4658,582.7566,268.33508,923.6384,604.3677,-283.53262,612.4047,389.95267,169.65582,625.8042,388.04596,-169.42783,624.875,570.00446,193.25987,710.1053,582.74445,-210.47327,444.1324,561.76794,329.93668,495.71286,556.8371,53.228333,420.88464,529.32904,344.6844,483.33252,515.63654,90.89921,381.77963,591.6211,325.34866,412.25177,595.4395,170.46318
correct_67.jpg,plank_correct,943.33154,340.7578,5.9612617,954.0331,323.08978,22.287874,953.2354,321.7562,22.189749,952.3184,320.16318,22.131756,952.64154,321.54584,-30.818308,950.82153,319.21634,-30.866997,948.8547,316.62717,-30.899311,932.1825,302.00507,126.10803,928.68835,300.271,-112.72615,925.67395,345.4052,48.786087,923.5977,342.79474,-20.8788,818.9362,329.04242,279.0073,852.58325,322.68597,-238.95186,800.78644,461.12332,344.6549,847.6834,468.67148,-327.4713,850.8784,574.9403,280.38293,899.1223,596.438,-264.69937,873.39087,578.17773,290.51712,931.7862,611.52637,-323.86002,888.87805,583.32526,237.1096,937.27686,607.0501,-264.30432,871.8381,580.15,255.10739,925.73804,602.83606,-243.8661,615.7841,395.12994,153.23065,615.3939,389.43713,-152.91089,662.7134,584.3847,170.16647,674.8102,594.6308,-197.0698,459.11493,565.22253,275.93423,470.41867,562.37024,26.65015,432.55957,533.7093,286.38583,466.94092,516.8142,59.11202,390.30182,592.4726,262.52985,393.83044,593.69806,121.130455
correct_68.jpg,plank_correct,942.9248,345.59143,-26.185768,952.022,329.30933,-8.313677,951.3697,327.9026,-8.416501,950.51807,326.35983,-8.462442,950.6659,327.93115,-67.39973,949.0491,325.73837,-67.45185,947.1646,323.4455,-67.47557,930.4968,308.92007,102.8016,927.62396,308.03058,-162.91174,925.9158,350.7522,20.314371,924.13745,348.46185,-57.01321,833.28986,335.84027,279.30823,846.7376,329.9641,-301.67865,804.9472,453.15384,353.1991,850.78845,478.86078,-405.97137,819.92017,561.9403,247.62198,899.8096,594.92596,-352.7582,839.36755,562.30505,254.21188,930.76843,609.8111,-421.74017,849.70593,563.8985,199.31226,938.0268,602.5595,-364.3731,842.19025,566.19904,220.56622,927.09106,597.3767,-332.86346,605.19696,396.53195,173.04156,610.25684,396.10913,-172.749,627.9664,585.7112,215.2224,691.079,587.41144,-202.29886,437.26813,559.18536,344.46973,479.85797,558.8485,41.34961,412.66162,528.2811,358.13843,470.36084,520.6242,74.58918,389.40823,592.2164,341.79858,405.53574,599.51483,137.16466
correct_69.jpg,plank_correct,939.60706,358.1649,-5.772429,950.30945,342.27048,9.156648,949.78174,340.98495,9.074558,948.9963,339.51855,9.025125,949.0244,340.35095,-44.98134,947.5099,337.82925,-45.014946,945.7126,335.22797,-45.011868,929.2071,322.0673,110.52243,925.772,320.05093,-133.05928,923.0436,362.57162,36.903404,921.21106,359.24942,-33.935677,833.15155,349.73462,274.6111,846.4641,338.2782,-258.49124,827.29095,477.33914,336.43954,835.2501,485.37305,-357.06345,854.36145,573.43146,234.33542,898.71045,597.90845,-315.99414,880.3557,574.4886,235.68011,934.5416,612.96216,-380.3641,888.98303,573.90247,182.25542,941.94403,605.4261,-324.18756,879.2535,575.61005,207.39432,928.5143,600.75,-296.34232,612.8173,405.68243,154.31384,611.52594,403.21692,-153.97882,624.8466,582.51935,156.67029,703.91187,586.70135,-196.91516,412.72723,540.5525,242.32892,491.36664,554.2529,4.0811114,389.0119,504.6986,251.69595,463.40378,511.03464,33.55677,330.93713,593.49097,229.75417,397.1886,596.914,98.62756
correct_7.jpg,plank_correct,1018.28723,501.16162,30.482208,1036.906,492.20526,48.182503,1037.753,489.36377,48.176483,1038.6868,486.4648,48.167236,1037.0396,495.13303,-11.812897,1037.932,494.26233,-11.877588,1038.8799,493.58633,-11.99019,1036.823,463.80222,154.2076,1036.8616,476.30505,-116.135414,1003.0826,490.4502,78.14798,1002.8974,494.2351,-1.0890888,920.50116,408.99124,368.9641,944.2175,468.65814,-252.80107,882.7611,546.6711,419.1053,893.4616,609.2576,-240.24521,971.67975,575.7998,360.59055,1001.23834,610.5428,8.9751425,1022.8775,587.452,375.96756,1049.4932,619.8596,-3.9837506,1030.5569,578.5154,383.08405,1047.2896,597.19226,6.1756663,1014.82043,572.06195,358.4292,1027.4384,587.7363,19.53568,669.22296,408.26825,208.4094,668.3239,441.99808,-208.46408,456.98178,474.9118,210.07074,442.7391,488.23444,-175.1005,254.68732,508.26544,242.99133,231.3121,516.9714,-172.83197,219.82358,484.54135,239.31944,166.74075,487.63007,-180.76358,250.66734,581.4357,163.5101,234.53957,597.4334,-303.229
correct_70.jpg,plank_correct,936.4015,373.0103,-5.6632876,946.9162,356.74335,11.338912,946.4023,355.41064,11.257457,945.8029,353.83954,11.214995,945.7416,354.5119,-42.075912,944.38104,351.78052,-42.104034,942.8136,348.7107,-42.104076,927.27386,335.23257,119.95247,924.68066,332.82968,-121.27591,919.8541,375.9272,38.961582,918.7959,371.6471,-31.26659,821.0393,356.34818,281.83557,841.1743,343.4491,-250.39423,844.33594,492.34448,323.93005,833.4237,489.9759,-367.14493,902.508,577.1283,196.42783,901.3683,596.3591,-356.67615,947.90967,557.7983,191.43039,931.4757,610.00726,-426.4897,950.28064,558.1479,143.88776,938.5015,602.9136,-370.70367,934.1448,561.4318,170.94202,926.4686,598.1089,-338.11145,603.33374,404.3475,156.50679,604.9399,397.00754,-156.11395,614.4375,588.0064,146.71436,713.84375,584.62427,-223.15834,407.48102,542.9515,221.46579,492.8571,559.2536,-39.99089,385.52722,506.31293,229.6608,470.30817,523.6738,-12.026195,355.16586,580.124,204.33128,403.68585,602.4614,53.27995
correct_71.jpg,plank_correct,933.92896,385.2709,-2.1372685,946.1441,368.7913,13.779671,945.7097,367.238,13.690576,945.18744,365.35138,13.644332,945.23047,366.74426,-38.401047,944.05994,363.81787,-38.44289,942.6946,360.7357,-38.43434,929.06915,345.6364,116.200905,926.1339,343.97516,-119.48136,915.6159,387.38608,40.649437,913.7628,383.44354,-27.991047,828.8572,355.04684,270.36676,842.4694,358.47617,-242.26053,838.7567,483.26978,321.56934,830.9325,498.23645,-337.237,911.5807,577.5953,201.39738,898.0024,607.7639,-308.08844,959.5752,562.3883,198.22685,929.9309,618.90515,-369.72256,965.8097,562.03827,153.06558,935.97705,611.8167,-319.33386,940.6707,577.59393,177.16098,927.2079,606.3502,-290.57898,602.42285,402.27167,151.71152,606.6914,401.89386,-151.3669,593.24274,584.1515,162.0441,709.5792,581.3571,-207.88155,398.64304,542.94476,252.31577,494.6431,559.377,2.437631,376.79163,509.18652,261.09076,483.9793,525.5954,32.26334,355.00824,585.6731,246.78806,406.22543,599.9277,109.09188
correct_72.jpg,plank_correct,936.2848,397.96265,-4.5305543,947.42584,382.90775,13.031843,947.1539,381.38876,12.920342,946.7685,379.63455,12.852124,945.833,380.36453,-36.88771,944.4882,377.34833,-36.920723,942.9304,374.2279,-36.918476,931.43256,360.77335,117.392265,926.93335,357.9226,-108.45268,918.9756,400.25943,38.218273,916.7279,395.68973,-27.533394,835.17334,376.00366,255.54823,839.2351,368.1964,-223.33815,880.4243,510.0242,279.54422,829.0453,507.5975,-328.15585,975.603,549.8761,136.20428,905.57935,607.50946,-313.247,1010.1886,552.07043,124.36354,943.51636,618.9474,-374.65112,1008.058,548.48083,88.51449,947.5488,608.16986,-329.88123,997.4551,547.72864,115.32574,936.7282,603.41583,-298.20648,595.92126,405.498,148.85777,607.4644,398.24042,-148.47469,564.8179,567.3497,160.70468,715.78625,583.3063,-198.71783,376.24384,528.585,258.62085,522.558,565.4016,2.591332,359.92126,493.96796,268.15927,496.11313,523.5611,30.49162,293.39172,570.4669,252.37718,412.99805,602.4905,104.04521
correct_73.jpg,plank_correct,942.38293,411.2671,2.866592,952.96155,395.57425,22.75684,952.6133,394.15842,22.638485,952.1747,392.6086,22.57311,951.68463,392.71198,-30.90643,950.4013,389.38367,-30.939133,948.89844,386.04102,-30.94067,936.6432,373.4815,134.67278,931.58563,368.2506,-106.236534,925.42474,413.76126,48.670387,923.54706,409.53482,-21.537342,840.08594,394.03293,276.55734,843.53076,374.50174,-220.7478,863.46924,530.4222,281.80167,832.3636,517.60266,-318.08835,972.18396,574.6459,123.721466,931.60126,599.9431,-287.97784,1011.1842,571.67175,109.802925,972.9182,605.8354,-348.71527,1011.6199,562.6141,86.82522,977.41956,589.07007,-303.45273,998.1338,564.2409,108.381424,962.8055,588.7385,-272.36047,601.8235,412.15735,154.53596,607.1331,402.78552,-154.18552,563.6059,573.59485,175.87389,713.8197,587.38214,-196.05112,383.94708,528.26355,283.6801,519.7016,565.805,17.186344,369.0355,493.16907,295.27338,495.79147,523.7067,46.56813,328.17783,558.8773,283.78705,421.07684,604.31244,123.700775
correct_74.jpg,plank_correct,948.5155,422.72632,-9.964764,957.8879,407.8071,11.577652,957.4479,406.7779,11.463186,957.02576,405.5082,11.388606,956.5437,404.57892,-43.154022,954.99725,401.33307,-43.192123,953.5134,397.9415,-43.19389,942.3253,388.08038,129.41832,937.65076,381.60376,-116.39444,930.938,425.9229,37.28572,929.1222,421.2147,-34.22231,849.2512,401.4757,278.90683,850.4326,380.7258,-242.61314,868.14606,532.37933,287.70367,833.64636,523.5139,-348.0274,981.05237,586.6386,113.10666,928.5819,611.26196,-306.88016,1012.0572,588.2435,98.041306,979.0813,606.87994,-367.09683,1016.89233,585.6156,72.78173,981.8586,596.96094,-322.22473,1006.3995,583.8482,95.0721,967.0757,594.9797,-291.35892,609.5614,412.40402,166.747,608.1853,403.16092,-166.36626,599.3403,597.5014,179.71544,714.5209,587.068,-218.48747,420.1993,538.6196,275.83737,501.28403,561.2698,-29.869125,404.9881,504.34705,285.51538,477.0771,519.64197,-2.548834,364.18106,581.8937,263.7009,408.937,600.13086,59.224907
correct_75.jpg,plank_correct,952.66235,434.13446,-25.98935,963.158,419.25192,-3.3118353,962.7265,417.75806,-3.4542372,962.2572,415.99255,-3.5215151,962.0503,416.91266,-58.665817,960.8375,413.9998,-58.678787,959.6609,410.8458,-58.67094,946.96094,396.92914,119.13071,943.5089,393.76672,-129.98254,934.9152,436.602,22.882864,933.81226,432.77563,-49.5195,852.2767,409.8687,269.33224,854.13885,391.13846,-249.1227,866.6894,554.3243,254.35803,836.2556,531.9871,-353.4463,985.62134,584.79315,52.244984,948.7102,592.74713,-305.98285,1015.64526,588.27545,33.02629,987.5078,599.2577,-368.76358,1020.37445,578.5021,14.4201145,996.13074,588.0703,-326.42767,1011.7168,578.7522,37.40646,980.9973,585.49646,-291.93143,615.7118,409.14368,172.98419,612.0188,401.31216,-172.66077,605.10596,599.9915,196.68312,707.3062,587.2586,-229.93533,424.90067,541.3504,300.82883,494.38416,549.2086,-36.287083,409.95334,507.07104,311.31412,476.68045,515.098,-8.727062,366.75305,581.2449,289.54218,401.30835,592.8867,52.951736
correct_76.jpg,plank_correct,957.6098,443.59213,-42.87628,968.3562,429.79443,-20.748615,968.04004,428.3747,-20.887642,967.6531,426.63644,-20.95686,967.5398,427.27426,-74.09603,966.57556,424.392,-74.08817,965.3668,421.28735,-74.06094,952.8732,407.323,100.40773,950.089,403.52658,-139.37723,939.7267,445.12225,5.4726653,938.9047,441.0062,-64.27875,859.1058,426.31128,246.99847,859.3303,396.80322,-253.35655,867.95483,556.0293,222.49559,829.32935,529.117,-354.7506,980.3545,590.07837,23.77441,921.9404,596.2016,-308.4348,1013.92554,590.68604,-0.25279075,967.96094,606.38354,-369.71515,1016.313,585.8434,-16.023653,970.27295,597.55237,-332.19208,1006.8855,584.53326,9.854076,955.69305,594.2829,-296.26703,623.9786,405.4586,165.1811,616.6302,396.30826,-164.83904,598.7817,593.7287,171.06558,708.7627,586.85284,-210.73479,405.3764,537.92584,272.21167,503.33228,555.7051,-24.301575,389.4403,503.89362,280.85217,482.1138,514.96655,1.3791761,356.391,577.3835,243.21701,412.83148,596.2096,49.224144
correct_77.jpg,plank_correct,962.8644,450.63623,-41.538857,974.6573,435.69144,-20.952187,974.4922,434.06244,-21.09,974.18164,432.1453,-21.158447,973.4038,433.91583,-71.74056,972.3899,431.29037,-71.73438,971.2323,428.48627,-71.69265,959.3364,412.27768,93.21611,955.59375,409.92685,-134.27515,944.7279,450.93063,4.5402803,942.81744,447.2945,-61.548782,859.88245,427.25278,234.59067,862.046,405.72742,-239.60355,860.1166,552.7467,202.52377,818.65686,526.17126,-327.15698,967.9044,591.5518,-7.9222183,914.05084,597.0175,-275.76016,1002.7411,590.55695,-35.67275,959.01416,606.521,-329.75375,1009.15393,585.7057,-45.25843,961.1952,598.8244,-298.53085,997.9712,585.7915,-19.47252,947.30884,596.1781,-264.9342,623.8821,403.9208,159.50478,625.5601,399.54706,-159.23413,549.9807,566.9073,165.49365,715.6241,588.0996,-180.84567,365.7309,522.7261,268.26083,515.665,556.80414,0.40282977,344.86646,495.77634,277.13702,493.75842,523.0288,24.358807,328.0301,562.9342,238.7259,434.7257,589.087,70.09064
correct_78.jpg,plank_correct,971.09955,451.27164,-55.008156,981.37335,436.72696,-30.568367,981.1057,435.516,-30.698322,980.65643,434.11755,-30.740273,980.1732,434.6523,-80.21874,978.9186,432.18384,-80.1836,977.2882,429.48813,-80.10153,965.49976,417.21268,94.297325,959.9988,411.63312,-126.72767,953.5884,453.6937,-6.1661367,951.25024,449.92468,-70.24059,870.57947,437.57953,226.11737,859.32434,408.02713,-230.41245,863.423,557.0296,122.24284,804.5694,524.80383,-313.68475,972.72675,591.06177,-143.38022,907.5492,593.33624,-243.23203,1009.8059,590.5343,-182.45804,940.1489,604.76575,-293.75198,1012.39105,584.6506,-183.48715,943.7476,596.14124,-266.28036,1001.68915,583.78796,-153.19824,939.26666,591.9517,-233.11539,632.4274,405.9711,153.03387,624.95856,394.2593,-152.69891,537.9109,554.2021,119.47166,705.8969,583.51514,-194.28282,338.2281,513.5572,202.8412,493.7439,551.10394,-45.919094,322.38483,480.37976,208.58812,459.99893,509.746,-26.702301,251.81145,548.91895,146.16812,401.0759,565.8892,-3.071752
correct_79.jpg,plank_correct,972.29065,451.8682,-64.333984,984.14026,437.45258,-44.021534,983.8817,435.92612,-44.15973,983.44775,434.18347,-44.218613,982.93335,435.97925,-94.90098,981.77765,433.59753,-94.8752,980.4182,430.9589,-94.81042,967.58374,416.11566,70.363,963.69165,412.69257,-157.7443,954.18677,452.78717,-18.378283,952.41345,449.6663,-84.54776,868.02893,428.81448,222.32558,864.6939,415.49567,-259.31177,867.61975,556.74036,181.96582,816.714,535.32874,-325.60898,971.0486,595.31866,-50.33609,917.828,592.0405,-249.55057,1001.5332,598.7204,-80.55383,949.23315,602.53094,-299.01608,1010.0528,589.2018,-86.710556,960.47675,594.38635,-276.18954,1000.0784,588.18756,-61.40505,948.55786,589.86847,-240.9766,633.81445,401.12338,161.41724,627.1084,396.57092,-161.1308,532.73987,549.1662,144.22351,686.374,583.2591,-177.24428,336.6092,498.25818,229.64926,483.96033,547.96313,-25.33129,315.67334,477.60904,235.47415,445.43607,509.32172,-5.9822803,277.72955,550.8028,184.12927,397.80066,579.21796,19.712019
correct_8.jpg,plank_correct,1019.4146,499.95132,12.449907,1039.145,490.73727,29.798021,1040.0262,487.77414,29.779299,1041.0027,484.80374,29.77073,1039.5651,493.72018,-30.158827,1040.7305,492.75897,-30.204792,1041.9082,491.93808,-30.311646,1038.7427,461.4363,137.63544,1039.2681,473.44016,-132.44476,1004.7583,489.22995,61.06344,1004.64465,492.72528,-18.170126,920.59436,407.1,351.866,945.16,469.85327,-262.7686,885.5744,547.78955,401.1466,898.5741,608.48706,-263.8121,977.9486,577.38513,337.30853,1004.20056,607.8679,-36.05068,1029.4124,586.7263,352.0096,1051.9163,615.78064,-53.391136,1031.4434,576.83026,357.3095,1049.1401,594.97235,-38.917336,1015.7567,571.88306,334.3718,1034.0798,586.8594,-24.618883,656.91833,410.5385,202.12747,660.5885,444.2513,-202.20905,457.41968,481.20044,214.32129,444.57214,486.80588,-171.50337,247.95224,512.29944,271.13318,209.61128,497.32562,-155.29393,212.88333,492.65033,269.52917,163.71808,480.07022,-161.89574,213.60934,580.3918,187.23172,192.97885,574.4873,-292.0379
correct_80.jpg,plank_correct,978.1083,451.69662,-66.862625,987.5312,437.22546,-41.97542,987.19055,436.16696,-42.134518,986.80115,434.97812,-42.183567,986.0231,435.14267,-90.639114,984.73883,432.74664,-90.61897,983.4061,430.15387,-90.526825,970.6007,418.74548,84.83,965.8209,412.55173,-130.59073,960.18604,453.90518,-16.846424,957.4704,450.5996,-79.362625,875.9227,441.47443,224.20122,864.6136,413.60205,-225.38452,880.2817,570.792,110.12616,811.36,535.5091,-281.78146,980.10876,588.4298,-152.26433,926.42645,582.0755,-195.49716,1010.4933,592.76117,-190.87386,963.2451,591.2732,-240.79048,1013.1615,580.58215,-180.1909,972.7185,578.74585,-225.70416,1002.2449,576.43854,-157.40796,958.88306,574.5287,-189.20157,635.50525,401.9085,156.43892,631.601,392.2377,-156.12457,499.35632,538.53625,74.04867,703.84656,581.90393,-252.38481,316.57516,492.85156,138.93362,501.64935,546.8185,-146.1643,291.58633,469.929,142.732,474.81067,513.6712,-132.71568,256.67233,549.90857,70.270355,422.734,580.00964,-142.5755
correct_81.jpg,plank_correct,976.5062,453.65802,-77.67241,986.42365,441.56165,-55.69478,986.1832,440.7453,-55.84744,985.97217,439.87158,-55.93088,985.28064,438.01584,-103.50548,984.25354,434.7151,-103.48018,983.1204,431.2434,-103.39528,973.1848,421.4136,64.12536,968.9355,412.31955,-148.40315,957.63,454.73096,-29.585646,955.9772,450.1156,-91.36413,870.9292,432.64865,206.3927,869.21985,419.27945,-223.59265,853.8199,553.2634,136.56929,829.8091,552.22723,-268.51364,956.9645,576.4325,-69.51527,953.6122,576.5399,-170.00793,999.6732,578.7516,-95.86536,990.2157,581.5507,-208.80505,1004.01917,570.618,-81.867,993.7222,566.7175,-197.00061,991.5089,565.1549,-71.442245,983.05115,562.3567,-164.67583,635.1207,395.8032,144.45636,636.6229,389.42438,-144.04234,501.6113,544.529,36.53709,702.4362,570.97156,-286.57056,304.03516,493.63202,48.36554,504.90057,548.24896,-229.98096,283.99216,473.60712,46.06025,483.45776,512.7159,-221.79816,228.29541,555.6157,-37.633533,422.40283,580.9101,-245.48285
correct_82.jpg,plank_correct,978.30664,457.2375,-67.39995,988.6191,443.80997,-49.33651,988.16376,443.00073,-49.404774,987.80365,442.27448,-49.433014,988.0597,440.68256,-98.67824,987.07263,437.50018,-98.70006,985.9374,434.24908,-98.67581,974.9238,425.5126,64.20226,969.57184,414.91293,-156.32153,959.37195,457.82468,-19.856155,957.6561,453.8856,-84.241684,865.5069,420.62598,243.16408,876.85925,439.22778,-246.21933,845.6399,545.8174,265.59848,855.5974,572.9281,-272.54886,957.4352,564.27246,180.83932,976.3933,579.4079,-133.99731,1001.02246,562.69836,186.45235,1008.1843,581.35846,-168.35715,1004.50775,554.8305,187.20518,1008.8258,563.78674,-150.88275,992.32166,552.48663,176.77689,998.97144,559.14044,-125.90024,632.52234,390.4892,154.25073,640.2593,394.13065,-153.90381,489.88834,527.1543,65.33294,707.5198,580.03485,-240.12459,291.4743,487.98383,89.49196,498.54202,559.8577,-164.5482,257.83322,461.47635,89.81476,471.8837,532.55865,-156.09032,201.23741,528.89264,14.262942,419.40344,597.01447,-167.94173
correct_83.jpg,plank_correct,984.3297,458.52008,-83.1104,993.1266,444.56207,-63.64203,992.4433,443.75656,-63.74746,991.83167,442.97803,-63.779064,992.4591,441.37476,-113.05505,991.37524,438.31265,-113.0918,990.314,435.21194,-113.07929,977.10815,426.49454,48.866657,974.3524,416.97464,-172.39926,964.3391,461.11258,-36.54492,962.74036,456.88782,-101.299835,871.52924,425.06012,207.46063,877.2551,440.39606,-251.4508,857.7139,553.10547,201.92383,861.7218,581.2367,-289.719,977.3784,569.63885,109.1855,983.88824,584.77704,-180.07742,1011.989,567.1726,112.642555,1022.65735,588.2003,-221.63397,1018.47644,559.0875,115.31688,1020.49677,569.7964,-199.33282,1004.70123,555.20514,106.343346,1006.2816,564.52893,-171.8771,638.04785,389.53445,150.16568,644.97437,393.68353,-149.84479,485.98007,516.58514,98.76496,713.00464,577.7904,-239.73416,283.42435,493.28076,129.65208,507.7697,554.5799,-146.26166,253.16261,477.4188,130.98282,494.7937,525.5976,-135.70163,249.34052,573.888,65.507355,439.42438,592.6056,-141.95186
correct_84.jpg,plank_correct,985.15106,456.9937,-61.9684,994.8882,442.6365,-42.377045,994.2291,441.98666,-42.47715,993.5681,441.2888,-42.5019,994.40765,440.02936,-90.46423,993.3373,437.65747,-90.52833,992.1756,435.10474,-90.569756,978.2205,427.23224,64.45452,975.61646,417.67188,-152.3545,965.40027,460.6186,-18.023571,964.2195,456.2718,-81.63701,870.0519,429.34326,221.34326,880.9716,445.15182,-240.93538,863.18835,558.41284,230.07173,866.8578,586.7411,-281.2955,978.28955,576.21564,131.444,988.225,593.9374,-172.52472,1016.2987,573.8193,134.40862,1025.1124,599.0126,-213.527,1017.73584,568.02985,133.25682,1022.04785,577.1491,-192.69057,1004.89746,563.8714,127.29843,1008.90137,572.35004,-164.81161,634.1439,386.4853,153.047,651.0218,393.81155,-152.91827,481.90338,510.75336,143.91524,715.2878,583.12933,-171.62903,278.3158,506.27924,199.37395,507.81158,558.52216,-38.726727,249.69196,485.67728,203.96921,497.46323,541.0755,-24.866138,249.50168,584.7227,160.09512,461.45477,594.45123,-6.3931465
correct_85.jpg,plank_correct,990.27374,460.7005,-75.9579,999.6216,445.83807,-55.44937,998.8176,445.02234,-55.563698,997.9728,444.17004,-55.592415,999.20624,443.58115,-101.261665,998.08484,441.2779,-101.335495,996.90686,438.84076,-101.3688,981.51624,429.51184,54.003357,979.8898,421.6723,-152.46617,969.96246,464.1007,-31.440685,969.43164,460.42096,-92.09496,874.44885,431.25482,206.83969,882.15405,449.03192,-233.64911,863.4835,558.40015,205.88162,867.89825,588.15295,-269.2315,977.1673,572.92944,118.41701,989.49677,592.7606,-160.30109,1012.88055,572.58685,122.9935,1026.0703,597.58435,-199.35031,1017.85657,565.48694,126.741714,1022.5697,577.5093,-179.42307,1005.18835,562.67847,116.70898,1009.70825,571.4256,-153.05359,640.0149,389.7343,147.16641,654.0029,393.27588,-146.98245,479.86774,499.8387,121.458374,715.13574,579.9793,-219.94566,277.10895,499.2202,155.3666,505.6496,557.48114,-122.93225,247.8493,480.23303,157.06851,487.13354,540.899,-112.85254,250.5896,580.46436,104.38188,475.69025,603.3094,-113.17662
correct_86.jpg,plank_correct,991.9751,465.11636,-83.14607,1001.9851,450.60922,-62.350014,1001.2845,449.8371,-62.464428,1000.6068,449.028,-62.49212,1001.36523,448.3974,-107.32138,1000.2404,446.20688,-107.38434,999.1719,443.86987,-107.40289,985.00305,434.6225,47.846024,982.8308,426.2528,-154.87817,971.34106,468.06213,-38.705387,970.42694,464.35577,-98.22593,875.36346,437.65063,201.64137,884.2776,449.38522,-236.1358,865.0158,561.51215,201.83038,867.31085,587.2172,-266.32968,978.2873,577.67505,119.0643,984.2117,593.2385,-152.97272,1013.5224,578.8466,122.46975,1023.8195,599.499,-190.89755,1019.84283,571.8804,126.66775,1022.6017,580.0374,-172.70638,1002.2178,566.89264,117.53096,1008.99646,573.8223,-146.54916,640.4751,391.07938,153.08286,654.3881,390.23532,-152.86746,473.76373,493.85468,118.53344,716.4724,577.2956,-229.54001,267.19495,499.86084,132.30609,511.0946,554.925,-143.59882,235.06116,476.11954,132.17346,492.25824,537.2605,-134.82146,248.12485,578.00714,81.512794,457.7504,606.7516,-134.92012
correct_87.jpg,plank_correct,990.7743,471.85306,-69.28209,1002.9247,457.913,-50.43039,1002.343,456.79074,-50.55751,1001.6232,455.53638,-50.610523,1002.8883,455.96304,-94.67882,1002.316,453.77493,-94.759056,1001.6892,451.40793,-94.78554,984.9838,438.68295,58.249355,984.9698,431.75284,-141.91125,969.7123,472.2399,-24.015968,968.006,469.9201,-82.86821,871.62476,429.84714,213.89946,887.6559,454.81155,-220.91325,848.90247,556.933,208.38083,863.6551,592.65857,-252.8674,968.3026,575.8641,116.883606,988.0075,597.83527,-142.9,1010.70874,582.2067,121.49103,1023.8076,603.7615,-177.33185,1016.89197,574.4139,126.95073,1022.6515,583.62415,-160.38806,1004.66235,570.0395,116.16515,1011.3427,577.892,-135.7245,643.8388,387.70898,148.81807,659.47235,393.01266,-148.59322,470.43716,485.61426,135.92519,723.34656,573.25183,-225.84013,264.86993,499.1152,160.72037,506.4936,556.8978,-139.98532,234.28856,479.95688,161.34856,487.48602,534.5104,-131.35098,238.10092,575.46533,107.42894,469.52545,611.5325,-141.05157
correct_88.jpg,plank_correct,990.4062,475.68552,-78.00348,1003.2156,461.4525,-60.00747,1002.7787,460.21884,-60.14349,1002.24536,458.75,-60.20926,1003.18713,459.10925,-102.30495,1002.7479,456.59958,-102.40364,1002.27466,453.9955,-102.4269,986.60535,440.18533,44.62431,987.13513,434.32007,-146.73341,969.4606,475.55893,-34.497223,967.5261,472.72678,-90.76394,873.2266,432.52084,193.52495,888.1546,457.8488,-218.11485,845.8192,558.2781,185.0228,859.04974,593.3836,-245.636,966.99316,576.25977,107.60906,984.3921,596.12286,-126.03229,1011.08813,581.9839,111.66844,1017.5406,600.143,-158.62164,1012.4722,571.1975,118.846176,1017.58514,580.0935,-143.08588,1000.5034,567.753,107.48954,1007.5064,575.2364,-119.72764,645.0166,390.4275,141.45074,657.8375,393.26312,-141.16992,468.8942,483.4206,140.23846,721.7599,573.9179,-229.33466,267.13058,510.72333,161.0074,506.87512,555.2868,-149.45209,233.11429,482.3808,161.04315,484.83258,531.2869,-141.52917,259.19098,582.329,106.096085,477.56076,618.152,-156.75833
correct_89.jpg,plank_correct,994.8532,475.53024,-90.296295,1006.93713,462.34207,-70.974915,1006.34705,461.3694,-71.11739,1005.61316,460.2193,-71.19985,1006.51215,459.50262,-113.07045,1005.63245,456.84747,-113.154594,1004.64624,454.0401,-113.16573,988.59827,442.84558,39.982677,987.5253,433.94125,-150.12996,973.2156,475.71384,-44.524033,971.2784,472.59927,-100.349,875.20483,431.66174,200.39665,889.1525,458.62152,-225.21191,848.7857,560.4433,195.8471,859.65247,595.06555,-250.21147,967.832,579.6626,109.413284,985.7685,598.66223,-124.72141,1011.3538,586.0602,113.27495,1023.43286,605.6846,-156.65984,1013.27295,575.8896,120.099365,1018.9392,584.3754,-141.81154,1001.27325,571.55927,109.063934,1008.4016,578.8003,-118.4565,644.93195,385.07187,148.19075,658.6985,394.56952,-148.0238,465.79407,480.85846,147.14986,724.188,575.7592,-217.95584,262.05917,500.15784,175.41974,515.8345,560.1001,-121.57738,227.24113,471.7133,176.3539,491.81116,533.1493,-112.51605,243.86288,572.8793,121.94397,488.4964,623.07495,-120.74065
correct_9.jpg,plank_correct,1024.8578,498.40964,-3.791629,1044.4275,489.53442,13.943182,1045.0548,486.94128,13.914786,1045.8661,484.16766,13.912572,1045.4282,490.8762,-45.49969,1046.623,489.3918,-45.553974,1047.9213,487.8885,-45.65777,1042.4397,459.2597,128.12213,1043.7614,469.36026,-139.2315,1008.6923,489.76236,47.15786,1009.151,491.22208,-31.313745,919.44214,413.53006,349.6036,947.8567,467.35736,-269.2324,885.4949,550.6159,404.48505,900.584,608.6645,-266.30603,979.89185,577.42053,343.32446,1007.1333,608.8967,-33.961777,1031.5826,588.23413,355.80838,1054.7397,617.55963,-52.064598,1034.2397,577.2651,361.20227,1051.9384,593.66437,-41.201866,1018.0909,571.93195,340.2493,1036.151,585.9997,-24.10537,657.56256,413.50806,204.7006,661.603,441.25415,-204.77133,457.25858,484.15182,187.60437,446.0646,485.81097,-170.27953,241.8235,519.58356,230.35501,208.34785,507.8631,-162.44739,185.47198,496.52127,227.40176,158.1821,483.3735,-170.55157,234.53438,584.81433,137.7114,221.63269,593.7059,-302.22385
correct_90.jpg,plank_correct,990.1483,479.05798,-56.938824,1002.49664,464.8047,-40.194668,1002.035,463.47116,-40.331688,1001.468,462.01166,-40.419586,1001.9252,462.50095,-84.07085,1001.0796,459.83337,-84.15444,1000.21783,457.07047,-84.167694,985.8518,443.83636,60.382927,985.3279,437.477,-138.27132,969.55273,479.19934,-14.214035,967.4084,476.2497,-72.539406,871.8875,429.18872,216.4412,886.41693,458.33896,-215.51756,852.58386,554.4879,227.58536,862.0631,596.3348,-236.27296,966.5558,577.5548,158.19438,983.71857,599.983,-102.15438,1011.5179,583.27783,163.90291,1021.0889,605.8463,-132.18703,1012.9245,571.80566,169.92378,1018.8385,582.116,-119.16658,1000.62854,568.5956,157.91917,1007.3906,576.3146,-96.30803,644.8217,385.9872,150.52432,655.4022,393.60837,-150.32559,467.02853,481.84998,148.61383,721.2201,578.754,-220.1112,266.0614,504.8974,172.87392,507.79657,557.72186,-127.91455,231.24176,478.67664,173.50677,484.98492,531.86816,-118.442474,253.65341,584.4938,125.35773,480.47247,629.7253,-122.59752
correct_91.jpg,plank_correct,984.87964,484.62488,-47.952503,997.9851,470.7694,-30.79589,997.63074,469.11575,-30.930254,997.21436,467.22305,-31.011723,997.74713,468.64484,-76.560844,997.28424,465.83972,-76.63682,996.7998,462.89935,-76.65936,983.3574,446.18307,71.235435,983.2254,442.4303,-135.3485,964.8601,483.29974,-4.4322486,962.8843,480.8329,-65.0644,869.6896,431.46762,228.62909,885.4154,459.31595,-217.26534,848.2374,556.40295,230.69162,862.8511,597.962,-247.82655,964.94824,578.45135,144.40182,986.17993,599.9634,-119.34226,1012.2484,585.1303,148.07275,1026.5063,607.2908,-150.57295,1014.1037,574.63873,155.9807,1024.4785,586.10016,-136.48907,1002.67914,570.80475,144.31625,1013.47656,579.8366,-112.87175,647.0011,390.14603,152.452,655.4265,394.76874,-152.26648,464.05707,478.46085,147.55159,721.55786,580.5311,-216.4685,264.18567,505.64682,171.44095,511.97903,556.5594,-119.69878,228.56274,481.71127,172.07841,490.30533,528.1853,-109.1766,241.88367,582.5857,121.27593,448.04794,608.2147,-108.35379
correct_92.jpg,plank_correct,976.7213,487.78925,-52.033596,990.17944,475.23676,-34.15408,989.65344,473.58972,-34.292213,989.09607,471.81683,-34.360615,989.4606,473.26147,-82.26643,988.40955,470.4838,-82.34142,987.354,467.63007,-82.3625,974.8467,448.82025,71.31056,973.7519,446.66595,-145.80518,955.42786,486.219,-6.7934895,952.7439,483.84622,-70.366486,867.1679,427.7609,236.38802,879.61206,459.63226,-234.78844,852.3064,555.46704,227.35226,864.0205,598.20544,-278.07742,976.3843,579.65515,96.436615,989.7279,598.71185,-144.0674,1014.1998,584.88586,93.50575,1026.6232,605.8182,-178.45941,1018.7505,575.25836,99.565285,1023.46545,582.8365,-162.42526,1007.7739,571.213,94.03838,1012.4933,577.0226,-136.5243,644.6475,385.5468,164.05688,651.62897,392.39838,-163.96523,469.92853,481.40836,179.9661,720.3679,581.3867,-204.40097,268.72073,514.76276,229.39507,508.92548,555.3529,-80.90816,234.43031,487.1827,232.30745,490.43707,526.4792,-68.43311,258.5979,589.9067,187.7462,473.28427,614.34717,-63.759174
correct_93.jpg,plank_correct,970.0653,491.65805,-54.693584,984.1277,479.47006,-36.825623,983.80707,477.46204,-36.950115,983.4801,475.35812,-37.020897,983.59326,477.70743,-86.112625,982.9574,474.78946,-86.20128,982.3099,471.88837,-86.23349,971.71533,451.6849,68.94532,970.41614,451.01666,-153.97093,950.14966,487.9622,-8.97328,947.8449,485.9869,-74.12541,867.72314,425.3691,246.04277,874.73193,459.13724,-250.66455,860.8412,552.8279,251.22751,857.61316,594.119,-276.27042,973.0234,581.6456,97.03994,977.11536,596.04443,-89.45851,1013.6221,588.87463,91.65399,1015.8313,605.0143,-117.864944,1013.12506,577.375,95.20347,1013.96045,582.3421,-104.3085,1001.0761,572.7145,92.683914,1001.94574,576.57556,-81.1781,642.8058,372.63406,168.36761,648.1001,383.60223,-168.36215,474.9021,474.8105,202.52829,701.21265,576.5807,-159.18181,273.96008,502.48843,285.8115,491.6571,545.07227,-5.5090504,245.87807,481.9174,291.52704,471.4679,519.7849,9.774318,257.0031,574.5702,252.39658,447.09766,607.4607,22.420494
correct_94.jpg,plank_correct,965.01917,492.99994,-40.824257,980.3563,481.77313,-23.658989,980.1336,479.7526,-23.760546,979.9917,477.6266,-23.789845,980.3429,480.40442,-71.724495,980.08575,477.62833,-71.82247,979.9265,474.82498,-71.822,969.541,453.14914,80.22487,968.96814,453.29022,-137.5005,945.7241,488.3141,4.4460626,944.74976,486.67398,-59.426266,864.17053,420.54907,251.66019,871.06433,460.79453,-231.77626,861.3401,550.31635,276.34366,859.1153,596.4717,-248.86472,966.5901,581.7448,169.66393,972.78,599.813,-52.56124,1005.32654,588.6122,173.962,1013.55865,609.56195,-76.762535,1010.53894,577.978,175.04564,1012.6428,585.7152,-63.93128,996.1124,571.90784,166.11691,998.8019,579.2434,-43.808933,637.59985,360.11328,164.10602,649.6062,379.49524,-164.09506,464.54315,466.39465,188.80026,671.0349,574.4133,-151.67981,262.1662,504.43793,237.70068,479.50153,526.0304,-27.830227,223.46649,490.0502,240.486,456.22437,500.99365,-15.720772,249.5253,578.6734,205.5542,442.09967,603.1593,2.5958679
correct_95.jpg,plank_correct,974.3489,492.40128,-29.365646,987.30194,480.49072,-11.296762,986.82983,478.73526,-11.405005,986.45276,476.82874,-11.438753,987.2893,478.78717,-59.758762,986.82117,476.01688,-59.837856,986.4745,473.21487,-59.83777,975.6439,455.21027,92.265175,974.9712,453.5302,-126.273056,954.7651,489.22702,15.036123,954.1725,487.01392,-48.967915,879.0366,425.17303,263.6888,880.229,466.31778,-232.29272,868.6476,555.95276,288.75156,853.4083,597.9781,-233.56447,971.3269,586.52545,177.90445,966.057,598.89716,-13.1173525,1013.88074,592.70776,177.78938,1008.6919,609.5098,-35.211483,1014.76587,580.2922,181.86713,1006.56177,585.5791,-24.191761,999.5386,574.6469,174.59085,992.7176,578.6903,-4.682305,642.8202,359.5143,171.47163,654.1362,384.029,-171.40155,463.20306,480.3233,184.34782,623.50415,579.00146,-173.20529,263.69205,503.77722,234.93344,449.8435,508.24042,-49.411655,230.65903,485.13852,237.43874,423.26562,476.46817,-35.62505,253.36765,579.4745,210.33984,394.71167,568.63525,-8.486823
correct_96.jpg,plank_correct,984.99536,490.1222,-38.123035,998.1437,477.67712,-21.437439,997.63336,475.29166,-21.550873,997.21265,472.79724,-21.625496,998.42664,476.9989,-73.654816,998.1281,474.4506,-73.74608,997.89294,471.8645,-73.78491,985.174,451.13202,79.58195,985.67834,452.87042,-155.07257,964.45496,485.86548,7.424241,964.3106,484.4757,-61.468666,878.8734,419.60904,255.27686,889.46704,463.76788,-246.09592,861.951,551.01337,293.13727,859.9542,598.9805,-221.38922,970.056,585.4109,202.62495,972.6702,602.4746,18.566187,1010.89526,591.62244,207.09105,1012.55646,611.01733,-2.099299,1013.1791,582.36694,212.21648,1013.9169,589.4472,11.471428,999.5691,577.5396,200.72142,999.9908,583.5227,28.698708,648.2954,357.45667,159.37204,655.66046,380.66635,-159.26297,474.07364,467.1706,202.59488,545.56573,549.60345,-150.37283,294.86792,478.91302,303.30496,335.62958,489.8231,-11.46825,266.8843,465.0177,311.65872,316.96002,474.14633,3.0491068,264.98325,551.77527,284.67288,299.83215,524.274,-6.268442
correct_97.jpg,plank_correct,988.9216,492.31384,-4.026476,1003.98975,479.84625,14.651672,1003.7578,477.52643,14.538546,1003.5139,474.92056,14.466024,1003.3678,478.5992,-38.03791,1002.7875,475.69775,-38.188065,1002.23444,472.67236,-38.276833,992.199,451.01245,114.6165,991.07355,451.98862,-122.07196,968.426,487.56827,39.905964,965.84863,485.32144,-29.764643,883.1096,422.75266,291.07367,896.0255,456.9608,-230.58884,858.2953,557.73114,313.2181,861.4782,591.08765,-186.25787,970.98254,586.4675,224.80014,977.6228,595.49927,96.09271,1014.3638,596.853,226.8808,1015.8026,602.69226,89.76144,1018.8408,584.0469,240.10469,1019.61633,585.747,90.91214,1007.343,578.9135,224.96367,1009.2962,580.0373,103.430786,657.88446,368.77957,177.28891,655.7119,377.50333,-177.06192,499.00754,493.01346,285.25366,497.7261,501.63956,-212.32806,324.92218,503.26184,424.52606,282.5262,498.1559,-249.97906,285.43085,483.13464,435.14124,228.88039,478.92126,-259.67264,300.01416,575.8395,403.90866,260.19925,580.4289,-352.20544
correct_98.jpg,plank_correct,992.1243,492.43777,-25.175371,1007.5891,479.94443,-7.2809863,1007.56744,477.7067,-7.368195,1007.60815,475.44177,-7.4325333,1007.41614,479.2981,-61.621815,1007.2659,476.8753,-61.772156,1007.2029,474.52057,-61.886658,998.2152,451.5453,96.9754,996.93933,453.44403,-147.29597,972.06946,487.4682,21.494806,969.9952,485.79617,-50.420235,883.52014,421.21558,294.1243,902.05225,459.38483,-254.73474,853.5241,553.758,321.22714,864.4346,597.8088,-211.65466,968.36426,583.05835,228.56818,985.58234,603.31165,45.751575,1011.16016,593.1921,232.14963,1020.6162,612.4223,35.16326,1017.58484,580.75867,242.30252,1021.202,590.423,38.189686,1006.55164,575.38513,227.51527,1011.1004,583.30994,53.37538,656.3007,383.41342,191.48187,652.17114,394.13916,-191.4105,486.15503,480.32584,352.92984,459.3493,482.4398,-207.9653,316.5405,509.34436,535.1715,255.68489,520.0256,-288.8927,275.47763,492.19482,549.9719,215.2047,508.76633,-306.58447,313.0666,582.4254,514.58875,265.5057,602.1662,-430.63782
correct_99.jpg,plank_correct,992.5952,491.60944,-15.797757,1010.521,479.33453,3.139742,1010.55414,476.9519,3.0645678,1010.54596,474.42017,3.021006,1010.70435,478.84515,-56.001015,1010.8478,476.4044,-56.13371,1010.995,473.8563,-56.2518,1001.35046,449.4024,118.29632,1001.0801,452.1788,-147.28542,972.6488,486.04047,35.788143,971.31744,484.301,-42.206097,886.67267,420.4379,322.55402,902.2168,461.09543,-256.63562,857.475,555.5317,339.2832,866.4724,599.05255,-223.19948,978.7219,582.72705,237.92978,994.70245,603.1761,20.769638,1017.5454,592.41296,237.90753,1026.7235,612.9139,2.8514357,1022.2061,581.90796,246.11238,1026.234,591.7739,7.476289,1010.46436,575.3155,234.91661,1016.3098,584.41473,28.153019,654.1001,390.876,198.8903,651.6623,405.648,-198.79973,470.312,471.86124,326.3699,445.74905,470.79016,-213.51874,293.88324,510.00116,488.17902,230.97989,524.0158,-265.2985,249.07361,500.7325,500.14224,191.69579,511.74933,-280.61542,294.08746,581.0284,448.00198,250.44968,602.91003,-416.7931
